legacy_product_id,sku,warehouse_id,rak_id,qty_available,qty_reserved,qty_min
1,DTACBB060915,2,,0,0,20
2,DTACBB060930,2,,0,0,20
3,DTACBB060932,2,,0,0,20
4,DTACBB060933,2,,0,0,20
5,DTacbb061315,2,,0,0,20
6,DTACBB061330,2,,0,0,20
7,DTACBB061332,2,,0,0,20
8,DTACBB061333,2,,0,0,20
9,DTACBB061615,2,,0,0,20
10,DTACBB061630,2,,0,0,20
11,DTACBB061631,2,,0,0,20
12,DTACBB061633,2,,0,0,20
13,DTACBB091615,2,,0,0,20
14,DTACBB091630,2,,0,0,20
15,DTACBB091633,2,,0,0,20
16,DTACBB091915,2,,0,0,20
17,DTACBB091930,2,,0,0,20
18,DTACBB091931,2,,0,0,20
19,DTACBB091933,2,,0,0,20
20,DTACBB131915,2,,0,0,20
21,DTACBB131930,2,,0,0,20
22,DTacbb131933,2,,0,0,20
24,acco009010,2,,0,0,1
25,acco009013,2,,0,0,1
26,acco009016,2,,0,0,1
27,acco009019,2,,0,0,1
28,acco009022,2,,0,0,1
29,acco009025,2,,0,0,1
30,acco009028,2,,0,0,1
31,acco009042,2,,0,0,1
37,adpt003006,2,,0,0,1
38,adpt006006,2,,0,0,1
39,adpt009006,2,,0,0,1
40,adpt009009,2,,0,0,1
42,adpt015009,2,,0,0,1
43,adpt015013,2,,0,0,1
44,adpt015016,2,,2,0,1
45,adpt020013,2,,0,0,1
46,adpt020016,2,,0,0,1
47,adpt020019,2,,0,0,1
48,adpt106006,2,,0,0,1
49,adpt109006,2,,0,0,1
50,adpt113006,2,,0,0,100
51,adpt113009,2,,7,0,1
52,adpt116006,2,,0,0,1
53,adpt116009,2,,0,0,1
54,adpt116013,2,,0,0,1
55,adpt119006,2,,0,0,1
56,adpt119009,2,,0,0,1
57,adpt119013,2,,0,0,1
58,adpt119016,2,,0,0,1
60,agas001001,2,,0,0,24
63,agas001005,2,,0,0,1
64,agas001006,2,,0,0,1
67,agas002003,2,,0,0,200
68,agas002004,2,,0,0,200
69,agas002005,2,,0,0,60
70,agas002006,2,,0,0,60
71,agas002007,2,,0,0,1
72,agas002008,2,,36,0,60
73,agas002009,2,,0,0,1
74,AGAS002010,2,,0,0,60
75,agas003000,2,,0,0,1
76,agas003001,2,,0,0,1
77,agas003002,2,,0,0,1
78,agas003003,2,,0,0,1
79,agas003004,2,,0,0,1
81,agas003006,2,,0,0,1
82,agas003007,2,,0,0,1
83,agas003008,2,,0,0,1
84,agas003009,2,,0,0,1
85,agas003010,2,,0,0,1
86,agas003011,2,,0,0,1
87,agas003012,2,,0,0,1
89,agas003015,2,,0,0,1
90,agas003030,2,,0,0,1
91,agas004001,2,,0,0,1
92,agas004002,2,,0,0,2
93,agas004003,2,,0,0,15
95,agas004005,2,,0,0,2
96,agas004006,2,,1,0,1
97,agas004007,2,,0,0,1
98,agas004008,2,,0,0,1
99,agas004009,2,,0,0,1
102,agas004012,2,,0,0,1
104,agas004014,2,,0,0,1
105,agas004015,2,,0,0,1
107,agas004017,2,,0,0,1
110,agas004020,2,,0,0,2
111,agas004021,2,,0,0,1
112,agas004022,2,,0,0,1
113,agas004023,2,,0,0,1
115,agas004025,2,,0,0,1
116,agas005001,2,,0,0,100
117,agas005002,2,,0,0,30
118,agas005003,2,,0,0,1
119,agas005004,2,,0,0,15
120,agas005005,2,,0,0,10
121,agas005006,2,,0,0,1
123,agas005008,2,,0,0,1
124,agas005009,2,,0,0,1
125,agas005010,2,,0,0,5
126,agas005011,2,,0,0,5
127,agas005012,2,,0,0,1
128,agas005013,2,,0,0,1
129,agas005014,2,,0,0,1
130,agas005015,2,,0,0,1
131,agas005016,2,,0,0,5
133,agas005018,2,,0,0,1
134,agas006001,2,,0,0,25
135,agas006002,2,,0,0,30
136,agas006003,2,,0,0,20
137,agas006004,2,,0,0,1
138,agas006005,2,,0,0,1
139,agas006006,2,,0,0,1
140,agas006007,2,,0,0,1
141,agas006008,2,,0,0,25
142,agas006009,2,,0,0,1
143,agas006010,2,,0,0,3
144,agas006011,2,,7,0,3
145,agas006013,2,,0,0,1
146,agas006014,2,,0,0,20
147,agas008001,2,,0,0,1
148,agas008002,2,,0,0,1
149,agas008003,2,,0,0,1
150,agas008004,2,,0,0,10
151,agas008005,2,,0,0,1
152,agas008006,2,,0,0,1
153,agas008007,2,,0,0,1
154,agas008050,2,,0,0,1
156,agas010001,2,,0,0,3
157,agas010002,2,,0,0,3
158,agas010003,2,,0,0,3
159,agas010004,2,,41,0,3
160,agas010005,2,,161,0,3
161,agas010006,2,,80,0,3
162,agas010007,2,,146,0,3
163,agas010008,2,,0,0,3
165,agas010010,2,,0,0,1
166,agas010011,2,,0,0,1
167,agas010012,2,,0,0,1
168,agas010013,2,,0,0,1
169,agas010014,2,,0,0,1
170,agas010015,2,,0,0,1
171,agas010016,2,,0,0,1
172,agas010017,2,,0,0,1
173,agas011001,2,,0,0,1
174,agas011002,2,,0,0,1
175,agas011003,2,,0,0,1
176,agas012001,2,,0,0,8
178,agas012003,2,,0,0,1
179,agas013001,2,,0,0,1
183,agas102010,2,,0,0,1
184,agas202002,2,,0,0,1
185,alco000048,2,,0,0,1
186,alco000049,2,,0,0,1
187,alco0000524611301450522,2,,0,0,50
188,alco000053,2,,0,0,50
189,alco000083-681344476083,2,,0,0,50
190,alco000148,2,,0,0,24
191,alco000163,2,,0,0,100
192,alco000164,2,,0,0,100
193,alco000165,2,,0,0,100
194,alco000304-681344476162,2,,0,0,100
195,alco000305,2,,0,0,100
196,alco000306,2,,0,0,100
197,alco000307,2,,0,0,1
198,alco000417,2,,0,0,30
199,alco000419,2,,39,0,20
200,alco001013,2,,0,0,1
201,alco001016,2,,0,0,1
202,alco700020,2,,22,0,10
203,alco700022,2,,4,0,10
204,alco700028,2,,0,0,10
205,alco700035,2,,15,0,10
206,alco700042,2,,0,0,10
207,alco700054,2,,0,0,10
208,alco800016,2,,12,0,10
209,alco800022,2,,0,0,10
210,alco800028,2,,0,0,10
211,alco800035,2,,16,0,10
212,alco800042,2,,0,0,10
213,alco800054,2,,0,0,10
218,alco900012,2,,0,0,1
227,alco900035,2,,0,0,1
233,alco900070,2,,0,0,1
235,alfo000001,2,,0,0,1
236,alfo000003,2,,0,0,1
237,alfo000128,2,,0,0,1
238,alfo000430,2,,0,0,1
239,alfo000705,2,,0,0,1
240,alfo000721,2,,0,0,1
241,alfo000777,2,,0,0,1
242,alfo000810,2,,0,0,1
243,alfo000820,2,,0,0,3
244,alfo000831,2,,0,0,3
245,013001000001,2,,0,0,15
246,alfo000905,2,,0,0,1
247,alfo000910,2,,0,0,1
248,alfo000920,2,,0,0,1
249,alfo000921,2,,0,0,1
250,alfo000999,2,,0,0,20
251,alfo001001,2,,2,0,1
252,alfo001002,2,,1,0,1
253,alfo001310,2,,0,0,1
254,alfo002001,2,,0,0,1
255,alfo002310,2,,0,0,1
256,alfo222222,2,,0,0,1
257,alst000035,2,,0,0,1
258,alst000040,2,,0,0,10
259,alst000050,2,,0,0,10
260,alst000060,2,,0,0,10
261,alst000080,2,,0,0,1
262,alst000100,2,,0,0,1
263,alst000120,2,,0,0,1
264,alst000200,2,,0,0,1
265,alst000300,2,,0,0,1
266,alst003008,2,,0,0,1
267,alst013050,2,,0,0,1
268,alst025030,2,,0,0,1
269,alst025035,2,,0,0,1
270,alst025040,2,,0,0,1
271,alst025050,2,,0,0,1
272,alst025060,2,,0,0,1
273,alst025080,2,,0,0,1
274,alst025100,2,,0,0,1
275,alst030050,2,,0,0,1
276,alst050040,2,,0,0,2
277,alst050050,2,,0,0,2
278,alst050060,2,,0,0,1
279,alst100040,2,,0,0,1
280,alst100050,2,,0,0,1
281,alst100060,2,,0,0,1
282,alst100070,2,,0,0,1
283,alst110040,2,,0,0,1
285,alst125025,2,,0,0,1
286,alst125050,2,,0,0,1
287,alst125070,2,,0,0,1
291,amic000032,2,,0,0,1
297,anac000013,2,,0,0,10
298,anac000016,2,,0,0,10
299,anac000020,2,,0,0,1
300,anac000022,2,,0,0,20
301,anac000028,2,,0,0,30
302,anac000035,2,,0,0,30
303,anac000042,2,,0,0,30
304,anac000054,2,,0,0,30
307,arca200001,2,,0,0,1
308,arca200002,2,,4,0,1
309,arca330001,2,,2,0,1
310,arca330002,2,,1,0,1
311,arca400002,2,,0,0,1
312,arca400003,2,,1,0,1
313,arca400004,2,,1,0,1
314,arca500001,2,,22,0,50
315,arca600001,2,,0,0,1
327,armf009013,2,,0,0,1
329,armf009019,2,,0,0,1
330,armf009022,2,,0,0,1
333,armf009032,2,,0,0,1
340,armf013006,2,,71,0,1
341,armf013009,2,,0,0,1
345,armf013022,2,,0,0,1
347,armf013028,2,,0,0,1
348,armf013032,2,,0,0,1
349,armf013035,2,,0,0,1
350,armf013042,2,,0,0,1
352,armf013054,2,,0,0,1
359,armf020006,2,,0,0,1
361,armf020013,2,,0,0,1
364,armf020022,2,,0,0,1
365,armf020025,2,,0,0,1
367,armf020032,2,,0,0,1
368,armf020035,2,,0,0,1
369,armf020042,2,,0,0,1
385,armf025035,2,,0,0,1
387,armf025048,2,,0,0,1
412,ascr000003,2,,0,0,1
413,ascr000004,2,,0,0,1
414,ascr000005,2,,0,0,2
415,ascr000006,2,,0,0,2
418,ascr000009,2,,0,0,1
419,ascr000010,2,,0,0,1
420,ascr000011,2,,0,0,3
421,ascr000012,2,,3,0,3
422,ascr000013,2,,0,0,1
423,ascr000014,2,,0,0,5
425,ascr000016,2,,0,0,10
426,ascr000017,2,,0,0,10
427,ascr000018,2,,0,0,10
430,ascr000021,2,,0,0,5
431,ascr000022,2,,0,0,1
432,ascr000023,2,,0,0,1
433,ascr000024,2,,0,0,3
437,ascr000028,2,,0,0,15
438,ascr000029,2,,0,0,100
440,ascr000031,2,,0,0,1
441,ascr000032,2,,0,0,100
442,ascr000033,2,,0,0,40
443,ascr000034,2,,0,0,1
444,ascr000035,2,,0,0,1
445,ascr000036,2,,0,0,1
446,ascr000037,2,,0,0,1
447,ascr000038,2,,0,0,1
448,ascr000039,2,,0,0,1
449,ascr000040,2,,0,0,3
451,ascr000042,2,,0,0,15
452,ascr000043,2,,0,0,1
453,ascr000044,2,,0,0,1
454,ascr000045,2,,0,0,1
455,ascr000046,2,,0,0,1
456,ascr000047,2,,0,0,1
457,ascr000048,2,,0,0,1
458,ascr000049,2,,0,0,1
459,ascr000050,2,,0,0,1
460,ascr000051,2,,0,0,1
463,ascr000054,2,,0,0,100
464,ascr000055,2,,0,0,15
465,ascr000056,2,,0,0,1
466,ascr000057,2,,0,0,1
467,ascr000058,2,,0,0,1
469,ascr000060,2,,0,0,1
470,ascr000061,2,,0,0,15
472,ascr000063,2,,0,0,40
473,ascr000064,2,,0,0,1
474,ascr000065,2,,0,0,1
484,ascr000075,2,,0,0,1
489,ascr000080,2,,0,0,1
494,ascr000085,2,,0,0,12
496,ascr000087,2,,0,0,1
511,ascr000102,2,,0,0,20
519,ascr000110,2,,0,0,1
521,ascr000112,2,,0,0,1
529,ascr000120,2,,0,0,1
531,ascr000122,2,,0,0,1
533,ascr000124,2,,0,0,1
540,ascr000131,2,,0,0,1
542,ascr000133,2,,0,0,1
543,ascr000137,2,,0,0,1
545,ascr001000,2,,0,0,30
547,ascr001002,2,,0,0,1
549,ascr001004,2,,0,0,30
551,ascr001006,2,,0,0,10
553,ascr001008,2,,0,0,30
555,ascr001010,2,,0,0,10
556,ascr001011,2,,0,0,5
564,ascr001019,2,,0,0,1
567,ascr001062,2,,0,0,1
568,ascr001063,2,,0,0,1
571,ascr002002,2,,0,0,2
572,ascr002003,2,,0,0,3
573,ascr002004,2,,0,0,1
580,ascr002011,2,,0,0,1
581,ascr002012,2,,0,0,5
582,ascr002013,2,,0,0,5
583,ascr002014,2,,0,0,5
584,ascr002015,2,,0,0,1
586,ascr002017,2,,1,0,1
589,ascr002020,2,,0,0,2
590,ascr002021,2,,0,0,1
592,ascr002023,2,,0,0,5
593,ascr002024,2,,0,0,5
594,ascr002025,2,,0,0,1
596,ascr002027,2,,0,0,1
597,ascr002028,2,,0,0,1
598,ascr002029,2,,0,0,1
599,ascr002030,2,,0,0,1
605,ascr003006,2,,1,0,1
607,ascr0040010,2,,3,0,20
608,ascr004002,2,,0,0,1
609,ascr004003,2,,1,0,20
610,ascr004004,2,,0,0,20
613,ascr005003,2,,0,0,20
614,ascr006000,2,,0,0,3
615,ascr006001,2,,0,0,3
616,ascr006002,2,,0,0,1
619,ascr006005,2,,1,0,10
621,ascr006007,2,,0,0,1
624,ascr006010,2,,0,0,10
625,ascr006011,2,,0,0,10
626,ascr006013,2,,0,0,3
628,ascr007001,2,,0,0,20
629,ascr007002,2,,0,0,20
630,ascr007003,2,,0,0,20
634,ascr007007,2,,0,0,1
637,ascr007396,2,,0,0,1
640,ascr008001,2,,0,0,1
641,ascr008002,2,,0,0,1
642,ascr008003,2,,0,0,1
643,ascr008004,2,,0,0,1
644,ascr008005,2,,0,0,2
646,ascr008007,2,,0,0,2
649,ascr009001,2,,0,0,10
651,ascr009004,2,,0,0,14
653,ascr009006,2,,0,0,1
655,ascr009008,2,,0,0,15
656,ascr009009,2,,0,0,1
657,ascr009010,2,,0,0,1
658,ascr009100,2,,0,0,1
659,ascr009101,2,,0,0,1
662,ascr009238,2,,0,0,5
663,ascr009265,2,,0,0,5
665,ascr010001,2,,0,0,1
666,ascr010002,2,,0,0,2
668,ascr010004,2,,0,0,20
669,ascr010005,2,,0,0,1
670,ascr010022,2,,0,0,1
673,ascr011001,2,,0,0,1
674,ascr011002,2,,0,0,2
677,ascr011005,2,,0,0,1
678,ascr011006,2,,0,0,1
679,ascr012006,2,,0,0,1
680,ascr012008,2,,0,0,1
681,ascr012009,2,,0,0,10
682,ascr012013,2,,0,0,10
683,ascr012016,2,,0,0,10
684,ascr012019,2,,0,0,10
685,ascr012022,2,,0,0,1
686,ascr012025,2,,0,0,1
687,ascr012030,2,,0,0,10
688,ascr012031,2,,0,0,1
690,ascr012033,2,,0,0,1
691,ascr012050,2,,0,0,1
694,ascr012053,2,,0,0,5
695,ascr013002,2,,0,0,2
697,ascr013004,2,,0,0,1
698,ascr013006,2,,0,0,1
699,ascr013008,2,,0,0,1
701,ascr014002,2,,0,0,1
702,ascr014003,2,,0,0,600
704,ascr014005,2,,0,0,1
709,ascr015020,2,,0,0,1
723,ascr017003,2,,0,0,1
724,ascr017004,2,,0,0,1
725,ascr017005,2,,0,0,100
726,ascr017006,2,,0,0,1
727,ascr017007,2,,0,0,1
728,ascr017008,2,,0,0,1
734,ascr017014,2,,0,0,20
736,ascr018007,2,,0,0,2
737,ascr018008,2,,0,0,2
738,ascr018026,2,,0,0,1
739,ascr018028,2,,0,0,1
740,ascr018031,2,,0,0,1
741,ascr018036,2,,0,0,1
742,ascr018042,2,,0,0,1
743,ascr018054,2,,0,0,1
746,ascr019003,2,,0,0,1
749,ascr019010,2,,0,0,1
751,ascr020002,2,,0,0,2
752,ascr020003,2,,0,0,2
753,ascr020004,2,,0,0,5
754,ascr020005,2,,0,0,1
755,ascr020006,2,,0,0,1
756,ascr020007,2,,0,0,1
757,ascr020008,2,,0,0,1
759,ascr020010,2,,0,0,1
760,ascr020026,2,,0,0,1
761,ascr021007,2,,0,0,1
762,ascr021008,2,,0,0,1
763,ascr021054,2,,0,0,1
764,ascr022013,2,,0,0,1
768,ascr030015,2,,0,0,2
769,ascr030020,2,,0,0,2
770,ascr030025,2,,0,0,2
771,ascr030032,2,,0,0,1
772,ascr030040,2,,0,0,1
773,ascr030041,2,,0,0,1
775,ascr111111,2,,0,0,200
831,avjk000020,2,,0,0,1
832,avsy000025,2,,0,0,1
833,avsy003015,2,,0,0,1
834,avsy003020,2,,0,0,1
835,avsy003025,2,,0,0,1
836,avsy004015,2,,0,0,1
837,avsy004020,2,,0,0,1
838,avsy004025,2,,0,0,1
839,barg000001,2,,0,0,1
840,barg080010,2,,0,0,1
841,bcvj000065,2,,0,0,1
842,bcvj000080,2,,0,0,1
843,bcvv000080,2,,0,0,1
844,bcvv000100,2,,0,0,1
845,bcvv000150,2,,0,0,1
846,bcvv001065,2,,0,0,1
847,belg100025,2,,0,0,1
848,BENE001001,2,,0,0,1
849,besi010015,2,,0,0,1
850,besi010020,2,,0,0,1
851,besi010025,2,,0,0,1
852,besi010032,2,,0,0,1
853,besi010040,2,,0,0,1
854,besi010050,2,,0,0,3
855,besi010065,2,,0,0,3
856,besi010080,2,,0,0,3
857,besi010100,2,,0,0,3
858,besi010125,2,,0,0,1
859,besi010150,2,,0,0,2
860,besi010200,2,,0,0,1
861,besi010250,2,,0,0,1
862,besi010300,2,,0,0,1
863,besi010350,2,,0,0,1
864,besi010400,2,,0,0,1
865,besi010450,2,,0,0,1
866,besi010500,2,,0,0,1
867,besi011040,2,,0,0,1
868,besi011050,2,,0,0,1
869,besi011065,2,,0,0,1
870,besi011080,2,,0,0,1
871,besi011100,2,,0,0,1
872,besi011150,2,,0,0,1
873,besi011200,2,,0,0,1
874,besi011250,2,,0,0,1
875,besi011300,2,,0,0,1
876,besi011450,2,,0,0,1
877,besi015065,2,,0,0,1
878,besi016020,2,,0,0,1
879,besi016025,2,,0,0,1
880,besi016040,2,,0,0,1
881,besi016050,2,,0,0,1
882,besi016065,2,,0,0,1
883,besi016080,2,,0,0,1
884,besi016100,2,,0,0,1
885,besi016125,2,,0,0,1
886,besi016150,2,,0,0,1
887,besi016200,2,,0,0,1
888,besi016250,2,,0,0,1
889,besi016300,2,,0,0,1
890,besi025200,2,,0,0,1
891,besi105200,2,,0,0,1
892,besi110015,2,,0,0,1
893,besi110020,2,,0,0,1
894,besi110025,2,,0,0,5
895,besi110032,2,,0,0,5
896,besi110040,2,,0,0,10
897,besi110050,2,,0,0,15
898,besi110065,2,,0,0,15
899,besi110080,2,,0,0,15
900,besi110100,2,,0,0,20
901,besi110120,2,,0,0,10
902,besi110150,2,,0,0,15
903,besi110200,2,,0,0,3
904,besi110250,2,,0,0,1
905,besi110300,2,,0,0,1
906,besi110350,2,,0,0,1
907,besi110400,2,,0,0,1
908,besi110450,2,,0,0,1
909,besi110500,2,,0,0,1
910,besi111025,2,,0,0,1
911,besi111032,2,,0,0,1
912,besi111040,2,,0,0,1
913,besi111050,2,,0,0,1
914,besi111065,2,,11,0,1
915,besi111080,2,,0,0,1
916,besi111100,2,,7,0,1
917,besi111125,2,,0,0,1
918,besi111150,2,,0,0,1
919,besi111200,2,,0,0,1
920,besi111250,2,,0,0,1
921,besi111300,2,,0,0,1
922,besi111350,2,,0,0,1
923,besi111450,2,,0,0,1
924,besi115050,2,,0,0,1
925,besi115065,2,,0,0,1
926,besi115080,2,,1,0,1
927,besi115100,2,,0,0,1
928,besi115150,2,,0,0,1
929,besi115200,2,,0,0,1
930,besi115250,2,,0,0,1
931,besi116020,2,,0,0,1
932,besi116025,2,,0,0,1
933,besi116040,2,,0,0,1
934,besi116050,2,,1,0,1
935,besi116065,2,,0,0,1
936,besi116080,2,,0,0,1
937,besi116100,2,,0,0,1
938,besi116125,2,,0,0,1
939,besi116150,2,,0,0,1
940,besi116200,2,,0,0,1
941,besi116250,2,,0,0,1
942,besi116300,2,,0,0,1
943,besi150020,2,,0,0,1
944,besi150025,2,,0,0,1
945,besi150032,2,,0,0,1
946,besi150040,2,,0,0,1
947,besi150050,2,,0,0,1
948,besi150065,2,,10,0,1
949,besi150080,2,,0,0,1
950,besi150100,2,,0,0,3
951,besi150125,2,,6,0,1
952,besi150150,2,,3,0,1
953,besi150200,2,,0,0,1
954,besi150250,2,,0,0,1
955,besi150300,2,,0,0,1
956,besi150350,2,,0,0,1
958,besi152080,2,,0,0,1
959,besi152100,2,,0,0,1
960,besi152125,2,,0,0,1
961,besi152150,2,,3,0,1
962,besi160025,2,,0,0,1
963,besi160032,2,,0,0,1
964,besi160040,2,,0,0,1
965,besi160050,2,,0,0,1
966,besi160065,2,,0,0,1
967,besi160080,2,,0,0,1
968,besi160100,2,,0,0,1
969,besi160125,2,,0,0,1
970,besi160150,2,,0,0,1
971,besi160200,2,,0,0,1
972,besi160250,2,,0,0,1
973,besi160300,2,,0,0,1
974,besi160350,2,,0,0,1
975,besi160400,2,,0,0,1
976,besi160500,2,,0,0,1
977,besi161040,2,,0,0,1
978,besi161065,2,,0,0,1
979,besi161080,2,,0,0,1
980,besi161100,2,,0,0,1
981,besi161150,2,,0,0,1
982,besi161200,2,,0,0,1
983,besi161250,2,,0,0,1
984,besi161400,2,,0,0,1
985,besi162040,2,,0,0,1
986,besi162050,2,,0,0,1
987,besi162065,2,,0,0,1
988,besi162080,2,,0,0,1
989,besi162100,2,,0,0,1
990,besi162125,2,,0,0,1
991,besi162150,2,,0,0,1
992,besi162200,2,,0,0,1
993,besi162250,2,,0,0,1
994,besi162300,2,,0,0,1
995,besi163065,2,,0,0,1
996,besi163080,2,,0,0,1
997,besi163100,2,,0,0,1
998,besi164050,2,,8,0,1
999,besi164065,2,,4,0,1
1000,besi164080,2,,6,0,1
1001,besi164100,2,,3,0,1
1002,besi164150,2,,1,0,1
1003,besi164250,2,,0,0,1
1004,besi165150,2,,0,0,1
1005,besi165250,2,,0,0,1
1006,besi167065,2,,0,0,1
1007,besi167080,2,,0,0,1
1008,besi167100,2,,0,0,1
1009,besi167150,2,,0,0,1
1010,besi167200,2,,0,0,1
1011,besi167250,2,,2,0,1
1012,besi167300,2,,0,0,1
1013,besi199065,2,,0,0,1
1014,besi199080,2,,0,0,1
1015,besi199150,2,,0,0,1
1016,besi210032,2,,0,0,1
1017,besi210040,2,,0,0,1
1018,besi210050,2,,0,0,3
1019,besi210065,2,,0,0,1
1020,besi210080,2,,0,0,1
1021,besi210100,2,,1,0,1
1022,besi220032,2,,0,0,1
1023,besi250032,2,,0,0,1
1024,besi250065,2,,0,0,1
1025,besi250080,2,,0,0,1
1026,besi250100,2,,0,0,1
1027,besi250125,2,,0,0,1
1028,besi250150,2,,0,0,1
1029,besi250200,2,,0,0,1
1030,besi250250,2,,0,0,1
1031,besi250350,2,,0,0,1
1032,besi261150,2,,0,0,1
1033,besi261200,2,,0,0,1
1034,besi261400,2,,0,0,1
1035,besi262050,2,,0,0,1
1036,besi262065,2,,0,0,1
1037,besi262080,2,,0,0,1
1038,besi262100,2,,0,0,1
1039,besi262120,2,,0,0,1
1040,besi262150,2,,0,0,1
1041,besi262200,2,,2,0,1
1042,besi262250,2,,0,0,1
1043,besi262300,2,,0,0,1
1044,besi262350,2,,0,0,1
1045,besi262400,2,,0,0,1
1046,besi299080,2,,0,0,1
1047,besi301026,2,,0,0,1
1048,besi301040,2,,0,0,1
1049,besi301080,2,,0,0,1
1050,besi301100,2,,0,0,1
1051,besi301125,2,,0,0,1
1052,besi301150,2,,0,0,1
1053,besi301200,2,,0,0,1
1054,besi302040,2,,0,0,1
1055,besi302050,2,,0,0,1
1056,besi302080,2,,0,0,1
1057,besi400150,2,,0,0,1
1058,besi400250,2,,0,0,1
1059,besi400300,2,,0,0,1
1060,besi410020,2,,0,0,1
1061,besi410025,2,,0,0,1
1062,besi410032,2,,0,0,1
1063,besi410040,2,,0,0,1
1064,besi410050,2,,0,0,1
1065,besi410065,2,,0,0,1
1066,besi410080,2,,0,0,1
1067,besi410100,2,,0,0,1
1068,besi410120,2,,0,0,1
1069,besi410150,2,,0,0,1
1070,besi410200,2,,0,0,1
1071,besi410250,2,,0,0,1
1072,besi410350,2,,0,0,1
1073,besi410450,2,,0,0,1
1074,besi510032,2,,0,0,1
1075,besi510040,2,,0,0,1
1076,besi510050,2,,0,0,1
1077,besi510065,2,,0,0,1
1078,besi510080,2,,0,0,1
1079,besi510100,2,,0,0,1
1080,besi510150,2,,0,0,1
1081,besi510200,2,,0,0,1
1082,besi510250,2,,0,0,1
1083,besi510300,2,,0,0,1
1084,besi510350,2,,0,0,1
1085,besi510450,2,,0,0,1
1086,besi510500,2,,0,0,1
1087,besi610150,2,,0,0,1
1088,besi710100,2,,0,0,1
1089,besi810080,2,,0,0,1
1090,besi810100,2,,0,0,1
1091,besi810150,2,,0,0,1
1092,besi810200,2,,0,0,1
1095,bjls001040,2,,0,0,10
1096,bjls001050,2,,0,0,15
1097,bjls001060,2,,0,0,10
1098,bjls001070,2,,0,0,1
1099,bjls001080,2,,0,0,10
1100,bjls001100,2,,0,0,1
1101,bjls001120,2,,0,0,1
1102,bjls001150,2,,0,0,1
1103,bjls011040,2,,0,0,1
1104,bjls011050,2,,0,0,1
1105,bjls011060,2,,0,0,1
1106,bjls011070,2,,0,0,1
1107,bjls011080,2,,0,0,1
1108,bjls011100,2,,0,0,1
1109,bjls011120,2,,0,0,1
1110,bjls020040,2,,0,0,3
1111,bjls020050,2,,0,0,3
1112,bjls020060,2,,0,0,3
1113,bjls020070,2,,0,0,1
1114,bjls020080,2,,0,0,2
1115,bjls020100,2,,0,0,2
1117,bjls021040,2,,0,0,1
1118,bjls021050,2,,0,0,1
1119,bjls021060,2,,0,0,1
1120,bjls021070,2,,0,0,1
1121,bjls021080,2,,0,0,1
1122,bjls021100,2,,0,0,1
1123,bjls021120,2,,0,0,1
1124,boxe000006,2,,0,0,1
1125,boxe000008,2,,0,0,1
1126,boxe000010,2,,0,0,1
1127,boxe000014,2,,0,0,1
1128,boxe000018,2,,0,0,1
1129,boxe045006,2,,0,0,1
1130,boxi000000,2,,0,0,1
1132,boxi015004,2,,0,0,1
1133,boxi015006,2,,0,0,1
1134,boxi020004,2,,0,0,1
1135,boxi020006,2,,0,0,3
1136,boxi020008,2,,0,0,3
1137,boxi025006,2,,0,0,5
1138,boxi025008,2,,0,0,5
1139,boxi025010,2,,0,0,1
1140,boxi030004,2,,0,0,1
1141,boxi030006,2,,0,0,3
1142,boxi030008,2,,0,0,3
1143,boxi030010,2,,0,0,1
1144,boxi030012,2,,0,0,1
1145,boxi035006,2,,0,0,1
1146,boxi035008,2,,0,0,1
1147,boxi035010,2,,0,0,1
1148,boxi035012,2,,0,0,1
1149,boxi035014,2,,0,0,1
1150,boxi040006,2,,0,0,1
1151,boxi040008,2,,0,0,1
1152,boxi040010,2,,0,0,1
1153,boxi040012,2,,0,0,1
1154,boxi045008,2,,0,0,1
1155,boxi060008,2,,0,0,1
1156,boxi200015,2,,0,0,1
1157,boxs000005,2,,0,0,1
1158,boxs000006,2,,0,0,1
1159,boxs000007,2,,0,0,1
1160,boxs000008,2,,0,0,1
1161,boxs000014,2,,0,0,1
1162,boxs000018,2,,0,0,1
1163,boxt000000,2,,0,0,1
1164,boxt000006,2,,0,0,1
1165,boxt000008,2,,0,0,1
1166,boxt000010,2,,0,0,1
1167,boxt000012,2,,0,0,1
1168,boxt010008,2,,0,0,1
1169,boxt350200,2,,0,0,1
1170,boxy000004,2,,0,0,1
1171,boxy000006,2,,0,0,1
1172,boxy000008,2,,0,0,1
1173,buat000001,2,,0,0,1
1174,buat000002,2,,0,0,1
1175,buat000003,2,,0,0,1
1176,buat000004,2,,0,0,1
1177,buat00002,2,,0,0,1
1178,burk000000,2,,0,0,1
1179,burk000001,2,,0,0,1
1180,burk000002,2,,0,0,1
1181,burk100015,2,,0,0,2
1182,burk100020,2,,26,0,2
1183,burk100025,2,,0,0,2
1184,burk100032,2,,0,0,1
1185,burk100040,2,,0,0,1
1186,burk100050,2,,0,0,1
1187,burk100065,2,,0,0,1
1188,burk200015,2,,0,0,1
1189,burk200020,2,,0,0,1
1190,burk200025,2,,0,0,1
1191,burk200032,2,,0,0,1
1192,burk200040,2,,0,0,1
1193,burk200050,2,,0,0,1
1194,burk300015,2,,0,0,1
1195,burk300020,2,,0,0,1
1196,burk300025,2,,0,0,1
1197,burk300032,2,,0,0,1
1198,burk300040,2,,0,0,1
1199,burk300050,2,,0,0,1
1200,burk400015,2,,0,0,1
1201,burk600006,2,,0,0,1
1202,burk600010,2,,0,0,1
1203,burk600015,2,,0,0,1
1204,burk600020,2,,0,0,1
1205,burk600025,2,,0,0,2
1206,burk600032,2,,0,0,1
1207,burk600040,2,,0,0,1
1208,burk600050,2,,0,0,1
1209,bvbs000120,2,,0,0,1
1210,bvbs000125,2,,0,0,3
1211,bvbs000132,2,,0,0,3
1212,bvbs000140,2,,0,0,1
1213,bvbs000150,2,,0,0,1
1214,bvit000006,2,,0,0,5
1215,bvit000007,2,,0,0,1
1216,bvit000010,2,,0,0,1
1217,bvit000015,2,,0,0,1
1218,bvit000020,2,,0,0,1
1219,bvit000025,2,,0,0,1
1220,bvit000032,2,,0,0,1
1221,bvit000040,2,,0,0,1
1222,bvit000054,2,,0,0,1
1223,bvss000006,2,,0,0,1
1224,bvss000010,2,,0,0,1
1225,bvss000013,2,,0,0,1
1226,bvss000020,2,,0,0,1
1227,bvss000025,2,,0,0,1
1228,bvss000032,2,,0,0,1
1229,bvss000040,2,,0,0,1
1230,bvss000050,2,,0,0,1
1231,BVBS000115,2,,0,0,2
1233,bvss100050,2,,0,0,1
1234,bvss100080,2,,0,0,1
1235,bvtw000006,2,,0,0,1
1236,bvtw000010,2,,0,0,1
1237,bvtw000015,2,,0,0,1
1238,bvtw000020,2,,0,0,1
1239,bvtw000025,2,,0,0,1
1240,bvtw000032,2,,0,0,1
1241,bvtw000042,2,,0,0,1
1242,bvtw000050,2,,0,0,1
1243,bvtw000067,2,,0,0,1
1244,bvtw000080,2,,0,0,1
1245,bvtw001065,2,,0,0,1
1246,casi050015,2,,0,0,1
1247,casi050020,2,,0,0,1
1248,casi050025,2,,0,0,1
1249,casi050032,2,,0,0,1
1250,casi050040,2,,0,0,1
1251,casi050050,2,,0,0,1
1252,casi050100,2,,0,0,1
1253,cast102002,2,,0,0,5
1254,cast102003,2,,0,0,10
1255,cast102004,2,,0,0,10
1256,cast102005,2,,0,0,10
1257,cast105807,2,,0,0,3
1258,cast106406,2,,0,0,5
1259,cast109006,2,,0,0,1
1260,cast109909,2,,0,0,2
1261,cast109911,2,,0,0,2
1262,cast109917,2,,0,0,2
1263,cast306033,2,,0,0,20
1264,cast306045,2,,0,0,10
1265,cast306052,2,,0,0,6
1266,cast311002,2,,0,0,20
1267,cast311003,2,,0,0,5
1268,cast311004,2,,0,0,20
1269,cast311005,2,,0,0,10
1270,cast311006,2,,0,0,10
1271,cast311203,2,,0,0,30
1272,cast312207,2,,0,0,10
1273,cast312209,2,,0,0,10
1274,cast312211,2,,0,0,6
1275,cast312213,2,,0,0,6
1276,cast312217,2,,5,0,6
1277,cast371022,2,,0,0,25
1278,cast371033,2,,0,0,25
1279,cast371044,2,,0,0,66
1280,cast371055,2,,717,0,100
1281,cast371066,2,,0,0,25
1282,cast374007,2,,0,0,10
1283,cast374009,2,,0,0,10
1284,cast374011,2,,0,0,10
1285,cast374013,2,,0,0,6
1286,cast374017,2,,0,0,6
1287,cast441107,2,,0,0,10
1288,cast441109,2,,0,0,10
1289,cast441111,2,,0,0,10
1290,cast441113,2,,0,0,10
1291,cast441117,2,,0,0,10
1292,cast441207,2,,0,0,10
1293,cast441209,2,,0,0,10
1294,cast441211,2,,0,0,10
1295,cast441213,2,,0,0,10
1296,cast441217,2,,0,0,10
1297,cast554009,2,,0,0,1
1298,cast611022,2,,0,0,60
1299,cast611023,2,,0,0,10
1300,cast611032,2,,0,0,10
1301,cast611033,2,,0,0,50
1302,cast611043,2,,0,0,10
1303,cast611044,2,,0,0,50
1304,cast611045,2,,0,0,50
1305,cast611066,2,,0,0,20
1306,cast621002,2,,145,0,40
1307,cast621003,2,,63,0,40
1308,cast621004,2,,0,0,60
1309,cast621005,2,,0,0,100
1310,cast621006,2,,258,0,40
1312,cast622006,2,,0,0,60
1313,cast651207,2,,28,0,10
1314,cast651209,2,,0,0,10
1315,cast651211,2,,0,0,10
1316,cast651213,2,,0,0,6
1317,cast651217,2,,48,0,6
1323,cast701022,2,,0,0,600
1324,cast701033,2,,0,0,500
1325,cast701044,2,,0,0,500
1326,cast701055,2,,0,0,200
1327,cast701066,2,,0,0,100
1328,casu371022,2,,0,0,10
1329,casu371033,2,,0,0,10
1330,casu371044,2,,0,0,30
1331,casu371055,2,,0,0,100
1333,casu621003,2,,0,0,30
1334,casu621004,2,,0,0,30
1337,casu651208,2,,0,0,1
1338,casu651209,2,,0,0,1
1340,celf009010,2,,0,0,1
1341,celf009013,2,,0,0,1
1342,celf009016,2,,0,0,1
1343,celf009019,2,,0,0,1
1344,celf009025,2,,0,0,1
1345,cera060001,2,,0,0,1
1346,cidn300020,2,,0,0,1
1347,cidn300032,2,,0,0,1
1348,ciel300015,2,,0,0,1
1349,ciel300020,2,,0,0,1
1350,ciel300025,2,,0,0,1
1351,ciel300032,2,,0,0,1
1352,ciel300040,2,,0,0,1
1353,cigr001001,2,,0,0,1
1354,cilum300032,2,,0,0,1
1355,cire300032,2,,0,0,1
1356,cire300040,2,,0,0,1
1357,cire300043,2,,0,0,1
1358,ciso300032,2,,0,0,1
1359,cite3000032,2,,0,0,1
1360,cite300020,2,,0,0,1
1361,cite300025,2,,0,0,1
1362,cite300040,2,,0,0,1
1363,citr300034,2,,0,0,1
1364,civr300032,2,,0,0,1
1365,civr300040,2,,0,0,1
1366,ciwm300020,2,,0,0,1
1367,ciwm300025,2,,0,0,1
1368,ciwm300032,2,,0,0,1
1369,ciwm300042,2,,0,0,1
1370,ciwm300050,2,,0,0,1
1371,coma001015,2,,0,0,1
1372,coma001020,2,,0,0,1
1373,coma001025,2,,0,0,1
1374,coma001032,2,,0,0,1
1375,coma001040,2,,0,0,1
1376,coma001050,2,,0,0,1
1377,cpcb000003,2,,0,0,1
1378,cppf000020,2,,0,0,5
1379,cppf000030,2,,0,0,5
1380,cppf000040,2,,0,0,5
1381,cpph000020,2,,0,0,5
1382,cpph000030,2,,0,0,5
1383,cpph000040,2,,0,0,5
1384,cpph000600,2,,0,0,5
1385,cpph000601,2,,0,0,5
1386,cpph000800,2,,0,0,5
1387,cppm000020,2,,0,0,5
1388,cppm000030,2,,0,0,5
1389,cppm000040,2,,0,0,5
1390,cppp000000,2,,0,0,1
1391,cpsf000020,2,,0,0,5
1392,cpsf000030,2,,0,0,5
1393,cpsf000040,2,,0,0,5
1394,cpsh000020,2,,0,0,5
1395,cpsh000030,2,,0,0,5
1396,cpsh000040,2,,0,0,5
1397,cpsh000060,2,,0,0,5
1398,cpsh000120,2,,0,0,1
1399,cpsh000130,2,,0,0,1
1400,cpsm000020,2,,0,0,1
1401,cpsm000030,2,,0,0,1
1402,cpsm000040,2,,0,0,30
1403,cpsm000140,2,,0,0,1
1404,cpsm000141,2,,0,0,1
1405,cpsm000600,2,,0,0,1
1406,cpsm000601,2,,0,0,1
1407,cpsm000800,2,,0,0,1
1408,cpsp000020,2,,0,0,1
1409,cuni016120,2,,0,0,1
1410,cuni050210,2,,0,0,1
1411,cvss000015,2,,0,0,1
1412,cvss000025,2,,0,0,1
1413,cvss000032,2,,0,0,1
1414,cvss000040,2,,0,0,1
1415,cvss000050,2,,0,0,1
1416,cvss001032,2,,0,0,1
1417,dado004001,2,,0,0,20
1418,dado004002,2,,0,0,1
1419,dado004003,2,,0,0,1
1420,dado004004,2,,0,0,20
1421,dait001010,2,,0,0,1
1422,danf001001,2,,0,0,1
1423,danf002001,2,,0,0,1
1424,danf003001,2,,0,0,1
1425,danf005001,2,,0,0,1
1426,deca100100,2,,0,0,1
1427,deca101006,2,,0,0,1
1428,deca101008,2,,0,0,1
1429,deca101018,2,,0,0,1
1430,deca101200,2,,0,0,1
1431,deca101250,2,,0,0,1
1432,deca200200,2,,0,0,1
1433,deca201500,2,,0,0,1
1434,dixe000001,2,,0,0,1
1435,dnac006006,2,,0,0,100
1436,dnac006009,2,,0,0,1
1437,dnac006013,2,,0,0,1
1438,dnac006016,2,,0,0,1
1439,dnac006019,2,,0,0,1
1440,dnac009009,2,,0,0,300
1441,dnac009013,2,,0,0,1
1442,dnac009016,2,,0,0,1
1443,dnac009019,2,,0,0,1
1444,dnac013013,2,,0,0,300
1445,dnac013016,2,,0,0,1
1446,dnac013019,2,,0,0,1
1447,dnac016016,2,,0,0,200
1448,dnac016019,2,,0,0,1
1449,dnac019019,2,,0,0,100
1450,dncr000015,2,,0,0,1
1451,dnki006006,2,,0,0,500
1452,dnki009009,2,,0,0,500
1453,dnki015006,2,,0,0,300
1454,dnki015009,2,,0,0,300
1455,dnki015015,2,,0,0,600
1456,dnki019006,2,,0,0,200
1457,dnki019009,2,,0,0,200
1458,dnki019015,2,,0,0,200
1459,dnki019019,2,,0,0,300
1460,dnki025025,2,,0,0,100
1461,dnki032032,2,,0,0,100
1462,dnki040040,2,,0,0,100
1463,dnki050050,2,,0,0,100
1464,dnkn003003,2,,0,0,100
1465,dnkn006003,2,,0,0,100
1466,dnkn006006,2,,0,0,1
1467,dnkn006007,2,,0,0,1
1468,dnkn009006,2,,0,0,100
1469,dnkn009009,2,,0,0,1
1470,dnkn015003,2,,0,0,1
1471,dnkn015006,2,,0,0,100
1472,dnkn015009,2,,0,0,100
1473,dnkn015015,2,,0,0,300
1474,dnkn019006,2,,0,0,1
1475,dnkn019009,2,,0,0,50
1476,dnkn019015,2,,0,0,100
1477,dnkn019016,2,,0,0,50
1478,dnkn019019,2,,0,0,100
1479,dnkn025015,2,,0,0,30
1480,dnkn025019,2,,0,0,30
1481,dnkn025025,2,,0,0,30
1482,dnkn032025,2,,0,0,1
1483,dnkn032032,2,,0,0,30
1484,dnkn040019,2,,0,0,5
1485,dnkn040040,2,,0,0,30
1486,dnkn050050,2,,0,0,20
1487,dnkn065065,2,,0,0,1
1488,dnkn115006,2,,0,0,1
1489,dnkn119006,2,,0,0,5
1490,dnkn119009,2,,0,0,5
1491,dnss000015,2,,0,0,1
1492,dokn015015,2,,0,0,5
1494,dopt000006,2,,0,0,1
1495,DTDOPT000009,2,,0,0,1
1496,DTDOPT000013,2,,0,0,30
1497,DTDOPT000016,2,,0,0,100
1498,DTDOPT000019,2,,0,0,100
1499,DTDOPT000022,2,,0,0,100
1500,DTDOPT000025,2,,0,0,100
1501,DTDOPT000028,2,,0,0,100
1502,DTDOPT000032,2,,0,0,30
1503,DTDOPT000035,2,,0,0,100
1504,DTDOPT000038,2,,0,0,100
1505,DTDOPT000042,2,,0,0,50
1506,DTDOPT000054,2,,0,0,50
1507,DTDOPT000067,2,,0,0,30
1508,DTDOPT000080,2,,0,0,30
1509,DTDOPT000105,2,,0,0,10
1510,DTDOPT000159,2,,0,0,1
1511,dtal001001,2,,0,0,1
1513,dtal001003,2,,0,0,1
1514,dtbn001001,2,,0,0,1
1515,dtbn001002,2,,0,0,1
1516,dtdl001001,2,,0,0,1000
1518,dtdl001003,2,,0,0,1
1519,dtdl001004,2,,0,0,1
1520,dtdl002003,2,,0,0,24
1521,dtdl002004,2,,0,0,1
1522,dtdl002005,2,,0,0,1
1523,dtmz001001,2,,0,0,1000
1525,dtmz001003,2,,0,0,1
1526,dtmz001004,2,,0,0,1
1527,dtmz001005,2,,0,0,216
1528,dtnl001001,2,,0,0,2000
1530,dtnl001003,2,,0,0,500
1531,dtnl001004,2,,0,0,1
1532,dtnl001005,2,,0,0,1
1533,dtnl001006,2,,0,0,1
1534,dtnl002001,2,,0,0,1
1535,dura003001,2,,0,0,10
1536,eaga000000,2,,0,0,1
1537,eaga015015,2,,0,0,1
1538,eaga021021,2,,0,0,1
1539,eaga025125,2,,0,0,1
1540,eaga036020,2,,0,0,1
1541,eaga050125,2,,0,0,1
1542,ecov651207,2,,0,0,1
1543,ecov651208,2,,0,0,1
1544,ecoV651209,2,,0,0,1
1545,ecoV651211,2,,0,0,1
1546,edds015016,2,,0,0,1
1547,eddt000010,2,,0,0,1
1548,eddt000013,2,,0,0,1
1549,eddt015013,2,,0,0,50
1550,eddt015016,2,,0,0,1
1551,eddt015019,2,,0,0,1
1552,eddt020019,2,,0,0,1
1553,eddt020022,2,,0,0,10
1554,eddt025028,2,,0,0,5
1555,eddt025032,2,,0,0,1
1556,eddt032035,2,,0,0,1
1557,edll005006,2,,0,0,1
1558,edsl015016,2,,0,0,1
1559,ekcc006006,2,,0,0,1
1560,ekcc008008,2,,0,0,1
1561,ekcc009009,2,,0,0,1
1562,ekcc012012,2,,0,0,1
1563,ekcc013013,2,,0,0,1
1564,ekcc015016,2,,0,0,1
1565,ekcc016016,2,,0,0,1
1566,ekcd006006,2,,0,0,1
1567,ekfl000006,2,,0,0,1
1568,ekfl000007,2,,0,0,1
1569,ekfl000009,2,,0,0,1
1570,ekfl000015,2,,0,0,1
1571,ekfl000016,2,,0,0,1
1572,emrs000048,2,,0,0,1
1573,emrs000083681344476074,2,,0,0,10
1574,emrs000148,2,,0,0,1
1575,emrs000163,2,,0,0,10
1576,emrs000164681344476159,2,,0,0,25
1577,emrs000165681344476173,2,,0,0,25
1578,emrs000304681344482129,2,,0,0,20
1579,emrs000305681344482143,2,,0,0,30
1580,emrs000306681344486684,2,,0,0,20
1581,emrs001048-681344595416,2,,0,0,1
1582,emrs001148,2,,0,0,1
1583,emrs700028,2,,0,0,2
1584,emrs800028,2,,0,0,2
1585,emrs800042,2,,0,0,2
1586,emrs900003,2,,0,0,5
1587,emrs900005,2,,0,0,5
1588,emrs900007,2,,0,0,5
1589,emrs900010,2,,0,0,5
1590,emrs900012,2,,0,0,5
1591,emrs900014,2,,0,0,5
1592,emrs900015,2,,0,0,5
1593,emrs900018,2,,0,0,5
1594,emrs900020,2,,0,0,5
1595,emrs900022,2,,0,0,5
1596,emrs900025,2,,0,0,5
1597,emrs900026,2,,0,0,5
1598,emrs900030,2,,0,0,5
1599,emrs900035,2,,0,0,5
1600,emrs900040,2,,0,0,2
1601,emrs900045,2,,0,0,2
1602,emrs900050,2,,0,0,2
1603,emrs900055,2,,0,0,2
1604,emrs900060,2,,0,0,2
1605,emrs900070,2,,0,0,2
1606,emrs900100,2,,0,0,2
1607,DTETBG000006,2,,0,0,2000
1608,DTETBG000008,2,,0,0,2000
1609,DTETBG000009,2,,0,0,5000
1610,DTETBG000013,2,,0,0,6000
1611,DTETBG000015,2,,0,0,1
1612,DTETBG000016,2,,0,0,10000
1613,DTETBG000019,2,,0,0,8000
1614,DTetbg000021,2,,0,0,200
1615,DTETBG000022,2,,0,0,10000
1616,DTETBG000025,2,,0,0,4000
1617,DTetbg000027,2,,0,0,1
1618,DTETBG000028,2,,0,0,10000
1619,DTETBG000032,2,,0,0,3000
1620,DTETBG000035,2,,0,0,6000
1621,DTetbg000036,2,,0,0,1
1622,DTetbg000038,2,,0,0,1
1623,DTETBG000042,2,,0,0,600
1624,etbg000053,2,,0,0,1
1625,DTETBG000054,2,,0,0,500
1626,DTETBG000067,2,,0,0,60
1627,DTETBG000076,2,,0,0,1
1628,DTETBG000080,2,,0,0,30
1629,DTetbg000104,2,,0,0,10
1630,DTetbg000108,2,,0,0,1
1631,DTETBG000156,2,,0,0,6
1632,DTetbg000159,2,,0,0,1
1633,DTETBG045013,2,,0,0,600
1634,DTETBG045016,2,,0,0,600
1635,DTETBG045019,2,,0,0,600
1636,DTETBG045022,2,,0,0,400
1637,DTETBG045025,2,,0,0,300
1638,DTETBG045028,2,,0,0,400
1639,DTETBG045032,2,,0,0,200
1640,DTETBG045035,2,,0,0,350
1641,DTETBG045042,2,,0,0,200
1642,DTETBG045054,2,,0,0,200
1643,DTETBG045067,2,,0,0,100
1644,DTetbg045076,2,,0,0,1
1645,DTETBG045080,2,,0,0,25
1646,DTetbg045104,2,,0,0,10
1647,DTetbg045108,2,,0,0,1
1648,DTetbg045153,2,,0,0,5
1649,DTetbg045159,2,,0,0,1
1650,fadp006022,2,,0,0,1
1651,fadp015013,2,,0,0,1
1652,fadp015016,2,,0,0,1
1653,fadp015019,2,,0,0,1
1654,fadp020019,2,,0,0,1
1655,fadp020022,2,,0,0,1
1656,fadp025025,2,,0,0,1
1657,fadp025028,2,,0,0,1
1658,fadp032035,2,,0,0,1
1659,fadp040042,2,,1,0,1
1660,fadp050054,2,,0,0,1
1661,fadp065067,2,,0,0,1
1662,DTFADP115013,2,,0,0,400
1663,DTFADP115016,2,,0,0,400
1664,fadp120020,2,,0,0,200
1665,DTFADP120022,2,,0,0,200
1666,DTFADP125028,2,,0,0,200
1667,DTFADP132035,2,,0,0,100
1668,DTFADP140042,2,,0,0,100
1669,DTFADP150054,2,,0,0,50
1670,fag000000,2,,0,0,1
1671,faga035035,2,,0,0,1
1672,fair015020,2,,0,0,20
1673,fair015030,2,,0,0,20
1674,fair015040,2,,0,0,20
1675,fair015050,2,,0,0,20
1676,fair015060,2,,0,0,20
1677,fair015100,2,,0,0,5
1678,fair015130,2,,0,0,1
1679,fair015150,2,,0,0,1
1680,fair015200,2,,0,0,1
1681,fair020030,2,,0,0,1
1682,fair020050,2,,0,0,1
1683,fair115030,2,,0,0,15
1684,fair115040,2,,0,0,10
1685,fair115050,2,,0,0,10
1686,fair115060,2,,0,0,10
1687,fair215050,2,,0,0,1
1688,fccc006010,2,,0,0,1
1689,fccc009009,2,,0,0,1
1690,FCCC015009,2,,0,0,1
1691,fcfl003009,2,,0,0,1
1692,fcfl015016,2,,0,0,1
1693,fdec001004,2,,0,0,1
1694,fdec001005,2,,0,0,1
1695,fdec001006,2,,0,0,1
1696,fdec001008,2,,0,0,1
1697,fdec001010,2,,0,0,1
1698,fdpu000101,2,,0,0,20
1699,fdpu000201,2,,0,0,50
1700,fdpu000202,2,,0,0,15
1701,fdpu000203,2,,0,0,50
1702,fdpu000204,2,,0,0,200
1703,fdpu000302,2,,0,0,10
1704,fdpu000303,2,,0,0,10
1705,fdpu000304,2,,0,0,10
1706,fdpu000305,2,,0,0,50
1707,fdpu000306,2,,0,0,50
1708,fdpu000401,2,,0,0,50
1709,fdpu000501,2,,0,0,3
1711,fdpu000600,2,,0,0,1
1712,fdpu000601,2,,0,0,5
1713,fdpu000602,2,,0,0,1
1714,fdpu000603,2,,0,0,1
1715,fdpu000604,2,,0,0,1
1716,fdpu000605,2,,0,0,1
1717,fide000000,2,,0,0,1
1718,fide030025,2,,0,0,1
1719,fill000025,2,,0,0,1
1720,fill000040,2,,0,0,1
1721,filt000000,2,,0,0,1
1722,filt090015,2,,0,0,1
1723,filt090017,2,,0,0,1
1724,filt090018,2,,0,0,1
1725,filt105250,2,,0,0,1
1726,filt750250,2,,0,0,1
1727,fire003040,2,,0,0,1
1728,fire010300,2,,0,0,1
1729,fire010400,2,,0,0,1
1730,fire010600,2,,0,0,1
1731,fire012500,2,,0,0,1
1732,fire030150,2,,0,0,1
1733,fire040000,2,,0,0,1
1734,fire050150,2,,0,0,1
1735,fire060035,2,,0,0,1
1736,fire060060,2,,0,0,1
1737,flex001015,2,,0,0,1
1738,flkn000040,2,,0,0,1
1739,flkn000050,2,,1,0,1
1740,flkn000065,2,,0,0,1
1741,flkn000108,2,,0,0,1
1742,flkn00080,2,,1,0,1
1743,flkn001016,2,,0,0,1
1744,flkn001019,2,,0,0,1
1745,flkn001022,2,,0,0,1
1746,flkn001025,2,,0,0,1
1747,flkn001028,2,,0,0,3
1748,flkn001032,2,,0,0,1
1749,flkn001040,2,,0,0,1
1750,flkn001050,2,,1,0,2
1751,flkn001065,2,,2,0,2
1752,flkn001080,2,,2,0,1
1753,flkn001108,2,,0,0,1
1754,flkn001159,2,,0,0,1
1755,flkn001208,2,,0,0,1
1756,flkn002035,2,,0,0,1
1757,flkn002040,2,,2,0,1
1758,flkn002050,2,,3,0,1
1759,flkn002065,2,,3,0,1
1760,flkn002080,2,,0,0,1
1761,flkn002100,2,,0,0,1
1762,flkn003025,2,,0,0,1
1763,flkn003040,2,,1,0,1
1764,flkn003050,2,,0,0,1
1765,flkn003065,2,,1,0,1
1766,flkn003080,2,,3,0,1
1767,flkn003108,2,,1,0,1
1768,flkn003159,2,,0,0,1
1770,fmbw001025,2,,0,0,3
1771,fmbw001032,2,,13,0,3
1772,fmbw001040,2,,12,0,3
1773,fmbw001050,2,,22,0,3
1774,fmbw001065,2,,44,0,3
1775,fmbw001080,2,,33,0,15
1776,fmbw001100,2,,0,0,15
1777,fmbw001150,2,,0,0,15
1778,fmbw001200,2,,12,0,15
1779,freo001022,2,,0,0,1
1780,freo001134,2,,0,0,2
1781,freo001404,2,,0,0,2
1782,freo001407,2,,0,0,4
1783,freo001410,2,,0,0,4
1784,freo002022,2,,0,0,1
1785,freo003011,2,,0,0,3
1786,freo003012,2,,0,0,3
1787,freo003022,2,,0,0,15
1788,freo003032,2,,0,0,1
1789,freo003132,2,,0,0,3
1790,freo003134,2,,0,0,2
1791,freo003404,2,,0,0,3
1792,freo003407,2,,0,0,4
1793,freo003410,2,,0,0,4
1794,freo004011,2,,0,0,1
1795,freo004012,2,,0,0,1
1796,freo004022,2,,0,0,1
1797,freo004023,2,,0,0,1
1798,freo005022,2,,0,0,4
1799,fuel000025,2,,0,0,1
1800,fuel000040,2,,0,0,1
1801,fvit001015,2,,0,0,3
1802,fvit001020,2,,0,0,3
1803,fvit001025,2,,0,0,3
1804,fvit001032,2,,0,0,3
1805,fvit001040,2,,0,0,3
1806,fvit001050,2,,0,0,2
1807,fvit001065,2,,0,0,1
1808,fvit001080,2,,0,0,1
1809,fvit001100,2,,0,0,1
1810,fwss015020,2,,0,0,1
1811,fwss015030,2,,0,0,15
1812,fwss015040,2,,0,0,1
1813,fwss015050,2,,0,0,10
1814,fwss015060,2,,0,0,1
1815,fwss020020,2,,0,0,1
1816,fwss020030,2,,0,0,20
1817,fwss020035,2,,0,0,1
1818,fwss020050,2,,0,0,10
1819,fwss020055,2,,0,0,1
1820,fwss025030,2,,0,0,20
1821,fwss025035,2,,0,0,1
1822,fwss025050,2,,0,0,10
1823,fwss025150,2,,0,0,1
1824,fwss026035,2,,0,0,1
1825,fwss032030,2,,0,0,10
1826,fwss032050,2,,0,0,5
1827,fwss040030,2,,0,0,5
1828,fwss040050,2,,0,0,1
1829,fwss050015,2,,0,0,1
1830,fwss050030,2,,0,0,1
1831,fwss050040,2,,0,0,1
1832,fwss050050,2,,0,0,5
1833,fwss050060,2,,0,0,1
1834,fwss050150,2,,0,0,1
1835,fwss100120,2,,0,0,1
1836,fwss308030,2,,0,0,1
1837,fwss315030,2,,0,0,1
1838,fwss320030,2,,0,0,1
1839,gala003200,2,,0,0,1
1840,gala010040,2,,0,0,1
1841,gala010050,2,,0,0,1
1842,gala025060,2,,0,0,1
1843,gala032040,2,,0,0,1
1844,gala065100,2,,0,0,1
1845,gala080050,2,,0,0,1
1846,gala300300,2,,0,0,1
1847,gala800080,2,,0,0,1
1848,gald015015,2,,0,0,1
1849,gald045015,2,,0,0,1
1850,gald045025,2,,0,0,1
1851,gald045032,2,,0,0,1
1852,gald045040,2,,0,0,1
1853,gald045050,2,,0,0,1
1854,gald045065,2,,0,0,1
1855,gald045080,2,,0,0,1
1856,gald100010,2,,0,0,1
1857,gald100015,2,,0,0,50
1858,gald100020,2,,0,0,30
1859,gald100025,2,,0,0,30
1860,gald100032,2,,0,0,30
1861,gald100040,2,,0,0,25
1862,gald100050,2,,0,0,20
1863,gald100065,2,,0,0,1
1864,gald100080,2,,0,0,1
1865,gald100100,2,,0,0,1
1866,gald110010,2,,0,0,1
1867,gald110015,2,,0,0,50
1868,gald110020,2,,0,0,30
1869,gald110025,2,,0,0,20
1870,gald110032,2,,0,0,20
1871,gald110040,2,,0,0,20
1872,gald110050,2,,0,0,10
1873,gald110065,2,,0,0,1
1874,gald110080,2,,0,0,1
1875,gald115010,2,,0,0,1
1876,gald120006,2,,0,0,1
1877,gald120010,2,,0,0,1
1878,gald120015,2,,0,0,50
1879,gald120020,2,,0,0,50
1880,gald120025,2,,0,0,25
1881,gald120032,2,,0,0,20
1882,gald120040,2,,0,0,20
1883,gald120050,2,,0,0,20
1884,gald120065,2,,0,0,1
1885,gald120080,2,,0,0,1
1886,gald120100,2,,0,0,1
1887,gald120150,2,,0,0,1
1888,gald130015,2,,0,0,50
1889,gald130020,2,,0,0,50
1890,gald130025,2,,0,0,20
1891,gald130032,2,,0,0,20
1892,gald130040,2,,0,0,20
1893,gald130050,2,,0,0,20
1894,gald130065,2,,0,0,1
1895,gald130080,2,,0,0,1
1896,gald130100,2,,0,0,1
1897,gald140006,2,,0,0,1
1898,gald140015,2,,0,0,30
1899,gald140020,2,,0,0,30
1900,gald140025,2,,0,0,20
1901,gald140032,2,,0,0,20
1902,gald140040,2,,0,0,10
1903,gald140050,2,,0,0,10
1904,gald140065,2,,0,0,1
1905,gald140080,2,,0,0,1
1906,gald140100,2,,0,0,1
1907,gald150015,2,,0,0,50
1908,gald150020,2,,0,0,30
1909,gald150025,2,,0,0,30
1910,gald150032,2,,0,0,30
1911,gald150040,2,,0,0,30
1912,gald150050,2,,0,0,10
1913,gald150065,2,,0,0,1
1914,gald150080,2,,0,0,1
1915,gald160015,2,,0,0,30
1916,gald160020,2,,0,0,30
1917,gald160025,2,,0,0,30
1918,gald160032,2,,0,0,30
1919,gald160040,2,,0,0,30
1920,gald160050,2,,0,0,10
1921,gald160065,2,,0,0,1
1922,gald160080,2,,0,0,1
1923,gald160100,2,,0,0,1
1924,gald170020,2,,0,0,30
1925,gald170025,2,,0,0,30
1926,gald170026,2,,0,0,30
1927,gald170032,2,,0,0,30
1928,gald170033,2,,0,0,30
1929,gald170034,2,,0,0,20
1930,gald170040,2,,0,0,10
1931,gald170041,2,,0,0,10
1932,gald170042,2,,0,0,10
1933,gald170043,2,,0,0,10
1934,gald170050,2,,0,0,10
1935,gald170051,2,,0,0,10
1936,gald170052,2,,0,0,10
1937,gald170053,2,,0,0,5
1938,gald170054,2,,0,0,5
1939,gald170055,2,,0,0,5
1940,gald170065,2,,0,0,5
1941,gald170066,2,,0,0,5
1942,gald170067,2,,0,0,5
1943,gald170068,2,,0,0,5
1944,gald170069,2,,0,0,1
1945,gald170080,2,,0,0,1
1946,gald180010,2,,0,0,1
1947,gald180020,2,,0,0,30
1948,gald180025,2,,0,0,30
1949,gald180026,2,,0,0,30
1950,gald180032,2,,0,0,30
1951,gald180033,2,,0,0,30
1952,gald180034,2,,0,0,30
1953,gald180040,2,,0,0,30
1954,gald180041,2,,0,0,30
1955,gald180042,2,,0,0,30
1956,gald180043,2,,0,0,1
1957,gald180050,2,,0,0,10
1958,gald180051,2,,0,0,10
1959,gald180052,2,,0,0,10
1960,gald180053,2,,0,0,10
1961,gald180054,2,,0,0,10
1962,gald180065,2,,0,0,5
1963,gald180066,2,,0,0,5
1964,gald180067,2,,0,0,5
1965,gald180068,2,,0,0,5
1966,gald180080,2,,0,0,1
1967,gald180081,2,,0,0,1
1968,gald180082,2,,0,0,1
1969,gald180083,2,,0,0,1
1970,gald180100,2,,0,0,1
1971,gald180101,2,,0,0,1
1972,gald180102,2,,0,0,1
1973,gald180150,2,,0,0,1
1974,gald180151,2,,0,0,1
1975,gald180152,2,,0,0,1
1976,gald180153,2,,0,0,1
1977,gald190010,2,,0,0,1
1978,gald190015,2,,0,0,50
1979,gald190016,2,,0,0,50
1980,gald190020,2,,0,0,50
1981,gald190021,2,,0,0,50
1982,gald190025,2,,0,0,20
1983,gald190026,2,,0,0,20
1984,gald190027,2,,0,0,20
1985,gald190032,2,,0,0,20
1986,gald190033,2,,0,0,20
1987,gald190034,2,,0,0,20
1988,gald190040,2,,0,0,20
1989,gald190041,2,,0,0,20
1990,gald190042,2,,0,0,20
1991,gald190043,2,,0,0,20
1992,gald190050,2,,0,0,10
1993,gald190051,2,,0,0,10
1994,gald190052,2,,0,0,10
1995,gald190053,2,,0,0,10
1996,gald190054,2,,0,0,10
1997,gald190065,2,,0,0,1
1998,gald190066,2,,0,0,1
1999,gald190067,2,,0,0,1
2000,gald190080,2,,0,0,1
2001,gald190081,2,,0,0,1
2002,gald190082,2,,0,0,1
2003,gald190083,2,,0,0,1
2004,gald190084,2,,0,0,1
2005,gald200006,2,,0,0,1
2006,gald200015,2,,0,0,50
2007,gald200020,2,,0,0,50
2008,gald200025,2,,0,0,50
2009,gald200032,2,,0,0,50
2010,gald200040,2,,0,0,50
2011,gald200050,2,,0,0,10
2012,gald200065,2,,0,0,1
2013,gald200080,2,,0,0,1
2014,gald200100,2,,0,0,1
2015,gald200150,2,,0,0,1
2016,gald210015,2,,0,0,50
2017,gald210020,2,,0,0,20
2018,gald210025,2,,0,0,20
2019,gald210032,2,,0,0,10
2020,gald210040,2,,0,0,1
2021,gald210050,2,,0,0,1
2022,gald210065,2,,0,0,1
2023,gald210080,2,,0,0,1
2024,gald220006,2,,0,0,1
2025,gald220009,2,,0,0,1
2026,gald220015,2,,0,0,50
2027,gald220020,2,,0,0,20
2028,gald220021,2,,0,0,1
2029,gald220025,2,,0,0,20
2030,gald220032,2,,0,0,20
2031,gald220040,2,,0,0,20
2032,gald220050,2,,0,0,1
2033,gald220065,2,,0,0,1
2034,gald220080,2,,0,0,1
2035,gald230006,2,,0,0,1
2036,gald230015,2,,0,0,50
2037,gald230016,2,,0,0,1
2038,gald230017,2,,0,0,1
2039,gald230020,2,,0,0,30
2040,gald230021,2,,0,0,1
2041,gald230025,2,,0,0,25
2042,gald230026,2,,0,0,1
2043,gald230032,2,,0,0,20
2044,gald230033,2,,0,0,1
2045,gald230040,2,,0,0,20
2046,gald230041,2,,0,0,1
2047,gald230050,2,,0,0,10
2048,gald230051,2,,0,0,1
2049,gald230065,2,,0,0,1
2050,gald230066,2,,0,0,1
2051,gald230067,2,,0,0,1
2052,gald230080,2,,0,0,1
2053,gald230081,2,,0,0,1
2054,gald230100,2,,0,0,1
2055,GALD230101,2,,0,0,1
2056,gald231015,2,,0,0,1
2057,gald231020,2,,0,0,1
2058,gald231025,2,,0,0,1
2059,gald231040,2,,0,0,1
2060,gald240015,2,,0,0,1
2061,gald240020,2,,0,0,1
2062,gald240025,2,,0,0,1
2063,gald240032,2,,0,0,1
2064,gald240040,2,,0,0,1
2065,gald240050,2,,0,0,1
2066,gald240065,2,,0,0,1
2067,gald240080,2,,0,0,1
2068,gald250015,2,,0,0,50
2069,gald250020,2,,0,0,30
2070,gald250025,2,,0,0,30
2071,gald250032,2,,0,0,25
2072,gald250040,2,,0,0,25
2073,gald250050,2,,0,0,25
2074,gald250065,2,,0,0,1
2075,gald250080,2,,0,0,1
2076,gald260015,2,,0,0,30
2077,gald260016,2,,0,0,1
2078,gald260020,2,,0,0,30
2079,gald260021,2,,0,0,1
2080,gald260025,2,,0,0,30
2081,gald260026,2,,0,0,1
2082,gald260032,2,,0,0,20
2083,gald260040,2,,0,0,10
2084,gald260041,2,,0,0,1
2085,gald260050,2,,0,0,1
2086,gald260065,2,,0,0,1
2087,gald260080,2,,0,0,1
2088,gald270015,2,,0,0,30
2089,gald270020,2,,0,0,30
2090,gald270025,2,,0,0,30
2091,gald270031,2,,0,0,30
2092,gald270032,2,,0,0,30
2093,gald270033,2,,0,0,30
2094,gald270040,2,,0,0,30
2095,gald270041,2,,0,0,30
2096,gald270042,2,,0,0,30
2097,gald270043,2,,0,0,30
2098,gald270050,2,,0,0,10
2099,gald270051,2,,0,0,10
2100,gald270052,2,,0,0,10
2101,gald270053,2,,0,0,10
2102,gald270054,2,,0,0,10
2103,gald270065,2,,0,0,1
2104,gald270080,2,,0,0,1
2105,gald270100,2,,0,0,1
2106,gald270150,2,,0,0,1
2107,gald280010,2,,0,0,1
2108,gald280015,2,,0,0,20
2109,gald280020,2,,0,0,20
2110,gald280025,2,,0,0,20
2111,gald280026,2,,0,0,20
2112,gald280027,2,,0,0,20
2113,gald280032,2,,0,0,20
2114,gald280033,2,,0,0,20
2115,gald280034,2,,0,0,20
2116,gald280040,2,,0,0,20
2117,gald280041,2,,0,0,20
2118,gald280042,2,,0,0,20
2119,gald280043,2,,0,0,20
2120,gald280050,2,,0,0,1
2121,gald280051,2,,0,0,1
2122,gald280052,2,,0,0,1
2123,gald280053,2,,0,0,1
2124,gald280065,2,,0,0,1
2125,gald280066,2,,0,0,1
2126,gald280067,2,,0,0,1
2127,gald280068,2,,0,0,1
2128,gald280080,2,,0,0,1
2129,gald280081,2,,0,0,1
2130,gald280082,2,,0,0,1
2131,gald280083,2,,0,0,1
2132,gald280100,2,,0,0,1
2133,gald280101,2,,0,0,1
2134,gald280102,2,,0,0,1
2135,gald280150,2,,0,0,1
2136,gald280151,2,,0,0,1
2137,gald280152,2,,0,0,1
2138,gald280153,2,,0,0,1
2139,gald280154,2,,0,0,1
2140,gald290010,2,,0,0,1
2141,gald290014,2,,0,0,20
2142,gald290015,2,,0,0,20
2143,gald290016,2,,0,0,20
2144,gald290020,2,,0,0,20
2145,gald290021,2,,0,0,20
2146,gald290025,2,,0,0,20
2147,gald290026,2,,0,0,20
2148,gald290027,2,,0,0,20
2149,gald290032,2,,0,0,20
2150,gald290033,2,,0,0,20
2151,gald290034,2,,0,0,20
2152,gald290040,2,,0,0,20
2153,gald290041,2,,0,0,20
2154,gald290042,2,,0,0,20
2155,gald290043,2,,0,0,10
2156,gald290050,2,,0,0,10
2157,gald290051,2,,0,0,10
2158,gald290052,2,,0,0,10
2159,gald290053,2,,0,0,10
2160,gald290054,2,,0,0,10
2161,gald290065,2,,0,0,1
2162,gald290066,2,,0,0,1
2163,gald290067,2,,0,0,1
2164,gald290068,2,,0,0,1
2165,gald290080,2,,0,0,1
2166,gald290081,2,,0,0,1
2167,gald290082,2,,0,0,1
2168,gald290083,2,,0,0,1
2169,gald300015,2,,0,0,1
2170,gald300025,2,,0,0,1
2171,gald300040,2,,0,0,1
2172,gald310025,2,,0,0,1
2173,gald320025,2,,0,0,1
2174,gald320032,2,,0,0,1
2175,gald320100,2,,0,0,1
2176,gald320150,2,,0,0,1
2177,gald320200,2,,0,0,1
2178,gald330020,2,,0,0,1
2179,gald330025,2,,0,0,1
2180,gald330050,2,,0,0,1
2181,gald340025,2,,0,0,1
2182,gald350025,2,,0,0,1
2183,gald360025,2,,0,0,1
2184,gald360032,2,,0,0,1
2185,gald360040,2,,0,0,1
2186,gald360050,2,,0,0,1
2187,gald370025,2,,0,0,1
2188,gald380025,2,,0,0,1
2189,gald380032,2,,0,0,1
2190,gald380050,2,,0,0,1
2191,gald390025,2,,0,0,1
2192,gald390032,2,,0,0,1
2193,gald390040,2,,0,0,1
2194,gald400025,2,,0,0,1
2195,gald520015,2,,0,0,1
2196,GALV001070,2,,0,0,1
2197,galv001100,2,,0,0,1
2198,galv001120,2,,0,0,1
2199,galv012060,2,,0,0,1
2200,galv012080,2,,0,0,1
2201,galv122040,2,,0,0,1
2202,galv190027,2,,0,0,1
2203,glct001000,2,,0,0,1
2204,glct001001,2,,0,0,5
2205,glwl000001,2,,0,0,1
2206,glwl011625,2,,0,0,10
2207,glwl011650,2,,0,0,10
2208,glwl012425,2,,0,0,20
2209,glwl012450,2,,0,0,10
2210,glwl013225,2,,0,0,10
2211,glwl013250,2,,0,0,10
2212,glwl014825,2,,0,0,1
2213,glwl014850,2,,0,0,1
2214,glwl021625,2,,0,0,10
2215,glwl021650,2,,0,0,10
2216,glwl022425,2,,0,0,20
2217,glwl022450,2,,0,0,10
2218,glwl023225,2,,0,0,10
2219,glwl023250,2,,0,0,10
2220,glwl031625,2,,0,0,10
2221,glwl031650,2,,0,0,10
2222,glwl032425,2,,0,0,20
2223,glwl032450,2,,0,0,10
2224,glwl033225,2,,0,0,5
2225,glwl033250,2,,0,0,5
2226,gmta001006,2,,0,0,30
2227,gmta001009,2,,0,0,30
2228,gmta001013,2,,0,0,50
2229,gmta001016,2,,0,0,50
2230,gmta001019,2,,1,0,30
2231,gmta002006,2,,0,0,30
2232,gmta002009,2,,0,0,30
2233,gmta002013,2,,0,0,50
2234,gmta002016,2,,0,0,100
2235,gmta002019,2,,0,0,100
2236,gmta002020,2,,0,0,100
2237,gmta002022,2,,0,0,1
2238,gmta002025,2,,0,0,1
2239,gmta002028,2,,0,0,1
2240,gmta002035,2,,0,0,1
2241,gmta002042,2,,0,0,1
2242,gmta003006,2,,0,0,100
2243,gmta003009,2,,0,0,100
2244,gmta003013,2,,0,0,100
2245,gmta003016,2,,0,0,100
2246,gmta003019,2,,0,0,100
2247,gmta004013,2,,0,0,30
2248,gmta004016,2,,0,0,30
2249,gmta004019,2,,0,0,30
2250,gmta004022,2,,0,0,30
2251,gmta004028,2,,0,0,30
2252,gmta004035,2,,0,0,30
2253,gmta004042,2,,0,0,30
2254,gmta004054,2,,0,0,30
2255,gmta005200,2,,0,0,1
2256,gmta007200,2,,1,0,1
2257,gmta009000,2,,0,0,5
2258,gmta010015,2,,0,0,10
2259,gmta010020,2,,0,0,10
2260,gmta010025,2,,0,0,10
2261,gmta010050,2,,0,0,1
2262,gmta011000,2,,0,0,1
2263,gmta011001,2,,0,0,1
2264,gmta012001,2,,0,0,30
2265,gmta012002,2,,0,0,30
2266,gmta012003,2,,0,0,30
2267,gmta012004,2,,0,0,30
2268,gmta012005,2,,0,0,5
2269,gmta012006,2,,0,0,20
2270,gmta012007,2,,0,0,20
2271,gmta012103,2,,0,0,20
2272,gmta012106,2,,0,0,40
2273,gmta012110,2,,0,0,100
2274,gmta012120,2,,0,0,100
2275,gmta012130,2,,0,0,40
2276,gmta015040,2,,0,0,2
2277,gmta016001,2,,0,0,30
2278,gmta016002,2,,0,0,30
2279,gmta017001,2,,0,0,50
2280,gmta018015,2,,0,0,50
2281,gmta018020,2,,0,0,50
2282,gmta018025,2,,0,0,50
2283,gmta019013,2,,0,0,20
2284,gmta019020,2,,0,0,15
2285,gmta019025,2,,0,0,20
2286,GMTA019050,2,,0,0,3
2287,gmta020050,2,,0,0,1
2288,gmta020100,2,,0,0,1
2289,gmta030020,2,,0,0,20
2290,gmta030025,2,,0,0,20
2291,gmta040020,2,,0,0,10
2292,gmta050000,2,,0,0,20
2293,gmta065000,2,,0,0,50
2294,gmta065001,2,,0,0,50
2295,gmta065002,2,,0,0,50
2296,gmta065004,2,,0,0,50
2297,gmta065006,2,,0,0,50
2298,gmta065010,2,,0,0,50
2299,gmta065016,2,,0,0,50
2300,gmta065025,2,,0,0,50
2301,gmta065040,2,,0,0,50
2302,gmta065060,2,,0,0,50
2303,gmta065100,2,,0,0,50
2304,gmta065250,2,,0,0,50
2305,gmta066002,2,,0,0,1
2307,gmta066010,2,,0,0,1
2308,gmta066016,2,,0,0,1
2309,gmta066025,2,,0,0,1
2310,gmta070000,2,,0,0,50
2311,gmta100000,2,,0,0,50
2312,gmta100001,2,,0,0,50
2313,gmta100002,2,,0,0,50
2314,gmta100004,2,,0,0,100
2315,gmta100006,2,,0,0,100
2316,gmta100010,2,,0,0,500
2317,gmta100011,2,,0,0,60
2318,gmta100016,2,,0,0,250
2319,gmta100020,2,,0,0,200
2320,gmta100025,2,,0,0,200
2321,gmta100035,2,,0,0,50
2322,gmta100040,2,,0,0,60
2323,gmta100060,2,,0,0,60
2324,gmta100070,2,,0,0,10
2325,gmta100100,2,,0,0,5
2326,gmta100250,2,,0,0,5
2328,gmta110001,2,,0,0,10
2330,gmta110004,2,,0,0,10
2331,gmta110006,2,,0,0,10
2333,gmta110016,2,,0,0,10
2334,gmta110020,2,,0,0,10
2335,gmta110025,2,,0,0,10
2336,gmta110040,2,,0,0,10
2337,gmta110100,2,,0,0,10
2338,gmta110250,2,,0,0,10
2339,gmta111006,2,,0,0,1
2340,gmta111010,2,,0,0,1
2341,gmta111016,2,,0,0,1
2342,gmta111025,2,,0,0,1
2343,gmta112006,2,,0,0,5
2344,gmta112010,2,,0,0,20
2345,gmta112016,2,,0,0,10
2346,gmta112025,2,,0,0,5
2347,gmta112250,2,,0,0,5
2348,gmta113006,2,,0,0,5
2349,gmta113010,2,,0,0,5
2350,gmta113016,2,,0,0,5
2351,gmta114006,2,,0,0,10
2352,gmta114010,2,,0,0,10
2353,gmta114016,2,,0,0,10
2354,gmta160001,2,,0,0,10
2355,gmta160002,2,,0,0,10
2356,gmta160004,2,,0,0,10
2357,gmta160006,2,,0,0,10
2358,gmta160010,2,,0,0,10
2359,gmta160016,2,,0,0,10
2360,gmta160025,2,,0,0,10
2361,gmta160040,2,,0,0,10
2362,gmta160060,2,,0,0,10
2363,gmta160100,2,,0,0,10
2364,gmta162006,2,,0,0,5
2365,gmta162010,2,,0,0,5
2366,gmta162016,2,,0,0,5
2367,gmta162025,2,,0,0,5
2368,gmta162040,2,,0,0,5
2369,gmta162100,2,,0,0,5
2370,gmta162250,2,,0,0,5
2371,gmta165010,2,,0,0,100
2372,gmta165016,2,,0,0,100
2373,gmta165076,2,,0,0,100
2374,gmta166000,2,,0,0,100
2375,gmta166010,2,,0,0,100
2376,gmta166015,2,,0,0,50
2377,gmta166025,2,,0,0,50
2378,gmta166035,2,,0,0,50
2379,GMTA168000,2,,0,0,50
2380,gmta168010,2,,0,0,50
2381,gmta169010,2,,0,0,50
2382,gmta169076,2,,0,0,50
2383,gmta200000,2,,0,0,50
2384,gmta200001,2,,0,0,50
2385,gmta200002,2,,0,0,50
2386,gmta200003,2,,0,0,50
2387,gmta200004,2,,0,0,50
2388,gmta200005,2,,0,0,50
2389,gmta200006,2,,0,0,50
2390,gmta200007,2,,0,0,50
2391,gmta200008,2,,0,0,50
2392,gmta200009,2,,0,0,50
2393,gmta200010,2,,0,0,50
2394,gmta200011,2,,0,0,50
2395,gmta200012,2,,0,0,50
2396,gmta200013,2,,0,0,50
2397,gmta221050,2,,0,0,10
2398,gmta221100,2,,0,0,10
2399,gmta221200,2,,0,0,10
2400,gmta221300,2,,0,0,10
2401,gmta221500,2,,0,0,10
2402,gmta231050,2,,0,0,100
2403,gmta231051,2,,0,0,100
2404,gmta231100,2,,0,0,200
2405,gmta231120,2,,0,0,200
2406,gmta231200,2,,0,0,200
2407,gmta231300,2,,0,0,500
2408,gmta231500,2,,1,0,300
2409,gmta232050,2,,0,0,50
2410,gmta232051,2,,0,0,5
2411,gmta232100,2,,0,0,20
2412,gmta232200,2,,0,0,20
2413,gmta232300,2,,0,0,20
2414,gmta234050,2,,0,0,5
2415,gmta234300,2,,0,0,100
2416,gmta241040,2,,0,0,50
2417,gmta241050,2,,0,0,30
2418,gmta241120,2,,0,0,30
2419,gmta241200,2,,0,0,30
2420,gmta241300,2,,0,0,30
2421,gmta241500,2,,0,0,30
2422,gmta251300,2,,0,0,5
2423,gmta252300,2,,0,0,5
2424,gmta265060,2,,0,0,30
2425,gmta265100,2,,0,0,30
2426,gmta265500,2,,0,0,30
2427,gmta271300,2,,0,0,5
2428,gmta300015,2,,0,0,30
2429,gmta300025,2,,0,0,30
2430,gmta360500,2,,0,0,30
2431,gmta361000,2,,0,0,30
2432,gmta362000,2,,0,0,30
2433,gmta362001,2,,0,0,5
2434,gmta380500,2,,0,0,30
2435,gmta381000,2,,0,0,30
2436,gmta382000,2,,0,0,30
2437,gmta382001,2,,0,0,1
2438,gmta400006,2,,0,0,10
2439,gmta400010,2,,0,0,10
2440,gmta400011,2,,0,0,10
2441,gmta400015,2,,0,0,50
2442,gmta400020,2,,0,0,40
2443,gmta400025,2,,0,0,30
2444,gmta400026,2,,0,0,30
2445,gmta400032,2,,0,0,20
2446,gmta400040,2,,0,0,10
2447,gmta400050,2,,0,0,6
2448,gmta400051,2,,0,0,6
2449,gmta600025,2,,0,0,6
2450,gmta800006,2,,0,0,1000
2451,gmta800009,2,,0,0,600
2452,gvbs300050,2,,0,0,1
2453,gvss000015,2,,0,0,1
2454,gvss000020,2,,0,0,1
2455,gvss000025,2,,0,0,1
2456,gvss000032,2,,0,0,1
2457,gvss000050,2,,0,0,1
2458,gvss020025,2,,0,0,1
2459,gvss100050,2,,0,0,1
2460,gvss200050,2,,0,0,1
2461,gvtw000015,2,,0,0,1
2462,gvtw000020,2,,0,0,1
2463,gvtw000025,2,,31,0,1
2464,gvtw000032,2,,0,0,1
2465,gvtw000040,2,,0,0,1
2466,gvtw000050,2,,1,0,1
2467,gvtw000065,2,,0,0,1
2468,gvtw000080,2,,0,0,1
2469,gvtw000100,2,,0,0,1
2476,hone001015,2,,0,0,1
2477,hone001020,2,,0,0,5
2478,hone001025,2,,0,0,5
2479,hone001032,2,,0,0,1
2480,hone001040,2,,0,0,1
2481,hone001050,2,,0,0,1
2482,hone001065,2,,0,0,1
2483,hone001080,2,,0,0,1
2484,hone001100,2,,0,0,1
2485,hone001125,2,,0,0,1
2486,hone001200,2,,0,0,1
2487,hone001250,2,,0,0,1
2488,hone002015,2,,0,0,1
2489,hone002020,2,,0,0,2
2490,hone002025,2,,0,0,1
2491,hone002032,2,,0,0,1
2492,hone002040,2,,0,0,1
2493,hone002050,2,,0,0,1
2494,hone002065,2,,0,0,1
2495,hone002080,2,,0,0,1
2496,hone002100,2,,0,0,1
2497,hone002125,2,,0,0,1
2498,hone002150,2,,0,0,1
2499,hone002250,2,,0,0,1
2500,hone003015,2,,0,0,1
2501,hone003020,2,,0,0,1
2502,hone003025,2,,0,0,1
2503,hone003032,2,,0,0,1
2504,hone003040,2,,0,0,1
2505,hone003050,2,,0,0,1
2506,hone003065,2,,0,0,1
2507,hone003080,2,,0,0,1
2508,hone003100,2,,0,0,1
2509,hone004000,2,,0,0,10
2510,hone005000,2,,0,0,1
2511,hone006050,2,,0,0,1
2512,hone006360,2,,0,0,1
2513,hone006373,2,,0,0,1
2514,hone006420,2,,0,0,1
2515,hone006571,2,,0,0,1
2516,hone006800,2,,0,0,1
2517,hone007001,2,,0,0,1
2518,hone007002,2,,0,0,1
2519,hone007420,2,,0,0,1
2520,hone008025,2,,0,0,1
2521,hone009000,2,,0,0,2
2522,hone009001,2,,0,0,1
2523,hone010015,2,,0,0,1
2524,hone011000,2,,0,0,1
2525,hone011001,2,,0,0,1
2526,hone011002,2,,0,0,1
2527,hone016373,2,,0,0,1
2528,hone017980,2,,0,0,1
2529,hone017981,2,,0,0,1
2530,hone017982,2,,0,0,1
2531,hone717001,2,,0,0,1
2532,hone718100,2,,0,0,1
2533,hoos000040,2,,0,0,1
2534,hoos003040,2,,0,0,1
2535,hoos003065,2,,0,0,1
2536,indo001003,2,,0,0,1
2537,indo001004,2,,0,0,70
2538,indo001005,2,,0,0,1
2539,indo001006,2,,0,0,50
2540,indo001007,2,,0,0,1
2541,indo001008,2,,0,0,100
2542,indo001009,2,,0,0,1
2543,indo001010,2,,0,0,20
2544,indo001012,2,,0,0,10
2545,indo001014,2,,0,0,2
2546,indo001016,2,,0,0,1
2547,indo002004,2,,0,0,30
2548,indo002006,2,,0,0,100
2549,indo002008,2,,0,0,100
2550,indo002009,2,,0,0,1
2551,indo002010,2,,0,0,40
2552,indo002012,2,,0,0,30
2553,indo002014,2,,0,0,1
2554,indo002016,2,,0,0,1
2555,indo003004,2,,0,0,1
2556,indo003006,2,,0,0,1
2557,indo003008,2,,0,0,1
2558,indo003010,2,,0,0,1
2559,indo003012,2,,0,0,1
2560,indo003014,2,,0,0,1
2561,insu009006,2,,0,0,1
2562,insu009008,2,,0,0,1
2563,insu009009,2,,0,0,1
2564,insu009013,2,,40,0,1
2565,insu009016,2,,0,0,1
2566,insu009019,2,,0,0,1
2567,insu009022,2,,0,0,1
2568,insu009025,2,,0,0,1
2569,insu009028,2,,192,0,1
2570,insu009032,2,,0,0,1
2571,insu009035,2,,0,0,1
2572,insu013006,2,,0,0,1
2573,insu013009,2,,0,0,1
2574,insu013013,2,,0,0,1
2575,itok100070,2,,0,0,1
2576,itro001015,2,,0,0,1
2577,itro001050,2,,0,0,1
2578,jetn000012,2,,0,0,1
2579,jetn020020,2,,0,0,1
2580,jets001025,2,,0,0,1
2581,jets003040,2,,0,0,1
2582,jets003065,2,,0,0,1
2583,jets100065,2,,0,0,1
2584,jets651630,2,,0,0,1
2585,kala000000,2,,0,0,10
2586,kala000001,2,,0,0,1
2587,kala000002,2,,0,0,5
2588,kala000003,2,,0,0,1
2589,kala000005,2,,0,0,1
2590,kala000015,2,,0,0,1
2591,kala000035,2,,0,0,1
2592,kala001002,2,,0,0,1
2593,kala001003,2,,0,0,1
2594,kala002002,2,,0,0,1
2595,kala002003,2,,0,0,1
2596,kala100002,2,,0,0,50
2597,kala100005,2,,361,0,1
2598,kawa000001,2,,0,0,15
2599,kawa000002,2,,0,0,1
2600,kawa000003,2,,50,0,15
2601,kawa000004,2,,0,0,1
2602,kawa000005,2,,0,0,1
2603,kawa000006,2,,0,0,1
2604,kawa000007,2,,0,0,1
2605,kawa001006,2,,0,0,1
2606,kawa001007,2,,0,0,1
2607,kawa001008,2,,0,0,1
2608,kawa001009,2,,0,0,1
2609,kawa001010,2,,0,0,1
2610,kbcv040050,2,,0,0,1
2611,kbcv040080,2,,0,0,1
2612,kbcv040100,2,,0,0,1
2613,kbcv040150,2,,0,0,1
2614,kbgv016050,2,,0,0,1
2615,kbgv016065,2,,0,0,1
2616,kbgv016080,2,,0,0,1
2617,kbgv016100,2,,0,0,1
2618,kbgv016125,2,,0,0,1
2619,kbgv040050,2,,0,0,1
2620,kbgv040080,2,,0,0,1
2621,kbgv040100,2,,0,0,1
2622,kbgv040125,2,,0,0,1
2623,kbgv040150,2,,0,0,1
2624,kitz001006,2,,0,0,1
2625,kitz001009,2,,0,0,1
2626,kitz001013,2,,0,0,40
2627,kitz001020,2,,0,0,30
2628,kitz001025,2,,0,0,30
2629,kitz001032,2,,0,0,20
2630,kitz001040,2,,0,0,20
2631,kitz001050,2,,0,0,20
2632,kitz001065,2,,0,0,1
2633,kitz001080,2,,0,0,1
2634,kitz002025,2,,0,0,1
2635,kitz003040,2,,0,0,1
2636,kitz003050,2,,0,0,1
2637,kitz003065,2,,0,0,1
2638,kitz003080,2,,0,0,1
2639,kitz003100,2,,0,0,1
2640,kitz003125,2,,0,0,1
2641,kitz003150,2,,0,0,1
2642,kitz003200,2,,0,0,1
2643,kitz003250,2,,0,0,1
2644,kitz003300,2,,0,0,1
2645,kitz004006,2,,0,0,1
2646,kitz004009,2,,0,0,100
2647,kitz004015,2,,0,0,200
2648,kitz004020,2,,0,0,100
2649,kitz004025,2,,0,0,30
2650,kitz004032,2,,0,0,15
2651,kitz004040,2,,0,0,10
2652,kitz004050,2,,0,0,10
2653,kitz004065,2,,0,0,1
2654,kitz004080,2,,0,0,1
2655,kitz004100,2,,0,0,1
2656,kitz005010,2,,0,0,1
2657,kitz005015,2,,0,0,10
2658,kitz005020,2,,0,0,10
2659,kitz005025,2,,0,0,10
2660,kitz005032,2,,0,0,10
2661,kitz005033,2,,0,0,1
2662,kitz005040,2,,0,0,5
2663,kitz005050,2,,0,0,8
2664,kitz005065,2,,0,0,1
2665,kitz005080,2,,0,0,1
2668,kitz006050,2,,0,0,1
2670,kitz006080,2,,0,0,1
2671,kitz006100,2,,0,0,1
2672,kitz006125,2,,0,0,1
2673,kitz006150,2,,0,0,1
2676,kitz007015,2,,0,0,30
2677,kitz007020,2,,0,0,30
2678,kitz007025,2,,0,0,30
2679,kitz007032,2,,0,0,20
2680,kitz007040,2,,0,0,20
2681,kitz007050,2,,0,0,20
2682,kitz007065,2,,0,0,1
2683,kitz007080,2,,0,0,1
2684,kitz008050,2,,0,0,1
2685,kitz008065,2,,0,0,1
2686,kitz008080,2,,0,0,1
2687,kitz008100,2,,0,0,1
2688,kitz008125,2,,0,0,1
2689,kitz008150,2,,0,0,1
2692,kitz009015,2,,0,0,1
2693,kitz009020,2,,0,0,1
2694,kitz009025,2,,0,0,1
2696,kitz009040,2,,0,0,1
2697,kitz009050,2,,0,0,1
2698,kitz009065,2,,0,0,1
2699,kitz010050,2,,0,0,1
2700,kitz010065,2,,0,0,1
2701,kitz010080,2,,0,0,1
2702,kitz010100,2,,0,0,1
2703,kitz010125,2,,0,0,1
2704,kitz010150,2,,0,0,1
2705,kitz010200,2,,0,0,1
2706,kitz010250,2,,8,0,1
2707,kitz010300,2,,0,0,1
2710,KITZ011040,2,,0,0,1
2713,kitz011080,2,,0,0,1
2718,kitz012015,2,,0,0,1
2719,kitz012020,2,,0,0,1
2720,kitz012025,2,,31,0,1
2721,kitz012032,2,,14,0,1
2722,kitz012040,2,,38,0,1
2723,kitz012050,2,,39,0,1
2725,kitz013006,2,,0,0,1
2726,kitz013010,2,,0,0,1
2727,kitz013015,2,,0,0,1
2728,kitz013020,2,,9,0,1
2729,kitz013025,2,,0,0,1
2730,kitz013032,2,,0,0,1
2731,kitz013040,2,,0,0,1
2732,kitz013050,2,,0,0,1
2745,kitz016065,2,,5,0,1
2746,kitz016080,2,,3,0,1
2747,kitz016100,2,,7,0,1
2749,kitz016150,2,,0,0,1
2757,kitz019015,2,,0,0,1
2758,kitz019020,2,,0,0,1
2759,kitz019025,2,,0,0,1
2760,kitz019032,2,,0,0,1
2761,kitz019040,2,,0,0,1
2762,kitz019050,2,,0,0,1
2763,kitz019065,2,,0,0,1
2767,kitz020080,2,,0,0,1
2770,kitz021032,2,,0,0,1
2772,kitz021050,2,,0,0,1
2773,kitz021065,2,,0,0,1
2774,kitz021080,2,,0,0,1
2776,kitz021150,2,,0,0,1
2778,kitz022050,2,,0,0,1
2779,kitz022065,2,,0,0,1
2780,kitz022080,2,,0,0,1
2781,kitz022100,2,,0,0,1
2783,kitz022150,2,,0,0,1
2784,kitz022250,2,,0,0,1
2785,kitz023050,2,,0,0,1
2786,kitz023065,2,,0,0,1
2787,kitz023100,2,,0,0,1
2788,kitz023150,2,,0,0,1
2797,kitz026015,2,,0,0,1
2798,kitz026025,2,,0,0,1
2799,kitz026050,2,,0,0,1
2806,kitz028065,2,,0,0,1
2820,kitz035080,2,,1,0,1
2839,kitz125050,2,,0,0,1
2840,kitz125065,2,,8,0,1
2841,kitz125080,2,,4,0,1
2842,kitz125100,2,,0,0,1
2843,kitz125125,2,,1,0,1
2844,kitz125150,2,,0,0,1
2845,kitz125200,2,,0,0,1
2847,kitz125300,2,,0,0,1
2849,kitz126065,2,,0,0,1
2850,kitz126080,2,,3,0,1
2851,kitz126100,2,,5,0,1
2852,kitz126125,2,,3,0,1
2853,kitz126150,2,,1,0,1
2859,kitz128065,2,,0,0,1
2860,kitz128100,2,,0,0,1
2861,kitz129015,2,,0,0,1
2867,kitz800025,2,,0,0,1
2869,kkdd000006,2,,0,0,1
2870,kkkn000003,2,,7,0,1
2871,kkkn000006,2,,0,0,1
2872,kkkn000009,2,,0,0,1
2873,kkkn000015,2,,0,0,20
2874,kkkn000020,2,,1,0,1
2875,kkkn000022,2,,0,0,1
2876,kkkn000025,2,,0,0,1
2877,kkkn000032,2,,0,0,1
2878,kkkn000040,2,,0,0,1
2879,kkkn000050,2,,0,0,1
2880,kkkn000080,2,,0,0,1
2881,kmta915020,2,,2,0,1
2882,kmto001016,2,,0,0,1
2883,kmto001020,2,,0,0,1
2884,kmto002016,2,,3,0,1
2885,kmto002020,2,,10,0,1
2886,kmto003016,2,,2,0,1
2887,kmto003020,2,,0,0,1
2888,kmto003025,2,,0,0,1
2889,kmto004016,2,,48,0,1
2890,kmto004020,2,,0,0,1
2891,kmto005016,2,,14,0,1
2892,kmto005025,2,,0,0,1
2893,kmto006016,2,,24,0,1
2894,kmto006020,2,,0,0,1
2895,kmto121615,2,,3,0,1
2896,kmto121616,2,,3,0,1
2897,kmto162016,2,,0,0,1
2898,kmtr162016,2,,2,0,1
2899,kmtt162016,2,,0,0,1
2900,koik001001,2,,0,0,1
2901,kome020015,2,,113,0,20
2902,kome022015,2,,0,0,1
2903,kome025020,2,,1,0,1
2904,kome032025,2,,0,0,1
2905,kome040032,2,,0,0,1
2906,kome050040,2,,0,0,1
2907,kors000001,2,,0,0,25
2908,kors000002,2,,0,0,50
2909,kors000003,2,,0,0,1
2910,kors000004,2,,0,0,1
2912,kors000007,2,,0,0,25
2913,kors000008,2,,0,0,1
2914,kors000009,2,,0,0,1
2915,kors000013,2,,0,0,1
2916,kors000016,2,,0,0,1
2917,kors000019,2,,0,0,1
2918,kors000020,2,,0,0,25
2919,kors000025,2,,0,0,1
2920,kors006009,2,,0,0,1
2921,kors006013,2,,0,0,1
2922,kors006016,2,,0,0,1
2923,kors013009,2,,0,0,1
2925,ksss000013,2,,0,0,1
2926,ksss000016,2,,0,0,1
2927,ksss000020,2,,0,0,1
2928,ksss000022,2,,0,0,50
2929,ksss000025,2,,1774,0,1
2930,ksss000032,2,,31,0,1
2931,ksss000040,2,,1,0,1
2932,ksss000050,2,,6,0,1
2933,ksss000065,2,,10,0,1
2934,ksss000080,2,,1,0,1
2935,ksss000089,2,,2,0,1
2936,ksss000112,2,,0,0,1
2937,ksss000125,2,,0,0,10
2938,ksss000165,2,,0,0,1
2939,ksss000175,2,,0,0,10
2940,ksss000200,2,,0,0,1
2941,ksss000250,2,,0,0,1
2942,ksss000300,2,,0,0,1
2943,DTLELB008008,2,,0,0,500
2944,DTLELB009009,2,,0,0,500
2945,DTLELB013013,2,,0,0,500
2946,DTLELB016016,2,,0,0,500
2947,DTLELB019019,2,,0,0,600
2948,DTLELB022022,2,,0,0,500
2949,DTLELB028028,2,,0,0,400
2950,DTLELB035035,2,,0,0,300
2951,DTLELB042042,2,,0,0,300
2952,DTLELB054054,2,,0,0,200
2953,DTLELB067067,2,,0,0,100
2954,lelb076076,2,,0,0,1
2955,lelb108108,2,,0,0,1
2956,lelb153153,2,,0,0,2
2957,lini000000,2,,0,0,1
2958,lini004060,2,,0,0,1
2959,lini004090,2,,0,0,1
2960,lini004100,2,,0,0,1
2961,lini004120,2,,0,0,1
2962,lini008060,2,,0,0,1
2963,lini008080,2,,0,0,1
2964,lini008090,2,,0,0,1
2965,lini008100,2,,0,0,1
2966,lini008120,2,,0,0,1
2967,lini015200,2,,0,0,1
2969,love000000,2,,0,0,1
2970,love020010,2,,0,0,1
2971,love020020,2,,0,0,1
2972,love021090,2,,0,0,1
2973,love025025,2,,0,0,1
2974,love030025,2,,0,0,1
2975,love030030,2,,0,0,1
2976,love035035,2,,0,0,1
2977,love040020,2,,0,0,1
2978,love040035,2,,0,0,1
2979,love045035,2,,0,0,1
2980,love045045,2,,0,0,1
2981,love050020,2,,0,0,1
2982,love050025,2,,0,0,1
2983,love055040,2,,0,0,1
2984,love060025,2,,0,0,1
2985,love060060,2,,0,0,1
2986,love120050,2,,0,0,1
2988,macu015013,2,,0,0,1
2989,macu015016,2,,0,0,1
2990,macu015019,2,,1,0,1
2994,macu020016,2,,0,0,1
2995,macu020019,2,,0,0,1
2996,macu020022,2,,33,0,1
2997,macu020025,2,,0,0,1
3000,macu025022,2,,0,0,1
3001,macu025025,2,,0,0,100
3002,macu025028,2,,0,0,1
3003,macu025032,2,,0,0,1
3004,macu025035,2,,2,0,1
3005,macu032022,2,,0,0,1
3006,macu032028,2,,16,0,1
3007,macu032032,2,,0,0,1
3008,macu032035,2,,0,0,1
3009,macu040022,2,,0,0,1
3010,macu040042,2,,0,0,1
3011,macu050022,2,,0,0,1
3012,macu050042,2,,0,0,1
3013,macu050054,2,,0,0,1
3014,macu065067,2,,0,0,1
3015,macu080080,2,,0,0,1
3016,macu100100,2,,0,0,1
3017,macu106009,2,,0,0,200
3018,macu115013,2,,0,0,500
3019,macu115016,2,,0,0,500
3020,macu115019,2,,0,0,500
3021,macu120016,2,,0,0,500
3022,DTMACU120019,2,,0,0,100
3023,macu120022,2,,0,0,500
3024,macu125028,2,,0,0,300
3025,DTMACU132035,2,,0,0,200
3026,macu140042,2,,0,0,100
3027,macu150054,2,,0,0,100
3028,macu165067,2,,0,0,20
3029,DTMACU180080,2,,0,0,5
3030,mast002006,2,,0,0,1
3031,mast002008,2,,0,0,1
3032,mast002010,2,,0,0,1
3033,mccc003005,2,,30,0,100
3034,mccc003006,2,,0,0,100
3035,mccc003008,2,,444,0,100
3036,mccc003009,2,,0,0,100
3038,mccc006005,2,,0,0,100
3039,mccc006006,2,,0,0,100
3040,mccc006008,2,,0,0,100
3041,mccc006010,2,,0,0,100
3042,mccc006011,2,,430,0,100
3043,mccc006013,2,,0,0,50
3044,mccc006016,2,,0,0,50
3045,mccc009005,2,,0,0,50
3046,mccc009006,2,,0,0,50
3047,mccc009008,2,,0,0,50
3048,mccc009009,2,,985,1,500
3049,mccc009010,2,,2038,0,500
3050,mccc009013,2,,40,0,100
3051,mccc009016,2,,0,0,50
3053,mccc015005,2,,0,0,50
3054,mccc015006,2,,0,0,500
3055,mccc015008,2,,0,0,100
3056,mccc015009,2,,0,0,100
3057,mccc015010,2,,0,0,100
3058,mccc015012,2,,1152,0,100
3059,mccc015013,2,,1156,0,100
3060,mccc015016,2,,0,0,100
3061,mccc015019,2,,0,0,100
3062,mccc015022,2,,0,0,100
3063,mccc020010,2,,0,0,1
3064,mccc020013,2,,0,0,100
3065,mccc020016,2,,0,0,100
3066,mccc020019,2,,0,0,100
3067,mccc020022,2,,23,0,20
3068,mccc025028,2,,0,0,1
3069,mccc032035,2,,122,0,10
3070,mccc040042,2,,0,0,5
3071,mccc050054,2,,23,0,5
3072,mcfl003006,2,,89,0,5
3074,mcfl003008,2,,0,0,50
3075,mcfl003009,2,,0,0,1
3076,mcfl006005,2,,0,0,200
3077,mcfl006006,2,,0,0,50
3078,mcfl006007,2,,0,0,200
3079,mcfl006008,2,,0,0,200
3080,mcfl006009,2,,0,0,200
3081,mcfl006013,2,,0,0,200
3082,mcfl009006,2,,0,0,200
3083,mcfl009009,2,,0,0,200
3084,mcfl009013,2,,0,0,200
3086,mcfl015006,2,,0,0,200
3087,mcfl015008,2,,0,0,50
3088,mcfl015009,2,,183,0,200
3089,mcfl015013,2,,104,0,200
3090,mcfl015016,2,,0,0,200
3091,mcfl015019,2,,55,0,1
3092,mcfl020008,2,,0,0,1
3093,mcfl020013,2,,0,0,200
3094,mcfl020016,2,,49,0,1
3095,mcfl020019,2,,0,0,100
3096,mcvv000100,2,,0,0,1
3097,mcvv000150,2,,0,0,1
3098,mecc005006,2,,0,0,1
3099,mecc006006,2,,0,0,1
3100,mecc009009,2,,2,0,1
3101,mecc013015,2,,0,0,1
3102,mefl005006,2,,202,0,50
3103,mitz001040,2,,0,0,1
3104,mitz001050,2,,0,0,1
3105,mitz001065,2,,0,0,1
3106,mitz001080,2,,0,0,1
3107,mitz001100,2,,0,0,1
3108,mitz002065,2,,0,0,1
3109,mitz002080,2,,8,0,1
3110,mitz002100,2,,0,0,1
3111,mitz002125,2,,11,0,1
3112,mitz002150,2,,0,0,1
3113,mitz002200,2,,0,0,1
3114,mizu001032,2,,0,0,1
3115,mizu001040,2,,0,0,1
3116,mizu001050,2,,0,0,1
3117,mizu001065,2,,0,0,1
3118,mizu001100,2,,0,0,1
3119,mizu002065,2,,0,0,1
3120,mizu002080,2,,0,0,1
3121,mizu002100,2,,0,0,1
3122,mizu002125,2,,0,0,1
3123,mizu002150,2,,0,0,1
3124,mizu002200,2,,0,0,1
3125,mizu002250,2,,0,0,1
3126,mizu002300,2,,0,0,1
3127,mizu003040,2,,0,0,1
3128,mizu003050,2,,0,0,1
3129,mizu003065,2,,0,0,1
3130,mizu003080,2,,0,0,1
3131,mizu003100,2,,0,0,1
3132,mizu004065,2,,2,0,1
3133,mizu004080,2,,0,0,1
3134,mizu004100,2,,0,0,1
3135,mizu004125,2,,0,0,1
3136,mizu004150,2,,0,0,1
3137,mizu004200,2,,0,0,1
3138,mizu004250,2,,0,0,1
3139,mizu004300,2,,0,0,1
3140,modu001004,2,,0,0,20
3141,modu001005,2,,0,0,20
3142,modu001006,2,,0,0,10
3143,modu001007,2,,0,0,1
3144,modu001008,2,,0,0,10
3145,modu001010,2,,0,0,1
3146,modu001012,2,,0,0,1
3147,modu001014,2,,0,0,1
3148,modu001016,2,,0,0,1
3149,modu001018,2,,0,0,1
3150,modu002004,2,,0,0,1
3151,modu002005,2,,0,0,1
3152,modu002006,2,,0,0,3
3153,modu002008,2,,0,0,3
3154,modu002009,2,,0,0,1
3155,modu002010,2,,0,0,1
3156,modu002012,2,,0,0,1
3157,modu002014,2,,0,0,1
3158,modu002016,2,,0,0,1
3159,modu002018,2,,0,0,1
3160,modu003004,2,,0,0,1
3161,modu003008,2,,0,0,1
3162,modu003010,2,,0,0,1
3163,modu003016,2,,0,0,1
3164,msdu165015,2,,57,0,20
3165,msdu165076,2,,29,0,1
3166,DTMUNI015016,2,,0,0,100
3167,muni015022,2,,0,0,1
3168,DTMUNI020022,2,,0,0,1
3169,DTMUNI025028,2,,0,0,100
3170,DTMUNI032035,2,,0,0,100
3171,DTMUNI040042,2,,0,0,100
3172,DTMUNI050054,2,,0,0,100
3173,DTMUNI065067,2,,0,0,10
3174,mura300100,2,,0,0,1
3175,mura400050,2,,0,0,1
3176,mura400100,2,,0,0,1
3177,ndvc005015,2,,0,0,1
3178,nepe001006,2,,0,0,20
3179,nepe001008,2,,0,0,1
3180,nepe001009,2,,0,0,10
3181,nepe001013,2,,0,0,1
3182,nepe001016,2,,0,0,1
3183,nepe001019,2,,0,0,1
3184,nepe002006,2,,0,0,1
3185,nepe002010,2,,0,0,1
3186,nepe002013,2,,0,0,1
3187,nepe002019,2,,0,0,1
3188,nepe002025,2,,0,0,1
3189,nepe002032,2,,0,0,1
3190,nepe002040,2,,0,0,1
3191,nepe002050,2,,0,0,1
3192,nepe002100,2,,0,0,1
3193,nepe003001,2,,0,0,1
3194,nepe004006,2,,0,0,1
3195,nepe900001,2,,0,0,20
3196,nepe900002,2,,0,0,20
3197,100008900003,2,,291,0,1
3198,nepe900004,2,,0,0,1
3202,nepe900008,2,,0,0,1
3204,nepe900010,2,,0,0,1
3213,nepe900019,2,,0,0,5
3214,nepe900020,2,,0,0,30
3215,nepe900021,2,,0,0,20
3216,nepe900022,2,,0,0,100
3217,nepe900023,2,,0,0,5
3218,nepe900024,2,,0,0,500
3219,nepe900025,2,,0,0,1
3220,nepe900026,2,,0,0,30
3221,nepe900027,2,,0,0,100
3224,nepe900030,2,,0,0,200
3226,nepe900032,2,,0,0,20
3227,nepe900033,2,,0,0,20
3232,nepe900038,2,,0,0,10
3233,nepe900039,2,,0,0,10
3235,nepe900041,2,,0,0,10
3236,nepe900042,2,,0,0,2
3237,nepe900043,2,,0,0,10
3238,nepe900044,2,,755,0,100
3239,nepe900045,2,,0,0,5
3240,nepe900046,2,,0,0,1
3241,nepe900047,2,,0,0,1
3242,nepe900048,2,,0,0,1
3243,nepe900049,2,,0,0,1
3244,nepe900050,2,,0,0,1
3245,nepe900051,2,,0,0,1
3246,nepe900052,2,,0,0,1
3247,nepe900053,2,,0,0,300
3248,nepe900054,2,,0,0,300
3249,nepe900055,2,,0,0,50
3250,nepe900056,2,,0,0,50
3252,nepe900058,2,,0,0,1
3258,nepe900064,2,,0,0,50
3259,NEPE900065,2,,0,0,50
3260,nepe900066,2,,0,0,1
3261,nepe900067,2,,0,0,20
3262,nepe901000,2,,0,0,1
3267,nepe901005,2,,0,0,300
3268,nepe901006,2,,0,0,150
3270,nepe901008,2,,0,0,15
3272,nepe901010,2,,0,0,15
3275,nepe901013,2,,0,0,1
3276,DTNIBC001006,2,,0,0,200
3277,DTNIBC001009,2,,0,0,500
3278,DTNIBC001013,2,,0,0,100
3279,DTNIBC001016,2,,0,0,1000
3280,DTNIBC001019,2,,0,0,1000
3281,DTNIBC001022,2,,0,0,1000
3282,DTNIBC001028,2,,0,0,1000
3283,DTNIBC001035,2,,0,0,1000
3284,DTNIBC001042,2,,0,0,300
3285,DTNIBC001054,2,,0,0,200
3286,DTNIBC001067,2,,0,0,100
3287,DTNIBC001080,2,,0,0,40
3288,nibc001104,2,,0,0,10
3289,DTNIBC002013,2,,0,0,30
3290,DTNIBC002016,2,,0,0,30
3291,DTNIBC002019,2,,0,0,30
3292,DTNIBC002022,2,,0,0,50
3293,DTNIBC002028,2,,0,0,30
3294,DTNIBC002035,2,,0,0,30
3295,DTNIBC002042,2,,0,0,30
3296,DTNIBC002054,2,,0,0,30
3297,DTNIBC003013,2,,0,0,50
3298,DTNIBC003016,2,,0,0,50
3299,DTNIBC003022,2,,0,0,50
3300,DTNIBC003028,2,,0,0,50
3301,DTNIBC003035,2,,0,0,30
3302,DTNIBC003042,2,,0,0,30
3303,DTNIBC003054,2,,0,0,30
3304,nibc004016,2,,0,0,30
3305,nibc004022,2,,2,0,30
3306,nibc004028,2,,90,0,30
3307,DTNIBC005006,2,,0,0,200
3308,DTNIBC005009,2,,0,0,1000
3309,DTNIBC005013,2,,0,0,1000
3310,DTNIBC005016,2,,0,0,1000
3311,DTNIBC005019,2,,0,0,1000
3312,DTNIBC005022,2,,0,0,1000
3313,DTNIBC005028,2,,0,0,1000
3314,DTNIBC005035,2,,0,0,1000
3315,DTNIBC005042,2,,0,0,500
3316,DTNIBC005054,2,,0,0,200
3317,DTNIBC005067,2,,0,0,100
3318,DTNIBC005080,2,,0,0,60
3319,nibc005104,2,,0,0,20
3320,DTNIBC006006,2,,0,0,100
3321,DTNIBC006009,2,,0,0,300
3322,DTNIBC006013,2,,0,0,1000
3323,DTNIBC006016,2,,0,0,1000
3324,DTNIBC006019,2,,0,0,500
3325,DTNIBC006022,2,,0,0,300
3326,DTNIBC006028,2,,0,0,200
3327,DTNIBC006035,2,,0,0,100
3328,DTNIBC006042,2,,0,0,100
3329,DTNIBC006054,2,,0,0,50
3330,DTNIBC006067,2,,0,0,25
3331,DTNIBC006080,2,,0,0,10
3332,nibc006104,2,,0,0,6
3333,DTNIBC007013,2,,0,0,300
3334,DTNIBC007016,2,,0,0,500
3335,DTNIBC007022,2,,0,0,350
3336,DTNIBC007028,2,,0,0,350
3337,DTNIBC007035,2,,0,0,200
3338,DTNIBC007042,2,,0,0,200
3339,nibc007054,2,,216,0,100
3340,DTNIBC007067,2,,0,0,35
3341,DTNIBC007080,2,,0,0,10
3342,nibc008016,2,,0,0,5
3343,DTNIBC045013,2,,0,0,100
3344,DTNIBC045016,2,,0,0,200
3345,DTNIBC045022,2,,0,0,200
3346,DTNIBC045028,2,,0,0,200
3347,DTNIBC045035,2,,0,0,100
3348,DTNIBC045042,2,,0,0,100
3349,DTNIBC045054,2,,0,0,60
3350,DTNIBC045067,2,,0,0,50
3351,DTNIBC045080,2,,0,0,25
3352,nibc045100,2,,0,0,10
3356,DTNIBR013009,2,,0,0,300
3357,DTNIBR016013,2,,0,0,300
3358,DTNIBR019013,2,,0,0,500
3359,DTNIBR019016,2,,0,0,300
3360,DTNIBR022016,2,,0,0,300
3361,DTNIBR028016,2,,0,0,300
3362,DTNIBR028019,2,,0,0,200
3363,DTNIBR028022,2,,0,0,300
3364,DTNIBR035016,2,,0,0,100
3365,DTNIBR035022,2,,0,0,100
3366,DTNIBR035028,2,,0,0,200
3367,DTNIBR042016,2,,0,0,100
3368,DTNIBR042022,2,,0,0,100
3369,DTNIBR042028,2,,0,0,100
3370,DTNIBR042035,2,,0,0,150
3371,DTNIBR054016,2,,0,0,50
3372,DTNIBR054022,2,,0,0,50
3373,DTNIBR054028,2,,0,0,50
3374,DTNIBR054035,2,,0,0,50
3375,DTNIBR054042,2,,0,0,50
3376,DTNIBR067035,2,,0,0,20
3377,DTNIBR067042,2,,0,0,20
3378,DTNIBR067054,2,,0,0,20
3379,DTNIBR080042,2,,0,0,10
3380,DTNIBR080054,2,,0,0,10
3381,DTNIBR080067,2,,0,0,10
3382,nibr104067,2,,0,0,5
3383,nibr104080,2,,0,0,5
3384,DTNIBT013009,2,,0,0,100
3385,DTNIBT016013,2,,0,0,100
3386,DTNIBT019013,2,,0,0,100
3387,DTNIBT019016,2,,0,0,100
3388,DTNIBT022016,2,,0,0,100
3389,DTNIBT028016,2,,0,0,100
3390,DTNIBT028022,2,,0,0,100
3391,DTNIBT035016,2,,0,0,50
3392,DTNIBT035022,2,,0,0,50
3393,DTNIBT035028,2,,0,0,50
3394,DTNIBT042016,2,,0,0,50
3395,DTNIBT042022,2,,0,0,50
3396,DTNIBT042028,2,,0,0,50
3397,DTNIBT042035,2,,0,0,50
3398,DTNIBT054016,2,,0,0,35
3399,DTNIBT054022,2,,0,0,35
3400,DTNIBT054028,2,,0,0,35
3401,DTNIBT054035,2,,0,0,35
3402,DTNIBT054042,2,,0,0,35
3403,DTNIBT067028,2,,0,0,15
3404,DTNIBT067035,2,,0,0,15
3405,DTNIBT067042,2,,0,0,15
3406,DTNIBT067054,2,,0,0,15
3407,DTNIBT080042,2,,0,0,10
3408,DTNIBT080054,2,,0,0,10
3409,DTNIBT080067,2,,0,0,10
3410,nibt104054,2,,0,0,3
3411,nibt104067,2,,0,0,3
3412,nibt104080,2,,0,0,3
3413,nkop000003,2,,0,0,1
3414,nkop000006,2,,0,0,1
3415,nkop000007,2,,0,0,1
3416,nkop000008,2,,0,0,100
3417,nkop000009,2,,0,0,1
3418,nkop000015,2,,0,0,1
3419,nkop000020,2,,0,0,1
3420,nkop000025,2,,0,0,1
3421,npac000006,2,,0,0,1
3422,npac000009,2,,0,0,1
3423,npac000013,2,,0,0,1
3424,npac000016,2,,0,0,1
3425,npac000019,2,,0,0,1
3426,nput000006,2,,0,0,1
3427,nput000008,2,,0,0,1
3428,nput000010,2,,0,0,1
3429,nput000012,2,,0,0,1
3430,nput000016,2,,0,0,1
3431,nsbs025025,2,,0,0,1
3432,nsbs032032,2,,0,0,1
3433,nsbs040040,2,,0,0,1
3434,nsbs050050,2,,0,0,1
3435,nsbs065065,2,,0,0,1
3436,nsbs080080,2,,0,0,1
3437,nsbs100100,2,,0,0,1
3438,nscr040040,2,,0,0,1
3439,nscr050050,2,,0,0,1
3440,nscr065065,2,,0,0,1
3441,nscr080080,2,,0,0,1
3442,nskn003003,2,,0,0,1
3443,nskn003006,2,,0,0,20
3444,nskn003008,2,,0,0,20
3445,nskn003009,2,,0,0,20
3446,nskn003013,2,,0,0,20
3447,nskn006003,2,,0,0,20
3448,nskn006006,2,,0,0,20
3449,nskn006008,2,,0,0,20
3450,nskn006009,2,,0,0,20
3451,nskn006013,2,,0,0,30
3452,nskn009006,2,,0,0,30
3453,nskn009008,2,,0,0,30
3454,nskn009009,2,,0,0,50
3455,nskn009013,2,,0,0,30
3456,nskn009016,2,,0,0,1
3457,nskn015006,2,,0,0,50
3458,nskn015008,2,,0,0,1
3459,nskn015009,2,,0,0,200
3460,nskn015013,2,,0,0,50
3461,nskn015016,2,,0,0,1
3462,nskn015019,2,,0,0,1
3463,nskn020006,2,,0,0,1
3464,nskn020008,2,,0,0,1
3465,nskn020009,2,,0,0,1
3466,nskn020013,2,,0,0,30
3467,nskn020016,2,,0,0,1
3468,nskn020019,2,,0,0,1
3469,nskn020025,2,,0,0,1
3470,nskn025009,2,,0,0,1
3471,nskn025015,2,,0,0,1
3472,nskn025016,2,,0,0,1
3473,nskn025019,2,,0,0,1
3474,nskn025025,2,,0,0,15
3475,nskn025032,2,,0,0,1
3476,nskn032025,2,,0,0,1
3477,nskn032032,2,,0,0,1
3478,nskn032040,2,,0,0,1
3479,nskn040015,2,,0,0,1
3480,nskn040025,2,,0,0,1
3481,nskn040032,2,,0,0,1
3482,nskn040040,2,,0,0,1
3483,nskn050025,2,,0,0,1
3484,nskn050032,2,,0,0,1
3485,nskn050040,2,,0,0,1
3486,nskn050050,2,,0,0,1
3487,nskn103009,2,,0,0,1
3488,nskn115013,2,,0,0,1
3489,nskn120013,2,,0,0,1
3490,nskn120016,2,,0,0,1
3491,nspc006003,2,,0,0,1
3492,nspc006006,2,,0,0,1
3493,nspc006009,2,,0,0,1
3494,nspc006015,2,,0,0,1
3495,nspc008003,2,,0,0,1
3496,nspc008006,2,,0,0,1
3497,nspc008009,2,,0,0,1
3498,nspc008015,2,,0,0,1
3499,nspc010003,2,,0,0,1
3500,nspc010006,2,,0,0,1
3501,nspc010009,2,,0,0,1
3502,nspc010015,2,,0,0,1
3503,nspc012006,2,,0,0,1
3504,nspc012009,2,,0,0,1
3505,nspc012015,2,,0,0,1
3506,nspy001006,2,,0,0,1
3507,nuac001006,2,,0,0,1000
3508,nuac001009,2,,0,0,1000
3509,nuac001013,2,,0,0,1000
3510,nuac001016,2,,0,0,500
3511,nuac001019,2,,0,0,200
3512,nuac002006,2,,0,0,500
3513,nuac002009,2,,0,0,100
3514,nuac002013,2,,0,0,500
3515,nuac002016,2,,0,0,500
3516,nuac002019,2,,0,0,100
3517,nuac003006,2,,0,0,1000
3518,nuac003009,2,,0,0,1000
3519,nuac003013,2,,0,0,1000
3520,nuac003016,2,,0,0,2000
3521,nuac003019,2,,0,0,500
3523,olis001003,2,,0,0,3
3524,olis001004,2,,0,0,3
3525,olis001005,2,,0,0,3
3526,olis002003,2,,0,0,3
3527,olis002004,2,,0,0,3
3528,olis002005,2,,0,0,3
3529,olis003001,2,,0,0,3
3530,olis003002,2,,0,0,2
3531,olis003003,2,,0,0,3
3532,olis003004,2,,0,0,3
3533,olis003006,2,,0,0,3
3534,olis003007,2,,0,0,3
3535,olis004003,2,,6,0,3
3536,olis004004,2,,1,0,1
3537,olis004005,2,,0,0,1
3538,onda001050,2,,0,0,1
3539,onda001065,2,,0,0,1
3540,onda001100,2,,0,0,1
3541,onda001150,2,,0,0,1
3542,onda002015,2,,0,0,1
3543,onda002025,2,,0,0,1
3544,onda002032,2,,0,0,1
3545,onda002040,2,,0,0,1
3546,onda002050,2,,0,0,1
3547,onda002065,2,,0,0,1
3548,onda002080,2,,0,0,1
3549,onda002100,2,,0,0,1
3550,onda003150,2,,0,0,1
3551,onda004015,2,,0,0,1
3552,onda004020,2,,22,0,1
3553,onda004025,2,,0,0,1
3554,onda004050,2,,0,0,1
3555,onda005015,2,,0,0,1
3556,onda006020,2,,0,0,1
3557,onda006025,2,,5,0,1
3558,onda007015,2,,0,0,1
3559,onda007020,2,,0,0,1
3560,onda007032,2,,0,0,1
3561,onda008050,2,,0,0,1
3564,pace006009,2,,0,0,1
3565,pace006013,2,,0,0,1
3566,pace006016,2,,4,0,1
3567,pace009016,2,,0,0,1
3568,pace106009,2,,0,0,1
3569,pace106013,2,,0,0,1
3570,pace106016,2,,5,0,1
3571,pace109013,2,,0,0,1
3572,pace109016,2,,0,0,1
3573,pace109019,2,,0,0,1
3576,pace206016,2,,23,0,1
3577,pace209016,2,,0,0,1
3578,pace209019,2,,0,0,1
3579,pace213019,2,,0,0,1
3580,pace213119,2,,1,0,1
3612,pacr009006,2,,0,0,30
3613,pacr009010,2,,0,0,30
3614,pacr009012,2,,0,0,30
3615,pacr012016,2,,0,0,30
3616,pacr016020,2,,0,0,30
3617,pacr091212,2,,0,0,10
3618,pacr091216,2,,20,0,10
3619,pacr091218,2,,3,0,10
3620,pacr091220,2,,0,0,10
3621,pacr121616,2,,19,0,10
3622,pacr121617,2,,0,0,10
3623,pacr162014,2,,27,0,10
3624,pacr162015,2,,10,0,10
3625,pacr162020,2,,0,0,10
3626,pacr162021,2,,0,0,10
3627,pacr713019,2,,0,0,1
3628,pdkn100003,2,,0,0,1
3629,pdkn100006,2,,0,0,1
3630,pdkn100009,2,,0,0,1
3631,pdkn100015,2,,0,0,30
3632,pdkn100020,2,,0,0,1
3633,pdkn100025,2,,14,0,1
3634,peal001014,2,,0,0,1
3635,peal001216,2,,0,0,1
3636,peal001620,2,,0,0,1
3637,peal002025,2,,0,0,1
3638,peal002632,2,,0,0,1
3639,peal003240,2,,0,0,1
3640,peed121615,2,,24,0,50
3641,peed162015,2,,0,0,30
3642,peed162020,2,,0,0,30
3643,peed202516,2,,0,0,1
3644,peed202520,2,,0,0,1
3645,peed202525,2,,0,0,1
3646,peed253225,2,,0,0,1
3647,peed253232,2,,0,0,1
3648,peed324025,2,,0,0,1
3649,peed324040,2,,0,0,1
3650,peel121615,2,,0,0,20
3651,peel162015,2,,0,0,1
3652,peel162020,2,,0,0,1
3653,peel202525,2,,0,0,1
3654,peet001216,2,,0,0,50
3655,peet001620,2,,0,0,30
3656,peet002025,2,,0,0,2
3657,peet002532,2,,0,0,1
3658,peet003240,2,,0,0,1
3659,peet004150,2,,0,0,1
3660,pefa091206,2,,0,0,60
3661,pefa091215,2,,0,0,1
3662,pefa121615,2,,0,0,60
3663,pefa121620,2,,0,0,1
3664,pefa162015,2,,0,0,20
3665,pefa162016,2,,0,0,1
3666,pefa162020,2,,0,0,50
3667,pefa202515,2,,0,0,5
3668,pefa202520,2,,0,0,1
3669,pefa202525,2,,0,0,5
3670,pefa253220,2,,0,0,1
3671,pefa253225,2,,0,0,1
3672,pefa253232,2,,0,0,1
3673,pefa324025,2,,0,0,1
3674,pefa324040,2,,0,0,10
3675,pefa415025,2,,0,0,1
3676,peft121615,2,,0,0,10
3677,peft162015,2,,0,0,1
3678,peft162020,2,,0,0,1
3679,peft202515,2,,0,0,1
3680,peft202525,2,,0,0,1
3681,peft263215,2,,0,0,1
3682,peft263220,2,,0,0,1
3683,peft263225,2,,0,0,1
3684,peft324020,2,,0,0,1
3685,peft324025,2,,0,0,1
3686,peft415020,2,,0,0,50
3687,peft415025,2,,0,0,50
3688,pell001216,2,,0,0,75
3689,pell001620,2,,0,0,50
3690,pell002025,2,,0,0,10
3691,pell002532,2,,0,0,1
3692,pell003240,2,,0,0,1
3693,pell004150,2,,0,0,1
3694,pell201216,2,,0,0,1
3695,pema121615,2,,0,0,50
3696,pema121620,2,,0,0,50
3697,pema162015,2,,0,0,20
3698,pema162020,2,,0,0,20
3699,pema162025,2,,0,0,10
3700,pema202515,2,,0,0,5
3701,pema202520,2,,0,0,5
3702,pema202525,2,,0,0,10
3703,pema253220,2,,0,0,1
3704,pema253225,2,,0,0,1
3705,pema253232,2,,0,0,1
3706,pema253240,2,,0,0,1
3707,pema324025,2,,0,0,1
3708,pema324040,2,,0,0,1
3709,pema415050,2,,0,0,1
3710,pemt121615,2,,0,0,1
3711,pemt162020,2,,0,0,1
3712,pepc500075,2,,0,0,1
3713,pepd020015,2,,0,0,1
3714,pepd025015,2,,0,0,1
3715,pepd025020,2,,0,0,1
3716,pepd032025,2,,0,0,1
3717,pepd063050,2,,0,0,1
3718,pepf001050,2,,0,0,1
3719,pepf001063,2,,0,0,1
3720,pepf001075,2,,0,0,1
3721,pepf001080,2,,0,0,1
3722,pepf001110,2,,0,0,1
3723,pepl020015,2,,0,0,1
3724,pepl025020,2,,0,0,1
3725,pepl032025,2,,0,0,1
3726,pepl040032,2,,0,0,1
3727,pepl050040,2,,0,0,1
3728,pepl063050,2,,0,0,1
3729,pepp010020,2,,0,0,1
3730,pepp010025,2,,0,0,1
3731,pepp010032,2,,0,0,1
3732,pepp010040,2,,0,0,1
3733,pepp010050,2,,0,0,1
3734,pepp010063,2,,0,0,1
3735,pepp010075,2,,0,0,1
3736,pepp010090,2,,0,0,1
3737,pepp011216,2,,0,0,50
3738,pepp011620,2,,0,0,50
3739,pepp012025,2,,0,0,1
3740,pepp012532,2,,178,0,1
3741,pepp014150,2,,0,0,1
3742,pepp021216,2,,0,0,300
3743,pepp021620,2,,1000,0,200
3744,pepp022025,2,,0,0,100
3745,pepp022532,2,,0,0,1
3746,pepp023240,2,,0,0,1
3747,pepp024150,2,,0,0,1
3748,pepp031216,2,,0,0,100
3749,pepp031620,2,,0,0,50
3750,pepp032025,2,,0,0,1
3751,pepp041216,2,,655,0,300
3752,pepp041620,2,,2377,0,200
3753,pepp051215,2,,11,0,1
3754,pepp051620,2,,398,0,1
3755,pepp061216,2,,0,0,1
3756,pepp061620,2,,0,0,1
3757,pepp070912,2,,6,0,50
3758,pepp071216,2,,67,0,50
3759,pepp071620,2,,12,0,50
3760,pept025020,2,,0,0,1
3761,pept032020,2,,0,0,1
3762,pept032025,2,,0,0,1
3763,pept040020,2,,0,0,1
3764,pept040025,2,,0,0,1
3765,pept040032,2,,0,0,1
3766,pept050025,2,,0,0,1
3767,pept050032,2,,0,0,1
3768,pept050040,2,,0,0,1
3769,pept063032,2,,0,0,1
3770,pept063040,2,,0,0,1
3771,pept063050,2,,0,0,1
3772,pept075032,2,,0,0,1
3773,pept075040,2,,0,0,1
3774,pept075050,2,,0,0,1
3775,pept075063,2,,0,0,1
3776,pept090040,2,,0,0,1
3777,pept090075,2,,0,0,1
3778,pepv025020,2,,0,0,1
3779,pepv032020,2,,0,0,1
3780,pepv032025,2,,0,0,1
3781,pepv040020,2,,0,0,1
3782,pepv040025,2,,0,0,1
3783,pepv040032,2,,0,0,1
3784,pepv050020,2,,0,0,1
3785,pepv050025,2,,0,0,1
3786,pepv050032,2,,0,0,1
3787,pepv050040,2,,0,0,1
3788,pepv063032,2,,0,0,1
3789,pepv063040,2,,0,0,1
3790,pepv063050,2,,0,0,1
3791,pepv075040,2,,0,0,1
3792,pepv075050,2,,0,0,1
3793,pepv075063,2,,0,0,1
3794,pepv090075,2,,0,0,1
3795,pepv110090,2,,0,0,1
3796,pepw025025,2,,0,0,1
3797,pepw300020,2,,80,0,1
3798,pepw300025,2,,0,0,1
3799,pepw300032,2,,0,0,1
3800,pepw300040,2,,0,0,1
3801,pepw300050,2,,0,0,1
3802,pepw300063,2,,0,0,1
3803,pepw300075,2,,0,0,1
3804,pepw300090,2,,0,0,1
3805,pepw400020,2,,0,0,1
3806,pepw400025,2,,0,0,1
3807,pepw400032,2,,0,0,1
3808,pepw400040,2,,0,0,1
3809,pepw400050,2,,0,0,1
3810,pepw400063,2,,0,0,1
3811,pepw400075,2,,0,0,1
3812,pepw400090,2,,0,0,1
3813,pepw500020,2,,0,0,1
3814,pepw500025,2,,0,0,1
3815,pepw500032,2,,0,0,1
3816,pepw500040,2,,0,0,1
3817,pepw500050,2,,0,0,1
3818,pepw500063,2,,0,0,1
3819,pepw500075,2,,0,0,1
3820,pepw500090,2,,0,0,1
3821,pepw600090,2,,0,0,1
3822,pepw700020,2,,17,0,1
3823,pere162016,2,,0,0,30
3824,pere202516,2,,0,0,10
3825,pere202520,2,,0,0,5
3826,pere253025,2,,0,0,5
3827,pere253216,2,,0,0,1
3828,pere253220,2,,0,0,30
3829,pere415040,2,,0,0,30
3830,pert162016,2,,0,0,30
3831,pert202516,2,,0,0,1
3832,pert202520,2,,0,0,1
3833,pert253216,2,,0,0,1
3834,pert253220,2,,0,0,1
3835,pert253225,2,,0,0,1
3836,peso000912,2,,0,0,1
3837,peso001216,2,,0,0,50
3838,peso001620,2,,0,0,20
3839,peso002025,2,,0,0,10
3840,peso002532,2,,0,0,1
3841,peso003240,2,,0,0,1
3842,peva004015,2,,0,0,1
3843,peva004025,2,,0,0,1
3844,peva004032,2,,0,0,1
3845,pgfa065002,2,,0,0,1
3846,pgfa065004,2,,23,0,1
3847,pgfa065006,2,,0,0,1
3848,pgfa065010,2,,0,0,1
3849,pgfa065016,2,,0,0,1
3850,pgfa065025,2,,0,0,1
3851,pgfa065035,2,,0,0,1
3852,pgfa065040,2,,28,0,1
3853,pgfa065060,2,,0,0,1
3854,pgfa065315,2,,0,0,1
3855,pgfa100002,2,,5,0,1
3856,pgfa100004,2,,0,0,1
3857,pgfa100006,2,,68,0,1
3858,pgfa100010,2,,0,0,1
3859,pgfa100016,2,,0,0,1
3860,pgfa100025,2,,0,0,1
3861,pgfa100040,2,,1,0,1
3862,pgfa100060,2,,6,0,1
3863,pgmk000500,2,,0,0,1
3864,pgmk001000,2,,0,0,1
3865,pgmk002000,2,,27,0,1
3866,pgnj065000,2,,72,0,1
3867,pgnj065003,2,,5,0,10
3868,pgnj065006,2,,0,0,1
3869,pgnj065010,2,,0,0,1
3870,pgnj065015,2,,1,0,1
3871,pgnj065020,2,,0,0,1
3872,pgnj065025,2,,0,0,1
3873,pgnj065035,2,,0,0,1
3874,pgnj066006,2,,35,0,25
3875,pgnj066010,2,,0,0,25
3876,pgnj066015,2,,0,0,25
3877,pgnj066025,2,,88,0,25
3878,pgnj081006,2,,10,0,25
3879,pgnj100000,2,,42,0,25
3880,pgnj100006,2,,98,0,80
3881,pgnj100010,2,,0,0,80
3882,pgnj100011,2,,21,0,30
3883,pgnj100015,2,,0,0,100
3884,pgnj100020,2,,0,0,100
3885,pgnj100025,2,,0,0,100
3886,pgnj100035,2,,2,0,50
3887,pgnj100070,2,,0,0,10
3888,pgnj100100,2,,0,0,10
3889,pgnj100250,2,,0,0,10
3890,pgnj110006,2,,258,0,100
3891,pgnj110010,2,,0,0,100
3892,pgnj110015,2,,0,0,100
3893,pgnj110020,2,,0,0,100
3894,pgnj110025,2,,0,0,100
3895,pgnj110035,2,,1,0,50
3896,pgnj110070,2,,20,0,50
3897,pgnj110100,2,,30,0,30
3898,pgnj110250,2,,27,0,30
3899,pgnm065002,2,,0,0,1
3900,pgnm065004,2,,28,0,1
3901,pgnm065006,2,,1,0,1
3902,pgnm065010,2,,2,0,1
3903,pgnm065016,2,,2,0,1
3904,pgnm065025,2,,1,0,1
3905,pgnm065040,2,,1,0,1
3906,pgnt100006,2,,15,0,10
3907,pgnt100010,2,,0,0,1
3908,pgnt100015,2,,0,0,1
3909,pgnt100020,2,,0,0,1
3910,pgnt100025,2,,0,0,1
3911,pgnt100035,2,,0,0,10
3912,pibm001015,2,,0,0,1
3913,pibm001020,2,,58,0,1
3914,pibm001025,2,,0,0,1
3915,pibm001032,2,,0,0,1
3916,pibm001040,2,,0,0,1
3917,pibm001050,2,,0,0,1
3918,pibm001065,2,,0,0,1
3919,pibm001080,2,,0,0,1
3920,pibm001100,2,,0,0,1
3921,pibm001125,2,,0,0,1
3922,pibm001150,2,,0,0,1
3923,pibm001200,2,,0,0,1
3924,pibw001010,2,,0,0,1
3925,pibw001015,2,,0,0,1
3926,pibw001019,2,,0,0,1
3927,pibw001032,2,,0,0,1
3928,pibw040025,2,,0,0,5
3929,pibw040040,2,,0,0,1
3930,pibw040050,2,,0,0,1
3931,pibw040065,2,,0,0,1
3932,pibw040080,2,,0,0,1
3933,pibw040100,2,,0,0,1
3934,pibw040125,2,,0,0,1
3935,pibw040150,2,,0,0,1
3936,pibw040200,2,,0,0,1
3937,pibw040250,2,,0,0,1
3938,pibw040300,2,,0,0,1
3939,pibw040400,2,,0,0,1
3940,pibw040450,2,,0,0,1
3941,pibw080020,2,,0,0,1
3942,pibw080025,2,,0,0,1
3943,pibw140006,2,,0,0,1
3944,pibw140010,2,,0,0,1
3945,pibw140015,2,,0,0,1
3946,pibw140020,2,,0,0,1
3947,pibw140025,2,,0,0,1
3948,pibw140032,2,,0,0,1
3949,pibw140040,2,,0,0,1
3950,pibw140050,2,,2,0,1
3951,pibw140065,2,,0,0,1
3952,pibw140080,2,,0,0,1
3953,pibw140100,2,,0,0,1
3954,pibw140125,2,,0,0,1
3955,pibw140200,2,,0,0,1
3956,pibw140300,2,,0,0,1
3957,pigm001015,2,,0,0,1
3958,pigm001020,2,,0,0,1
3959,pigm001025,2,,0,0,1
3960,pigm001032,2,,0,0,1
3961,pigm001040,2,,0,0,1
3962,pigm001050,2,,0,0,1
3963,pigm001065,2,,0,0,1
3964,pigm001080,2,,0,0,1
3965,pigm001100,2,,0,0,1
3966,pigm001125,2,,0,0,1
3967,pigm001150,2,,0,0,1
3968,pigm001200,2,,0,0,1
3969,pigm001250,2,,0,0,1
3970,pigw140015,2,,0,0,1
3971,pigw140020,2,,0,0,1
3972,pigw140025,2,,0,0,1
3973,pigw140032,2,,0,0,1
3974,pigw140040,2,,0,0,1
3975,pigw140050,2,,0,0,1
3976,pigw140065,2,,0,0,1
3977,pigw140080,2,,0,0,1
3978,pigw140100,2,,0,0,1
3979,pigw140125,2,,0,0,1
3980,pigw140150,2,,0,0,1
3981,pigw140200,2,,0,0,1
3982,pigw140250,2,,0,0,1
3983,pigw140350,2,,0,0,1
3984,piic040006,2,,0,0,1
3985,piic040032,2,,0,0,1
3986,piic040040,2,,0,0,1
3987,piic040050,2,,0,0,1
3988,piic040080,2,,0,0,1
3989,piss010010,2,,0,0,1
3990,piss010015,2,,0,0,1
3991,piss010032,2,,0,0,1
3992,piss040015,2,,0,0,1
3993,poly001004,2,,0,0,1
3994,poly001006,2,,0,0,1
3995,poly001008,2,,0,0,1
3996,poly001010,2,,0,0,1
3997,poly001012,2,,0,0,1
3998,poly001014,2,,0,0,1
3999,poly002004,2,,0,0,1
4000,poly002006,2,,0,0,1
4001,poly002008,2,,0,0,1
4002,poly002010,2,,0,0,1
4003,poly002012,2,,0,0,1
4004,poly002014,2,,0,0,1
4005,pott001050,2,,0,0,1
4006,pott001065,2,,1,0,1
4007,pott001080,2,,0,0,1
4008,pott001100,2,,0,0,1
4009,pott001150,2,,3,0,1
4010,POTT003100,2,,0,0,1
4011,ppra000001,2,,0,0,1
4012,ppra000002,2,,0,0,1
4013,pprb001020,2,,0,0,1
4014,pprd020020,2,,0,0,1
4015,pprd020025,2,,0,0,1
4016,pprd025020,2,,0,0,1
4017,pprd025025,2,,0,0,1
4018,pprd032032,2,,0,0,1
4019,pprd040032,2,,9,0,1
4020,pprd050050,2,,0,0,1
4021,pprd063063,2,,0,0,1
4022,pprf001032,2,,0,0,1
4023,pprf001040,2,,0,0,1
4024,pprf001050,2,,0,0,1
4025,pprf001065,2,,0,0,1
4026,pprf001080,2,,0,0,1
4027,pprf001100,2,,0,0,1
4028,pprf020020,2,,0,0,1
4029,pprf020025,2,,0,0,1
4030,pprf025020,2,,0,0,1
4031,pprf025025,2,,8,0,1
4032,pprf032025,2,,0,0,1
4033,pprf032032,2,,0,0,1
4034,pprg001040,2,,0,0,1
4035,pprl020025,2,,0,0,1
4036,pprl02020,2,,0,0,1
4037,pprl025020,2,,0,0,1
4038,pprl025025,2,,0,0,1
4039,pprl032025,2,,0,0,1
4040,pprl032032,2,,0,0,1
4041,pprl040032,2,,0,0,1
4042,pprl050050,2,,0,0,1
4043,pprl063063,2,,0,0,1
4044,pprl075075,2,,0,0,1
4045,pprl090090,2,,0,0,1
4046,pprm020020,2,,0,0,1
4047,pprm020025,2,,0,0,1
4048,pprm025020,2,,0,0,1
4049,pprm025025,2,,0,0,1
4050,pprm032025,2,,0,0,1
4051,pprm032032,2,,0,0,1
4052,pprt025020,2,,16,0,1
4053,pprt032020,2,,0,0,1
4054,pprt032025,2,,0,0,1
4055,pprt040020,2,,0,0,1
4056,pprt040025,2,,0,0,1
4057,pprt040032,2,,0,0,1
4058,pprt050020,2,,0,0,1
4059,pprt050025,2,,0,0,1
4060,pprt050032,2,,0,0,1
4061,pprt050040,2,,0,0,1
4062,pprt063025,2,,0,0,1
4063,pprt063032,2,,0,0,1
4064,pprt063040,2,,0,0,1
4065,pprt063050,2,,0,0,1
4066,pprt075050,2,,0,0,1
4067,pprt075063,2,,0,0,1
4068,pprt090075,2,,0,0,1
4069,pprt110050,2,,0,0,1
4070,pprv025020,2,,3,0,1
4071,pprv032020,2,,4,0,1
4072,pprv032025,2,,0,0,1
4073,pprv040020,2,,0,0,1
4074,pprv040025,2,,0,0,1
4075,pprv040032,2,,0,0,1
4076,pprv050025,2,,0,0,1
4077,pprv050032,2,,0,0,1
4078,pprv050040,2,,0,0,1
4079,pprv063025,2,,0,0,1
4080,pprv063032,2,,0,0,1
4081,pprv063040,2,,0,0,1
4082,pprv063050,2,,1,0,1
4083,pprv075040,2,,0,0,1
4084,pprv075050,2,,0,0,1
4085,pprv075063,2,,0,0,1
4086,pprv090063,2,,0,0,1
4087,pprv090075,2,,0,0,1
4088,pprv110050,2,,0,0,1
4089,pprv110075,2,,0,0,1
4090,pprv110090,2,,0,0,1
4091,pprw010020,2,,0,0,1
4092,pprw010025,2,,0,0,1
4093,pprw010032,2,,0,0,1
4094,pprw010040,2,,0,0,1
4095,pprw010050,2,,0,0,1
4096,pprw010063,2,,0,0,1
4097,pprw010075,2,,0,0,1
4098,pprw010090,2,,0,0,1
4099,pprw010110,2,,0,0,1
4100,pprw016020,2,,0,0,1
4101,pprw016025,2,,0,0,1
4102,pprw016032,2,,0,0,1
4103,pprw016040,2,,0,0,1
4104,pprw016050,2,,0,0,1
4105,pprw016063,2,,0,0,1
4106,pprw016075,2,,0,0,1
4107,pprw016090,2,,0,0,1
4108,pprw016110,2,,0,0,1
4109,pprw020020,2,,0,0,1
4110,pprw020025,2,,0,0,1
4111,pprw020032,2,,9,0,1
4112,pprw020040,2,,10,0,1
4113,pprw020050,2,,0,0,1
4114,pprw020063,2,,0,0,1
4115,pprw020075,2,,0,0,1
4116,pprw020090,2,,0,0,1
4117,pprw020110,2,,0,0,1
4118,pprw100020,2,,0,0,1
4119,pprw100025,2,,0,0,1
4120,pprw100032,2,,0,0,1
4121,pprw100040,2,,0,0,1
4122,pprw100050,2,,0,0,1
4123,pprw100063,2,,0,0,1
4124,pprw100075,2,,0,0,1
4125,pprw100090,2,,0,0,1
4126,pprw100110,2,,0,0,1
4127,pprw200020,2,,0,0,1
4128,pprw200025,2,,0,0,1
4129,pprw200032,2,,0,0,1
4130,pprw200040,2,,0,0,1
4131,pprw200050,2,,0,0,1
4132,pprw200063,2,,0,0,1
4133,pprw200075,2,,0,0,1
4134,pprw200090,2,,0,0,1
4135,pprw300020,2,,0,0,1
4136,pprw300025,2,,0,0,1
4137,pprw300032,2,,1,0,1
4138,pprw300040,2,,0,0,1
4139,pprw300050,2,,0,0,1
4140,pprw300063,2,,0,0,1
4141,pprw300075,2,,0,0,1
4142,pprw300090,2,,0,0,1
4143,pprw300110,2,,0,0,1
4144,pprw400020,2,,1,0,1
4145,pprw400025,2,,7,0,1
4146,pprw400032,2,,0,0,1
4147,pprw400040,2,,0,0,1
4148,pprw400050,2,,0,0,1
4149,pprw400063,2,,0,0,1
4150,pprw400075,2,,0,0,1
4151,pprw400090,2,,0,0,1
4152,pprw400110,2,,0,0,1
4153,pprw500020,2,,0,0,1
4154,pprw500025,2,,0,0,1
4155,pprw500032,2,,0,0,1
4156,pprw500040,2,,0,0,1
4157,pprw500050,2,,0,0,1
4158,pprw500063,2,,0,0,1
4159,pprw500075,2,,0,0,1
4160,pprw500090,2,,0,0,1
4161,pprw500110,2,,0,0,1
4162,PPRW615020,2,,0,0,1
4163,pres006100,2,,0,0,1
4164,pres015050,2,,0,0,1
4165,pres015400,2,,0,0,1
4166,pres020030,2,,0,0,1
4167,pres020050,2,,0,0,1
4168,pres025050,2,,0,0,1
4169,press000000,2,,0,0,1
4170,press006100,2,,0,0,15
4171,press006150,2,,0,0,1
4172,press006200,2,,0,0,1
4173,PRESS015200,2,,0,0,1
4174,prof001010,2,,0,0,40
4175,prof001013,2,,0,0,40
4176,prof001020,2,,0,0,40
4177,prof001025,2,,0,0,50
4180,prof002010,2,,0,0,100
4181,prof002013,2,,0,0,200
4182,prof002019,2,,0,0,140
4183,prof002025,2,,0,0,200
4184,prof003001,2,,0,0,200
4185,prof004001,2,,0,0,1000
4186,prof009006,2,,0,0,1000
4187,prof009010,2,,0,0,1000
4188,prof009013,2,,0,0,1000
4189,prof009016,2,,0,0,1000
4190,prof009019,2,,0,0,1000
4191,prof009022,2,,0,0,500
4192,prof009025,2,,0,0,800
4193,prof009028,2,,0,0,1000
4194,prof009032,2,,0,0,600
4195,prof009035,2,,0,0,1000
4196,prof009042,2,,0,0,350
4197,prof009048,2,,0,0,200
4198,prof009054,2,,0,0,300
4199,prof009060,2,,0,0,200
4200,prof009067,2,,0,0,200
4201,prof009089,2,,0,0,100
4202,prof013006,2,,0,0,1000
4203,prof013010,2,,0,0,800
4204,prof013013,2,,0,0,800
4205,prof013016,2,,0,0,1000
4206,prof013019,2,,0,0,900
4207,prof013022,2,,0,0,500
4208,prof013025,2,,0,0,600
4209,prof013028,2,,0,0,800
4210,prof013032,2,,0,0,600
4211,prof013035,2,,0,0,1000
4212,prof013042,2,,0,0,600
4213,prof013054,2,,0,0,300
4214,prof013060,2,,0,0,150
4215,prof013067,2,,0,0,150
4216,prof013080,2,,0,0,100
4217,prof013089,2,,0,0,100
4218,prof020006,2,,0,0,500
4219,prof020010,2,,0,0,500
4220,prof020013,2,,0,0,500
4221,prof020016,2,,0,0,500
4222,prof020019,2,,0,0,500
4223,prof020022,2,,0,0,300
4224,prof020025,2,,0,0,300
4225,prof020028,2,,0,0,300
4226,prof020032,2,,0,0,200
4227,prof020035,2,,0,0,300
4228,prof020042,2,,0,0,300
4229,prof020048,2,,0,0,200
4230,prof020054,2,,0,0,100
4231,prof020060,2,,0,0,100
4232,prof020067,2,,0,0,100
4233,prof020080,2,,0,0,100
4234,prof020089,2,,0,0,60
4235,prof025010,2,,0,0,350
4236,prof025013,2,,0,0,350
4237,prof025016,2,,0,0,350
4238,prof025019,2,,0,0,350
4239,prof025022,2,,0,0,150
4240,prof025025,2,,0,0,200
4241,prof025028,2,,0,0,350
4242,prof025035,2,,0,0,350
4243,prof025042,2,,0,0,250
4244,prof025048,2,,0,0,250
4245,prof025054,2,,0,0,100
4246,prof025060,2,,0,0,100
4247,prof025067,2,,0,0,100
4248,prof025076,2,,0,0,100
4249,prof025089,2,,0,0,60
4250,prsy006025,2,,0,0,1
4251,prvt000015,2,,5,0,5
4252,prvt000020,2,,0,0,5
4253,prvt000025,2,,0,0,5
4254,prvt000026,2,,2,0,3
4255,prvt000032,2,,12,0,5
4256,prvt000033,2,,10,0,3
4257,prvt000040,2,,0,0,5
4258,prvt000041,2,,7,0,3
4259,prvt000050,2,,3,0,5
4260,prvt000051,2,,6,0,3
4261,prvt000065,2,,8,0,2
4262,prvt000080,2,,6,0,2
4263,prvt000100,2,,6,0,3
4264,prvt000150,2,,0,0,1
4265,prvt001020,2,,0,0,1
4266,prvt001025,2,,0,0,1
4267,prvt001040,2,,0,0,1
4268,prvt001100,2,,0,0,1
4269,prvt016050,2,,0,0,1
4270,prvt016065,2,,0,0,1
4271,prvt016080,2,,0,0,1
4272,prvt016100,2,,0,0,1
4273,prvt016150,2,,0,0,1
4274,prvt702040,2,,2,0,2
4275,prvt702050,2,,3,0,2
4276,prvt702065,2,,7,0,2
4277,prvt702080,2,,5,0,2
4278,prvt702100,2,,3,0,2
4279,prvt702150,2,,0,0,2
4280,prvt702200,2,,2,0,1
4282,psfg000008,2,,0,0,1
4284,psfg000032,2,,0,0,1
4285,pstg000004,2,,0,0,20
4286,pstg000008,2,,0,0,40
4287,pstg000016,2,,0,0,100
4288,pstg000032,2,,0,0,40
4289,pstg000060,2,,0,0,20
4290,pstg000120,2,,0,0,6
4291,pstg000250,2,,0,0,6
4292,pstg001016,2,,0,0,1
4293,pstg001060,2,,0,0,1
4294,DTPTBA005100,2,,0,0,550
4295,DTPTBA006100,2,,0,0,1000
4296,DTPTBA008100,2,,0,0,500
4297,DTPTBA010100,2,,0,0,500
4298,DTPTBA012100,2,,0,0,300
4299,DTptbb005050,2,,0,0,200
4300,DTptbb006064,2,,0,0,100
4301,DTptbb006071,2,,0,0,100
4302,DTptbb006081,2,,0,0,200
4303,DTPTBB006082,2,,0,0,200
4304,DTptbb006089,2,,0,0,100
4305,DTptbb006100,2,,0,0,200
4306,DTptbb006101,2,,0,0,200
4307,DTptbb006120,2,,0,0,100
4308,DTptbb008051,2,,0,0,100
4310,DTptbb008071,2,,0,0,200
4311,DTptbb008081,2,,0,0,200
4313,DTptbb008100,2,,0,0,200
4314,DTptbb008120,2,,0,0,100
4315,DTptbb008150,2,,0,0,100
4316,DTptbb008200,2,,0,0,200
4317,DTptbb009051,2,,0,0,200
4318,DTptbb009061,2,,0,0,200
4320,DTptbb009075,2,,0,0,300
4321,DTptbb009076,2,,0,0,500
4322,DTptbb009077,2,,0,0,200
4323,DTptbb009089,2,,0,0,100
4324,DTptbb009100,2,,0,0,150
4325,DTptbb009120,2,,0,0,100
4326,DTptbb009121,2,,0,0,50
4327,DTptbb009150,2,,0,0,100
4328,DTptbb009200,2,,0,0,50
4329,DTptbb009280,2,,0,0,20
4330,DTptbb010100,2,,0,0,50
4331,DTptbb010120,2,,0,0,100
4332,DTptbb010200,2,,0,0,50
4333,DTptbb012100,2,,0,0,50
4334,DTptbb012200,2,,0,0,50
4335,DTptbb013050,2,,0,0,100
4336,DTptbb013061,2,,0,0,200
4337,DTptbb013071,2,,0,0,100
4338,DTptbb013081,2,,0,0,200
4339,DTptbb013087,2,,0,0,300
4340,DTptbb013088,2,,0,0,300
4341,DTptbb013089,2,,0,0,600
4342,DTptbb013100,2,,0,0,200
4343,DTptbb013124,2,,0,0,200
4344,DTptbb013125,2,,0,0,200
4345,DTptbb013126,2,,0,0,200
4346,DTptbb013150,2,,0,0,100
4347,DTptbb013200,2,,0,0,100
4348,DTptbb015071,2,,0,0,100
4349,DTptbb016050,2,,0,0,50
4350,DTptbb016061,2,,0,0,100
4351,DTptbb016071,2,,0,0,100
4352,DTptbb016081,2,,0,0,100
4353,DTptbb016091,2,,0,0,200
4354,DTptbb016101,2,,0,0,350
4355,DTptbb016102,2,,0,0,350
4356,DTptbb016103,2,,0,0,300
4357,DTptbb016123,2,,0,0,150
4358,DTptbb016124,2,,0,0,100
4359,DTptbb016125,2,,0,0,60
4360,DTptbb016150,2,,0,0,60
4361,DTptbb016200,2,,0,0,100
4362,DTptbb016270,2,,0,0,5
4363,DTPTBB016300,2,,0,0,60
4364,DTptbb019051,2,,0,0,100
4365,DTptbb019061,2,,0,0,100
4366,DTptbb019071,2,,0,0,300
4367,DTptbb019081,2,,0,0,100
4368,DTptbb019091,2,,0,0,100
4369,DTptbb019107,2,,0,0,300
4370,DTptbb019108,2,,0,0,300
4371,DTptbb019109,2,,0,0,300
4372,DTptbb019124,2,,0,0,100
4373,DTptbb019125,2,,0,0,100
4374,DTptbb019150,2,,0,0,100
4375,DTptbb019200,2,,0,0,100
4376,DTptbb019300,2,,0,0,60
4377,DTptbb022051,2,,0,0,50
4378,DTptbb022061,2,,0,0,100
4379,DTptbb022071,2,,0,0,100
4380,DTptbb022081,2,,0,0,300
4381,DTptbb022091,2,,0,0,300
4383,DTptbb022112,2,,0,0,60
4384,DTptbb022113,2,,0,0,200
4385,DTptbb022114,2,,0,0,200
4386,DTptbb022120,2,,0,0,100
4387,DTptbb022121,2,,0,0,10
4388,DTptbb022167,2,,0,0,60
4389,DTptbb022200,2,,0,0,100
4390,DTptbb022500,2,,0,0,40
4391,DTptbb025051,2,,0,0,50
4392,DTptbb025061,2,,0,0,100
4393,DTptbb025071,2,,0,0,150
4394,DTptbb025081,2,,0,0,150
4395,DTptbb025091,2,,0,0,150
4396,DTptbb025100,2,,0,0,150
4397,DTptbb025120,2,,0,0,200
4398,DTptbb025121,2,,0,0,100
4399,DTptbb025122,2,,0,0,100
4400,DTptbb025150,2,,0,0,50
4401,DTptbb025151,2,,0,0,50
4402,DTPTBB025200,2,,0,0,50
4403,DTptbb028051,2,,0,0,50
4404,DTptbb028061,2,,0,0,100
4405,DTptbb028071,2,,0,0,200
4406,DTptbb028081,2,,0,0,450
4407,DTptbb028091,2,,0,0,200
4408,DTptbb028100,2,,0,0,200
4409,DTptbb028126,2,,0,0,200
4410,DTptbb028127,2,,0,0,200
4411,DTptbb028128,2,,0,0,100
4412,DTptbb028167,2,,0,0,50
4413,DTptbb028168,2,,0,0,50
4414,DTptbb032061,2,,0,0,50
4415,DTptbb032071,2,,0,0,60
4416,DTptbb032081,2,,0,0,20
4417,DTptbb032091,2,,0,0,20
4418,DTptbb032100,2,,0,0,50
4419,DTptbb032120,2,,0,0,100
4420,DTptbb032121,2,,0,0,20
4421,DTptbb033160,2,,0,0,5
4422,DTptbb035061,2,,0,0,50
4423,DTptbb035071,2,,0,0,100
4424,DTptbb035081,2,,0,0,500
4425,DTptbb035091,2,,0,0,200
4426,DTptbb035100,2,,0,0,100
4427,DTptbb035107,2,,0,0,100
4428,DTptbb035120,2,,0,0,100
4429,DTptbb035140,2,,0,0,200
4430,DTptbb035141,2,,0,0,200
4431,DTptbb035142,2,,0,0,100
4432,DTptbb035167,2,,0,0,40
4433,DTptbb035200,2,,0,0,50
4436,DTptbb038091,2,,0,0,1
4438,DTptbb042081,2,,0,0,60
4439,DTptbb042091,2,,0,0,100
4440,DTptbb042100,2,,0,0,60
4441,DTptbb042102,2,,0,0,60
4442,DTptbb042107,2,,0,0,50
4443,DTptbb042120,2,,0,0,60
4444,DTptbb042151,2,,0,0,20
4445,DTptbb042152,2,,0,0,100
4446,DTptbb042153,2,,0,0,50
4447,DTptbb042168,2,,0,0,10
4448,DTptbb042167,2,,0,0,30
4449,DTptbb054091,2,,0,0,40
4450,DTptbb054100,2,,0,0,10
4451,DTptbb054107,2,,0,0,10
4452,DTptbb054120,2,,0,0,50
4453,DTptbb054140,2,,0,0,50
4454,DTptbb054177,2,,0,0,20
4455,DTptbb054178,2,,0,0,50
4456,DTptbb054179,2,,0,0,20
4457,DTptbb054211,2,,0,0,25
4458,DTptbb054212,2,,0,0,25
4459,DTptbb067122,2,,0,0,25
4460,DTptbb067165,2,,0,0,25
4461,DTptbb067203,2,,0,0,15
4462,DTptbb067204,2,,0,0,15
4463,DTptbb067241,2,,0,0,20
4464,DTptbb080140,2,,0,0,10
4466,DTptbb080228,2,,0,0,10
4467,DTptbb080229,2,,0,0,10
4468,DTptbb080230,2,,0,0,10
4469,DTptbb080277,2,,0,0,10
4470,DTptbb105170,2,,0,0,15
4471,DTptbb105278,2,,0,0,10
4472,DTptbb105279,2,,0,0,10
4473,DTptbb156170,2,,0,0,5
4474,DTptbb159230,2,,0,0,5
4479,ptbc009076,2,,0,0,1
4480,ptbc009089,2,,0,0,1
4490,ptbc016124,2,,0,0,1
4503,ptbc022167,2,,0,0,1
4508,ptbc028071,2,,0,0,1
4513,ptbc028167,2,,0,0,1
4517,ptbc035081,2,,0,0,1
4525,ptbc042122,2,,0,0,1
4527,ptbc042187,2,,0,0,1
4528,ptbc054091,2,,0,0,1
4529,ptbc054102,2,,0,0,1
4530,ptbc054122,2,,0,0,1
4531,ptbc054145,2,,0,0,1
4532,ptbc054178,2,,0,0,1
4543,PTRE006056,2,,0,0,1
4544,PTRE009045,2,,0,0,1
4545,PTRE013056,2,,0,0,1
4546,PTRE016056,2,,0,0,1
4547,PTRE019071,2,,0,0,1
4549,PTBE009061,2,,0,0,1
4550,PTBE009100,2,,0,0,1
4551,PTBE013051,2,,0,0,1
4552,PTBE016102,2,,0,0,1
4553,PTBE016061,2,,0,0,1
4554,PTBE019051,2,,0,0,1
4555,PTBE022071,2,,0,0,1
4556,PTBE022114,2,,0,0,1
4557,PTBE025071,2,,0,0,1
4558,PTBE028061,2,,0,0,1
4559,PTBE024061,2,,0,0,1
4560,PTBE035061,2,,0,0,1
4561,PTBE035140,2,,0,0,1
4562,PTBE042081,2,,0,0,1
4563,PTBE054091,2,,0,0,1
4564,PTBE067120,2,,0,0,1
4587,DTptrb004100,2,,0,0,60
4588,DTptrb005045,2,,0,0,60
4589,DTptrb006040,2,,0,0,60
4590,DTptrb006045,2,,0,0,60
4591,DTptrb006050,2,,0,0,60
4592,DTptrb006056,2,,0,0,200
4593,DTptrb006061,2,,0,0,200
4594,DTptrb006071,2,,0,0,200
4595,DTptrb006076,2,,0,0,200
4596,DTptrb006081,2,,0,0,150
4597,DTptrb006100,2,,0,0,100
4598,DTptrb006101,2,,0,0,150
4599,DTptrb006120,2,,0,0,60
4600,DTptrb008050,2,,0,0,150
4601,DTptrb008071,2,,0,0,100
4602,DTptrb008100,2,,0,0,150
4603,DTptrb008120,2,,0,0,50
4604,DTptrb009045,2,,0,0,30
4605,DTptrb009050,2,,0,0,10
4607,DTptrb009056,2,,0,0,150
4608,DTptrb009061,2,,0,0,150
4609,DTptrb009071,2,,0,0,200
4610,DTptrb009081,2,,0,0,200
4611,DTptrb009100,2,,0,0,300
4612,DTptrb009120,2,,0,0,50
4613,DTptrb010100,2,,0,0,200
4614,DTptrb012100,2,,0,0,50
4615,DTptrb013050,2,,0,0,50
4616,DTptrb013053,2,,0,0,50
4617,DTptrb013056,2,,0,0,50
4618,DTptrb013061,2,,0,0,100
4619,DTptrb013071,2,,0,0,150
4620,DTptrb013081,2,,0,0,150
4621,DTptrb013100,2,,0,0,50
4622,DTptrb013120,2,,0,0,50
4623,DTptrb013150,2,,0,0,50
4624,DTptrb016053,2,,0,0,50
4625,DTptrb016056,2,,0,0,50
4626,DTptrb016061,2,,0,0,100
4627,DTptrb016071,2,,0,0,150
4628,DTptrb016089,2,,0,0,100
4629,DTptrb016100,2,,0,0,50
4630,DTptrb016150,2,,0,0,30
4631,DTptrb019056,2,,0,0,50
4632,DTptrb019061,2,,0,0,50
4633,DTptrb019071,2,,0,0,150
4634,DTptrb019089,2,,0,0,100
4635,DTptrb019100,2,,0,0,40
4636,DTptrb019120,2,,0,0,30
4650,ptrc013071,2,,0,0,1
4654,ptrc016056,2,,49,0,1
4669,ptrk006071,2,,0,0,1
4671,ptrk009056,2,,13,0,1
4679,ptrk016071,2,,1,0,1
4691,pued006005,2,,0,0,1
4692,pued006006,2,,0,0,1
4693,pued008006,2,,0,0,1
4694,pued008009,2,,0,0,1
4695,pued010006,2,,0,0,1
4696,pued012006,2,,0,0,1
4697,pued012015,2,,0,0,1
4699,pupc006005,2,,0,0,1
4700,pupc006006,2,,0,0,1
4701,pupc006015,2,,0,0,1
4702,pupc008001,2,,0,0,1
4703,pupc008006,2,,0,0,1
4704,pupc008009,2,,0,0,1
4705,pupc008015,2,,0,0,1
4706,pupc010002,2,,0,0,1
4707,pupc012006,2,,0,0,1
4708,pupc012015,2,,0,0,1
4709,purt008006,2,,0,0,1
4710,putb000006,2,,0,0,1
4711,putb000008,2,,0,0,1
4712,putb000010,2,,0,0,1
4713,putb000012,2,,0,0,1
4714,putd006006,2,,0,0,1
4715,pute006006,2,,0,0,1
4716,pute008008,2,,0,0,1
4717,pvc001065,2,,0,0,1
4718,pvcb000020,2,,0,0,1
4719,pvcb000040,2,,0,0,1
4720,pvcc000065,2,,0,0,1
4721,pvcd0000025,2,,0,0,1
4722,pvcd000040,2,,0,0,1
4723,pvcd000050,2,,0,0,1
4724,pvcd000065,2,,0,0,1
4725,pvcd000080,2,,0,0,1
4726,pvcd000100,2,,0,0,1
4727,pvcd000150,2,,0,0,1
4728,pvcd015015,2,,0,0,1
4729,pvce001015,2,,0,0,1
4730,pvce001020,2,,0,0,1
4731,pvce001025,2,,0,0,1
4732,pvce001032,2,,0,0,1
4733,pvce001040,2,,0,0,1
4734,pvce001050,2,,0,0,1
4735,PVCE001065,2,,0,0,1
4736,pvce001080,2,,0,0,1
4737,pvce001100,2,,0,0,1
4738,pvce001125,2,,0,0,1
4739,pvce001150,2,,0,0,1
4740,pvce003032,2,,0,0,1
4741,pvce003040,2,,0,0,1
4742,pvce003050,2,,0,0,1
4743,pvce003080,2,,0,0,1
4744,pvce003100,2,,0,0,1
4745,pvce003150,2,,0,0,1
4746,pvcf001050,2,,0,0,1
4747,pvcf001080,2,,0,0,1
4748,pvcf001100,2,,0,0,1
4749,pvcf001150,2,,0,0,1
4750,pvcf001200,2,,0,0,1
4751,pvcf001250,2,,0,0,1
4752,pvcf020015,2,,0,0,1
4753,pvcf020020,2,,0,0,1
4754,pvcf020025,2,,0,0,1
4755,pvcf020032,2,,0,0,1
4756,pvcf020040,2,,0,0,1
4757,pvcf020050,2,,0,0,1
4758,pvcf020080,2,,0,0,1
4759,pvck000000,2,,0,0,1
4760,pvcl001100,2,,0,0,1
4761,pvcm019020,2,,0,0,1
4762,pvcm020015,2,,0,0,1
4763,pvcm020025,2,,0,0,1
4764,pvcm020032,2,,0,0,1
4765,pvcm020040,2,,0,0,1
4766,pvcm020050,2,,0,0,1
4767,pvco001050,2,,0,0,1
4768,pvco001065,2,,0,0,1
4769,pvco001080,2,,0,0,1
4770,pvco001100,2,,0,0,1
4771,pvco001150,2,,0,0,1
4772,pvcp001015,2,,0,0,1
4773,pvcp001020,2,,0,0,1
4774,pvcp001025,2,,0,0,1
4775,pvcp001032,2,,0,0,1
4776,pvcp001040,2,,0,0,1
4777,pvcp001050,2,,0,0,1
4778,PVCP001065,2,,0,0,1
4779,pvcp001080,2,,0,0,1
4780,pvcp001100,2,,0,0,1
4781,pvcp001125,2,,0,0,1
4782,pvcp001150,2,,0,0,1
4783,pvcp001200,2,,0,0,1
4784,pvcp001250,2,,0,0,1
4785,pvcp001350,2,,0,0,1
4786,pvcp002015,2,,0,0,1
4787,pvcp002025,2,,0,0,1
4788,pvcp003080,2,,0,0,1
4789,pvcr025015,2,,0,0,1
4790,pvcr025020,2,,0,0,1
4791,pvcr032025,2,,0,0,1
4792,pvcr040020,2,,0,0,1
4793,pvcr040025,2,,0,0,1
4794,pvcr040032,2,,0,0,1
4795,pvcr050040,2,,0,0,1
4796,pvcr080050,2,,0,0,1
4797,pvcr080065,2,,0,0,1
4798,pvcr100050,2,,0,0,1
4799,pvcr100080,2,,0,0,1
4800,pvcr125100,2,,0,0,1
4801,pvcr150100,2,,0,0,1
4802,pvcr200100,2,,0,0,1
4803,pvcr250200,2,,0,0,1
4804,pvcs000065,2,,0,0,1
4805,pvcs001020,2,,0,0,1
4807,pvcs002015,2,,0,0,1
4808,pvcs002025,2,,0,0,1
4809,pvcs002032,2,,0,0,1
4810,pvcs002040,2,,0,0,1
4811,pvcs002050,2,,0,0,1
4812,pvcs002065,2,,0,0,1
4813,pvcs002080,2,,0,0,1
4814,pvcs002100,2,,0,0,1
4815,pvcs002125,2,,0,0,1
4816,pvcs002150,2,,0,0,1
4817,pvcs002200,2,,0,0,1
4818,pvcs003032,2,,0,0,1
4819,pvct001015,2,,0,0,1
4820,pvct001025,2,,0,0,1
4821,pvct001032,2,,0,0,1
4822,pvct001040,2,,0,0,1
4823,pvct001050,2,,0,0,1
4824,pvct001100,2,,0,0,1
4825,pvct001150,2,,0,0,1
4826,pvct001200,2,,0,0,1
4827,pvct025020,2,,0,0,1
4828,pvct032025,2,,0,0,1
4829,pvct040020,2,,0,0,1
4830,pvct040025,2,,0,0,1
4831,pvct040032,2,,0,0,1
4832,pvct050032,2,,0,0,1
4833,pvct065040,2,,0,0,1
4834,pvct100040,2,,0,0,1
4835,pvct100050,2,,0,0,1
4836,pvct100051,2,,0,0,1
4837,pvct150100,2,,0,0,1
4838,pvct200100,2,,0,0,1
4839,"PVCU 001100",2,,0,0,1
4840,pvcu001050,2,,0,0,1
4841,pvcu001080,2,,0,0,1
4842,pvcw000040,2,,0,0,1
4843,pvcw001025,2,,0,0,1
4844,pvcw001050,2,,0,0,1
4845,pvcy000100,2,,0,0,1
4846,pvcy000150,2,,0,0,1
4847,pvcy045080,2,,0,0,1
4848,pvcy045100,2,,0,0,1
4849,pvcy050040,2,,0,0,1
4850,pvcy065040,2,,0,0,1
4851,pvcy100040,2,,0,0,1
4852,pvcy100050,2,,0,0,1
4853,pvcy100065,2,,0,0,1
4854,pvcy100080,2,,0,0,1
4855,pvcy100081,2,,0,0,1
4856,pvcy100082,2,,0,0,1
4857,pvcy100100,2,,0,0,1
4858,pvcy100180,2,,0,0,1
4859,pvcy125100,2,,0,0,1
4860,pvcy150080,2,,0,0,1
4861,pvcy150100,2,,0,0,1
4862,PVCY150150,2,,0,0,1
4863,pvcy200080,2,,0,0,1
4864,pvde001050,2,,0,0,1
4865,pvtc100000,2,,0,0,1
4866,pvty045100,2,,0,0,1
4867,rag000000,2,,0,0,1
4868,rag060020,2,,0,0,1
4869,raga010020,2,,0,0,1
4870,raga012012,2,,0,0,1
4871,raga015012,2,,0,0,1
4872,raga015015,2,,0,0,10
4873,raga015020,2,,0,0,1
4874,raga015030,2,,0,0,1
4875,raga015060,2,,0,0,1
4876,raga015120,2,,0,0,1
4877,raga015600,2,,0,0,1
4878,raga020020,2,,0,0,15
4879,raga020030,2,,0,0,1
4880,raga020040,2,,0,0,1
4881,raga024024,2,,0,0,1
4882,RAGA025015,2,,0,0,1
4883,raga025020,2,,0,0,1
4884,raga025025,2,,0,0,15
4885,raga025050,2,,0,0,1
4886,raga025095,2,,0,0,1
4887,raga029029,2,,0,0,1
4888,raga030020,2,,0,0,1
4889,raga030025,2,,0,0,1
4890,raga030030,2,,0,0,15
4891,raga030050,2,,0,0,1
4892,raga030060,2,,0,0,1
4893,raga033045,2,,0,0,1
4894,raga035035,2,,0,0,1
4895,raga039145,2,,0,0,1
4896,raga040020,2,,0,0,1
4897,raga040035,2,,0,0,1
4898,raga040040,2,,0,0,1
4899,raga040050,2,,0,0,1
4900,raga045020,2,,0,0,1
4901,raga045030,2,,0,0,1
4902,raga045045,2,,0,0,1
4903,raga050014,2,,0,0,1
4904,raga050020,2,,0,0,1
4905,raga050030,2,,0,0,1
4906,raga050050,2,,0,0,1
4907,raga050175,2,,0,0,1
4908,raga053053,2,,0,0,1
4909,raga055010,2,,0,0,1
4910,raga055055,2,,0,0,1
4911,ragb060010,2,,0,0,3
4912,raga060020,2,,0,0,1
4913,raga060040,2,,0,0,1
4914,raga060060,2,,0,0,1
4915,raga065065,2,,0,0,1
4916,raga065175,2,,0,0,1
4917,raga070015,2,,0,0,1
4918,raga070020,2,,0,0,1
4919,raga070030,2,,0,0,1
4920,raga073045,2,,0,0,1
4921,raga074034,2,,0,0,1
4922,RAGA075085,2,,0,0,1
4923,raga080030,2,,0,0,1
4924,RAGA080050,2,,0,0,1
4925,raga090015,2,,0,0,1
4926,raga100015,2,,0,0,1
4927,RAGA100020,2,,0,0,1
4928,raga100025,2,,0,0,1
4929,raga100035,2,,0,0,1
4930,raga100050,2,,0,0,1
4931,raga109145,2,,0,0,1
4932,raga110015,2,,0,0,1
4933,raga119145,2,,0,0,1
4934,raga125125,2,,0,0,1
4935,raga130120,2,,0,0,1
4936,raga140030,2,,0,0,1
4937,raga895145,2,,0,0,1
4938,raga995145,2,,0,0,100
4939,DTREDT009006,2,,0,0,200
4940,DTREDT013006,2,,0,0,200
4941,DTREDT013009,2,,0,0,200
4942,DTREDT016006,2,,0,0,200
4943,DTREDT016009,2,,0,0,200
4944,DTREDT016013,2,,0,0,200
4945,DTREDT019006,2,,0,0,200
4946,DTREDT019009,2,,0,0,200
4947,DTREDT019013,2,,0,0,200
4948,redt019015,2,,0,0,200
4949,DTREDT019016,2,,0,0,200
4950,DTREDT022006,2,,0,0,200
4951,DTREDT022009,2,,0,0,200
4952,DTREDT022013,2,,0,0,200
4953,redt022015,2,,0,0,100
4954,DTREDT022016,2,,0,0,200
4955,DTREDT022019,2,,0,0,200
4957,DTREDT025013,2,,0,0,200
4958,DTREDT025016,2,,0,0,200
4959,DTREDT025019,2,,0,0,200
4960,DTREDT025022,2,,0,0,200
4961,DTREDT028013,2,,0,0,100
4962,redt028015,2,,0,0,100
4963,DTREDT028016,2,,0,0,100
4964,DTREDT028019,2,,0,0,100
4965,DTREDT028022,2,,0,0,100
4966,redt028023,2,,0,0,50
4967,DTREDT028025,2,,0,0,100
4968,DTREDT032013,2,,0,0,100
4969,DTREDT032019,2,,0,0,100
4970,DTREDT032025,2,,0,0,100
4971,DTREDT032028,2,,0,0,100
4972,DTREDT035013,2,,0,0,100
4973,DTREDT035016,2,,0,0,100
4974,DTREDT035019,2,,0,0,100
4975,DTREDT035022,2,,0,0,100
4976,DTREDT035025,2,,0,0,100
4977,DTREDT035028,2,,0,0,100
4978,redt035029,2,,0,0,100
4979,DTREDT035032,2,,0,0,100
4980,redt038025,2,,11,0,100
4981,DTREDT038032,2,,0,0,100
4982,DTREDT042016,2,,0,0,50
4983,DTREDT042019,2,,0,0,50
4984,DTREDT042022,2,,0,0,1
4985,DTREDT042025,2,,0,0,50
4986,DTREDT042028,2,,0,0,50
4987,DTREDT042032,2,,0,0,50
4988,DTREDT042035,2,,0,0,50
4989,DTREDT054016,2,,0,0,30
4990,DTREDT054019,2,,0,0,50
4991,DTREDT054022,2,,0,0,50
4992,DTREDT054028,2,,0,0,50
4993,DTREDT054035,2,,0,0,50
4994,DTREDT054042,2,,0,0,50
4995,DTREDT067016,2,,0,0,20
4996,DTREDT067022,2,,0,0,20
4997,DTREDT067028,2,,0,0,20
4998,DTREDT067035,2,,0,0,20
4999,DTREDT067042,2,,0,0,20
5000,DTREDT067054,2,,0,0,20
5001,DTREDT080022,2,,0,0,10
5002,DTREDT080028,2,,0,0,10
5003,DTREDT080035,2,,0,0,10
5004,DTREDT080042,2,,0,0,10
5005,DTREDT080054,2,,0,0,5
5006,DTREDT080067,2,,0,0,5
5007,DTREDT104035,2,,0,0,5
5008,DTREDT104042,2,,0,0,5
5009,redt104054,2,,0,0,5
5010,redt104067,2,,0,0,5
5011,redt104080,2,,0,0,5
5012,DTREDT156080,2,,0,0,5
5013,DTREDT156104,2,,0,0,5
5014,regb000001,2,,0,0,1
5015,regb000002,2,,0,0,50
5016,regb000003,2,,0,0,10
5017,regb000004,2,,0,0,5
5018,regb000005,2,,0,0,1
5019,regb000006,2,,0,0,1
5020,regb000007,2,,0,0,3
5021,regb000008,2,,0,0,6
5022,regb000009,2,,0,0,6
5023,regb000010,2,,0,0,6
5024,regb000011,2,,0,0,3
5025,regb000012,2,,0,0,1
5026,regb000013,2,,0,0,1
5027,regb000014,2,,0,0,1
5028,regb000015,2,,0,0,2
5029,regb000016,2,,0,0,10
5030,regb000017,2,,0,0,1
5031,regf000632,2,,0,0,5
5032,regf001025,2,,0,0,5
5033,regf001026,2,,0,0,1
5034,regf001222,2,,0,0,5
5035,regf001302,2,,0,0,1
5036,regf001303,2,,0,0,1
5037,regf001622,2,,0,0,5
5038,regf001623,2,,0,0,1
5039,regf001624,2,,0,0,1
5040,regf001625,2,,0,0,1
5041,regf001626,2,,0,0,2
5042,regf001627,2,,0,0,1
5043,regf002627,2,,0,0,1
5044,regf002743,2,,0,0,1
5045,regf006435,2,,0,0,1
5046,regf054627,2,,0,0,1
5047,regf054630,2,,0,0,1
5048,regf100005,2,,0,0,5
5049,regf100033,2,,0,0,1
5050,regf100050,2,,0,0,1
5051,regf101004,2,,0,0,2
5052,regf101006,2,,0,0,1
5053,regf101007,2,,0,0,5
5054,regf101020,2,,0,0,1
5055,regf101033,2,,0,0,1
5056,regf101070,2,,0,0,1
5057,regf200020,2,,0,0,1
5058,regf200033,2,,0,0,1
5059,regf200050,2,,0,0,1
5060,regf200070,2,,0,0,1
5061,REGF210083,2,,0,0,1
5062,regf300033,2,,0,0,1
5063,regf300070,2,,0,0,1
5064,regf400032,2,,0,0,1
5065,regf400040,2,,0,0,1
5066,regf400050,2,,0,0,1
5067,regh001004,2,,0,0,1
5068,regh001005,2,,0,0,5
5069,regh001006,2,,0,0,5
5070,regh001007,2,,0,0,5
5071,regh001008,2,,0,0,1
5072,regh001012,2,,0,0,1
5073,regh001020,2,,0,0,1
5074,regh001035,2,,0,0,1
5075,regh001060,2,,0,0,1
5076,regh001200,2,,0,0,1
5077,regh001235,2,,0,0,1
5078,regh002035,2,,0,0,1
5079,regh002200,2,,0,0,1
5080,regh003006,2,,0,0,1
5081,regh003008,2,,0,0,1
5082,regh003015,2,,0,0,1
5083,regh003035,2,,0,0,1
5084,regh003050,2,,0,0,1
5085,regh801001,2,,0,0,3
5086,regh801002,2,,0,0,3
5087,regh801003,2,,0,0,3
5088,regh801004,2,,0,0,3
5089,regh801005,2,,0,0,1
5090,regh801006,2,,0,0,1
5091,regh825001,2,,0,0,5
5092,regh825002,2,,0,0,5
5093,regh825003,2,,0,0,5
5094,regh825004,2,,0,0,1
5095,regh825005,2,,0,0,3
5096,regh825006,2,,0,0,1
5097,regh825007,2,,0,0,1
5098,regh825008,2,,0,0,1
5099,regh825009,2,,0,0,1
5100,regh825010,2,,0,0,1
5101,regh825011,2,,0,0,1
5102,regh825012,2,,0,0,1
5103,regh825013,2,,0,0,1
5104,regh847001,2,,0,0,1
5107,regl100001,2,,3,0,5
5108,regl100002,2,,1,0,5
5109,regl100003,2,,0,0,1
5110,regl100004,2,,1,0,1
5111,regl200001,2,,0,0,1
5112,regl200002,2,,0,0,1
5113,regl200003,2,,0,0,1
5114,regl300001,2,,0,0,2
5115,regl300003,2,,0,0,1
5116,regl300004,2,,0,0,2
5117,regl300005,2,,0,0,1
5118,regl300006,2,,0,0,1
5119,regl400001,2,,0,0,1
5120,regl400002,2,,0,0,1
5121,regl400003,2,,0,0,1
5122,regl400004,2,,0,0,1
5123,regl400005,2,,0,0,1
5124,regl400006,2,,0,0,1
5125,regl500001,2,,0,0,1
5126,regl500002,2,,0,0,1
5127,regl600001,2,,0,0,1
5128,regl600002,2,,0,0,1
5129,regl600003,2,,0,0,1
5130,regl600004,2,,0,0,1
5131,regl700001,2,,1,0,1
5132,regl800001,2,,0,0,1
5133,rego100302,2,,0,0,1
5134,rego102302,2,,0,0,1
5135,rego104403,2,,0,0,10
5136,rego104404,2,,0,0,5
5137,rego104405,2,,0,0,3
5138,rego104406,2,,0,0,1
5139,rego105503,2,,0,0,5
5140,rego105504,2,,0,0,3
5141,rego200597,2,,0,0,10
5142,rego201584,2,,0,0,3
5143,rego201588,2,,0,0,3
5144,rego201784,2,,0,0,1
5145,rego211584,2,,0,0,1
5146,ring000005,2,,0,0,1
5147,ring000006,2,,0,0,1
5148,ring000008,2,,0,0,1
5149,ring000010,2,,0,0,1
5150,ring000012,2,,0,0,1
5151,ring000013,2,,0,0,1
5152,ring000015,2,,0,0,1
5153,ring000016,2,,0,0,1
5154,ring000019,2,,0,0,1
5155,rock125060,2,,0,0,60
5156,rock125080,2,,0,0,20
5157,rock125100,2,,0,0,20
5158,rock150050,2,,0,0,20
5159,rock150060,2,,0,0,60
5160,rock150080,2,,0,0,20
5161,rock150100,2,,0,0,20
5162,rock225015,2,,1,0,50
5163,rock225020,2,,1,0,50
5164,rock225025,2,,0,0,50
5165,rock225032,2,,1,0,50
5166,rock225040,2,,0,0,50
5167,rock225050,2,,0,0,50
5168,rock225065,2,,36,0,50
5169,rock225080,2,,4,0,10
5170,rock225100,2,,1,0,10
5171,rock225125,2,,0,0,10
5172,rock225150,2,,0,0,10
5173,rock225200,2,,0,0,1
5174,rock225250,2,,0,0,1
5175,rock225300,2,,0,0,1
5176,rock225350,2,,0,0,1
5177,rock225375,2,,0,0,1
5178,rock225400,2,,0,0,1
5179,rock225500,2,,0,0,1
5180,rock225600,2,,0,0,1
5181,rock225700,2,,0,0,1
5182,rock225750,2,,0,0,1
5183,rock225800,2,,0,0,1
5184,rock240015,2,,0,0,1
5185,rock240020,2,,0,0,1
5186,rock240025,2,,0,0,1
5187,rock240032,2,,0,0,1
5188,rock240040,2,,0,0,1
5189,rock240050,2,,0,0,1
5190,rock240065,2,,0,0,1
5191,rock240080,2,,0,0,1
5192,rock240100,2,,0,0,1
5193,rock240125,2,,0,0,1
5194,rock240150,2,,0,0,1
5195,rock240250,2,,0,0,1
5196,rock240300,2,,0,0,1
5197,rock250015,2,,4,0,20
5198,rock250020,2,,0,0,20
5199,rock250025,2,,0,0,20
5200,rock250032,2,,138,0,20
5201,rock250040,2,,0,0,20
5202,rock250050,2,,0,0,20
5203,rock250065,2,,235,0,20
5204,rock250080,2,,0,0,20
5205,rock250100,2,,0,0,20
5206,rock250125,2,,173,0,20
5207,rock250150,2,,0,0,20
5208,rock250200,2,,0,0,1
5209,rock250250,2,,0,0,1
5210,rock250300,2,,0,0,1
5211,rock250350,2,,0,0,1
5212,rock250400,2,,0,0,1
5213,rock250500,2,,0,0,1
5214,rock325080,2,,0,0,1
5215,rock350060,2,,0,0,8
5216,rock350080,2,,0,0,1
5217,rock350100,2,,0,0,1
5218,rock425060,2,,0,0,1
5219,rock450060,2,,0,0,1
5220,rock450080,2,,0,0,1
5221,ruci001013,2,,0,0,1
5222,ruci001020,2,,0,0,1
5223,ruci001025,2,,0,0,1
5224,ruci001050,2,,0,0,1
5225,ruci001080,2,,0,0,1
5226,ruci001100,2,,0,0,1
5227,ruci222050,2,,0,0,1
5228,ruci223050,2,,0,0,1
5229,ruci223100,2,,0,0,1
5230,ruci224050,2,,0,0,1
5231,ruci225050,2,,0,0,1
5232,ruci225100,2,,0,0,1
5233,ruci226065,2,,0,0,1
5234,ruci226100,2,,0,0,1
5235,ruci227015,2,,0,0,1
5236,ruci228020,2,,0,0,1
5237,ruci228032,2,,0,0,1
5238,ruci228100,2,,0,0,1
5239,ruci229015,2,,0,0,1
5240,ruci230015,2,,0,0,1
5241,ruci230100,2,,0,0,1
5242,ruci231015,2,,0,0,1
5243,ruci302032,2,,0,0,1
5244,sada000000,2,,0,0,1
5245,sada015015,2,,0,0,1
5246,sada020020,2,,0,0,5
5247,sada025025,2,,0,0,10
5248,sada030030,2,,0,0,10
5249,sada035035,2,,0,0,1
5250,sada040040,2,,0,0,5
5251,sada045045,2,,0,0,1
5252,sada050050,2,,0,0,1
5253,sada055055,2,,0,0,1
5254,sada060060,2,,0,0,1
5255,sadp025025,2,,0,0,1
5256,sadp040040,2,,0,0,1
5257,saga000000,2,,0,0,1
5258,saga012120,2,,0,0,1
5259,saga015015,2,,0,0,1
5260,saga020020,2,,0,0,1
5261,saga025025,2,,0,0,1
5262,saga030020,2,,0,0,1
5263,saga030030,2,,0,0,1
5264,saga030050,2,,0,0,1
5265,saga035035,2,,0,0,1
5266,saga040015,2,,0,0,1
5267,saga04040,2,,2,0,1
5268,saga050014,2,,0,0,1
5269,saga067044,2,,0,0,1
5270,saga073015,2,,0,0,1
5271,saga074029,2,,0,0,1
5272,saga074030,2,,0,0,1
5273,saga074031,2,,0,0,1
5274,saga074034,2,,0,0,1
5275,saga074036,2,,0,0,1
5276,saga075012,2,,0,0,1
5277,saga075015,2,,0,0,1
5278,saga078039,2,,0,0,1
5279,saga080040,2,,0,0,1
5280,saga100010,2,,0,0,1
5281,saga100015,2,,0,0,1
5282,saga153028,2,,0,0,1
5283,saga153029,2,,0,0,1
5284,saga153030,2,,0,0,1
5285,saga153031,2,,0,0,1
5286,saga153036,2,,0,0,1
5287,saga159029,2,,0,0,1
5288,saga795044,2,,0,0,1
5289,sagi100030,2,,0,0,20
5290,sagi100101,2,,0,0,40
5291,sagi100103,2,,0,0,40
5292,sagi100106,2,,0,0,80
5293,sagi100110,2,,0,0,80
5294,sagi100120,2,,0,0,40
5295,sagi100130,2,,0,0,40
5296,sagi110106,2,,0,0,20
5297,sagi111106,2,,0,0,40
5298,sagi111110,2,,0,0,40
5299,sagi111130,2,,0,0,40
5300,sagi200130,2,,0,0,20
5303,sagi400106,2,,0,0,10
5304,sagi500106,2,,0,0,10
5305,sagi600106,2,,0,0,10
5306,sagi700130,2,,0,0,1
5307,sagi800103,2,,114,0,10
5309,sagi800110,2,,0,0,10
5311,sagi800130,2,,282,0,10
5313,sagp040040,2,,0,0,1
5320,scgh170053,2,,0,0,1
5326,schg045350,2,,0,0,1
5327,schg100015,2,,0,0,1
5328,schg100020,2,,0,0,1
5329,schg100025,2,,0,0,1
5330,schg100032,2,,0,0,1
5331,schg100040,2,,0,0,1
5332,schg100050,2,,0,0,1
5333,schg100065,2,,0,0,1
5334,schg100080,2,,0,0,1
5335,schg100100,2,,0,0,1
5336,schg100125,2,,0,0,1
5337,schg100150,2,,0,0,1
5338,schg100200,2,,0,0,1
5339,schg100250,2,,0,0,1
5340,schg100300,2,,0,0,1
5341,schg100350,2,,0,0,1
5342,schg100400,2,,0,0,1
5343,schg100450,2,,0,0,1
5344,schg100500,2,,0,0,1
5345,schg110015,2,,0,0,1
5346,schg110020,2,,0,0,1
5347,schg110025,2,,0,0,1
5348,schg110032,2,,0,0,1
5349,schg110040,2,,0,0,1
5350,schg110050,2,,0,0,1
5351,schg110065,2,,0,0,1
5352,schg110080,2,,0,0,1
5353,schg110100,2,,0,0,1
5354,schg110125,2,,0,0,1
5355,schg110150,2,,0,0,1
5356,schg110200,2,,0,0,1
5357,schg110250,2,,0,0,1
5358,schg110300,2,,0,0,1
5359,schg110350,2,,0,0,1
5360,schg110400,2,,0,0,1
5361,schg110450,2,,0,0,1
5362,schg110500,2,,0,0,1
5363,schg170025,2,,0,0,1
5364,schg170026,2,,0,0,1
5365,schg170032,2,,0,0,1
5366,schg170033,2,,0,0,1
5367,schg170034,2,,0,0,1
5368,schg170040,2,,0,0,1
5369,schg170041,2,,0,0,1
5370,schg170042,2,,0,0,1
5371,schg170043,2,,0,0,1
5372,schg170050,2,,0,0,1
5373,schg170051,2,,0,0,1
5374,schg170052,2,,0,0,1
5375,schg170054,2,,0,0,1
5376,schg170065,2,,0,0,1
5377,schg170066,2,,0,0,1
5378,schg170067,2,,0,0,1
5379,schg170068,2,,0,0,1
5380,schg170080,2,,0,0,1
5381,schg170081,2,,0,0,1
5382,schg170082,2,,0,0,1
5383,schg170083,2,,0,0,1
5384,schg170084,2,,0,0,1
5385,schg170101,2,,0,0,1
5386,schg170102,2,,0,0,1
5387,schg170103,2,,0,0,1
5388,schg170104,2,,0,0,1
5389,schg170105,2,,0,0,1
5390,schg170125,2,,0,0,1
5391,schg170150,2,,0,0,1
5392,schg170151,2,,0,0,1
5393,schg170152,2,,0,0,1
5394,schg170153,2,,0,0,1
5395,schg170154,2,,0,0,1
5396,schg170200,2,,0,0,1
5397,schg170250,2,,0,0,1
5398,schg170300,2,,0,0,1
5399,schg170350,2,,0,0,1
5400,schg180025,2,,0,0,1
5401,schg180030,2,,0,0,1
5402,schg180032,2,,0,0,1
5403,schg180033,2,,0,0,1
5404,schg180034,2,,0,0,1
5405,schg180040,2,,0,0,1
5406,schg180041,2,,0,0,1
5407,schg180042,2,,0,0,1
5408,schg180050,2,,0,0,1
5409,schg180051,2,,0,0,1
5410,schg180052,2,,0,0,1
5411,schg180053,2,,0,0,1
5412,schg180065,2,,0,0,1
5413,schg180066,2,,0,0,1
5414,schg180080,2,,0,0,1
5415,schg180081,2,,0,0,1
5416,schg180082,2,,0,0,1
5417,schg180083,2,,0,0,1
5418,schg180084,2,,0,0,1
5419,schg180100,2,,0,0,1
5420,schg180101,2,,0,0,1
5421,schg180102,2,,0,0,1
5422,schg180103,2,,0,0,1
5423,schg180104,2,,0,0,1
5424,schg180105,2,,0,0,1
5425,schg180125,2,,0,0,1
5426,schg180150,2,,0,0,1
5427,schg180151,2,,0,0,1
5428,schg180152,2,,0,0,1
5429,schg180153,2,,0,0,1
5430,schg180200,2,,0,0,1
5431,schg180250,2,,0,0,1
5432,schg180300,2,,0,0,1
5433,schg180350,2,,0,0,1
5434,schg180351,2,,0,0,1
5435,schi021065,2,,0,0,1
5436,schi045032,2,,0,0,1
5437,schi045040,2,,0,0,1
5438,schi045050,2,,0,0,1
5439,schi045065,2,,0,0,1
5440,schi045080,2,,0,0,1
5441,schi045100,2,,0,0,1
5442,schi045150,2,,0,0,1
5443,schi045200,2,,0,0,1
5444,schi045250,2,,0,0,1
5445,schi045350,2,,0,0,1
5446,schi100015,2,,0,0,1
5447,schi100020,2,,0,0,1
5448,schi100025,2,,0,0,1
5449,schi100032,2,,0,0,1
5450,schi100040,2,,0,0,1
5451,schi100050,2,,0,0,1
5452,schi100065,2,,0,0,1
5453,schi100080,2,,0,0,3
5454,schi100100,2,,0,0,3
5455,schi100125,2,,0,0,1
5456,schi100150,2,,5,0,1
5457,schi100200,2,,0,0,1
5458,schi100250,2,,0,0,1
5459,schi100300,2,,0,0,1
5460,schi100350,2,,0,0,1
5461,schi100400,2,,0,0,1
5462,schi100450,2,,0,0,1
5463,schi100500,2,,0,0,1
5464,schi101100,2,,0,0,1
5465,schi110015,2,,0,0,1
5466,schi110020,2,,0,0,1
5467,schi110025,2,,0,0,1
5468,schi110032,2,,0,0,1
5469,schi110040,2,,0,0,1
5470,schi110050,2,,0,0,1
5471,schi110065,2,,0,0,1
5472,schi110080,2,,0,0,2
5473,schi110100,2,,0,0,2
5474,schi110125,2,,0,0,1
5475,schi110150,2,,0,0,1
5476,schi110200,2,,0,0,1
5477,schi110250,2,,0,0,1
5478,schi110300,2,,0,0,1
5479,schi110350,2,,0,0,1
5480,schi110400,2,,0,0,1
5481,schi110450,2,,0,0,1
5482,schi110500,2,,0,0,1
5483,schi170020,2,,0,0,1
5484,schi170025,2,,0,0,1
5485,schi170026,2,,0,0,1
5486,schi170032,2,,0,0,1
5487,schi170033,2,,0,0,1
5488,schi170034,2,,0,0,1
5489,schi170040,2,,0,0,1
5490,schi170041,2,,0,0,1
5491,schi170042,2,,0,0,1
5492,schi170043,2,,0,0,1
5493,schi170050,2,,0,0,1
5494,schi170051,2,,0,0,1
5495,schi170052,2,,0,0,1
5496,schi170053,2,,0,0,1
5497,schi170054,2,,0,0,1
5498,schi170065,2,,0,0,1
5499,schi170066,2,,0,0,1
5500,schi170067,2,,0,0,1
5501,schi170068,2,,0,0,1
5502,schi170069,2,,0,0,1
5503,schi170080,2,,0,0,1
5504,schi170081,2,,0,0,1
5505,schi170082,2,,0,0,1
5506,schi170083,2,,0,0,1
5507,schi170084,2,,0,0,1
5508,schi170100,2,,0,0,1
5509,schi170101,2,,0,0,1
5510,schi170102,2,,0,0,1
5511,schi170103,2,,0,0,1
5512,schi170104,2,,0,0,1
5513,schi170105,2,,0,0,1
5514,schi170125,2,,0,0,1
5515,schi170126,2,,0,0,1
5516,schi170127,2,,0,0,1
5517,schi170128,2,,0,0,1
5518,schi170150,2,,0,0,1
5519,schi170151,2,,0,0,1
5520,schi170152,2,,0,0,1
5521,schi170153,2,,0,0,1
5522,schi170154,2,,0,0,1
5523,schi170156,2,,0,0,1
5524,schi170200,2,,0,0,1
5525,schi170201,2,,0,0,1
5526,schi170250,2,,0,0,1
5527,schi170300,2,,0,0,1
5528,schi170350,2,,0,0,1
5529,schi180020,2,,0,0,1
5530,schi180025,2,,0,0,1
5531,schi180030,2,,0,0,1
5532,schi180032,2,,0,0,1
5533,schi180033,2,,0,0,1
5534,schi180034,2,,0,0,1
5535,schi180040,2,,0,0,1
5536,schi180041,2,,0,0,1
5537,schi180042,2,,0,0,1
5538,schi180043,2,,0,0,1
5539,schi180050,2,,0,0,1
5540,schi180051,2,,0,0,1
5541,schi180052,2,,0,0,1
5542,schi180053,2,,0,0,1
5543,schi180065,2,,0,0,1
5544,schi180066,2,,0,0,1
5545,schi180067,2,,0,0,1
5546,schi180068,2,,0,0,1
5547,schi180079,2,,0,0,1
5548,schi180080,2,,0,0,1
5549,schi180081,2,,0,0,1
5550,schi180082,2,,0,0,1
5551,schi180083,2,,0,0,1
5552,schi180100,2,,0,0,1
5553,schi180101,2,,0,0,1
5554,schi180102,2,,0,0,1
5555,schi180103,2,,0,0,1
5556,schi180104,2,,0,0,1
5557,schi180105,2,,0,0,1
5558,schi180125,2,,0,0,1
5559,schi180126,2,,0,0,1
5560,schi180150,2,,0,0,1
5561,schi180151,2,,0,0,1
5562,schi180152,2,,0,0,1
5563,schi180153,2,,0,0,1
5564,schi180154,2,,0,0,1
5565,schi180200,2,,0,0,1
5566,schi180201,2,,0,0,1
5567,schi180250,2,,0,0,1
5568,schi180300,2,,0,0,1
5569,schi180350,2,,0,0,1
5570,schi180400,2,,0,0,1
5571,schi181032,2,,0,0,1
5572,schi181050,2,,0,0,1
5573,schi190040,2,,0,0,1
5574,schi190050,2,,0,0,1
5575,schi190051,2,,0,0,1
5576,schi190067,2,,0,0,1
5577,schi190200,2,,0,0,1
5578,schi190201,2,,0,0,1
5579,schi210015,2,,0,0,1
5580,schi210020,2,,0,0,1
5581,schi210025,2,,0,0,1
5582,schi210032,2,,0,0,1
5583,schi210040,2,,0,0,1
5584,schi210050,2,,0,0,1
5585,schi210065,2,,0,0,1
5586,schi210080,2,,0,0,1
5587,schi210150,2,,0,0,1
5588,schi210200,2,,0,0,1
5589,schi410025,2,,0,0,1
5590,schi410042,2,,0,0,1
5591,schi410050,2,,0,0,1
5592,schi470080,2,,0,0,1
5593,schi470150,2,,0,0,1
5594,schi500040,2,,0,0,1
5595,schs100100,2,,0,0,1
5596,schs100150,2,,0,0,1
5597,scia001050,2,,0,0,1
5598,sciv016080,2,,0,0,1
5602,scvi150150,2,,0,0,1
5603,sdkn000003,2,,0,0,30
5604,sdkn000006,2,,0,0,30
5605,sdkn000007,2,,92,0,1
5606,sdkn000009,2,,0,0,1
5607,sdkn000015,2,,26,0,10
5608,sdkn000020,2,,1,0,1
5609,sdkn000025,2,,0,0,1
5610,sdkn000032,2,,0,0,1
5611,sdkn000040,2,,0,0,1
5612,sdkn000050,2,,0,0,1
5613,sera000001,2,,0,0,1
5614,sera120000,2,,1,0,10
5615,sera125000,2,,3,0,10
5616,sera132000,2,,2,0,10
5617,sera140000,2,,32,0,10
5618,sera150000,2,,13,0,5
5619,sera163000,2,,0,0,3
5620,sera172012,2,,0,0,10
5621,sera182012,2,,0,0,10
5622,sera182534,2,,10,0,10
5623,sera183210,2,,0,0,10
5624,sera192012,2,,372,0,10
5625,sera225200,2,,0,0,10
5626,sera232200,2,,10,0,10
5627,sera232250,2,,35,0,10
5628,sera240200,2,,89,0,10
5629,sera240250,2,,101,0,10
5630,sera250400,2,,39,0,1
5631,sera263500,2,,34,0,1
5632,sera311000,2,,1,0,2
5633,sera375000,2,,7,0,2
5634,sera390000,2,,6,0,2
5635,sera420000,2,,25,0,10
5636,sera425000,2,,104,0,10
5637,sera432000,2,,51,0,10
5638,sera440000,2,,38,0,10
5639,sera450000,2,,35,0,5
5640,sera463000,2,,33,0,5
5641,sera525200,2,,0,0,10
5642,sera532200,2,,2,0,10
5643,sera532250,2,,58,0,10
5644,sera540250,2,,90,0,1
5645,sera540320,2,,82,0,1
5646,sera550400,2,,48,0,1
5647,sera563500,2,,49,0,1
5648,sera720000,2,,0,0,10
5649,sera725000,2,,22,0,10
5650,sera732000,2,,2,0,10
5651,sera740000,2,,14,0,10
5652,sera750000,2,,15,0,1
5653,sera763000,2,,0,0,1
5654,sgpg100015,2,,0,0,1
5655,sgpg100020,2,,0,0,1
5656,SGPG100025,2,,0,0,1
5657,sgpg100032,2,,0,0,1
5658,sgpg100040,2,,0,0,1
5659,sgpg100050,2,,1,0,1
5660,sgpg100065,2,,0,0,1
5661,sgpg100080,2,,0,0,1
5662,sgpg100100,2,,0,0,1
5663,sgpg100125,2,,0,0,1
5664,sgpg100150,2,,0,0,1
5665,sgpg100200,2,,0,0,1
5666,sgpg100250,2,,0,0,1
5667,sgpg100300,2,,0,0,1
5668,sgpg100350,2,,0,0,1
5669,sgpg100400,2,,0,0,1
5670,sgpg100450,2,,0,0,1
5671,sgpg100500,2,,0,0,1
5672,sgpg101200,2,,0,0,1
5673,sgpg110015,2,,0,0,1
5674,sgpg110020,2,,0,0,1
5675,sgpg110025,2,,0,0,1
5676,sgpg110032,2,,0,0,1
5677,sgpg110040,2,,0,0,1
5678,sgpg110050,2,,0,0,1
5679,sgpg110065,2,,0,0,1
5680,sgpg110080,2,,0,0,1
5681,sgpg110100,2,,1,0,1
5682,sgpg110125,2,,0,0,1
5683,sgpg110150,2,,0,0,1
5684,sgpg110200,2,,0,0,1
5685,sgpg110250,2,,0,0,1
5686,sgpg110300,2,,0,0,1
5687,sgpg110350,2,,0,0,1
5688,sgpg110400,2,,0,0,1
5689,sgpg110450,2,,0,0,1
5690,sgpg110500,2,,0,0,1
5691,sgpg145020,2,,0,0,1
5692,sgpg145032,2,,0,0,1
5693,sgpg145040,2,,0,0,1
5694,sgpg145050,2,,0,0,1
5695,sgpg145065,2,,0,0,1
5696,sgpg145080,2,,0,0,1
5697,sgpg145100,2,,0,0,1
5698,sgpg145300,2,,0,0,1
5699,sgpg170020,2,,0,0,1
5700,sgpg170025,2,,0,0,1
5701,sgpg170032,2,,0,0,1
5702,sgpg170033,2,,0,0,1
5703,sgpg170035,2,,0,0,1
5704,sgpg170040,2,,0,0,1
5705,sgpg170041,2,,0,0,1
5706,sgpg170042,2,,0,0,1
5707,sgpg170043,2,,0,0,1
5708,sgpg170050,2,,0,0,1
5709,sgpg170051,2,,0,0,1
5710,sgpg170052,2,,0,0,1
5711,sgpg170053,2,,0,0,1
5712,sgpg170065,2,,0,0,1
5713,sgpg170067,2,,0,0,1
5714,sgpg170068,2,,0,0,1
5715,sgpg170069,2,,0,0,1
5716,sgpg170070,2,,0,0,1
5717,sgpg170071,2,,0,0,1
5718,sgpg170080,2,,0,0,1
5719,sgpg170081,2,,0,0,1
5720,sgpg170082,2,,0,0,1
5721,sgpg170083,2,,0,0,1
5722,sgpg170084,2,,0,0,1
5723,sgpg170100,2,,0,0,1
5724,sgpg170101,2,,0,0,1
5725,sgpg170102,2,,0,0,1
5726,sgpg170103,2,,0,0,1
5727,sgpg170125,2,,0,0,1
5728,sgpg170126,2,,0,0,1
5729,sgpg170150,2,,0,0,1
5730,sgpg170200,2,,0,0,1
5731,sgpg170201,2,,0,0,1
5732,sgpg170202,2,,0,0,1
5733,sgpg170203,2,,0,0,1
5734,sgpg170204,2,,0,0,1
5735,sgpg170250,2,,0,0,1
5736,sgpg170300,2,,0,0,1
5737,sgpg170350,2,,0,0,1
5738,sgpg170400,2,,0,0,1
5739,sgpg180020,2,,0,0,1
5740,sgpg180025,2,,0,0,1
5741,sgpg180026,2,,0,0,1
5742,sgpg180032,2,,0,0,1
5743,sgpg180033,2,,0,0,1
5744,sgpg180040,2,,0,0,1
5745,sgpg180041,2,,0,0,1
5746,sgpg180050,2,,0,0,1
5747,sgpg180051,2,,0,0,1
5748,sgpg180052,2,,0,0,1
5749,sgpg180053,2,,0,0,1
5750,sgpg180065,2,,0,0,1
5751,sgpg180066,2,,0,0,1
5752,sgpg180067,2,,0,0,1
5753,sgpg180068,2,,0,0,1
5754,sgpg180080,2,,0,0,1
5755,sgpg180081,2,,0,0,1
5756,sgpg180082,2,,0,0,1
5757,sgpg180083,2,,0,0,1
5758,sgpg180084,2,,0,0,1
5759,sgpg180100,2,,0,0,1
5760,sgpg180101,2,,0,0,1
5761,sgpg180102,2,,0,0,1
5762,sgpg180106,2,,0,0,1
5763,sgpg180125,2,,0,0,1
5764,sgpg180126,2,,0,0,1
5765,sgpg180127,2,,0,0,1
5766,sgpg180150,2,,0,0,1
5767,sgpg180151,2,,0,0,1
5768,sgpg180200,2,,0,0,1
5769,sgpg180250,2,,0,0,1
5770,sgpg180251,2,,0,0,1
5771,sgpg180252,2,,0,0,1
5772,sgpg180253,2,,0,0,1
5773,sgpg180300,2,,0,0,1
5774,sgpg180350,2,,0,0,1
5775,sgpg180400,2,,0,0,1
5776,sgpg190065,2,,0,0,1
5777,sgpg190080,2,,0,0,1
5778,sgpi100015,2,,0,0,1
5779,sgpi100020,2,,0,0,1
5780,sgpi100025,2,,0,0,1
5781,sgpi100032,2,,0,0,1
5782,sgpi100040,2,,2,0,1
5783,sgpi100050,2,,0,0,1
5784,sgpi100065,2,,1,0,1
5785,sgpi100080,2,,1,0,1
5786,sgpi100100,2,,0,0,1
5787,sgpi100125,2,,0,0,1
5788,sgpi100150,2,,7,0,1
5789,sgpi100200,2,,0,0,1
5790,sgpi100250,2,,0,0,1
5791,sgpi100300,2,,0,0,1
5792,sgpi100350,2,,0,0,1
5793,sgpi100400,2,,0,0,1
5794,sgpi100450,2,,0,0,1
5795,sgpi100500,2,,0,0,1
5796,sgpi101050,2,,0,0,1
5797,sgpi101100,2,,0,0,1
5798,sgpi101200,2,,0,0,1
5799,sgpi110015,2,,0,0,1
5800,sgpi110020,2,,0,0,1
5801,sgpi110025,2,,0,0,1
5802,sgpi110032,2,,0,0,1
5803,sgpi110040,2,,0,0,1
5804,sgpi110050,2,,11,0,1
5805,sgpi110065,2,,5,0,1
5806,sgpi110080,2,,0,0,1
5807,sgpi110100,2,,0,0,1
5808,sgpi110125,2,,1,0,1
5809,sgpi110150,2,,0,0,1
5810,sgpi110200,2,,0,0,1
5811,sgpi110250,2,,0,0,1
5812,sgpi110300,2,,0,0,1
5813,sgpi110350,2,,0,0,1
5814,sgpi110400,2,,0,0,1
5815,sgpi110450,2,,0,0,1
5816,sgpi110500,2,,0,0,1
5817,sgpi145020,2,,0,0,1
5818,sgpi145025,2,,0,0,1
5819,sgpi145040,2,,0,0,1
5820,sgpi145050,2,,0,0,1
5821,sgpi145065,2,,0,0,1
5822,sgpi145080,2,,0,0,1
5823,sgpi145100,2,,0,0,1
5824,sgpi145125,2,,0,0,1
5825,sgpi145150,2,,0,0,1
5826,sgpi145300,2,,0,0,1
5827,sgpi170020,2,,0,0,1
5828,sgpi170025,2,,0,0,1
5829,sgpi170026,2,,0,0,1
5830,sgpi170032,2,,0,0,1
5831,sgpi170035,2,,0,0,1
5832,sgpi170036,2,,0,0,1
5833,sgpi170040,2,,0,0,1
5834,sgpi170041,2,,0,0,1
5835,sgpi170042,2,,0,0,1
5836,sgpi170043,2,,0,0,1
5837,sgpi170050,2,,36,0,1
5838,sgpi170051,2,,34,0,1
5839,sgpi170052,2,,9,0,1
5840,sgpi170053,2,,0,0,1
5841,sgpi170054,2,,0,0,1
5842,sgpi170060,2,,0,0,1
5843,sgpi170061,2,,0,0,1
5844,sgpi170065,2,,2,0,1
5845,sgpi170066,2,,0,0,1
5846,sgpi170067,2,,0,0,1
5847,sgpi170068,2,,0,0,1
5848,sgpi170080,2,,0,0,1
5849,sgpi170081,2,,0,0,1
5850,sgpi170082,2,,0,0,1
5851,sgpi170083,2,,1,0,1
5852,sgpi170084,2,,0,0,1
5853,sgpi170100,2,,0,0,1
5854,sgpi170101,2,,0,0,1
5855,sgpi170102,2,,0,0,1
5856,sgpi170103,2,,0,0,1
5857,sgpi170104,2,,0,0,1
5858,sgpi170105,2,,0,0,1
5859,sgpi170125,2,,0,0,1
5860,sgpi170126,2,,0,0,1
5861,sgpi170150,2,,0,0,1
5862,sgpi170151,2,,0,0,1
5863,sgpi170153,2,,0,0,1
5864,sgpi170154,2,,0,0,1
5865,sgpi170200,2,,0,0,1
5866,sgpi170201,2,,0,0,1
5867,sgpi170202,2,,0,0,1
5868,sgpi170204,2,,0,0,1
5869,sgpi170205,2,,0,0,1
5870,sgpi170250,2,,0,0,1
5871,sgpi170300,2,,0,0,1
5872,sgpi170350,2,,0,0,1
5873,sgpi170400,2,,0,0,1
5874,sgpi180020,2,,0,0,1
5875,sgpi180025,2,,0,0,1
5876,sgpi180026,2,,0,0,1
5877,sgpi180032,2,,0,0,1
5878,sgpi180033,2,,0,0,1
5879,sgpi180034,2,,0,0,1
5880,sgpi180040,2,,0,0,1
5881,sgpi180041,2,,0,0,1
5882,sgpi180042,2,,0,0,1
5883,sgpi180050,2,,0,0,1
5884,sgpi180051,2,,0,0,1
5885,sgpi180052,2,,0,0,1
5886,sgpi180053,2,,0,0,1
5887,sgpi180060,2,,0,0,1
5888,sgpi180065,2,,0,0,1
5889,sgpi180066,2,,0,0,1
5890,sgpi180067,2,,0,0,1
5891,sgpi180068,2,,0,0,1
5892,sgpi180080,2,,0,0,1
5893,SGPI180081,2,,0,0,1
5894,sgpi180082,2,,0,0,1
5895,sgpi180083,2,,0,0,1
5896,sgpi180084,2,,0,0,1
5897,sgpi180100,2,,2,0,1
5898,sgpi180101,2,,0,0,1
5899,sgpi180102,2,,0,0,1
5900,sgpi180106,2,,0,0,1
5901,sgpi180107,2,,0,0,1
5902,sgpi180124,2,,0,0,1
5903,sgpi180125,2,,0,0,1
5904,sgpi180126,2,,0,0,1
5905,sgpi180127,2,,0,0,1
5906,sgpi180128,2,,0,0,1
5907,sgpi180150,2,,0,0,1
5908,sgpi180151,2,,0,0,1
5909,sgpi180152,2,,0,0,1
5910,sgpi180153,2,,0,0,1
5911,sgpi180154,2,,0,0,1
5912,sgpi180200,2,,0,0,1
5913,sgpi180201,2,,0,0,1
5914,sgpi180202,2,,0,0,1
5915,sgpi180250,2,,0,0,1
5916,sgpi180300,2,,0,0,1
5917,sgpi180301,2,,0,0,1
5918,sgpi180350,2,,0,0,1
5919,sgpi180400,2,,0,0,1
5920,sgpi180500,2,,0,0,1
5921,sgpi180600,2,,0,0,1
5922,sgpi190065,2,,0,0,1
5923,sgpi190080,2,,0,0,1
5924,sgpi190100,2,,0,0,1
5925,sgpi190300,2,,0,0,1
5926,sgpi200025,2,,0,0,1
5927,sgpi200040,2,,0,0,1
5928,sgpi200065,2,,0,0,1
5929,sgpi200080,2,,2,0,1
5930,sgpi200100,2,,0,0,1
5931,sgpi200150,2,,0,0,1
5932,sgpi200200,2,,0,0,1
5935,sgtt000025,2,,65,0,5
5938,sgtt001025,2,,0,0,30
5939,sgtt001026,2,,11,0,1
5942,sika000002,2,,0,0,1
5943,sika405004,2,,0,0,100
5944,sika405006,2,,0,0,100
5945,sika405010,2,,0,0,30
5946,sika405015,2,,0,0,30
5947,sika405025,2,,0,0,30
5948,sika410004,2,,0,0,30
5949,sika410006,2,,0,0,30
5950,sika410010,2,,0,0,30
5951,sika410015,2,,0,0,30
5952,sika412004,2,,0,0,30
5953,sika412006,2,,0,0,30
5954,sika412010,2,,0,0,30
5955,sika416004,2,,0,0,30
5956,sika416006,2,,0,0,30
5957,sika420004,2,,0,0,30
5958,sika420006,2,,0,0,30
5959,sika505004,2,,0,0,30
5960,sika505006,2,,0,0,30
5961,sika505010,2,,0,0,30
5962,sika505015,2,,0,0,30
5963,sika510004,2,,0,0,30
5964,sika510006,2,,0,0,30
5965,sika510010,2,,0,0,30
5966,sika510015,2,,0,0,30
5967,sika512004,2,,0,0,30
5968,sika512006,2,,0,0,30
5969,sika516004,2,,0,0,30
5970,sika516006,2,,0,0,30
5971,sika520004,2,,0,0,30
5972,sika520006,2,,0,0,30
5973,sika605004,2,,0,0,30
5974,sika605006,2,,0,0,30
5975,sika610010,2,,0,0,1
5976,sika705006,2,,0,0,1
5977,sika710006,2,,0,0,1
5978,sika760006,2,,0,0,10
5979,sika760010,2,,0,0,10
5980,sika960006,2,,0,0,10
5981,sika960010,2,,0,0,10
5982,sipo000006,2,,21,0,1
5983,sipo000009,2,,0,0,1
5984,sipo000015,2,,0,0,5
5985,sipo000016,2,,0,0,1
5986,sipo100006,2,,0,0,1
5987,sipo100009,2,,0,0,1
5988,sipo100015,2,,0,0,1
5989,sjcu900028,2,,0,0,3
5990,sjcu900035,2,,0,0,3
5991,sjcu900042,2,,0,0,3
5992,sjcu900054,2,,0,0,3
5993,sjcu900067,2,,0,0,3
5994,sjcu900080,2,,0,0,3
5995,sjcu900104,2,,0,0,3
5996,sjcu900159,2,,0,0,1
5997,skcr015015,2,,9,0,1
5998,skkn006003,2,,0,0,30
5999,skkn006006,2,,0,0,30
6000,skkn006007,2,,0,0,30
6001,skkn009006,2,,0,0,30
6002,skkn009009,2,,0,0,30
6003,skkn015006,2,,0,0,30
6004,skkn015009,2,,0,0,30
6005,skkn015010,2,,1002,0,1
6007,skkn015015,2,,0,0,70
6008,skkn015016,2,,0,0,1
6009,skkn015017,2,,0,0,1
6010,skkn016015,2,,0,0,1
6011,skkn020006,2,,0,0,20
6012,skkn020015,2,,0,0,30
6013,skkn020016,2,,0,0,1
6014,skkn020020,2,,0,0,30
6015,skkn025015,2,,0,0,10
6016,skkn025020,2,,0,0,10
6017,skkn025025,2,,0,0,10
6018,skkn032025,2,,0,0,1
6019,skkn032026,2,,0,0,1
6020,skkn050032,2,,0,0,1
6021,skkn050040,2,,0,0,1
6022,SKYD100102,2,,0,0,1
6023,skyd002008,2,,0,0,1
6024,slkn000020,2,,0,0,1
6025,smac400004,2,,32,0,2
6026,smac400006,2,,0,0,2
6027,smac500010,2,,4,0,2
6028,smad402015,2,,146,0,2
6029,smaf400004,2,,24,0,2
6030,smaf400006,2,,21,0,2
6031,smaf400010,2,,11,0,2
6032,smaf800032,2,,0,0,2
6033,smaw200002,2,,0,0,2
6034,smaw400004,2,,99,0,10
6035,smaw400006,2,,0,0,4
6036,smca168010,2,,6,0,1
6037,smed001001,2,,0,0,30
6038,smed001002,2,,0,0,30
6039,smed001003,2,,0,0,30
6040,smed001004,2,,0,0,30
6041,smed002101,2,,0,0,30
6042,smed002202,2,,0,0,30
6043,smed002203,2,,0,0,30
6044,smed002204,2,,0,0,30
6045,smed002205,2,,0,0,30
6046,socl001100,2,,0,0,1
6047,socl001150,2,,0,0,1
6048,socl003050,2,,0,0,1
6049,socl003080,2,,0,0,1
6050,socl003100,2,,0,0,1
6051,socl003125,2,,0,0,1
6052,socl003200,2,,0,0,1
6053,socl004050,2,,0,0,1
6054,socl004080,2,,0,0,1
6055,socl005100,2,,0,0,1
6056,sotb000016,2,,0,0,1
6057,sowa010065,2,,0,0,1
6058,spdc000006,2,,0,0,1
6059,spgt000000,2,,0,0,1
6060,spgt020010,2,,0,0,1
6061,spgt020012,2,,0,0,5
6062,spgt020015,2,,0,0,5
6063,spgt020020,2,,0,0,5
6064,spgt020030,2,,0,0,1
6065,sptu000006,2,,0,0,1
6066,sptu000008,2,,0,0,1
6067,ssch100015,2,,0,0,1
6068,ssch100020,2,,0,0,1
6069,ssch100025,2,,0,0,1
6070,ssch100040,2,,0,0,1
6071,ssch100050,2,,0,0,1
6072,ssch100080,2,,0,0,1
6073,ssch510015,2,,0,0,1
6074,ssch510040,2,,0,0,1
6075,ssch510050,2,,0,0,1
6076,ssch510065,2,,0,0,1
6077,ssch510080,2,,0,0,1
6078,ssch530050,2,,0,0,1
6079,ssch530053,2,,0,0,1
6080,ssch530080,2,,0,0,1
6081,ssch540025,2,,0,0,1
6082,ssch540050,2,,0,0,1
6083,ssch540065,2,,0,0,1
6084,ssch540080,2,,0,0,1
6085,ssch540081,2,,0,0,1
6086,ssch540082,2,,0,0,1
6087,ssdn000006,2,,0,0,10
6088,ssdn000009,2,,0,0,1
6089,ssdn000015,2,,0,0,15
6090,ssdn000020,2,,0,0,15
6091,ssdn000025,2,,0,0,15
6092,ssdn000032,2,,0,0,5
6093,ssdn000040,2,,0,0,5
6094,ssdn000050,2,,0,0,5
6095,ssdn000065,2,,0,0,2
6096,ssdn020015,2,,0,0,1
6097,ssdn025020,2,,0,0,1
6098,ssdo000015,2,,0,0,1
6099,ssdo000020,2,,0,0,1
6100,ssdo000025,2,,0,0,1
6101,ssdo000032,2,,0,0,1
6102,ssdo000040,2,,0,0,1
6103,ssdo000050,2,,0,0,1
6104,ssfl010020,2,,0,0,1
6105,ssfl010025,2,,0,0,1
6106,ssfl010040,2,,0,0,1
6107,ssfl010050,2,,0,0,1
6108,ssfl010065,2,,0,0,1
6109,ssfl010080,2,,0,0,1
6110,ssfl010100,2,,0,0,1
6111,ssfl011020,2,,0,0,1
6112,ssfl011080,2,,0,0,1
6113,ssfl011100,2,,0,0,1
6114,ssfl011125,2,,0,0,1
6115,ssfl020025,2,,0,0,1
6116,ssfl020040,2,,0,0,1
6117,sskn000006,2,,0,0,1
6118,sskn000008,2,,0,0,1
6119,sskn000009,2,,0,0,1
6120,sskn000013,2,,0,0,1
6121,sskn000016,2,,0,0,1
6122,sskn000019,2,,0,0,1
6123,ssks000006,2,,0,0,5
6124,ssks000009,2,,0,0,1
6125,ssks000013,2,,0,0,15
6126,ssks000020,2,,0,0,15
6127,ssks000025,2,,0,0,15
6128,ssks000032,2,,0,0,5
6129,ssks000040,2,,0,0,3
6130,ssks000050,2,,0,0,3
6131,ssks000080,2,,0,0,1
6132,ssks001006,2,,0,0,1
6133,ssmc100006,2,,0,0,1
6134,ssmc100009,2,,0,0,1
6135,ssmc100015,2,,0,0,1
6136,ssmc100020,2,,0,0,1
6137,ssmc100025,2,,0,0,1
6138,ssmc200015,2,,0,0,1
6139,ssns006006,2,,0,0,1
6140,ssns010009,2,,0,0,1
6141,ssns015009,2,,0,0,1
6142,ssns015013,2,,0,0,1
6143,ssns020020,2,,0,0,1
6144,ssns025020,2,,0,0,1
6145,ssns040040,2,,0,0,1
6146,sspl000006,2,,0,0,10
6147,sspl000009,2,,0,0,1
6148,sspl000013,2,,0,0,10
6149,sspl000025,2,,0,0,1
6150,sspl000032,2,,0,0,1
6151,sspl000050,2,,0,0,1
6152,sspl000080,2,,0,0,1
6153,sssk000006,2,,0,0,1
6154,sssk000015,2,,0,0,15
6155,sssk000020,2,,0,0,15
6156,sssk000025,2,,0,0,5
6157,sssk000032,2,,0,0,5
6158,sssk000040,2,,0,0,3
6159,sssk000050,2,,0,0,1
6160,sssk000080,2,,0,0,1
6161,sste000006,2,,0,0,10
6162,sste000009,2,,0,0,1
6163,sste000015,2,,0,0,15
6164,sste000020,2,,0,0,15
6165,sste000025,2,,0,0,5
6166,sste000032,2,,0,0,5
6167,sste000040,2,,0,0,5
6168,sste000050,2,,0,0,1
6169,sste000080,2,,0,0,1
6170,ssus150025,2,,0,0,1
6171,ssvr015006,2,,0,0,1
6172,ssvr015009,2,,0,0,10
6173,ssvr020015,2,,0,0,1
6174,ssvr025015,2,,0,0,1
6175,ssvr025020,2,,0,0,1
6176,ssvr032015,2,,0,0,1
6177,ssvr032019,2,,0,0,1
6178,ssvr032025,2,,0,0,1
6179,ssvr040015,2,,0,0,1
6180,ssvr040020,2,,0,0,1
6181,ssvr040032,2,,0,0,1
6182,ssvr050015,2,,0,0,1
6183,ssvr050025,2,,0,0,1
6184,ssvr050032,2,,0,0,1
6185,ssvr050040,2,,0,0,1
6186,ssvr080032,2,,0,0,1
6187,ssvs015006,2,,0,0,1
6188,ssvs020015,2,,0,0,1
6189,ssvs025015,2,,0,0,1
6190,ssvs025020,2,,0,0,1
6191,ssvs032015,2,,0,0,1
6192,ssvs032019,2,,0,0,1
6193,ssvs032025,2,,0,0,1
6194,ssvs040020,2,,0,0,1
6195,ssvs040025,2,,0,0,1
6196,ssvs040032,2,,0,0,1
6197,ssvs050025,2,,0,0,1
6198,ssvs050032,2,,0,0,1
6199,ssvs050040,2,,0,0,1
6200,ssvt015006,2,,0,0,1
6201,ssvt020015,2,,0,0,1
6202,ssvt025019,2,,0,0,1
6203,ssvt025020,2,,0,0,1
6204,ssvt032019,2,,0,0,1
6205,ssvt040015,2,,0,0,1
6206,ssvt050015,2,,0,0,1
6207,ssvt050025,2,,0,0,1
6208,ssvt050040,2,,0,0,1
6209,sswm000015,2,,0,0,5
6210,sswm000020,2,,0,0,5
6211,sswm000025,2,,0,0,5
6212,sswm000032,2,,0,0,5
6213,sswm000040,2,,0,0,1
6214,sswm000050,2,,0,0,1
6215,sswm000065,2,,0,0,1
6231,DTSTBG000006,2,,0,0,1000
6232,DTSTBG000008,2,,0,0,1000
6233,DTSTBG000009,2,,0,0,1000
6234,DTSTBG000013,2,,0,0,2000
6235,DTSTBG000015,2,,0,0,1000
6236,DTSTBG000016,2,,0,0,2000
6237,DTSTBG000019,2,,0,0,2000
6238,DTSTBG000022,2,,0,0,1000
6239,DTstbg000023,2,,0,0,1
6240,DTSTBG000025,2,,0,0,1000
6241,DTSTBG000028,2,,0,0,1000
6242,DTstbg000029,2,,0,0,1
6243,DTSTBG000032,2,,0,0,300
6244,DTSTBG000035,2,,0,0,1000
6245,DTstbg000036,2,,0,0,1000
6246,DTstbg000038,2,,0,0,1
6247,DTSTBG000042,2,,0,0,500
6248,DTstbg000043,2,,0,0,1
6249,DTSTBG000054,2,,0,0,200
6250,DTstbg000055,2,,0,0,1
6251,DTSTBG000067,2,,0,0,150
6252,DTstbg000068,2,,0,0,1
6253,DTSTBG000076,2,,0,0,1
6254,DTSTBG000080,2,,0,0,50
6255,DTSTBG000105,2,,0,0,10
6256,DTstbg000108,2,,0,0,2
6257,DTSTBG000156,2,,0,0,10
6258,DTstbg000159,2,,0,0,1
6259,stdl000025,2,,0,0,1
6260,stkn000022,2,,0,0,1
6261,stss000015,2,,0,0,1
6262,stss000020,2,,0,0,1
6263,stss000025,2,,0,0,2
6264,stss000032,2,,0,0,1
6265,stss000040,2,,0,0,1
6266,stss000050,2,,0,0,1
6267,stss000080,2,,0,0,1
6269,stty000100,2,,0,0,1
6272,styr025015,2,,0,0,30
6273,styr025020,2,,0,0,30
6274,styr025025,2,,0,0,30
6275,styr025032,2,,0,0,30
6276,styr025040,2,,0,0,30
6277,styr025050,2,,0,0,30
6278,styr025065,2,,0,0,30
6279,styr025080,2,,0,0,30
6280,styr025100,2,,0,0,30
6281,styr025125,2,,0,0,30
6282,styr025150,2,,0,0,30
6283,styr025200,2,,0,0,1
6284,styr025250,2,,0,0,1
6285,styr040065,2,,0,0,1
6286,styr050015,2,,0,0,1
6287,styr050020,2,,0,0,30
6288,styr050025,2,,0,0,30
6289,styr050032,2,,0,0,30
6290,styr050040,2,,0,0,30
6291,styr050050,2,,0,0,30
6292,styr050065,2,,0,0,30
6293,styr050080,2,,0,0,30
6294,styr050100,2,,0,0,30
6295,styr050125,2,,0,0,30
6296,styr050150,2,,0,0,30
6297,styr050200,2,,0,0,30
6298,styr050250,2,,0,0,1
6299,styr050300,2,,0,0,1
6300,styr051100,2,,0,0,1
6301,styr051125,2,,0,0,1
6302,styr051150,2,,0,0,1
6303,styr100001,2,,0,0,20
6304,styr100002,2,,0,0,20
6310,supl002013,2,,0,0,1
6313,supl003001,2,,0,0,1
6314,supl003002,2,,0,0,1
6315,supl003003,2,,0,0,5
6316,supl009006,2,,12,0,1
6317,supl009010,2,,0,0,1
6318,supl009013,2,,8,0,1
6319,supl009016,2,,11,0,1
6320,supl009019,2,,6,0,1
6321,supl009022,2,,3,0,1
6322,supl009025,2,,0,0,1
6323,supl009028,2,,3,0,1
6324,supl009032,2,,10,0,1
6325,supl009035,2,,15,0,1
6326,supl009042,2,,15,0,1
6327,supl009048,2,,0,0,1
6328,supl009054,2,,0,0,1
6329,supl009060,2,,25,0,1
6330,supl009067,2,,81,0,1
6331,supl009076,2,,12,0,1
6332,supl009089,2,,33,0,1
6333,supl013006,2,,12,0,1
6334,supl013009,2,,2,0,1
6335,supl013013,2,,25,0,1
6336,supl013016,2,,9,0,1
6337,supl013019,2,,29,0,1
6338,supl013022,2,,2,0,1
6339,supl013025,2,,19,0,1
6340,supl013028,2,,6,0,1
6341,supl013032,2,,96,0,1
6342,supl013035,2,,3,0,1
6343,supl013042,2,,46,0,1
6344,supl013048,2,,1,0,1
6345,supl013054,2,,11,0,1
6346,supl013060,2,,192,0,1
6347,supl013067,2,,141,0,1
6348,supl013080,2,,19,0,1
6349,supl013089,2,,5,0,1
6350,supl020006,2,,4,0,1
6351,supl020009,2,,6,0,1
6352,supl020013,2,,10,0,1
6353,supl020016,2,,5,0,1
6354,supl020019,2,,2,0,1
6355,supl020022,2,,0,0,1
6356,supl020025,2,,10,0,1
6357,supl020028,2,,2,0,1
6358,supl020032,2,,509,0,1
6359,supl020035,2,,1,0,1
6360,supl020042,2,,1,0,1
6361,supl020048,2,,14,0,1
6362,supl020054,2,,1,0,1
6363,supl020060,2,,5,0,1
6364,supl020067,2,,26,0,1
6365,supl020076,2,,60,0,1
6366,supl020089,2,,10,0,1
6367,supl020100,2,,0,0,1
6368,supl025009,2,,56,0,1
6369,supl025013,2,,12,0,1
6370,supl025016,2,,28,0,1
6371,supl025019,2,,10,0,1
6372,supl025022,2,,0,0,1
6373,supl025025,2,,14,0,1
6374,supl025028,2,,4,0,1
6375,supl025032,2,,2,0,1
6376,supl025035,2,,0,0,1
6377,supl025042,2,,1,0,1
6378,supl025048,2,,4,0,1
6379,supl025054,2,,2,0,1
6380,supl025060,2,,17,0,1
6381,supl025067,2,,0,0,1
6382,supl025076,2,,1,0,1
6383,supl025089,2,,7,0,1
6384,susf010022,2,,0,0,1
6386,susp000080,2,,0,0,1
6387,susp001003,2,,0,0,1
6388,susp001040,2,,0,0,1
6389,susp001050,2,,0,0,1
6390,susp001080,2,,0,0,1
6391,susp002050,2,,0,0,1
6392,susp002060,2,,0,0,1
6393,susp003040,2,,0,0,1
6395,svhs000020,2,,0,0,1
6397,svhs000032,2,,0,0,1
6398,svhs000040,2,,0,0,1
6400,svtl000032,2,,0,0,1
6401,svto000006,2,,0,0,1
6403,svtw000015,2,,0,0,30
6404,svtw000020,2,,0,0,30
6405,svtw000025,2,,0,0,30
6406,svtw000032,2,,0,0,30
6407,svtw000040,2,,0,0,30
6408,svtw000050,2,,0,0,30
6409,svtw000051,2,,0,0,2
6410,svtw001065,2,,4,0,2
6411,svtw001080,2,,0,0,2
6412,svtw001100,2,,0,0,2
6413,svtw001150,2,,2,0,2
6414,svtw002100,2,,0,0,1
6415,svtw016065,2,,0,0,1
6416,svtw016080,2,,0,0,1
6417,svtw016100,2,,0,0,1
6418,svtw016150,2,,0,0,1
6419,svtw020015,2,,0,0,3
6420,svtw020020,2,,0,0,5
6421,svtw021015,2,,0,0,5
6422,svtw201020,2,,0,0,5
6423,svtw703050,2,,0,0,2
6424,svtw703065,2,,0,0,2
6425,svtw703080,2,,0,0,2
6426,svtw703100,2,,0,0,3
6427,svtw703150,2,,0,0,2
6428,svtw703200,2,,0,0,1
6429,svwk000015,2,,0,0,1
6430,swmh100025,2,,0,0,3
6431,swmh100032,2,,7,0,3
6432,swmh100040,2,,8,0,3
6433,swmh100050,2,,13,0,3
6434,swmh100065,2,,10,0,3
6435,swmh100080,2,,1,0,3
6436,swmh200100,2,,8,0,2
6437,swmh200150,2,,2,0,2
6438,tabv000015,2,,0,0,1
6439,tabv000020,2,,0,0,1
6440,tabv000025,2,,0,0,1
6441,TATZ000200,2,,0,0,1
6442,TATZ000350,2,,0,0,1
6443,TATZ001015,2,,0,0,10
6444,TATZ001020,2,,0,0,10
6445,TATZ001025,2,,0,0,10
6446,TATZ001032,2,,0,0,10
6447,TATZ001040,2,,0,0,10
6448,TATZ001050,2,,0,0,10
6449,TATZ001065,2,,0,0,10
6450,tatz001066,2,,0,0,10
6451,TATZ001080,2,,0,0,3
6452,tatz001081,2,,24,0,3
6453,TATZ001100,2,,0,0,3
6454,tatz001101,2,,10,0,3
6455,TATZ001150,2,,6,0,1
6456,tatz002050,2,,0,0,3
6457,TATZ002065,2,,30,0,3
6458,TATZ002080,2,,49,0,3
6459,TATZ002100,2,,1,0,3
6460,TATZ002125,2,,12,0,3
6461,TATZ002150,2,,16,0,3
6462,TATZ002200,2,,3,0,1
6463,tatz002250,2,,0,0,1
6464,tatz003050,2,,12,0,2
6465,tatz003065,2,,14,0,2
6466,tatz003080,2,,0,0,2
6467,tatz003100,2,,1,0,2
6468,tatz003150,2,,11,0,2
6469,tatz003200,2,,2,0,2
6470,tatz004050,2,,0,0,2
6471,tatz004065,2,,11,0,2
6472,tatz004080,2,,0,0,2
6473,tatz004100,2,,1,0,2
6474,tatz004150,2,,11,0,2
6475,tatz004200,2,,3,0,2
6476,tatz005015,2,,0,0,5
6477,tatz005020,2,,0,0,5
6478,tatz005025,2,,0,0,5
6479,tatz005032,2,,0,0,5
6480,tatz005040,2,,0,0,5
6481,tatz005050,2,,0,0,5
6482,tatz005065,2,,0,0,5
6483,tatz005080,2,,0,0,5
6484,tatz005100,2,,0,0,5
6485,tatz005150,2,,0,0,3
6486,TATZ006020,2,,15,0,5
6487,TATZ006025,2,,0,0,3
6488,TATZ006032,2,,0,0,3
6489,TATZ006040,2,,2,0,3
6490,TATZ006050,2,,0,0,3
6491,TATZ007040,2,,16,0,5
6492,TATZ007050,2,,0,0,5
6493,TATZ007065,2,,12,0,5
6494,TATZ007080,2,,27,0,5
6495,TATZ007100,2,,22,0,5
6508,tcin005005,2,,1,0,100
6509,tcin006006,2,,0,0,100
6510,tcin008008,2,,0,0,100
6511,tcin009009,2,,0,0,100
6512,tcin010010,2,,0,0,100
6513,tcin012012,2,,0,0,100
6514,tcin015015,2,,0,0,100
6515,tcin020010,2,,0,0,1
6516,tdll005006,2,,0,0,1
6517,tecs065000,2,,14,0,1
6518,tecs065001,2,,2,0,1
6519,tecs065010,2,,1,0,1
6520,tecs065016,2,,1,0,1
6521,tecs065025,2,,32,0,1
6522,tecs145010,2,,3,0,1
6523,tecs145016,2,,0,0,1
6524,tecs160001,2,,1,0,1
6525,tecs160006,2,,8,0,1
6526,tecs160010,2,,2,0,1
6527,tecs160016,2,,1,0,1
6528,tecs160025,2,,2,0,1
6529,tecs165000,2,,12,0,1
6530,tecs165010,2,,1,0,1
6531,tecs165016,2,,0,0,1
6532,tecs665060,2,,0,0,1
6533,tecs665100,2,,0,0,1
6534,tfkn000006,2,,0,0,50
6535,tfkn000008,2,,0,0,50
6536,tfkn000009,2,,0,0,50
6537,tfkn000013,2,,0,0,50
6538,tfkn000016,2,,0,0,50
6539,tfkn000019,2,,0,0,50
6540,tgvl008150,2,,0,0,1
6541,ther009006,2,,0,0,100
6542,ther009010,2,,0,0,75
6543,ther009013,2,,0,0,75
6544,ther009016,2,,0,0,75
6545,ther009018,2,,0,0,75
6546,ther009022,2,,0,0,75
6547,ther009025,2,,6,0,75
6548,ther009028,2,,0,0,75
6549,ther009034,2,,0,0,50
6550,ther009035,2,,0,0,50
6551,ther009042,2,,0,0,50
6552,ther009048,2,,0,0,50
6553,ther009054,2,,0,0,50
6554,ther009060,2,,0,0,25
6555,ther009067,2,,0,0,1
6556,ther009076,2,,0,0,1
6557,ther009080,2,,0,0,1
6558,ther009089,2,,0,0,1
6559,ther013006,2,,0,0,70
6560,ther013010,2,,0,0,70
6561,ther013012,2,,0,0,70
6562,ther013016,2,,0,0,70
6563,ther013018,2,,0,0,50
6564,ther013022,2,,1,0,40
6565,ther013025,2,,0,0,30
6566,ther013028,2,,2,0,40
6567,ther013034,2,,0,0,40
6568,ther013035,2,,0,0,40
6569,ther013042,2,,0,0,30
6570,ther013048,2,,0,0,30
6571,ther013054,2,,0,0,30
6572,ther013060,2,,0,0,30
6573,ther013067,2,,0,0,1
6574,ther013076,2,,0,0,1
6575,ther013080,2,,0,0,1
6576,ther013089,2,,0,0,1
6577,ther013102,2,,0,0,1
6578,ther013114,2,,0,0,1
6579,ther020006,2,,0,0,20
6580,ther020010,2,,0,0,20
6581,ther020012,2,,0,0,20
6582,ther020016,2,,0,0,20
6583,ther020018,2,,0,0,20
6584,ther020022,2,,0,0,20
6585,ther020025,2,,2,0,20
6586,ther020028,2,,0,0,20
6587,ther020034,2,,0,0,20
6588,ther020035,2,,0,0,20
6589,ther020042,2,,0,0,15
6590,ther020048,2,,0,0,20
6591,ther020054,2,,0,0,1
6592,ther020060,2,,0,0,20
6593,ther020067,2,,0,0,1
6594,ther020076,2,,0,0,1
6595,ther020080,2,,0,0,1
6596,ther020089,2,,0,0,1
6597,ther020102,2,,0,0,1
6598,ther020114,2,,0,0,1
6599,ther025006,2,,0,0,1
6600,ther025010,2,,0,0,1
6601,ther025012,2,,0,0,1
6602,ther025016,2,,0,0,1
6603,ther025018,2,,0,0,1
6604,ther025022,2,,0,0,10
6605,ther025025,2,,0,0,15
6606,ther025028,2,,0,0,15
6607,ther025034,2,,0,0,15
6608,ther025035,2,,0,0,15
6609,ther025042,2,,0,0,15
6610,ther025048,2,,0,0,15
6611,ther025054,2,,0,0,15
6612,ther025060,2,,0,0,15
6613,ther025067,2,,0,0,1
6614,ther025076,2,,0,0,1
6615,ther025080,2,,0,0,1
6616,ther025089,2,,0,0,1
6617,ther025102,2,,0,0,1
6618,ther025114,2,,0,0,1
6619,ther032025,2,,0,0,1
6620,ther032034,2,,0,0,1
6621,ther032042,2,,0,0,1
6622,ther032089,2,,0,0,1
6623,ther100001,2,,0,0,1
6624,ther100010,2,,0,0,1
6625,ther100013,2,,0,0,1
6626,ther100015,2,,0,0,1
6627,ther100020,2,,0,0,1
6628,ther100025,2,,0,0,1
6629,ther100030,2,,0,0,1
6630,ther140025,2,,0,0,1
6631,toff050030,2,,0,0,2
6632,toff050050,2,,5,0,2
6633,toff065030,2,,0,0,2
6634,toff065050,2,,4,0,2
6635,toff080030,2,,0,0,2
6636,toff080050,2,,3,0,2
6637,toff100030,2,,0,0,2
6638,toff100050,2,,5,0,2
6639,toff150030,2,,7,0,2
6640,toff150050,2,,0,0,2
6641,toff200030,2,,0,0,1
6642,toff200050,2,,0,0,1
6643,tofg080030,2,,0,0,1
6644,tofg150022,2,,0,0,1
6645,tofg200030,2,,0,0,1
6646,tofl015030,2,,0,0,1
6647,tofl015050,2,,0,0,1
6648,tofl015100,2,,0,0,1
6649,tofl020020,2,,0,0,1
6650,tofl020030,2,,0,0,1
6651,tofl020050,2,,0,0,1
6652,tofl025030,2,,0,0,1
6653,tofl032020,2,,0,0,1
6654,tofl032030,2,,0,0,1
6655,tofl040030,2,,0,0,1
6656,tofl050030,2,,0,0,1
6657,toki033050,2,,0,0,1
6658,toze000025,2,,0,0,1
6659,toze015030,2,,179,0,50
6660,toze015050,2,,0,0,50
6662,toze015100,2,,0,0,200
6663,toze020030,2,,1158,0,50
6666,toze020050,2,,269,0,50
6669,toze020100,2,,0,0,200
6670,toze025030,2,,18,0,50
6673,toze025050,2,,131,0,50
6675,toze025100,2,,315,0,150
6676,toze032030,2,,59,0,50
6679,toze032050,2,,80,0,50
6681,toze032100,2,,107,0,50
6682,toze040030,2,,55,0,50
6684,toze040050,2,,10,0,50
6685,toze040100,2,,31,0,50
6689,toze050030,2,,27,0,50
6692,toze050050,2,,12,0,50
6695,toze050100,2,,18,0,1
6696,toze060065,2,,0,0,1
6697,toze060080,2,,0,0,1
6700,toze080030,2,,0,0,1
6701,toze080035,2,,0,0,1
6702,toze080100,2,,0,0,1
6703,toze100030,2,,0,0,1
6704,toze100035,2,,0,0,1
6705,toze100050,2,,0,0,1
6706,toze100060,2,,0,0,1
6707,toze100080,2,,0,0,1
6708,toze100100,2,,0,0,1
6709,toze110050,2,,1,0,1
6710,toze110065,2,,0,0,1
6711,toze110100,2,,0,0,1
6712,toze125035,2,,0,0,1
6713,toze150030,2,,0,0,1
6714,toze150035,2,,0,0,1
6715,toze150040,2,,0,0,1
6716,toze150050,2,,0,0,1
6717,toze200030,2,,0,0,1
6718,toze200032,2,,0,0,1
6719,toze200040,2,,0,0,1
6720,toze200050,2,,0,0,1
6721,toze200065,2,,0,0,1
6722,toze200080,2,,4,0,1
6723,toze200100,2,,0,0,1
6724,toze200125,2,,22,0,1
6725,toze200150,2,,0,0,1
6726,toze200200,2,,0,0,1
6727,toze200250,2,,0,0,1
6728,toze200350,2,,0,0,1
6729,toze300032,2,,0,0,5
6730,toze300040,2,,0,0,7
6731,toze300050,2,,0,0,8
6732,toze300051,2,,0,0,1
6733,toze300065,2,,0,0,8
6734,toze300080,2,,26,0,8
6735,toze300100,2,,0,0,5
6736,toze300125,2,,16,0,3
6737,toze300150,2,,0,0,3
6738,toze300200,2,,0,0,1
6739,toze300250,2,,9,0,1
6740,toze300300,2,,8,0,1
6741,toze300350,2,,0,0,1
6742,toze400032,2,,0,0,1
6743,toze400040,2,,0,0,1
6744,toze400050,2,,0,0,1
6745,toze400065,2,,0,0,1
6746,toze400080,2,,0,0,1
6747,toze400100,2,,0,0,1
6748,toze400125,2,,0,0,1
6749,toze400150,2,,0,0,1
6750,toze400200,2,,0,0,1
6751,toze400250,2,,0,0,1
6752,toze400300,2,,0,0,1
6753,toze415050,2,,0,0,1
6754,toze415100,2,,0,0,1
6755,toze415150,2,,0,0,1
6756,toze415250,2,,0,0,1
6757,toze500015,2,,0,0,1
6758,toze500020,2,,0,0,1
6759,toze500025,2,,0,0,1
6760,toze500032,2,,0,0,1
6761,toze500042,2,,0,0,1
6762,toze500050,2,,0,0,1
6763,toze600032,2,,0,0,1
6764,toze600040,2,,0,0,1
6765,toze600050,2,,0,0,1
6766,toze600065,2,,0,0,1
6767,toze600080,2,,0,0,1
6768,toze600100,2,,0,0,1
6769,toze600150,2,,0,0,1
6770,toze600200,2,,0,0,1
6777,toze800032,2,,0,0,1
6778,toze800040,2,,0,0,1
6779,toze800050,2,,0,0,1
6780,toze800065,2,,0,0,1
6781,toze800080,2,,0,0,1
6782,toze800100,2,,0,0,1
6783,toze800125,2,,0,0,1
6784,toze800150,2,,0,0,1
6785,TOZE900040,2,,0,0,1
6786,toze900050,2,,0,0,1
6787,toze900065,2,,0,0,1
6788,toze900066,2,,0,0,1
6789,toze900080,2,,0,0,1
6790,toze900100,2,,0,0,1
6791,toze900150,2,,0,0,1
6792,tozf050030,2,,15,0,2
6793,tozf050050,2,,10,0,2
6794,tozf065030,2,,10,0,2
6795,tozf065050,2,,9,0,2
6796,tozf080030,2,,11,0,2
6797,tozf080050,2,,9,0,2
6798,tozf100030,2,,8,0,2
6799,tozf150030,2,,0,0,2
6800,tozf200030,2,,0,0,2
6801,DTtred006005,2,,0,0,100
6803,DTTRED009006,2,,0,0,200
6804,DTTRED013006,2,,0,0,200
6805,DTTRED013009,2,,0,0,200
6806,DTTRED016009,2,,0,0,500
6807,DTTRED016013,2,,0,0,500
6808,DTTRED019009,2,,0,0,200
6809,DTTRED019013,2,,0,0,1000
6810,DTTRED019016,2,,0,0,1000
6811,DTTRED022009,2,,0,0,200
6812,DTTRED022013,2,,0,0,200
6813,DTtred022015,2,,0,0,1
6814,DTTRED022016,2,,0,0,300
6815,DTTRED022019,2,,0,0,200
6816,DTTRED025013,2,,0,0,150
6817,DTTRED025016,2,,0,0,150
6818,DTTRED025019,2,,0,0,150
6819,DTTRED025022,2,,0,0,50
6820,DTTRED028013,2,,0,0,100
6821,DTtred028015,2,,0,0,1
6822,DTTRED028016,2,,0,0,150
6823,DTTRED028019,2,,0,0,150
6824,DTTRED028022,2,,0,0,150
6825,DTtred028023,2,,0,0,1
6826,DTTRED032019,2,,0,0,100
6827,DTTRED032025,2,,0,0,100
6828,DTTRED035013,2,,0,0,100
6829,DTTRED035016,2,,0,0,100
6830,DTTRED035019,2,,0,0,100
6831,DTTRED035022,2,,0,0,100
6832,DTTRED035028,2,,0,0,50
6833,DTtred035029,2,,0,0,1
6835,DTTRED042016,2,,0,0,60
6836,DTTRED042019,2,,0,0,60
6837,DTTRED042022,2,,0,0,60
6838,DTTRED042028,2,,0,0,60
6839,DTTRED042035,2,,0,0,60
6841,DTTRED054016,2,,0,0,50
6842,DTTRED054019,2,,0,0,50
6843,DTTRED054022,2,,0,0,50
6844,DTTRED054028,2,,0,0,50
6845,DTTRED054035,2,,0,0,50
6846,TRED054042,2,,10,0,50
6847,DTtred067016,2,,0,0,50
6848,DTTRED067022,2,,0,0,20
6849,DTTRED067028,2,,0,0,20
6850,DTTRED067035,2,,0,0,20
6851,DTTRED067042,2,,0,0,20
6852,DTTRED067054,2,,0,0,20
6853,DTtred076042,2,,0,0,10
6854,DTTRED080022,2,,0,0,10
6855,DTTRED080028,2,,0,0,10
6856,DTTRED080035,2,,0,0,10
6857,DTTRED080042,2,,0,0,10
6858,DTTRED080054,2,,0,0,10
6859,DTTRED080067,2,,0,0,10
6860,DTTRED105035,2,,0,0,5
6861,DTTRED105042,2,,0,0,5
6862,DTTRED105054,2,,0,0,5
6863,DTTRED105067,2,,0,0,5
6864,DTTRED105080,2,,0,0,5
6865,DTTRED108076,2,,0,0,1
6866,DTtred156104,2,,0,0,5
6867,tspb100015,2,,0,0,1
6868,tspb100020,2,,0,0,1
6869,tspb100025,2,,0,0,1
6870,tspb100032,2,,0,0,1
6871,tspb100040,2,,0,0,1
6872,tspb100050,2,,0,0,1
6873,tspb100065,2,,0,0,1
6874,tspb200015,2,,0,0,1
6875,tspb200020,2,,0,0,1
6876,tspb200025,2,,0,0,1
6877,tspb200032,2,,0,0,1
6878,tspb200040,2,,0,0,1
6879,tspb200050,2,,0,0,1
6880,tspb200065,2,,0,0,1
6881,tspb300015,2,,0,0,1
6882,tspb300020,2,,0,0,1
6883,tspb300025,2,,0,0,1
6884,tspb300032,2,,0,0,1
6885,tspb300040,2,,0,0,1
6886,tspb300050,2,,0,0,1
6887,tspb300065,2,,0,0,1
6888,tspb400015,2,,0,0,1
6889,tspb400020,2,,0,0,1
6890,tspb400025,2,,0,0,1
6891,tspb400032,2,,0,0,1
6892,tspb400040,2,,0,0,1
6893,tspb400050,2,,0,0,1
6894,tspb400065,2,,0,0,1
6895,tspb500015,2,,0,0,1
6896,tspb500020,2,,0,0,1
6897,tspb500025,2,,0,0,1
6898,tspb500032,2,,0,0,1
6899,tspb500040,2,,0,0,1
6900,tspb500050,2,,0,0,1
6901,tspb500065,2,,0,0,1
6902,tspb600015,2,,0,0,1
6903,tspb600020,2,,0,0,1
6904,tspb600025,2,,0,0,1
6905,tspb600032,2,,0,0,1
6906,tspb600040,2,,0,0,1
6907,tspb600050,2,,0,0,1
6908,tspb600065,2,,0,0,1
6909,tspb700015,2,,0,0,1
6910,tspb700020,2,,0,0,1
6911,tspb700025,2,,0,0,1
6912,tspb700032,2,,0,0,1
6913,tspb700040,2,,0,0,1
6914,tspb700050,2,,0,0,1
6915,tspb700065,2,,0,0,1
6916,tspg045050,2,,0,0,1
6917,tspg100015,2,,0,0,1
6918,tspg100020,2,,0,0,1
6919,tspg100025,2,,0,0,1
6920,tspg100032,2,,0,0,1
6921,tspg100040,2,,0,0,1
6922,tspg100050,2,,0,0,1
6923,tspg100065,2,,0,0,1
6924,tspg200015,2,,0,0,1
6925,tspg200020,2,,0,0,1
6926,tspg200025,2,,0,0,1
6927,tspg200032,2,,0,0,1
6928,tspg200040,2,,0,0,1
6929,tspg200050,2,,0,0,1
6930,tspg200065,2,,0,0,1
6931,tspg300015,2,,0,0,1
6932,tspg300020,2,,0,0,1
6933,tspg300025,2,,0,0,1
6934,tspg300032,2,,0,0,1
6935,tspg300040,2,,0,0,1
6936,tspg300050,2,,0,0,1
6937,tspg300065,2,,0,0,1
6938,tspg400015,2,,0,0,1
6939,tspg400020,2,,0,0,1
6940,tspg400025,2,,0,0,1
6941,tspg400032,2,,0,0,1
6942,tspg400040,2,,0,0,1
6943,tspg400050,2,,0,0,1
6944,tspg400065,2,,0,0,1
6945,tspg500015,2,,0,0,1
6946,tspg500020,2,,0,0,1
6947,tspg500025,2,,0,0,1
6948,tspg500032,2,,0,0,1
6949,tspg500040,2,,0,0,1
6950,tspg500050,2,,0,0,1
6951,tspg500065,2,,0,0,1
6952,tspg500100,2,,0,0,1
6953,tspg600015,2,,0,0,1
6954,tspg600020,2,,0,0,1
6955,tspg600025,2,,0,0,1
6956,tspg600032,2,,0,0,1
6957,tspg600040,2,,0,0,1
6958,tspg600050,2,,0,0,1
6959,tspg600065,2,,0,0,1
6960,tspg700015,2,,0,0,1
6961,tspg700020,2,,0,0,1
6962,tspg700025,2,,0,0,1
6963,tspg700032,2,,0,0,1
6964,tspg700040,2,,0,0,1
6965,tspg700050,2,,0,0,1
6966,tspg700065,2,,0,0,1
6967,tspr020015,2,,0,0,1
6968,tspr025015,2,,0,0,1
6969,tspr025020,2,,0,0,1
6970,tspr032015,2,,0,0,1
6971,tspr032020,2,,0,0,1
6972,tspr032025,2,,0,0,1
6973,tspr040020,2,,0,0,1
6974,tspr040025,2,,0,0,1
6975,tspr040032,2,,0,0,1
6976,tspr04015,2,,0,0,1
6977,tspr050015,2,,0,0,1
6978,tspr050020,2,,0,0,1
6979,tspr050025,2,,0,0,1
6980,tspr050032,2,,0,0,1
6981,tspr050040,2,,0,0,1
6982,tspr065020,2,,0,0,1
6983,tspr065025,2,,0,0,1
6984,tspr065032,2,,0,0,1
6985,tspr065040,2,,0,0,1
6986,tspr065050,2,,0,0,1
6987,tspr120015,2,,0,0,1
6988,tspr125010,2,,0,0,1
6989,tspr125015,2,,0,0,1
6990,tspr125020,2,,0,0,1
6991,tspr132015,2,,0,0,1
6992,tspr132020,2,,0,0,1
6993,tspr132025,2,,0,0,1
6994,tspr140015,2,,0,0,1
6995,tspr140020,2,,0,0,1
6996,tspr140025,2,,0,0,1
6997,tspr140032,2,,0,0,1
6998,tspr150015,2,,0,0,1
6999,tspr150020,2,,0,0,1
7000,tspr150025,2,,0,0,1
7001,tspr150032,2,,0,0,1
7002,tspr150040,2,,0,0,1
7003,tspr165020,2,,0,0,1
7004,tspr165025,2,,0,0,1
7005,tspr165032,2,,0,0,1
7006,tspr165040,2,,0,0,1
7007,tspr165050,2,,0,0,1
7008,tsps025025,2,,0,0,1
7009,tspt020015,2,,0,0,1
7010,tspt025015,2,,0,0,1
7011,tspt025020,2,,0,0,1
7012,tspt032015,2,,0,0,1
7013,tspt032020,2,,0,0,1
7014,tspt032025,2,,0,0,1
7015,tspt040015,2,,0,0,1
7016,tspt040020,2,,0,0,1
7017,tspt040025,2,,0,0,1
7018,tspt040032,2,,0,0,1
7019,tspt050015,2,,0,0,1
7020,tspt050020,2,,0,0,1
7021,tspt050025,2,,0,0,1
7022,tspt050032,2,,0,0,1
7023,tspt050040,2,,0,0,1
7024,tspt065020,2,,0,0,1
7025,tspt065025,2,,0,0,1
7026,tspt065032,2,,0,0,1
7027,tspt065040,2,,0,0,1
7028,tspt065050,2,,0,0,1
7029,tspt120015,2,,0,0,1
7030,tspt125015,2,,0,0,1
7031,tspt125020,2,,0,0,1
7032,tspt132015,2,,0,0,1
7033,tspt132020,2,,0,0,1
7034,tspt132025,2,,0,0,1
7035,tspt140015,2,,0,0,1
7036,tspt140020,2,,0,0,1
7037,tspt140025,2,,0,0,1
7038,tspt140032,2,,0,0,1
7039,tspt150015,2,,0,0,1
7040,tspt150020,2,,0,0,1
7041,tspt150025,2,,0,0,1
7042,tspt150032,2,,0,0,1
7043,tspt150040,2,,0,0,1
7044,tspt165015,2,,0,0,1
7045,tspt165020,2,,0,0,1
7046,tspt165025,2,,0,0,1
7047,tspt165032,2,,0,0,1
7048,tspt165040,2,,0,0,1
7049,tspt165050,2,,0,0,1
7050,tspv020015,2,,0,0,1
7051,tspv025015,2,,0,0,1
7052,tspv025020,2,,0,0,1
7053,tspv032015,2,,0,0,1
7054,tspv032020,2,,0,0,1
7055,tspv032025,2,,0,0,1
7056,tspv040015,2,,0,0,1
7057,tspv040020,2,,0,0,1
7058,tspv040025,2,,0,0,1
7059,tspv040032,2,,0,0,1
7060,tspv050015,2,,0,0,1
7061,tspv050020,2,,0,0,1
7062,tspv050025,2,,0,0,1
7063,tspv050032,2,,0,0,1
7064,tspv050040,2,,0,0,1
7065,tspv065032,2,,0,0,1
7066,tspv065040,2,,0,0,1
7067,tspv065050,2,,0,0,1
7068,tspv120015,2,,0,0,1
7069,tspv125015,2,,0,0,1
7070,tspv125020,2,,0,0,1
7071,tspv132015,2,,0,0,1
7072,tspv132020,2,,0,0,1
7073,tspv132025,2,,0,0,1
7074,tspv140015,2,,0,0,1
7075,tspv140020,2,,0,0,1
7076,tspv140025,2,,0,0,1
7077,tspv140032,2,,0,0,1
7078,tspv150015,2,,0,0,1
7079,tspv150020,2,,0,0,1
7080,tspv150025,2,,0,0,1
7081,tspv150032,2,,0,0,1
7082,tspv150040,2,,0,0,1
7083,tspv165020,2,,0,0,1
7084,tspv165025,2,,0,0,1
7085,tspv165032,2,,0,0,1
7086,tspv165040,2,,0,0,1
7087,tspv165050,2,,0,0,1
7088,tspv180065,2,,0,0,1
7089,DTTTBG000006,2,,0,0,1000
7090,DTTTBG000008,2,,0,0,1000
7091,DTTTBG000009,2,,0,0,1000
7092,DTTTBG000013,2,,0,0,3000
7093,DTTTBG000015,2,,0,0,1
7094,DTTTBG000016,2,,0,0,3000
7095,DTTTBG000019,2,,0,0,2000
7096,DTTTBG000022,2,,0,0,1000
7097,TTBG000023,2,,0,0,100
7098,DTTTBG000025,2,,0,0,500
7099,DTTTBG000028,2,,0,0,500
7100,DTttbg000029,2,,0,0,1
7101,DTTTBG000032,2,,0,0,300
7102,DTTTBG000035,2,,0,0,300
7103,DTTTBG000038,2,,0,0,100
7104,DTTTBG000042,2,,0,0,200
7105,DTTTBG000054,2,,0,0,150
7106,DTTTBG000067,2,,0,0,50
7107,DTTTBG000080,2,,0,0,30
7108,DTttbg000104,2,,0,0,10
7109,DTTTBG000108,2,,0,0,1
7110,DTTTBG000156,2,,0,0,3
7111,DTttbg000159,2,,0,0,1
7112,ttcr015015,2,,18,0,1
7113,ttkn000003,2,,0,0,1
7114,ttkn000006,2,,0,0,1
7115,ttkn000008,2,,0,0,1
7116,ttkn000009,2,,0,0,1
7117,ttkn000015,2,,0,0,10
7119,ttkn000020,2,,0,0,1
7120,ttkn000022,2,,0,0,1
7121,ttkn000025,2,,0,0,1
7122,ttkn000032,2,,0,0,1
7123,ttkn010006,2,,0,0,1
7125,DTUBEN001006,2,,0,0,500
7126,DTUBEN001008,2,,0,0,500
7127,DTUBEN001009,2,,0,0,500
7128,DTUBEN001013,2,,0,0,500
7129,DTUBEN001016,2,,0,0,500
7130,DTUBEN001019,2,,0,0,500
7131,DTUBEN001022,2,,0,0,500
7132,DTUBEN001025,2,,0,0,500
7133,DTUBEN001028,2,,0,0,100
7134,DTUBEN001035,2,,0,0,100
7135,uben002006,2,,0,0,1
7136,uben002008,2,,0,0,50
7137,uben002009,2,,0,0,50
7138,uben002013,2,,0,0,1
7139,uben002016,2,,0,0,50
7140,uben003009,2,,0,0,50
7141,uben003013,2,,0,0,50
7142,uben003016,2,,0,0,50
7143,ucin004004,2,,0,0,1
7144,ucin005005,2,,0,0,100
7145,ucin006006,2,,0,0,100
7146,ucin006008,2,,0,0,1
7147,ucin006009,2,,0,0,1
7148,ucin006013,2,,0,0,1
7149,ucin006016,2,,0,0,1
7150,ucin008008,2,,0,0,100
7151,ucin009009,2,,0,0,100
7152,ucin009013,2,,0,0,1
7153,ucin009016,2,,0,0,1
7154,ucin010010,2,,0,0,100
7155,ucin012012,2,,0,0,100
7156,ucin013013,2,,0,0,100
7157,ucin013016,2,,0,0,30
7158,ucin013019,2,,0,0,30
7159,ucin015015,2,,0,0,30
7160,ucin016016,2,,0,0,100
7161,ucin016019,2,,0,0,30
7162,ucin019019,2,,0,0,100
7163,ucin022022,2,,0,0,50
7164,ucin025025,2,,0,0,30
7165,ucin028028,2,,0,0,30
7166,ucin035035,2,,0,0,30
7167,ucin042042,2,,0,0,30
7168,unid000000,2,,5,0,1
7169,unid100006,2,,0,0,20
7170,unid100009,2,,0,0,20
7171,unid100014,2,,11,0,30
7172,unid100015,2,,0,0,30
7173,unid100019,2,,0,0,30
7174,unid100020,2,,0,0,30
7175,unid100025,2,,0,0,30
7176,unid100026,2,,0,0,30
7177,unid100032,2,,0,0,20
7178,unid100033,2,,0,0,20
7179,unid100040,2,,0,0,20
7180,unid100041,2,,0,0,20
7181,unid100050,2,,0,0,20
7182,unid100051,2,,0,0,20
7183,unid100065,2,,0,0,3
7184,unid100080,2,,0,0,1
7185,unid100100,2,,0,0,1
7186,unid110040,2,,0,0,1
7187,unid300015,2,,0,0,5
7188,unid300020,2,,0,0,5
7189,unid500015,2,,0,0,1
7190,valv800020,2,,0,0,1
7191,valv801025,2,,0,0,1
7192,valv916025,2,,0,0,1
7193,vitc001065,2,,0,4,1
7194,vitc001100,2,,0,0,1
7195,vitc001150,2,,0,0,1
7196,vlvn001065,2,,0,0,1
7197,vlvn001100,2,,0,0,1
7198,vode060060,2,,0,0,1
7199,vode020015,2,,0,0,1
7200,vode020020,2,,0,0,1
7201,vode025020,2,,0,0,1
7202,vode030030,2,,0,0,1
7203,vode030050,2,,0,0,1
7204,vode035030,2,,0,0,1
7205,vode035035,2,,0,0,1
7206,vode040025,2,,0,0,1
7207,vode040030,2,,0,0,1
7208,vode040050,2,,0,0,1
7209,vode045025,2,,0,0,1
7210,vode050020,2,,0,0,1
7211,vode050030,2,,0,0,1
7212,vode060015,2,,0,0,1
7213,vode060020,2,,0,0,1
7214,vode060025,2,,0,0,1
7215,vode060030,2,,0,0,1
7216,vode070015,2,,0,0,1
7217,vode075025,2,,0,0,1
7218,vode075030,2,,0,0,1
7219,vode080045,2,,0,0,1
7220,vode100030,2,,0,0,1
7221,vode125030,2,,0,0,1
7222,vpga100010,2,,0,0,1
7223,vpga100016,2,,0,0,1
7224,vpga100025,2,,0,0,1
7225,vrki015006,2,,0,0,300
7226,vrki015009,2,,0,0,300
7227,vrki020015,2,,0,0,300
7228,vrki025020,2,,0,0,150
7229,vrkn006003,2,,0,0,1
7230,vrkn006005,2,,0,0,20
7231,vrkn009005,2,,0,0,20
7232,vrkn009006,2,,0,0,100
7233,vrkn015003,2,,0,0,1
7234,vrkn015005,2,,0,0,100
7235,vrkn015006,2,,0,0,50
7236,vrkn015009,2,,0,0,50
7237,vrkn020006,2,,0,0,50
7238,vrkn020009,2,,0,0,50
7239,vrkn020015,2,,0,0,50
7240,vrkn025015,2,,0,0,20
7241,vrkn025020,2,,0,0,20
7242,vrkn032020,2,,0,0,20
7243,vrkn032025,2,,0,0,20
7244,vrkn040020,2,,0,0,20
7245,vrkn040025,2,,0,0,20
7246,vrkn040032,2,,0,0,20
7247,vrkn050025,2,,0,0,20
7248,vrkn050032,2,,0,0,1
7249,vrkn050040,2,,0,0,1
7250,vrkn100020,2,,0,0,1
7251,vrkn100025,2,,0,0,1
7252,vrkn100032,2,,0,0,1
7253,vrkn100040,2,,0,0,1
7254,vrkn100050,2,,0,0,1
7255,vskn006003,2,,0,0,100
7256,vskn009006,2,,0,0,100
7257,vskn015006,2,,0,0,50
7258,vskn015009,2,,0,0,50
7259,vskn020006,2,,0,0,50
7260,vskn020009,2,,0,0,1
7261,vskn020015,2,,0,0,1
7262,watt001150,2,,0,0,1
7263,watt002100,2,,0,0,1
7264,watt116200,2,,0,0,1
7265,wavi001100,2,,0,0,1
7266,wavp001020,2,,0,0,1
7275,wika000020,2,,0,2,20
7276,wika040000,2,,124,0,30
7277,wika040001,2,,0,0,30
7279,wika040016,2,,0,0,30
7280,wika041010,2,,0,0,30
7281,wika065000,2,,27,0,20
7282,wika065001,2,,1,0,20
7283,wika065002,2,,0,0,20
7284,wika065006,2,,0,0,20
7285,wika065010,2,,0,0,20
7286,wika065016,2,,108,0,20
7288,wika065025,2,,0,0,20
7289,wika100006,2,,0,0,20
7290,wika100010,2,,0,0,20
7291,wika100011,2,,39,0,20
7292,wika100016,2,,2,0,20
7293,wika100025,2,,1,0,20
7294,wika100060,2,,0,0,1
7295,wika100250,2,,0,0,1
7296,wika101010,2,,0,0,1
7297,wika101016,2,,0,0,1
7298,wika101025,2,,0,0,1
7299,wika110010,2,,0,0,5
7300,wika110016,2,,0,0,5
7301,wika112006,2,,86,0,5
7302,wika112010,2,,25,0,5
7303,wika112016,2,,62,0,5
7304,wika165010,2,,0,0,1
7305,wika165016,2,,0,0,1
7306,wika241050,2,,4,0,5
7307,wika241120,2,,0,0,5
7308,wika241200,2,,0,0,5
7309,wika241300,2,,0,0,5
7310,wika265000,2,,115,0,30
7311,wika265010,2,,0,0,30
7312,wika265016,2,,1,0,30
7313,wika265025,2,,183,0,30
7314,wika310050,2,,0,0,1
7315,wika310060,2,,0,0,1
7316,wika310160,2,,6,0,1
7317,wmbr000015,2,,2,0,1
7318,wmbr000020,2,,0,0,1
7319,wmbr000025,2,,0,0,1
7320,wmbr000032,2,,0,0,1
7321,wmbr000042,2,,0,0,1
7322,wmbr000050,2,,0,0,1
7326,DTWMKN000015,2,,0,0,50
7327,wmkn000016,2,,0,0,1
7328,wmkn000019,2,,0,0,50
7329,DTWMKN000025,2,,0,0,50
7330,DTWMKN000032,2,,0,0,20
7331,wmkn000042,2,,0,0,20
7332,DTWMKN000050,2,,0,0,20
7333,wmkn000065,2,,0,0,10
7336,DTWMTL000013,2,,0,0,100
7337,DTWMTL000016,2,,0,0,100
7338,DTWMTL000019,2,,0,0,100
7339,DTWMTL000022,2,,0,0,50
7340,DTWMTL000025,2,,0,0,50
7341,DTWMTL000028,2,,0,0,50
7342,DTWMTL000035,2,,0,0,50
7343,DTWMTL000042,2,,0,0,25
7344,DTWMTL000054,2,,0,0,25
7345,DTWMTL000067,2,,0,0,20
7347,yama065000,2,,0,0,1
7348,yama065001,2,,0,0,1
7349,yama065002,2,,0,0,1
7350,yama065003,2,,0,0,1
7351,yama065006,2,,0,0,1
7352,yama065010,2,,7,0,1
7353,yama065015,2,,0,0,1
7354,yama065020,2,,0,0,1
7355,yama065050,2,,0,0,1
7356,yama065070,2,,0,0,1
7357,yama066002,2,,0,0,1
7358,yama080006,2,,0,0,1
7359,yama080010,2,,1,0,1
7360,yama080025,2,,0,0,1
7361,yama100006,2,,0,0,1
7362,yama100010,2,,0,0,1
7363,yama100015,2,,0,0,1
7364,yama100020,2,,0,0,1
7365,yama100025,2,,3,0,1
7366,yama100035,2,,0,0,1
7367,yama110010,2,,6,0,1
7369,yone010040,2,,0,0,1
7370,yone010050,2,,2,0,1
7371,yone010065,2,,0,0,1
7372,yone010080,2,,0,0,1
7373,yone010100,2,,0,0,1
7374,yone010150,2,,0,0,1
7375,yone010250,2,,0,0,1
7376,yone020020,2,,0,0,1
7377,yone020050,2,,0,0,1
7378,yone021050,2,,0,0,1
7379,yone030020,2,,0,0,1
7380,yone030050,2,,0,0,1
7381,yone030250,2,,0,0,1
7382,yone060050,2,,3,0,1
7383,yone060065,2,,5,0,1
7384,yone060080,2,,1,0,1
7385,yone060100,2,,0,0,1
7386,YONE060125,2,,0,0,1
7387,yone060250,2,,0,0,1
7388,yone080125,2,,0,0,1
7389,yone130032,2,,0,0,1
7390,york100015,2,,0,0,5
7391,york100020,2,,77,0,5
7392,york100025,2,,0,0,5
7393,york100032,2,,0,0,5
7394,york100040,2,,0,0,3
7395,york100050,2,,0,0,3
7396,york100065,2,,0,0,1
7397,york100080,2,,0,0,1
7398,york200015,2,,11,0,1
7399,york200020,2,,0,0,1
7400,york200025,2,,0,0,1
7401,york200032,2,,0,0,1
7402,york200040,2,,0,0,1
7403,york200050,2,,0,0,1
7404,york200065,2,,0,0,1
7405,york200100,2,,0,0,1
7413,yuta001013,2,,0,0,1
7414,yuta001020,2,,0,0,1
7415,yuta001025,2,,0,0,1
7416,yuta002013,2,,0,0,1
7417,yuta002020,2,,0,0,1
7418,yuta002025,2,,0,0,1
7419,yuta002032,2,,0,0,1
7420,yuta002040,2,,0,0,1
7421,yuta002050,2,,0,0,1
7422,yuta002065,2,,0,0,1
7423,yuta002080,2,,0,0,1
7424,yuta002100,2,,0,0,1
7439,zinc122030,2,,0,0,1
7440,zinc122040,2,,0,0,1
7441,zinc122050,2,,0,0,1
7442,zinc122060,2,,0,0,1
7462,agas002011,2,,1,0,200
7464,agas004027,2,,0,0,1
7465,agas004028,2,,0,0,1
7466,agas006012,2,,0,0,1
7467,alst100006,2,,0,0,1
7469,ascr006012,2,,0,0,1
7470,besi165050,2,,0,0,1
7471,besi165080,2,,0,0,1
7472,deca200400,2,,0,0,1
7473,imta100025,2,,6,0,1
7476,DTptbb156200,2,,0,0,5
7477,pues010008,2,,0,0,1
7478,pure008006,2,,0,0,1
7479,regl100005,2,,0,0,1
7480,ssvr040025,2,,0,0,1
7481,sswm000006,2,,0,0,1
7482,wika100001,2,,0,0,1
7483,agas004029,2,,0,0,1
7484,agas004030,2,,0,0,1
7485,alst110070,2,,0,0,1
7486,BESI106040,2,,0,0,1
7487,besi106200,2,,0,0,1
7488,deca000100,2,,0,0,1
7489,GALV012050,2,,0,0,1
7490,gmta400033,2,,0,0,20
7491,gmta400041,2,,0,0,10
7492,gmta700020,2,,0,0,5
7493,gmta700025,2,,0,0,5
7494,peva004040,2,,0,0,1
7495,peva004063,2,,0,0,1
7496,prof013048,2,,0,0,1
7497,SADA015029,2,,0,0,1
7498,SADP035035,2,,0,0,1
7499,toze800200,2,,0,0,1
7500,ZMAV000001,2,,0,0,10
7501,ZMBV000009,2,,0,0,5
7502,ZMBV000013,2,,0,0,5
7503,ZMBV000016,2,,0,0,5
7504,ZMBV000022,2,,0,0,5
7505,ZMBV000028,2,,0,0,5
7506,ZMDP500250,2,,0,0,1
7507,016002001001,2,,0,0,25
7508,016002001002,2,,0,0,25
7509,016002001004,2,,0,0,25
7510,016002001005,2,,0,0,25
7511,016001001001,2,,0,0,50
7512,016001001002,2,,0,0,50
7513,016001001003,2,,0,0,50
7514,016001001004,2,,0,0,50
7515,016001002001,2,,0,0,50
7516,016001002002,2,,0,0,50
7517,016001002003,2,,0,0,50
7518,ZMED300004,2,,0,0,50
7519,ZMED300005,2,,0,0,50
7520,ZMFL400032,2,,0,0,1
7521,agas006015,2,,4,0,1
7522,love035050,2,,0,0,1
7523,love045020,2,,0,0,1
7524,love055020,2,,0,0,1
7525,love120030,2,,0,0,1
7526,SAGA050025,2,,0,0,1
7527,LOVE015015,2,,0,0,1
7528,RAGA060030,2,,0,0,1
7529,RAGA080040,2,,0,0,1
7530,RDIF000030,2,,0,0,1
7531,RDIF000020,2,,0,0,1
7532,RAGA090030,2,,0,0,1
7533,besi420080,2,,0,0,1
7534,smed003001,2,,222,0,1
7535,pgau100010,2,,2,0,1
7536,pgau100005,2,,1,0,1
7537,pgau101000,2,,0,0,1
7538,pgau101010,2,,1,0,1
7539,yama065025,2,,0,0,1
7540,yama065150,2,,1,0,1
7541,pgau065000,2,,9,0,1
7542,pgau066100,2,,0,0,1
7543,pgau066500,2,,0,0,1
7544,pgnj066100,2,,1,0,1
7545,pgau065006,2,,0,0,1
7546,wika042016,2,,0,0,1
7547,pgau038006,2,,1,0,1
7548,tecs100000,2,,0,0,1
7549,imta065250,2,,1,0,1
7550,pgau075016,2,,0,0,1
7551,pgau067100,2,,0,0,1
7552,pgau067010,2,,0,0,1
7553,pgau067025,2,,0,0,1
7554,tecs100025,2,,4,0,1
7555,pgau038060,2,,7,0,1
7556,imta100006,2,,1,0,1
7557,pgau038025,2,,7,0,1
7558,pgau068016,2,,4,0,1
7559,IMTA100100,2,,1,0,1
7560,imta100001,2,,3,0,1
7561,PGAU069010,2,,0,0,1
7562,PGAU069015,2,,0,0,1
7563,pgau070010,2,,2,0,1
7564,gmta003015,2,,0,0,1
7565,tecs100016,2,,0,0,1
7566,pgau068025,2,,1,0,1
7567,pgau068010,2,,0,0,1
7568,ascr000125,2,,0,0,1
7569,ascr000126,2,,0,0,1
7570,ascr000127,2,,0,0,1
7571,rdif000025,2,,0,0,1
7572,sjcu900016,2,,0,0,1
7573,vode035015,2,,0,0,1
7574,NSKN103003,2,,0,0,1
7575,saga060020,2,,0,0,1
7576,sada072072,2,,0,0,1
7577,ragl060020,2,,0,0,1
7578,ragl065025,2,,0,0,1
7579,ragl030030,2,,0,0,1
7580,BOXI070019,2,,0,0,1
7581,OBDG030020,2,,0,0,1
7582,RAGA065025,2,,0,0,1
7583,SAGA119014,2,,0,0,1
7584,NONR000006,2,,0,0,1
7585,NONR000008,2,,0,0,1
7586,SADA076061,2,,0,0,1
7587,RAGA045025,2,,0,0,1
7588,LOVE060030,2,,0,0,1
7589,vode090070,2,,0,0,1
7590,pvct050025,2,,0,0,1
7591,pvct025013,2,,0,0,1
7592,agas004010,2,,0,0,1
7593,TRDA072072,2,,0,0,1
7594,vode080040,2,,0,0,1
7595,vode040040,2,,0,0,1
7596,vode050040,2,,0,0,1
7597,peed121620,2,,0,0,1
7598,SAGA119015,2,,0,0,1
7599,faga079079,2,,0,0,1
7600,pvct050040,2,,0,0,1
7601,AGAS012002,2,,0,0,1
7602,lini125995,2,,0,0,1
7603,FDPU000606,2,,0,0,1
7604,schi180202,2,,0,0,1
7605,pprw016160,2,,0,0,1
7606,raga040025,2,,0,0,1
7607,BARG795075,2,,0,0,1
7608,BARG060075,2,,0,0,1
7609,BARG057057,2,,0,0,1
7610,saga070014,2,,0,0,1
7611,sada060040,2,,0,0,1
7612,saga075025,2,,0,0,1
7613,boxt000004,2,,0,0,1
7614,regf000067,2,,0,0,3
7615,lini004450,2,,0,0,1
7616,raga064018,2,,0,0,1
7617,boxr032010,2,,0,0,1
7618,NEPE900068,2,,0,0,1
7619,poly000004,2,,0,0,1
7620,barg039039,2,,0,0,1
7621,skkn015007,2,,0,0,1
7622,raga090050,2,,0,0,1
7623,saga100050,2,,0,0,1
7624,boxr025020,2,,0,0,1
7625,deca101500,2,,0,0,1
7626,SCHI180155,2,,0,0,1
7627,DTptbb032200,2,,0,0,1
7628,love040040,2,,0,0,1
7629,NRDA037037,2,,0,0,1
7630,gald180013,2,,0,0,1
7631,pebe001216,2,,0,0,1
7632,cpph000021,2,,0,0,1
7633,imta100010,2,,1,0,1
7634,BARG114065,2,,0,0,1
7635,BARG805009,2,,0,0,1
7636,BARG056056,2,,0,0,1
7637,BARG495495,2,,0,0,1
7638,BARG114025,2,,0,0,1
7639,BARG048048,2,,0,0,1
7640,RAGA048048,2,,0,0,1
7641,BOXI035004,2,,0,0,1
7642,raga080020,2,,0,0,1
7643,raga030019,2,,0,0,1
7644,BOXI705195,2,,0,0,1
7646,nepe900028,2,,0,0,40
7647,NEPE900029,2,,0,0,1
7648,MRHE110750,2,,0,0,75
7649,MRHE110850,2,,0,0,75
7650,MRHE110950,2,,0,0,75
7651,GMTA012009,2,,0,0,1
7652,saga035020,2,,0,0,1
7653,modu003014,2,,0,0,1
7654,modu003012,2,,0,0,1
7655,modu003006,2,,0,0,1
7656,peva006025,2,,0,0,1
7657,raga120040,2,,0,0,1
7658,BOXI120040,2,,0,0,1
7659,pibw002040,2,,0,0,1
7660,pibw002050,2,,0,0,1
7661,pvcy065050,2,,0,0,1
7662,raga050015,2,,0,0,1
7663,pibw002150,2,,0,0,1
7664,regh001207,2,,0,0,1
7665,fag050015,2,,0,0,1
7666,fag040025,2,,0,0,1
7667,bjls001300,2,,0,0,1
7668,flkn001081,2,,0,0,1
7669,stai100250,2,,0,0,1
7670,faga050020,2,,0,0,1
7671,raga150010,2,,0,0,1
7672,ascr002016,2,,0,0,1
7673,rgri000010,2,,0,0,1
7674,agas006016,2,,0,0,50
7675,NEPE900034,2,,0,0,1
7676,NEPE900035,2,,0,0,1
7677,besi167125,2,,0,0,1
7678,adpt016020,2,,16,0,1
7679,BESI151200,2,,0,0,1
7680,raga058058,2,,0,0,1
7681,ascr000007,2,,0,0,1
7682,PRESS006500,2,,0,0,1
7683,sada022022,2,,0,0,1
7684,boxi022022,2,,0,0,1
7685,TCIN016016,2,,0,0,1
7686,raga115012,2,,0,0,1
7687,gmta234200,2,,0,0,1
7688,gmta234500,2,,0,0,1
7689,PIBW002025,2,,0,0,1
7690,PIBW002100,2,,0,0,1
7691,regf300008,2,,0,0,1
7692,modu004004,2,,0,0,1
7693,alco500004,2,,10,0,2
7694,alco500006,2,,4,0,2
7695,alco500008,2,,9,0,2
7696,016002001003,2,,0,0,10
7697,raga040030,2,,0,0,1
7698,agas004004,2,,0,0,1
7699,tlld013013,2,,0,0,1
7700,regh001112,2,,0,0,1
7701,barg060015,2,,0,0,1
7702,saga060015,2,,0,0,1
7703,pibw002080,2,,0,0,1
7704,sada030031,2,,0,0,1
7705,raga040021,2,,0,0,1
7706,vode030020,2,,0,0,1
7710,smaw500010,2,,19,0,1
7711,gmta500015,2,,0,0,3
7712,gmta500020,2,,0,0,4
7713,gmta500025,2,,0,0,5
7714,agas004019,2,,0,0,1
7715,agas010009,2,,0,0,1
7716,agas010018,2,,0,0,1
7717,ssvr025006,2,,0,0,1
7718,ssvr020006,2,,0,0,1
7719,ssvr009006,2,,0,0,1
7720,ssct025025,2,,0,0,1
7721,GMTA112125,2,,0,0,1
7722,raga079033,2,,0,0,1
7723,raga008079,2,,0,0,1
7724,raga023033,2,,0,0,1
7725,raga635255,2,,0,0,1
7726,raga008635,2,,0,0,1
7727,raga023023,2,,0,0,1
7728,raga735255,2,,0,0,1
7729,raga005735,2,,0,0,1
7730,PTBE006051,2,,0,0,1
7731,boxr000008,2,,0,0,1
7732,barg010060,2,,0,0,1
7733,filt169055,2,,0,0,1
7734,PRES015500,2,,0,0,1
7735,raga035025,2,,0,0,1
7736,raga009039,2,,0,0,1
7737,raga024039,2,,0,0,1
7738,agas009001,2,,0,0,1
7739,ascr000001,2,,0,0,2
7740,ragp025025,2,,0,0,1
7741,belg100050,2,,0,0,1
7742,love030020,2,,0,0,1
7743,ragp030030,2,,0,0,1
7744,saga030045,2,,0,0,1
7745,cpph000031,2,,0,0,1
7747,ksss000225,2,,0,0,5
7748,love060040,2,,0,0,1
7749,vode090025,2,,0,0,1
7750,faga030020,2,,0,0,1
7751,barg100014,2,,0,0,1
7752,agas005017,2,,0,0,1
7753,ragp060040,2,,0,0,1
7754,svtw001066,2,,0,0,1
7755,ssks001025,2,,0,0,1
7756,saga040025,2,,0,0,1
7757,PIBW002032,2,,0,0,1
7758,ARCA500002,2,,0,0,30
7759,ARCA500003,2,,0,0,30
7760,pued008005,2,,0,0,1
7761,PROF110102,2,,0,0,30
7762,PROF110152,2,,0,0,50
7763,PROF110203,2,,0,0,75
7764,PROF110254,2,,0,0,20
7765,PROF100102,2,,0,0,200
7766,PROF100127,2,,0,0,1
7767,PROF100152,2,,0,0,1
7768,PROF100203,2,,0,0,1
7769,PROF100254,2,,0,0,1
7770,LOVE100020,2,,0,0,1
7771,LOVE080020,2,,0,0,1
7772,LOVE025015,2,,0,0,1
7773,LOVE020015,2,,0,0,1
7774,LOVE025020,2,,0,0,1
7775,boxi043023,2,,0,0,1
7776,faga030030,2,,0,0,1
7777,FAGA036036,2,,0,0,1
7778,VODE015015,2,,0,0,1
7779,RAGA120010,2,,0,0,1
7780,LINB120010,2,,0,0,1
7781,agas004016,2,,0,0,1
7782,AGAS004011,2,,0,0,1
7783,PIBW002065,2,,0,0,1
7784,SSNS032032,2,,0,0,1
7785,SSNS050050,2,,0,0,1
7786,ZMED200005,2,,0,0,1
7787,LINB120012,2,,0,0,1
7788,LINP120012,2,,0,0,1
7789,ZMED600001,2,,0,0,8
7790,ZMED600002,2,,0,0,10
7791,ZMED610001,2,,30,0,10
7792,ZMED610002,2,,0,0,30
7793,ZMED620001,2,,0,0,1
7794,SSNS015006,2,,0,0,1
7795,SMED002106,2,,0,0,1
7796,ARCA400001,2,,0,0,1
7797,SSDN015009,2,,0,0,1
7798,RAGA010010,2,,0,0,1
7799,agas004031,2,,0,0,1
7800,DTPU040040,2,,0,0,1
7801,AGAS012004,2,,0,0,1
7802,swav100015,2,,0,0,1
7803,SWAV100020,2,,0,0,1
7804,SWAV100025,2,,0,0,1
7805,SSVS006009,2,,0,0,1
7806,RAGA100010,2,,0,0,1
7807,BOXI100010,2,,0,0,1
7808,RAGA008030,2,,0,0,1
7810,ascr017016,2,,25,0,1
7811,BESI210025,2,,0,0,1
7812,SVTW002050,2,,0,0,1
7813,DTUBEN001042,2,,0,0,50
7814,ZMBV000035,2,,0,0,15
7815,ZMBV000042,2,,0,0,15
7816,ZMBV000054,2,,0,0,15
7817,BVIT000016,2,,0,0,1
7818,016000000001,2,,0,0,1
7819,gmta310000,2,,0,0,5
7820,GMTA310060,2,,0,0,5
7821,GMTA310500,2,,0,0,5
7822,GMTA310250,2,,0,0,5
7823,GMTA067002,2,,0,0,1
7824,GMTA067004,2,,0,0,1
7825,GMTA067010,2,,0,0,1
7826,GMTA067016,2,,0,0,1
7827,SMED007101,2,,0,0,1
7828,VODE035025,2,,0,0,1
7829,VODE030025,2,,0,0,1
7830,PAGA070080,2,,0,0,1
7831,spgt030015,2,,0,0,1
7832,AGAS012005,2,,0,0,1
7833,AGAS012006,2,,0,0,1
7834,BARG060014,2,,0,0,1
7835,BOXR040008,2,,0,0,1
7836,gmtr004000,2,,0,0,1
7837,SSFL010032,2,,0,0,1
7838,gmta241100,2,,0,0,1
7839,NEPE900040,2,,0,0,1
7840,lini020030,2,,0,0,1
7841,BOXL020030,2,,0,0,1
7842,RAGA100030,2,,0,0,1
7843,FIXG120018,2,,0,0,1
7844,ASCR017017,2,,0,0,1
7845,hone012025,2,,0,0,1
7846,rock325100,2,,0,0,1
7847,PVTC050000,2,,0,0,1
7848,RAGA034029,2,,0,0,1
7849,RAGA039039,2,,0,0,1
7850,PEPP020020,2,,0,0,1
7851,PEPP020025,2,,0,0,1
7852,PEPP020032,2,,0,0,1
7853,PEPP020040,2,,0,0,1
7854,PEPP020050,2,,0,0,1
7855,PEPP020063,2,,0,0,1
7856,pvcr050032,2,,0,0,1
7857,ASCR002031,2,,0,0,1
7858,LINB117010,2,,0,0,1
7859,NEPE900057,2,,0,0,1
7860,RAGA008040,2,,0,0,1
7861,RAGP040040,2,,0,0,1
7862,gald320040,2,,0,0,1
7863,PROF110305,2,,0,0,1
7864,PROF100305,2,,0,0,1
7865,PELU101620,2,,0,0,1
7866,raga039019,2,,0,0,1
7867,PETU162016,2,,0,0,1
7868,PERU162016,2,,0,0,1
7869,BARG030030,2,,0,0,1
7870,EADA015015,2,,0,0,1
7871,DGAG015060,2,,0,0,1
7872,IAGA015015,2,,0,0,1
7873,VRCR015006,2,,0,0,500
7874,VRCR015009,2,,0,0,500
7875,ZMED700001,2,,0,0,2
7876,ZMED700002,2,,0,0,2
7877,raga060041,2,,0,0,1
7878,FAGA060040,2,,0,0,1
7879,TATZ008150,2,,0,0,1
7880,TATZ008200,2,,0,0,1
7881,PELU201620,2,,0,0,1
7882,LINI010080,2,,0,0,1
7883,raga040010,2,,0,0,1
7884,TATZ009150,2,,2,0,1
7885,TATZ009200,2,,4,0,1
7886,ascr002032,2,,0,0,1
7887,DTPTBB067205,2,,0,0,1
7888,PROF110356,2,,0,0,1
7889,PELU102025,2,,0,0,1
7890,PTBC013071,2,,0,0,1
7891,PRESS006600,2,,0,0,1
7892,PRESS006300,2,,0,0,1
7895,DTTRED054041,2,,0,0,1
7896,PVCY200100,2,,0,0,1
7897,SSVR065025,2,,0,0,1
7898,boxr053008,2,,0,0,1
7899,PUED010009,2,,0,0,1
7900,DTPTBA009100,2,,0,0,200
7901,ARCA800001,2,,0,0,1
7902,ASCR009365,2,,0,0,1
7903,barg050060,2,,0,0,1
7904,love030040,2,,0,0,1
7905,fdpu000502,2,,0,0,1
7906,ISOD003020,2,,0,0,1
7907,ASCR111112,2,,0,0,1
7908,ASCR111113,2,,0,0,1
7909,ZMED400001,2,,0,0,1
7910,ZMED400002,2,,0,0,1
7911,ZMED400003,2,,1,0,1
7912,ZMED400004,2,,0,0,1
7913,SMAR400004,2,,0,0,1
7914,SMAR400006,2,,0,0,1
7915,SMAR500010,2,,0,0,1
7916,ascr020011,2,,0,0,1
7917,whit004015,2,,0,0,1
7918,EAGA030060,2,,0,0,1
7919,ASCR000025,2,,0,0,1
7920,ASCR000026,2,,0,0,1
7921,ASCR000027,2,,0,0,1
7922,ASCR030050,2,,0,0,1
7923,PTBE005040,2,,0,0,1
7924,GALD190100,2,,0,0,1
7925,barg050015,2,,0,0,1
7926,PROF025032,2,,0,0,1
7927,AGAS005019,2,,0,0,1
7928,GMTA400016,2,,0,0,1
7929,GMTA400021,2,,0,0,1
7930,ASCR000008,2,,0,0,1
7931,dnac008008,2,,0,0,1
7932,MEFL006008,2,,0,0,1
7933,MTFL006008,2,,0,0,1
7934,NUAC001008,2,,0,0,1
7935,NEPE900036,2,,0,0,1
7936,mcfl005008,2,,0,0,1
7937,DECA201450,2,,0,0,1
7938,PIIC040025,2,,0,0,1
7939,LOVE050040,2,,0,0,1
7940,press006400,2,,0,0,1
7941,Piic040015,2,,0,0,1
7942,VRKN015004,2,,0,0,1
7943,PETM020015,2,,0,0,1
7944,peva006020,2,,0,0,1
7945,RAGA070060,2,,0,0,1
7946,BURK800009,2,,0,0,1
7947,RAGA225045,2,,0,0,1
7948,rego301784,2,,0,0,1
7949,SAGA108030,2,,0,0,1
7950,CVKA000006,2,,0,0,1
7951,PROF100356,2,,0,0,1
7952,CVKA000008,2,,0,0,1
7953,CVKA000010,2,,0,0,1
7954,CVKA000015,2,,0,0,1
7955,RAGA045010,2,,0,0,1
7956,CVKA000020,2,,0,0,1
7957,CVKA000025,2,,0,0,1
7958,CVKA000032,2,,0,0,1
7959,CVKA000040,2,,0,0,1
7960,CVKA000050,2,,0,0,1
7961,RAGA035005,2,,0,0,1
7962,gmta120025,2,,0,0,1
7963,GALV001040,2,,0,0,1
7964,RAGP095044,2,,0,0,1
7965,PEPW300021,2,,0,0,1
7966,RAGA039024,2,,0,0,1
7967,raga050051,2,,0,0,1
7968,RAGA040041,2,,0,0,1
7969,boxi,2,,0,0,1
7970,raga101041,2,,0,0,1
7971,RDIF000031,2,,0,0,1
7972,PPRW022020,2,,0,0,1
7973,ZMED130001,2,,0,0,1
7974,ZMED130002,2,,0,0,1
7975,RDIF000040,2,,0,0,1
7976,vode036030,2,,0,0,1
7977,adpt008005,2,,0,0,1
7978,cpph000041,2,,0,0,1
7979,KOIK003001,2,,0,0,1
7980,PETM025020,2,,0,0,1
7981,PETF020015,2,,0,0,1
7982,RLOV000010,2,,0,0,1
7983,SSVS065050,2,,0,0,1
7984,SAGA045045,2,,0,0,1
7985,RECA942004,2,,0,0,1
7986,RECA942008,2,,0,0,1
7987,RECA988024,2,,0,0,1
7988,SIGM001001,2,,0,0,1
7989,SIGM001002,2,,0,0,1
7990,SIGM001003,2,,0,0,1
7991,SIGM001004,2,,0,0,1
7992,SIGM001005,2,,0,0,1
7993,SIGM001006,2,,0,0,1
7994,SIGM004001,2,,0,0,1
7995,SIGM004002,2,,0,0,1
7996,VODP030030,2,,0,0,1
7997,RAGP160057,2,,0,0,1
7998,FAGA040030,2,,0,0,1
8000,adpt108006,2,,0,0,1
8001,EAGA040020,2,,0,0,1
8002,RAGP050030,2,,0,0,1
8003,EAGP040020,2,,0,0,1
8004,SAGP050020,2,,0,0,1
8005,PTRE008045,2,,0,0,1
8006,RAGP060015,2,,0,0,1
8007,penk000100,2,,0,0,1
8008,SADA017017,2,,0,0,1
8009,RAGA039015,2,,0,0,1
8010,PEFT121715,2,,0,0,1
8011,GMTA310001,2,,0,0,1
8012,RHDD040040,2,,0,0,1
8013,RAGA080010,2,,0,0,1
8015,GMTA013101,2,,0,0,1
8016,GMTA013103,2,,0,0,1
8017,GMTA013106,2,,0,0,1
8018,GMTA013110,2,,0,0,1
8019,GMTA013120,2,,0,0,1
8020,GMTA013130,2,,0,0,1
8021,ZMED500001,2,,0,0,1
8022,ZMED610003,2,,17,0,1
8023,ZMED500002,2,,0,0,1
8024,ZMED500003,2,,0,0,1
8025,RAGA030015,2,,0,0,1
8026,RAGA035015,2,,0,0,1
8027,GLWL012451,2,,0,0,1
8028,GMTA101010,2,,0,0,1
8029,GMTA101016,2,,0,0,1
8030,GMTA101020,2,,0,0,1
8031,GMTA167010,2,,0,0,1
8032,GMTA167016,2,,0,0,1
8033,GMTA167025,2,,0,0,1
8034,GMTA120016,2,,0,0,1
8035,GMTA170010,2,,0,0,1
8036,GMTA170000,2,,0,0,1
8037,MODU002020,2,,0,0,1
8038,DURA003002,2,,0,0,1
8039,ther032048,2,,0,0,1
8040,nepe900059,2,,0,0,1
8041,NEPE900060,2,,0,0,1
8042,NEPE900031,2,,0,0,1
8043,NEPE900061,2,,0,0,1
8044,NEPE900062,2,,0,0,1
8045,raga032032,2,,0,0,1
8046,VODP030020,2,,0,0,1
8047,SAGA045020,2,,0,0,1
8048,VODE025025,2,,0,0,1
8049,vodp020020,2,,0,0,1
8050,LOVE120045,2,,0,0,1
8051,LOVP100030,2,,0,0,1
8052,styr025300,2,,0,0,1
8053,press006001,2,,0,0,1
8054,DTACBB060916,2,,0,0,1
8055,DTACBB060917,2,,0,0,1
8056,DTACBB061316,2,,0,0,1
8057,DTACBB061317,2,,0,0,1
8058,DTACBB061616,2,,0,0,1
8059,DTACBB061617,2,,0,0,1
8060,DTACBB091617,2,,0,0,1
8061,DTACBB091916,2,,0,0,1
8062,DTACBB091917,2,,0,0,1
8063,DTACBB131916,2,,0,0,1
8064,love057056,2,,0,0,1
8065,agas012007,2,,0,0,1
8066,SADA120060,2,,0,0,1
8067,FAGA045035,2,,0,0,1
8068,ZMED700003,2,,0,0,1
8069,ARCA530010,2,,0,0,1
8070,ARCA530020,2,,0,0,1
8071,ARCA530030,2,,0,0,1
8072,ARCA530040,2,,0,0,1
8073,raga099018,2,,0,0,1
8074,RAGA062031,2,,0,0,1
8075,DOKN006006,2,,0,0,1
8076,GMTA700015,2,,0,0,1
8077,SSSK000010,2,,0,0,1
8078,FILI054047,2,,0,0,1
8079,PTBE028100,2,,0,0,1
8080,SAGP110015,2,,0,0,1
8081,LOVP055055,2,,0,0,1
8082,RAGP070020,2,,0,0,1
8083,SCHI210100,2,,0,0,1
8084,NEPE900037,2,,0,0,1
8085,DTPTRB009076,2,,0,0,1
8086,DTPTRB016081,2,,0,0,1
8087,DTPTRB019081,2,,0,0,1
8088,PTBE019300,2,,0,0,1
8089,PTBE013150,2,,0,0,1
8090,ARCA400005,2,,0,0,1
8091,AGAS004013,2,,0,0,1
8092,AGAS004024,2,,0,0,1
8093,AGAS004018,2,,0,0,1
8094,RAGA075010,2,,0,0,1
8095,ZINC122085,2,,0,0,1
8096,016001001005,2,,0,0,1
8097,pemt162015,2,,0,0,1
8098,REGF300022,2,,0,0,1
8099,LINI015120,2,,0,0,1
8100,ZMED610004,2,,37,0,1
8101,ZMED610005,2,,0,0,1
8102,PROF100408,2,,0,0,1
8103,PROF100457,2,,0,0,1
8104,PROF110408,2,,0,0,1
8105,PROF110457,2,,0,0,1
8106,boxs000010,2,,0,0,1
8107,ARCA400006,2,,0,0,1
8108,BOXR000010,2,,0,0,1
8109,NEPE900063,2,,0,0,1
8110,NEPE900069,2,,1,0,1
8111,raga055025,2,,0,0,1
8112,PIGW240150,2,,0,0,1
8113,ZMED700004,2,,0,0,1
8114,RAGP049029,2,,0,0,1
8115,RAGP015015,2,,0,0,1
8116,RAGP020020,2,,0,0,1
8117,LOVP040020,2,,0,0,1
8118,BOXD049029,2,,0,0,1
8119,RAGA029015,2,,0,0,1
8120,RAGA034014,2,,0,0,1
8121,BARG040030,2,,0,0,1
8122,BESI116015,2,,0,0,1
8123,VRKN015007,2,,0,0,1
8124,FAGA040020,2,,0,0,1
8125,SMED004101,2,,0,0,1
8126,SMED004202,2,,0,0,1
8127,SMED004201,2,,0,0,1
8128,SMED004204,2,,0,0,1
8129,SMED004102,2,,0,0,1
8130,LOVE055035,2,,0,0,1
8131,alco700015,2,,17,0,1
8132,raga008020,2,,0,0,1
8133,VODG020015,2,,0,0,1
8134,RAGA050010,2,,0,0,1
8135,GALD190101,2,,0,0,1
8136,PEPW80020,2,,0,0,1
8137,HODD025025,2,,0,0,1
8138,PESO011216,2,,0,0,1
8139,RAGA063032,2,,0,0,1
8140,boxi015060,2,,0,0,1
8141,DTPTBB019301,2,,0,0,1
8142,kitz023080,2,,0,0,1
8143,BOXI025004,2,,0,0,1
8144,CVSS000020,2,,0,0,1
8145,FILIT062043,2,,0,0,1
8146,HEPB606035,2,,0,0,1
8147,HEPB607025,2,,0,0,1
8148,tlkn006006,2,,0,0,1
8149,SADA050025,2,,0,0,1
8150,BOXI050025,2,,0,0,1
8151,RDIF000015,2,,0,0,1
8152,ZMED500004,2,,0,0,1
8153,raga014014,2,,0,0,1
8154,SAGA035105,2,,0,0,1
8155,RAGP045045,2,,0,0,1
8156,DNKN215006,2,,0,0,1
8157,DNKN215015,2,,0,0,1
8158,RAGA059039,2,,0,0,1
8159,ADPT115015,2,,0,0,1
8160,ADPT106007,2,,0,0,1
8161,ADPT115006,2,,0,0,1
8162,ADPT106015,2,,0,0,1
8163,PDKN200006,2,,0,0,1
8164,TTKN100006,2,,0,0,1
8165,TTKN100015,2,,0,0,1
8166,BOXR000011,2,,0,0,1
8167,KOME025013,2,,8,0,1
8168,adpt008006,2,,0,0,1
8169,BARG076016,2,,0,0,1
8170,besi301065,2,,0,0,1
8171,BESI301025,2,,0,0,1
8172,BESI301032,2,,0,0,1
8173,BESI262015,2,,0,0,1
8174,DTPTBB009088,2,,0,0,1
8175,DTptbb013127,2,,0,0,1
8176,ascr000015,2,,0,0,1
8177,EKCC010010,2,,0,0,1
8178,BARG010010,2,,0,0,1
8179,besi210015,2,,0,0,1
8180,REGH004015,2,,0,0,1
8181,LINP008100,2,,0,0,1
8182,FDPU000607,2,,0,0,1
8183,RAGA080013,2,,0,0,1
8184,polf002008,2,,0,0,1
8185,PSTG000002,2,,0,0,1
8186,RAGP040030,2,,0,0,1
8187,NEPE900070,2,,0,0,1
8188,GALD390024,2,,0,0,1
8189,nskn006002,2,,0,0,1
8190,svtw022015,2,,0,0,1
8191,svtw022020,2,,0,0,1
8192,svtw022025,2,,0,0,1
8193,svtw022050,2,,0,0,1
8194,lini022026,2,,0,0,1
8195,ARCA400007,2,,0,0,1
8196,ARCA530070,2,,0,0,1
8197,ARCA400008,2,,0,0,1
8198,ARCA530021,2,,0,0,1
8199,RAGA065055,2,,0,0,1
8201,raga114019,2,,0,0,1
8202,BOXI040004,2,,0,0,1
8203,REGF000008,2,,0,0,1
8204,GMTA161001,2,,0,0,1
8205,GMTA161002,2,,0,0,1
8206,GMTA161004,2,,0,0,1
8207,GMTA161100,2,,0,0,1
8208,GMTA161250,2,,0,0,1
8209,GMTA163006,2,,0,0,1
8210,GMTA163010,2,,0,0,1
8211,GMTA163016,2,,0,0,1
8212,GMTA067006,2,,0,0,1
8213,GMTA067001,2,,0,0,1
8214,GMTA120002,2,,0,0,1
8215,GMTA120006,2,,0,0,1
8216,GMTA120010,2,,0,0,1
8217,GMTA310002,2,,0,0,1
8218,GMTA310030,2,,0,0,1
8219,BESI017080,2,,0,0,1
8220,PSTG001012,2,,0,0,1
8221,ZMED800001,2,,0,0,1
8222,ZMBV000006,2,,0,0,1
8223,ZMBV000067,2,,0,0,1
8224,ZMBV000080,2,,0,0,1
8225,ZMED600003,2,,0,0,1
8226,ZMED600004,2,,0,0,1
8227,ZMBV000020,2,,0,0,1
8228,boxw000000,2,,0,0,1
8229,BVSS002006,2,,0,0,1
8230,boxy000010,2,,0,0,1
8231,SADA043043,2,,0,0,1
8232,PTBE008200,2,,0,0,1
8233,PROF120102,2,,0,0,1
8234,PROF120152,2,,0,0,1
8235,NEPE900071,2,,0,0,1
8236,CAST109807,2,,0,0,1
8237,GMTA167035,2,,0,0,1
8238,GMTA163250,2,,0,0,1
8239,GMTA114025,2,,0,0,1
8240,GMTA130025,2,,0,0,1
8241,GMTA130016,2,,0,0,1
8242,GMTA114250,2,,0,0,1
8243,NEPE900072,2,,0,0,1
8244,NEPE900073,2,,0,0,1
8245,NEPE900018,2,,0,0,1
8246,PGAU038004,2,,2,0,1
8247,PGAU038040,2,,3,0,1
8248,PGAU037006,2,,0,0,1
8249,PGAU069025,2,,0,0,1
8250,PGAU036006,2,,1,0,1
8251,DTPTBB008201,2,,0,0,1
8252,IMTA101100,2,,1,0,1
8253,IMTA065001,2,,2,0,1
8254,IMTA065025,2,,3,0,1
8255,IMTA065000,2,,1,0,1
8256,JUMO065006,2,,1,0,1
8257,MIGI065005,2,,0,0,1
8258,PGNJ067006,2,,0,0,1
8259,PGAU100007,2,,0,0,1
8260,PGAU066002,2,,1,0,1
8261,PGAU066007,2,,2,0,1
8262,PGAU066035,2,,1,0,1
8263,PGAU064500,2,,1,0,1
8264,pgau065150,2,,0,0,1
8265,PGAU063001,2,,2,0,1
8266,PGAU063015,2,,0,0,1
8267,PGAU063025,2,,4,0,1
8268,PGAU062001,2,,1,0,1
8269,PGAU062005,2,,2,0,1
8270,PGAU062007,2,,1,0,1
8271,PGAU062000,2,,0,0,1
8272,pgau100000,2,,1,0,1
8273,pepw700032,2,,0,0,1
8274,PEVA007040,2,,0,0,1
8275,PEVA007032,2,,0,0,1
8276,PEVA007025,2,,0,0,1
8277,gmta165011,2,,0,0,1
8278,EAGA030030,2,,0,0,1
8279,EAGA030020,2,,0,0,1
8280,LOVP080030,2,,0,0,1
8281,RAGP060020,2,,0,0,1
8282,SADP030030,2,,0,0,1
8283,ascr012012,2,,0,0,1
8284,ASCR012010,2,,0,0,1
8285,GALD180079,2,,0,0,1
8286,saga070010,2,,0,0,1
8287,EAGA040030,2,,0,0,1
8288,EAGA025025,2,,0,0,1
8289,FAGA025025,2,,0,0,1
8290,LOVE100030,2,,0,0,1
8291,LOVE080040,2,,0,0,1
8292,HEPF060030,2,,0,0,1
8293,MEDF060030,2,,0,0,1
8294,PREF060030,2,,0,0,1
8295,FAGA025020,2,,0,0,1
8296,FAGA070010,2,,0,0,1
8297,SSFL011050,2,,0,0,1
8298,RAGA028008,2,,0,0,1
8299,ARCA530060,2,,0,0,1
8300,PTBE019107,2,,0,0,1
8301,PTRE009081,2,,0,0,1
8302,PTRE013081,2,,0,0,1
8303,PTRE016089,2,,0,0,1
8304,PTRE006071,2,,0,0,1
8305,BOXP000004,2,,0,0,1
8306,AGAS006017,2,,0,0,1
8307,SSVS050020,2,,0,0,1
8308,DNKN003004,2,,0,0,1
8309,AGAS006018,2,,0,0,1
8310,SAGA045015,2,,0,0,1
8311,SAGA100025,2,,0,0,1
8312,RAGA040015,2,,0,0,1
8313,RAGD130075,2,,0,0,1
8314,RAGD100075,2,,0,0,1
8315,RAGD100100,2,,0,0,1
8316,RAGD080100,2,,0,0,1
8317,RAGA080015,2,,0,0,1
8318,SAGA040012,2,,0,0,1
8319,BOXE000004,2,,0,0,1
8320,PTBE013100,2,,0,0,1
8321,PTBE009071,2,,0,0,1
8322,SADP020020,2,,0,0,1
8323,RAGP025020,2,,0,0,1
8324,BOXI025020,2,,0,0,1
8325,RAGF055040,2,,0,0,1
8326,RAGF030030,2,,0,0,1
8327,BOXI015104,2,,0,0,1
8328,BOXI030104,2,,0,0,1
8329,BOXT010004,2,,0,0,1
8330,PTBE025120,2,,0,0,1
8331,PTBE013089,2,,0,0,1
8332,RAGA103026,2,,0,0,1
8333,BOXD000004,2,,0,0,1
8334,BOXR000012,2,,0,0,1
8335,boxi083030,2,,0,0,1
8336,REGH847101,2,,0,0,1
8337,REGH847102,2,,0,0,1
8338,GMTA310750,2,,0,0,1
8339,GMTA311000,2,,0,0,1
8340,NEPE900074,2,,0,0,1
8341,DTptrb008042,2,,0,0,1
8342,DTptbb006080,2,,0,0,1
8343,ASCR000128,2,,0,0,1
8344,BOXC000004,2,,0,0,1
8345,ARCA530011,2,,0,0,1
8346,AGAS004026,2,,0,0,1
8347,ARCA400009,2,,0,0,1
8348,ARCA530050,2,,0,0,1
8349,REGH847103,2,,0,0,1
8350,BVBS000110,2,,0,0,1
8351,CPPP000020,2,,0,0,1
8352,HEPB060030,2,,0,0,1
8353,PREB060030,2,,0,0,1
8354,EAGA020020,2,,0,0,1
8355,RAGA039035,2,,0,0,1
8356,RAGA045035,2,,0,0,1
8357,boxy005004,2,,0,0,1
8358,RAGP031031,2,,0,0,1
8359,ZMED900001,2,,0,0,1
8360,ZMED401001,2,,0,0,1
8361,GMTA163025,2,,0,0,1
8362,GMTA163001,2,,0,0,1
8363,GMTA163002,2,,0,0,1
8364,GMTA161006,2,,0,0,1
8365,GMTA161010,2,,0,0,1
8366,GMTA161016,2,,0,0,1
8367,GMTA161025,2,,0,0,1
8368,GMTA067040,2,,0,0,1
8369,GMTA067060,2,,0,0,1
8370,GMTA067250,2,,0,0,1
8371,ARCA400010,2,,0,0,1
8372,RAGP070050,2,,0,0,1
8373,zmbv100009,2,,0,0,1
8374,ZMBV100013,2,,0,0,1
8375,ZMBV100016,2,,0,0,1
8376,ZMBV100020,2,,0,0,1
8377,ZMBV100022,2,,0,0,1
8378,ZMBV100028,2,,0,0,1
8379,ZMBV100035,2,,0,0,1
8380,ZMBV100042,2,,0,0,1
8381,BARG030015,2,,0,0,1
8382,FTFL006013,2,,0,0,1
8383,EKFL113013,2,,0,0,1
8384,ARCA500004,2,,0,0,1
8385,ARCA500005,2,,0,0,1
8386,SMED007102,2,,0,0,1
8387,VRKN005000,2,,0,0,1
8388,DTPTBB009087,2,,0,0,1
8389,VODE080050,2,,0,0,1
8390,SMED006001,2,,0,0,1
8391,SSTC001006,2,,0,0,1
8392,SMED007103,2,,0,0,1
8393,RAGA055015,2,,0,0,1
8394,ADPT001000,2,,0,0,1
8395,ZMED600005,2,,0,0,1
8396,ZMED600006,2,,0,0,1
8397,NEPE900017,2,,0,0,1
8398,SMED007201,2,,0,0,1
8399,SADA027027,2,,0,0,1
8400,BOXI050010,2,,0,0,1
8401,ADPT001001,2,,0,0,1
8402,ADPT001002,2,,0,0,1
8403,RAGP040015,2,,0,0,1
8404,ARCA700001,2,,0,0,1
8405,RAGA075015,2,,0,0,1
8406,ZMED080001,2,,0,0,1
8407,ZMED080002,2,,0,0,1
8408,NEPE900075,2,,0,0,1
8409,zmed900002,2,,0,0,1
8410,AGAS010019,2,,0,0,1
8411,GALD230018,2,,0,0,1
8412,RAGA150030,2,,0,0,1
8413,BOXI027008,2,,0,0,1
8414,RAGA120030,2,,0,0,1
8415,RAGP040025,2,,0,0,1
8416,AGAS004032,2,,0,0,1
8417,AGAS004033,2,,0,0,1
8418,ADPT001003,2,,0,0,1
8419,ZMED100006,2,,0,0,1
8420,DTptbb022168,2,,0,0,1
8421,GALV012051,2,,0,0,1
8422,TFKN009006,2,,0,0,1
8424,ZMED600007,2,,0,0,1
8425,ZMED600008,2,,0,0,1
8426,ZMED600009,2,,0,0,1
8427,ZMED080003,2,,0,0,1
8428,ZMED080004,2,,0,0,1
8429,PROF140152,2,,0,0,1
8430,PROF140102,2,,0,0,1
8431,PROF120203,2,,0,0,1
8432,PROF120254,2,,0,0,1
8433,ARCA200003,2,,0,0,1
8434,SAGA100020,2,,0,0,1
8435,RAGA100040,2,,0,0,1
8436,DNKN012008,2,,0,0,1
8437,raga070016,2,,0,0,1
8438,raga070040,2,,0,0,1
8439,DTptbb035168,2,,0,0,1
8440,GMTA101006,2,,0,0,1
8441,RAGF035035,2,,0,0,1
8442,RAGF040025,2,,0,0,1
8443,RAGF050025,2,,0,0,1
8444,VODE070040,2,,0,0,1
8445,VODE060040,2,,0,0,1
8446,LOVE070040,2,,0,0,1
8447,LOVE045025,2,,0,0,1
8448,ARCA400011,2,,0,0,1
8449,SAGP062010,2,,0,0,1
8450,VRKN006002,2,,0,0,1
8451,VSKN009005,2,,0,0,1
8452,ARCA530051,2,,0,0,1
8453,WARM200597,2,,0,0,1
8454,BARG056026,2,,0,0,1
8455,GMTA067025,2,,0,0,1
8456,GMTA241600,2,,0,0,1
8457,SSDN015006,2,,0,0,1
8458,SSNS025025,2,,0,0,1
8459,DTPTBB008202,2,,0,0,1
8460,SMED007202,2,,0,0,1
8461,SMED007204,2,,0,0,1
8462,SMED007203,2,,0,0,1
8463,ZMED700005,2,,0,0,1
8464,SMED007104,2,,0,0,1
8465,PROF120508,2,,0,0,1
8466,PROF100508,2,,0,0,1
8467,RAGF060060,2,,0,0,1
8468,BOXD040020,2,,0,0,1
8469,ARCA400012,2,,0,0,1
8470,ARCA200004,2,,0,0,1
8471,REGH801102,2,,0,0,1
8472,REGH801104,2,,0,0,1
8473,PEVA007020,2,,0,0,1
8474,PEVA007063,2,,0,0,1
8475,BOXI040016,2,,0,0,1
8476,NEPE900076,2,,0,0,1
8477,ARCA400013,2,,0,0,1
8478,ARCA530061,2,,0,0,1
8479,ARCA400014,2,,0,0,1
8480,PREF060060,2,,0,0,1
8481,MEDF060060,2,,0,0,1
8482,HEPF060120,2,,0,0,1
8483,HEPB060120,2,,0,0,1
8484,PREB060060,2,,0,0,1
8486,GMTA400065,2,,0,0,1
8487,GMTA400080,2,,0,0,1
8488,ADPT001004,2,,0,0,1
8489,VODE040020,2,,0,0,1
8490,LOVE050030,2,,0,0,1
8491,FILT030030,2,,0,0,1
8492,BOXI060010,2,,0,0,1
8493,VODE090040,2,,0,0,1
8494,VODE070030,2,,0,0,1
8495,VODE075040,2,,0,0,1
8496,VODE080030,2,,0,0,1
8497,VODE075035,2,,0,0,1
8498,LINS114014,2,,0,0,1
8499,ARCA530062,2,,0,0,1
8500,ARCA400015,2,,0,0,1
8501,raga070041,2,,0,0,1
8502,AGAS006019,2,,0,0,1
8503,ADPT001005,2,,0,0,1
8504,AGAS010020,2,,5,0,1
8505,NEPE900077,2,,0,0,1
8506,SSDP000015,2,,0,0,1
8507,CAST769007,2,,0,0,1
8508,CAST769009,2,,0,0,1
8509,SSDN010006,2,,0,0,1
8510,SPGT007007,2,,0,0,1
8511,016003001001,2,,1,0,1
8512,016003001002,2,,0,0,1
8513,016003001003,2,,0,0,1
8514,016003001004,2,,0,0,1
8515,016003001005,2,,0,0,1
8516,LOVE050015,2,,0,0,1
8517,LOVE030015,2,,0,0,1
8518,DTPTBB019126,2,,0,0,1
8519,ZMED610006,2,,0,0,1
8520,ZMED500005,2,,0,0,1
8521,ZMED150011,2,,0,0,1
8522,ZMED150012,2,,0,0,1
8523,ZMED150021,2,,0,0,1
8524,ZMED150022,2,,0,0,1
8525,ZMED600010,2,,0,0,1
8526,agas012008,2,,0,0,1
8527,agas012009,2,,0,0,1
8528,EAGA060015,2,,0,0,1
8529,ZMED610007,2,,0,0,1
8530,BOXS000004,2,,0,0,1
8531,HEPF060060,2,,0,0,1
8532,ZMED600011,2,,0,0,1
8533,NEPE900078,2,,4,0,1
8534,PUED006009,2,,0,0,1
8535,nepe900016,2,,0,0,1
8536,NEPE900079,2,,0,0,1
8537,GMTA233050,2,,0,0,1
8538,MAGN310030,2,,0,0,1
8539,GMTA365250,2,,0,0,1
8540,GMTA365025,2,,0,0,1
8541,GMTA101025,2,,0,0,1
8542,NEPE901011,2,,0,0,1
8543,RAGP035035,2,,0,0,1
8544,SAGP065045,2,,0,0,1
8545,LINI100020,2,,0,0,1
8546,ZMED030001,2,,0,0,1
8547,GMTA465025,2,,0,0,1
8548,GMTA465000,2,,0,0,1
8549,KITZ127150,2,,0,0,1
8550,KITZ127100,2,,0,0,1
8551,RAGA020031,2,,0,0,1
8552,TCIN025025,2,,0,0,1
8553,CAST769011,2,,0,0,1
8554,CAST769013,2,,0,0,1
8555,CAST769017,2,,0,0,1
8556,CAST769021,2,,0,0,1
8557,CAST769025,2,,0,0,1
8558,CAST769005,2,,0,0,1
8559,CAST769006,2,,0,0,1
8560,PTBE025100,2,,0,0,1
8561,LOVE060031,2,,0,0,1
8562,ZMED500006,2,,0,0,1
8563,RAGS020020,2,,0,0,1
8564,NEPE900080,2,,0,0,1
8565,HDPE010040,2,,0,0,1
8566,GMTA170001,2,,0,0,1
8567,GMTA015000,2,,0,0,1
8568,DTPTBB028072,2,,0,0,1
8569,ZMED600012,2,,0,0,1
8570,DTMZ001002,2,,0,0,1
8571,BOXR040062,2,,0,0,1
8572,ARCA400016,2,,0,0,1
8573,ARCA400017,2,,0,0,1
8574,ARCA530012,2,,0,0,1
8575,ARCA530013,2,,0,0,1
8576,GRAF050050,2,,0,0,1
8577,CAST641006,2,,0,0,1
8578,BOXR000013,2,,0,0,1
8579,BOXR000006,2,,0,0,1
8580,BOXT000009,2,,0,0,1
8581,RAGA030010,2,,0,0,1
8582,ASCR000041,2,,0,0,1
8583,ARCA540003,2,,0,0,1
8584,ARCA540006,2,,0,0,1
8585,RAGP010010,2,,0,0,1
8586,RAGA029087,2,,0,0,1
8587,RGBH000001,2,,0,0,1
8588,GMTA310003,2,,0,0,1
8589,GALV001050,2,,0,0,1
8590,BOXE000005,2,,0,0,1
8591,GALV001150,2,,0,0,1
8592,RAGP029029,2,,0,0,1
8593,RING000004,2,,0,0,1
8594,RAGP020008,2,,0,0,1
8595,RAGP030025,2,,0,0,1
8596,RAGP035020,2,,0,0,1
8597,MANH045045,2,,0,0,1
8598,MANH060060,2,,0,0,1
8599,PIBW081025,2,,0,0,1
8600,BOXT000005,2,,0,0,1
8601,BOXR032006,2,,0,0,1
8602,BOXR006004,2,,0,0,1
8603,ARCA400018,2,,0,0,1
8604,ARCA530063,2,,0,0,1
8605,pffd001100,2,,0,0,1
8606,tspr015008,2,,0,0,1
8607,RAGF050020,2,,0,0,1
8608,RAGF030020,2,,0,0,1
8609,mecc008009,2,,0,0,1
8610,DTptbb022169,2,,0,0,1
8611,ZMED600013,2,,0,0,1
8612,ZMED600014,2,,0,0,1
8613,ZMED010001,2,,0,0,1
8614,BOXR343203,2,,0,0,1
8615,BOXR150106,2,,0,0,1
8616,SMED002103,2,,0,0,1
8618,DTPTBB009071,2,,0,0,1
8619,DTPTBB016100,2,,0,0,1
8620,DTPTBB019102,2,,0,0,1
8621,DTPTBB022110,2,,0,0,1
8622,DTPTBB025123,2,,0,0,1
8623,ZMED600016,2,,0,0,1
8624,ZMED600015,2,,0,0,1
8625,SADA024024,2,,0,0,1
8626,PIBW002250,2,,0,0,1
8627,MCVT006008,2,,0,0,1
8628,TCIN020020,2,,0,0,1
8629,SAGA060021,2,,0,0,1
8630,RAGA059020,2,,0,0,1
8631,ARCA400019,2,,0,0,1
8632,SAGP056006,2,,0,0,1
8633,SSDN040032,2,,0,0,1
8634,SSDN050040,2,,0,0,1
8635,REGH825103,2,,0,0,1
8636,BOXS001006,2,,0,0,1
8637,BOXS001008,2,,0,0,1
8638,ARCA401001,2,,0,0,1
8639,BOXR038008,2,,0,0,1
8640,FCCC015006,2,,0,0,1
8641,FCCC006006,2,,0,0,1
8642,ARCA401002,2,,0,0,1
8643,AGAS006020,2,,0,0,1
8644,SSDN020010,2,,0,0,1
8645,NSKN006007,2,,0,0,1
8646,RAGD010025,2,,0,0,1
8647,CAST381044,2,,0,0,1
8648,BOXY108004,2,,0,0,1
8649,BOXY108003,2,,0,0,1
8650,ZMED030002,2,,0,0,1
8651,AGAS006021,2,,0,0,1
8652,ZMED030003,2,,2,0,1
8653,RAGP060060,2,,0,0,1
8654,RAGP030031,2,,0,0,1
8655,BOXP060060,2,,0,0,1
8656,BOXP030030,2,,0,0,1
8657,REGL100006,2,,0,0,1
8658,REGL100007,2,,0,0,1
8659,BOXI024006,2,,0,0,1
8660,ZMED500007,2,,0,0,1
8661,NASA000001,2,,6,0,1
8662,AGAS006022,2,,0,0,1
8663,RAGA120060,2,,0,0,1
8664,BOXI030030,2,,0,0,1
8665,PACE206009,2,,0,0,1
8666,PACE206013,2,,0,0,1
8668,DTPTBB022100,2,,0,0,1
8669,DTPTBB019100,2,,0,0,1
8670,MCCC006012,2,,0,0,1
8671,VSKN006008,2,,0,0,1
8672,NEPE006001,2,,0,0,1
8673,NEPE006002,2,,0,0,1
8674,REGL100008,2,,29,1,1
8675,SSDN025015,2,,0,0,1
8676,ADPT020606,2,,0,0,1
8677,ADPT020608,2,,0,0,1
8678,SSDN040025,2,,0,0,1
8679,ASCR013009,2,,0,0,1
8680,AGAS300001,2,,0,0,1
8681,AGAS300002,2,,0,0,1
8682,REGL100009,2,,0,0,1
8683,REGL900001,2,,0,0,1
8684,AGAS006024,2,,2,0,1
8685,ZMED500008,2,,0,0,1
8686,ARCA402001,2,,0,0,1
8687,NEPE900081,2,,0,0,1
8688,NEPE900082,2,,0,0,1
8689,UCIN112012,2,,0,0,1
8690,TCIN112012,2,,0,0,1
8691,MTCC006008,2,,0,0,1
8692,MTCC003005,2,,0,0,1
8693,MECC006008,2,,0,0,1
8694,MECC003005,2,,0,0,1
8695,ARCA400020,2,,0,0,1
8696,DTPTBB080278,2,,0,0,1
8697,DTPTBB054121,2,,0,0,1
8698,ARCA400021,2,,0,0,1
8699,ARCA530041,2,,0,0,1
8700,ZMED040001,2,,0,0,1
8701,NEPE800001,2,,0,0,1
8702,NEPE800002,2,,0,0,1
8703,LOVP020020,2,,0,0,1
8704,NEPE900083,2,,0,0,1
8705,DTPTBB013091,2,,0,0,1
8706,NEPE900084,2,,0,0,1
8707,NEPE900085,2,,0,0,1
8708,NEPE900086,2,,0,0,1
8709,ZMED040002,2,,0,0,1
8710,ZMED040003,2,,0,0,1
8711,ZMED030004,2,,0,0,1
8712,ZMED030005,2,,0,0,1
8713,NONR000004,2,,0,0,1
8714,NEPE900087,2,,0,0,1
8715,DTPTBB032122,2,,0,0,1
8716,ARCA400022,2,,0,0,1
8717,GALD130006,2,,0,0,1
8718,GALD100006,2,,0,0,1
8719,GALD430050,2,,0,0,1
8720,RAGP055055,2,,0,0,1
8721,RAGP075075,2,,0,0,1
8722,DTPTBB019092,2,,0,0,1
8723,PTBE028120,2,,0,0,1
8724,BOXE000011,2,,0,0,1
8725,BOXY104004,2,,0,0,1
8726,SADP027027,2,,0,0,1
8727,BOXR000005,2,,0,0,1
8728,DTPTBB019127,2,,0,0,1
8729,BOXI020003,2,,0,0,1
8730,BOXP061061,2,,0,0,1
8731,BOXP031031,2,,0,0,1
8732,ZMED610008,2,,15,0,1
8733,BOXE185030,2,,0,0,1
8734,BOXR853050,2,,0,0,1
8735,HEPB060121,2,,0,0,1
8736,FAGF060120,2,,0,0,1
8737,EAGF060120,2,,0,0,1
8738,RAGF040030,2,,0,0,1
8739,RAIN082035,2,,0,0,1
8740,016002002001,2,,0,0,1
8741,016002002003,2,,48,0,1
8742,016002002002,2,,29,0,1
8743,016002002004,2,,18,0,1
8744,016002002005,2,,8,0,1
8745,ZMED140006,2,,0,0,1
8746,ZMED140005,2,,0,0,1
8747,ZMED140002,2,,0,0,1
8748,ZMED140003,2,,0,0,1
8749,SMED004203,2,,0,0,1
8750,SMED008204,2,,0,0,1
8751,SMED008201,2,,0,0,1
8752,SMED008202,2,,0,0,1
8753,SMED008203,2,,0,0,1
8754,SMED009004,2,,0,0,1
8755,SMED009005,2,,0,0,1
8756,SMED009002,2,,0,0,1
8757,SMED009003,2,,0,0,1
8758,PTBE035081,2,,0,0,1
8759,PTBE008051,2,,0,0,1
8760,GALD130016,2,,0,0,1
8761,GALD130021,2,,0,0,1
8762,SGPI190101,2,,0,0,1
8763,RAGA028022,2,,0,0,1
8764,SSDN032025,2,,0,0,1
8765,SAGA011080,2,,0,0,1
8766,GALD190068,2,,0,0,1
8767,BOXY006004,2,,0,0,1
8768,BOXR000007,2,,0,0,1
8769,BOXY106004,2,,0,0,1
8770,BOXR000315,2,,0,0,1
8771,BOXS000003,2,,0,0,1
8772,SMBR400004,2,,0,0,1
8773,SMYH000015,2,,10,0,1
8774,SMYH000025,2,,20,0,1
8775,BOXD055055,2,,0,0,1
8776,BOXI055055,2,,0,0,1
8777,MALE040042,2,,0,0,1
8778,PTBK013071,2,,0,0,1
8779,PTBC035122,2,,0,0,1
8780,PTBC035140,2,,0,0,1
8781,PTBC028127,2,,0,0,1
8782,arca530042,2,,0,0,1
8783,ARCA530052,2,,0,0,1
8784,ARCA530009,2,,0,0,1
8785,NEPE900015,2,,0,0,1
8786,GALV001140,2,,0,0,1
8787,VODE090035,2,,0,0,1
8788,VODE070035,2,,0,0,1
8789,DTPTBB006072,2,,0,0,1
8790,GMTA017002,2,,0,0,1
8791,SADA042042,2,,0,0,1
8792,DTACBB106009,2,,0,0,1
8793,1PTBE006071,2,,0,0,1
8794,PTBE042152,2,,0,0,1
8795,EKCC112012,2,,0,0,1
8796,KFLE009028,2,,0,0,1
8797,KFLE013028,2,,0,0,1
8798,KFLE013025,2,,0,0,1
8799,KFLE013022,2,,0,0,1
8800,VODE120030,2,,0,0,1
8801,VODE120025,2,,0,0,1
8802,SAGA040020,2,,0,0,1
8803,AGAS006025,2,,0,0,1
8804,LOVE050050,2,,0,0,1
8805,AGAS012010,2,,0,0,1
8806,DTUBEN001054,2,,0,0,1
8807,MODE080080,2,,0,0,1
8808,TATZ009100,2,,8,0,1
8809,MCCC115009,2,,0,0,1
8810,REGB000018,2,,0,0,1
8811,EKCC109009,2,,0,0,1
8812,TCIN109009,2,,0,0,1
8813,ADPT001006,2,,0,0,1
8814,AGAS006070,2,,0,0,1
8815,ZMED710001,2,,0,0,1
8816,ZMED710002,2,,0,0,1
8817,ZMED710003,2,,0,0,1
8818,ZMED710004,2,,0,0,1
8819,SSVR080025,2,,0,0,1
8820,ZMED320001,2,,0,0,1
8821,ZMED320002,2,,0,0,1
8822,DTPTBB009122,2,,0,0,1
8823,RAGP050010,2,,0,0,1
8824,SKYD001006,2,,0,0,1
8825,BOXR005004,2,,0,0,1
8826,PTBE013081,2,,0,0,1
8827,BOXR000014,2,,0,0,1
8828,AGAS006026,2,,0,0,1
8829,LGBH000001,2,,0,0,1
8830,BOXY108008,2,,0,0,1
8831,RAGA090010,2,,0,0,1
8832,BARG010090,2,,0,0,1
8833,SADA030032,2,,0,0,1
8834,RDIF000026,2,,0,0,1
8835,RAGP120020,2,,0,0,1
8836,RAGP080080,2,,0,0,1
8837,RAGA050025,2,,0,0,1
8838,PRESS015600,2,,0,0,1
8839,PRESS015500,2,,0,0,1
8840,DTPTBB054141,2,,0,0,1
8841,AGAS005020,2,,0,0,1
8842,AGAS005021,2,,0,0,1
8843,FCCC015022,2,,0,0,1
8844,EKCC022022,2,,0,0,1
8845,DTTTBG100015,2,,0,0,1
8846,EAGP030030,2,,0,0,1
8847,LOVP030030,2,,0,0,1
8848,BOXR004003,2,,0,0,1
8849,HEPF025025,2,,0,0,1
8850,HEPF035030,2,,0,0,1
8851,SMED050280,2,,78,0,1
8852,NBCR000001,2,,119,0,1
8853,pupc012009,2,,0,0,1
8854,pupc010015,2,,0,0,1
8855,PUPC010009,2,,0,0,1
8856,PUPC006009,2,,0,0,1
8857,pupc004006,2,,0,0,1
8858,pupc004005,2,,0,0,1
8859,PURT008004,2,,0,0,1
8860,PURT012008,2,,0,0,1
8861,PURT010008,2,,0,0,1
8862,RAGA134084,2,,0,0,1
8866,PUED108005,2,,0,0,1
8867,PUED106005,2,,0,0,1
8868,PUED106006,2,,0,0,1
8869,PUED110006,2,,0,0,1
8870,PUED106009,2,,0,0,1
8871,PUED108009,2,,0,0,1
8872,PUED112009,2,,0,0,1
8873,PUED112015,2,,0,0,1
8874,PUED110015,2,,0,0,1
8875,PUED010015,2,,0,0,1
8876,PUED010005,2,,0,0,1
8877,PUED004005,2,,0,0,1
8878,ZMED500009,2,,2,0,1
8879,PUED012009,2,,0,0,1
8880,NPUE012012,2,,0,0,1
8881,NPUE106106,2,,0,0,1
8882,NPUE008008,2,,0,0,1
8883,PURE012010,2,,0,0,1
8884,PURE006004,2,,0,0,1
8885,PUSB010010,2,,0,0,1
8886,PUSB008008,2,,0,0,1
8887,NPUS000010,2,,0,0,1
8888,NPUS000012,2,,0,0,1
8889,NPUS110010,2,,0,0,1
8890,NPUS112012,2,,0,0,1
8891,NPUS116016,2,,0,0,1
8892,NPUS104004,2,,0,0,1
8893,NPUS108008,2,,0,0,1
8894,NPUS106006,2,,0,0,1
8895,NPUT110010,2,,0,0,1
8896,NPUT112012,2,,0,0,1
8897,NPUT106006,2,,0,0,1
8898,NPUT000004,2,,0,0,1
8899,pute010010,2,,0,0,1
8900,pute004004,2,,0,0,1
8901,pute012012,2,,0,0,1
8902,BOXI040208,2,,0,0,1
8903,RAGP040020,2,,0,0,1
8904,FCCC006007,2,,0,0,1
8905,PROF110508,2,,0,0,1
8906,NEPE900088,2,,0,0,1
8907,NSPY001004,2,,0,0,1
8908,PUTD012015,2,,0,0,1
8909,PUTD010006,2,,0,0,1
8910,PUTD008006,2,,0,0,1
8911,PUTD010009,2,,0,0,1
8912,PUTD012009,2,,0,0,1
8913,NPUS306006,2,,0,0,1
8914,NPUS308008,2,,0,0,1
8915,NPUS410006,2,,0,0,1
8916,NPUS408006,2,,0,0,1
8917,NPUS410015,2,,0,0,1
8918,NPUS410009,2,,0,0,1
8919,NPUS408009,2,,0,0,1
8920,PUED212015,2,,0,0,1
8921,PUED206006,2,,0,0,1
8922,PUED208006,2,,0,0,1
8923,PUED208005,2,,0,0,1
8924,PUED206005,2,,0,0,1
8925,PUED300006,2,,0,0,1
8926,ASCR001054,2,,0,0,1
8927,ASCR001055,2,,0,0,1
8928,ASCR001056,2,,0,0,1
8929,AGAS005022,2,,0,0,1
8930,PGNM065150,2,,0,0,1
8931,RAGA015008,2,,0,0,1
8932,ZMED900003,2,,0,0,1
8933,AGAS005023,2,,0,0,1
8934,AGAS005024,2,,0,0,1
8935,SMED002206,2,,0,0,1
8936,MANH140050,2,,0,0,1
8937,DTPTBB006083,2,,0,0,1
8938,ZMED900004,2,,57,0,1
8939,ADPT001007,2,,0,0,1
8940,GMTA101250,2,,0,0,1
8941,SSDN050032,2,,0,0,1
8942,SMED004008,2,,0,0,1
8943,SAGA080010,2,,0,0,1
8944,RAGA130045,2,,0,0,1
8945,AGAS005025,2,,0,0,1
8946,AGAS006027,2,,547,0,1
8947,BARG041021,2,,0,0,1
8948,RAGA095035,2,,0,0,1
8949,BOXR005012,2,,0,0,1
8950,ASCR006008,2,,0,0,1
8951,SMCF000001,2,,0,0,1
8952,ASCR000053,2,,1,0,1
8953,RAGA052087,2,,0,0,1
8954,BOXE000012,2,,0,0,1
8955,RAGA015065,2,,0,0,1
8956,ZMED700006,2,,0,0,1
8957,ZMED700007,2,,0,0,1
8958,ZMED700008,2,,0,0,1
8959,ASCR016001,2,,0,0,1
8960,ZMED730001,2,,0,0,1
8961,ZMED700009,2,,9,0,1
8962,ZMED730002,2,,0,0,1
8963,ZMED730003,2,,0,0,1
8964,ZMED730004,2,,0,0,1
8965,ADPT007008,2,,0,0,1
8966,AGAS005026,2,,0,0,1
8967,LOVP019019,2,,0,0,1
8968,ASCR006015,2,,0,0,1
8969,BOXE000003,2,,0,0,1
8970,RAGA080060,2,,0,0,1
8971,NEPE901004,2,,0,0,1
8972,SADA024245,2,,0,0,1
8973,BOXI024008,2,,0,0,1
8974,pufc008010,2,,0,0,1
8975,BOXR000016,2,,0,0,1
8976,pure010008,2,,0,0,1
8977,adpt006004,2,,0,0,1
8978,ASCR016002,2,,0,0,1
8979,ZMAV000002,2,,4,0,1
8981,BOXE045008,2,,0,0,1
8982,SIPO000007,2,,13,0,1
8983,GMTA465060,2,,0,0,1
8984,GMTA465250,2,,0,0,1
8985,RAGA052026,2,,0,0,1
8986,SAGP100010,2,,0,0,1
8987,RAGP080020,2,,0,0,1
8988,RAGA075030,2,,0,0,1
8989,ASCR016003,2,,0,0,1
8990,RAGP100010,2,,0,0,1
8991,RAGP155025,2,,0,0,1
8992,FILI155025,2,,0,0,1
8993,DTPTBB054213,2,,0,0,1
8994,DTPTBB016126,2,,0,0,1
8995,DTPTBB028169,2,,0,0,1
8996,EAGA063063,2,,0,0,1
8997,DTptbb025152,2,,0,0,1
8998,DTptbb035169,2,,0,0,1
8999,nput100006,2,,0,0,1
9000,SADA028028,2,,0,0,1
9001,NEPE900089,2,,0,0,1
9002,mccc006008-1,2,,0,0,1
9003,BOXR008004,2,,0,0,1
9004,SSDN080080,2,,0,0,1
9005,DTPTBB019201,2,,0,0,1
9006,gald280054,2,,0,0,1
9007,DTACBB091631,2,,0,0,1
9008,RAGA040016,2,,0,0,1
9009,GALD525015,2,,0,0,1
9010,RAGP090060,2,,0,0,1
9011,RAGA024025,2,,0,0,1
9012,RAGA025030,2,,0,0,1
9013,RAGA024019,2,,0,0,1
9014,ZMED120001,2,,0,0,1
9015,ZMED120002,2,,0,0,1
9016,ZMED120003,2,,0,0,1
9017,ZMED120004,2,,0,0,1
9018,ZMED120005,2,,0,0,1
9020,YUTA004100,2,,0,0,1
9021,SMED002201,2,,0,0,1
9022,MANO001500,2,,0,0,1
9023,ARCA530022,2,,0,0,1
9024,ARCA530031,2,,0,0,1
9025,ARCA400023,2,,0,0,1
9026,RAGP055035,2,,0,0,1
9027,ZMAV000003,2,,96,0,1
9028,ZMBV000025,2,,0,0,1
9029,BOXR000004,2,,0,0,1
9030,REGH001220,2,,0,0,1
9031,BOXR012006,2,,0,0,1
9032,LOVP050050,2,,0,0,1
9033,LOVP040040,2,,0,0,1
9034,LOVP050025,2,,0,0,1
9035,LOVP030020,2,,0,0,1
9036,DTPTBB042169,2,,0,0,1
9037,ADPT001008,2,,0,0,1
9038,RAGA032060,2,,0,0,1
9039,RAGA033093,2,,0,0,1
9040,RAGA037050,2,,0,0,1
9041,RAGA037028,2,,0,0,1
9042,RAGA022027,2,,0,0,1
9043,RAGA035033,2,,0,0,1
9044,RAGA021102,2,,0,0,1
9045,LOVE030090,2,,0,0,1
9046,LOVE032046,2,,0,0,1
9047,LOVE031119,2,,0,0,1
9048,pufc008015,2,,0,0,1
9049,RAGP075020,2,,0,0,1
9050,SMED004104,2,,0,0,1
9051,SADA507007,2,,0,0,1
9052,SADA508008,2,,0,0,1
9053,SADA510010,2,,0,0,1
9054,SADA512012,2,,0,0,1
9055,RAGA508008,2,,0,0,1
9056,RAGA510010,2,,0,0,1
9057,RAGA512012,2,,0,0,1
9058,RAGA514014,2,,0,0,1
9059,RAGA518018,2,,0,0,1
9060,VODE522020,2,,0,0,1
9061,VODE524020,2,,0,0,1
9062,VODE516016,2,,0,0,1
9063,mecc015009,2,,0,0,1
9064,SMED002104,2,,0,0,1
9065,SMED005101,2,,0,0,1
9066,SMED005102,2,,0,0,1
9067,SMED005103,2,,0,0,1
9068,SMED005201,2,,0,0,1
9069,SMED005202,2,,0,0,1
9070,SMED005203,2,,0,0,1
9071,SMED005204,2,,0,0,1
9072,ASCR000030,2,,0,0,1
9073,SADA030040,2,,0,0,1
9074,RAGA035120,2,,0,0,1
9075,NEPE901012,2,,0,0,1
9076,BARG030022,2,,0,0,1
9077,SAGA060010,2,,0,0,1
9078,BOXI060011,2,,0,0,1
9079,NONR000003,2,,0,0,1
9080,TATZ009080,2,,2,0,1
9081,SADP027017,2,,0,0,1
9082,RAGA026040,2,,0,0,1
9083,RGRI000015,2,,0,0,1
9084,BARP100005,2,,0,0,1
9085,LINP100005,2,,0,0,1
9086,DTPTBA013100,2,,0,0,1
9087,ascr017018,2,,11,0,1
9088,LOVE100050,2,,0,0,1
9089,THER032060,2,,0,0,1
9090,THER032076,2,,0,0,1
9091,RAGP070070,2,,0,0,1
9092,FREO006001,2,,0,0,1
9093,BOXE001160,2,,0,0,1
9094,EKFL006008,2,,0,0,1
9095,SAGP060010,2,,0,0,1
9096,RAGP060010,2,,0,0,1
9097,BOXR000032,2,,0,0,1
9098,NRDA030030,2,,0,0,1
9099,DTPTBB080180,2,,0,0,1
9100,BOXE045160,2,,0,0,1
9101,SPGT040160,2,,0,0,1
9102,BOXR045220,2,,0,0,1
9103,BOXR000220,2,,0,0,1
9104,BOXE000315,2,,0,0,1
9105,BOXT045250,2,,0,0,1
9106,BOXE000220,2,,0,0,1
9107,BOXE045220,2,,0,0,1
9108,BOXT045220,2,,0,0,1
9109,SPGT040220,2,,0,0,1
9110,BOXR000190,2,,0,0,1
9111,BOXE000190,2,,0,0,1
9112,BOXE045190,2,,0,0,1
9113,SPGT040190,2,,0,0,1
9114,BOXE000160,2,,0,0,1
9115,RAGP032032,2,,0,0,1
9116,RAGP012082,2,,0,0,1
9117,RAGP006068,2,,0,0,1
9118,RAGP003090,2,,0,0,1
9119,RAGP027059,2,,0,0,1
9120,MTFL005006,2,,19,0,1
9121,BOXI025005,2,,0,0,1
9122,BOXI030005,2,,0,0,1
9123,BOXI020005,2,,0,0,1
9124,DTPTBB028150,2,,0,0,1
9126,LINP007063,2,,0,0,1
9127,LINP007060,2,,0,0,1
9128,LINP006058,2,,0,0,1
9129,LINP007062,2,,0,0,1
9130,LINP006061,2,,0,0,1
9131,LINP006059,2,,0,0,1
9132,PTBC032071,2,,0,0,1
9133,PTBC025081,2,,0,0,1
9134,PTBC019071,2,,0,0,1
9135,ARCA530023,2,,0,0,1
9136,CVSS002006,2,,0,0,1
9137,SSKS100006,2,,0,0,1
9138,SSDN100006,2,,0,0,1
9139,SSTE100006,2,,0,0,1
9140,CSDN006006,2,,0,0,1
9141,BOXR010004,2,,0,0,1
9142,NEPE900005,2,,0,0,1
9143,raga055056,2,,0,0,1
9144,RAGA086077,2,,0,0,1
9145,RAGA083088,2,,0,0,1
9146,LINI118012,2,,0,0,1
9147,BOXI118012,2,,0,0,1
9148,AGAS012011,2,,0,0,1
9149,GMTA910015,2,,0,0,1
9150,GMTA910020,2,,0,0,1
9151,GMTA910025,2,,0,0,1
9152,DTMUNI015019,2,,0,0,1
9153,SJCU900025,2,,0,0,1
9154,AGAS005027,2,,0,0,1
9155,BARP010020,2,,0,0,1
9156,PTBS009070,2,,0,0,1
9157,PTBS013080,2,,0,0,1
9158,PTBS016091,2,,0,0,1
9159,PTBS019097,2,,0,0,1
9160,PTBS022100,2,,0,0,1
9161,PTBS025110,2,,0,0,1
9162,PTBS028110,2,,0,0,1
9163,PTBS035120,2,,0,0,1
9164,love040025,2,,0,0,1
9165,SAGA035025,2,,0,0,1
9166,SAGA028023,2,,0,0,1
9167,SSMC015013,2,,194,0,1
9168,SSMC015009,2,,93,0,1
9169,SSMC015006,2,,84,0,1
9170,SSMC010013,2,,100,0,1
9171,SSMC010009,2,,92,0,1
9172,SSMC010006,2,,98,0,1
9173,SSMC006013,2,,91,0,1
9174,SSMC006009,2,,173,0,1
9175,SSMC006006,2,,296,0,1
9176,SSTC013013,2,,96,0,1
9177,SSTC009009,2,,100,0,1
9178,SSTC006006,2,,96,0,1
9179,SSUC013013,2,,29,0,1
9180,SSUC009009,2,,200,0,1
9181,SSUC006006,2,,183,0,1
9182,RAGA055040,2,,0,0,1
9183,RAGF040050,2,,0,0,1
9184,LOVP020015,2,,0,0,1
9185,LOVP060030,2,,0,0,1
9186,RAGP030020,2,,0,0,1
9187,LOVP060020,2,,0,0,1
9188,BOXY106006,2,,0,0,1
9189,YUTA300025,2,,0,0,1
9190,VODE035020,2,,0,0,1
9191,RAGF060030,2,,0,0,1
9192,BOXY010004,2,,0,0,1
9193,DTPTBB009086,2,,0,0,1
9194,BOXT012008,2,,0,0,1
9195,BOXR012008,2,,0,0,1
9196,BOXR035012,2,,0,0,1
9197,LOVP015015,2,,0,0,1
9198,Agas005028,2,,0,0,1
9199,txvd100007,2,,0,0,1
9200,BOXI026010,2,,0,0,1
9201,RAGA040080,2,,0,0,1
9202,BESI165040,2,,0,0,1
9203,AGAS005800,2,,0,0,1
9204,ALAG200597,2,,0,0,1
9205,ZMED740001,2,,0,0,1
9206,ZMED740002,2,,0,0,1
9207,ZMED740003,2,,0,0,1
9208,ZMED740004,2,,0,0,1
9209,ZMED770001,2,,500,0,1
9210,ZMED770002,2,,200,0,1
9211,ZMED770003,2,,300,0,1
9212,ZMED770004,2,,400,0,1
9213,ZMED770005,2,,400,0,1
9214,BARG030016,2,,0,0,1
9215,NEPE900090,2,,0,0,1
9216,NSKN201006,2,,0,0,1
9217,BOXR042006,2,,0,0,1
9218,BOXR020006,2,,0,0,1
9219,RAGA016016,2,,0,0,1
9220,raga060015,2,,0,0,1
9221,sjkn000028,2,,0,0,1
9222,PEFT202520,2,,0,0,1
9223,NEPE900095,2,,0,0,1
9224,FAGP015030,2,,0,0,1
9225,RAGA140025,2,,0,0,1
9226,BOXY008006,2,,0,0,1
9227,RAGA007007,2,,0,0,1
9228,BOXY080604,2,,0,0,1
9229,PUEF008009,2,,0,0,1
9230,RAGA072072,2,,0,0,1
9231,RAGA092092,2,,0,0,1
9232,RAGA018018,2,,0,0,1
9233,NURS000001,2,,0,0,1
9234,NURS000002,2,,0,0,1
9235,NURS000003,2,,0,0,1
9236,NURS000004,2,,0,0,1
9237,NURS000005,2,,0,0,1
9238,NURS000006,2,,0,0,1
9239,NURS000007,2,,0,0,1
9240,BOXC008006,2,,0,0,1
9241,BOXC006008,2,,0,0,1
9242,AGAS006028,2,,0,0,1
9243,AGAS006029,2,,0,0,1
9244,RAGP090020,2,,0,0,1
9245,RAGP090025,2,,0,0,1
9246,BARG040020,2,,0,0,1
9247,BARG030010,2,,0,0,1
9248,LOVE200050,2,,0,0,1
9249,JETD008008,2,,0,0,1
9250,puef008006,2,,0,0,1
9251,BOXR400150,2,,0,0,1
9252,NEPE900091,2,,0,0,1
9253,BARP060020,2,,0,0,1
9254,SADP010100,2,,0,0,1
9255,BARP010100,2,,0,0,1
9256,NEPE900092,2,,0,0,1
9257,RAGA102024,2,,0,0,1
9258,ZMED500010,2,,0,0,1
9259,SAGA080080,2,,0,0,1
9260,smed110002,2,,0,0,1
9261,SMED110001,2,,0,0,1
9262,SMED110003,2,,0,0,1
9263,SMED110004,2,,0,0,1
9264,SMED120001,2,,5,0,1
9265,SMED120002,2,,5,0,1
9266,SMED120003,2,,5,0,1
9267,SMED120004,2,,5,0,1
9268,SMED130001,2,,2,0,1
9269,SMED130002,2,,5,0,1
9270,SMED130003,2,,5,0,1
9271,SMED130004,2,,5,0,1
9272,AGAS012012,2,,0,0,1
9273,SADP015015,2,,0,0,1
9274,AGAS012013,2,,0,0,1
9275,FILT160050,2,,0,0,1
9276,sjkn000041,2,,0,0,1
9277,AGAS012014,2,,0,0,1
9278,AGAS012015,2,,0,0,1
9279,AGAS012016,2,,0,0,1
9280,AGAS012017,2,,0,0,1
9281,AGAS012018,2,,0,0,1
9282,AGAS012019,2,,0,0,1
9283,AGAS012020,2,,0,0,1
9284,AGAS012021,2,,0,0,1
9285,AGAS012022,2,,0,0,1
9286,ZMED008100,2,,2528,0,1
9287,SMED110006,2,,0,0,1
9288,FILSA113035,2,,0,0,1
9289,RAGP090030,2,,0,0,1
9290,RAGP070025,2,,0,0,1
9291,RAGP070030,2,,0,0,1
9292,RAGP150100,2,,0,0,1
9293,NSCR003008,2,,0,0,1
9294,SAGA015060,2,,0,0,1
9295,BARP025075,2,,0,0,1
9296,BOXP025075,2,,0,0,1
9297,SAGP060015,2,,0,0,1
9298,SAGP070006,2,,0,0,1
9299,SADA019019,2,,0,0,1
9300,SADA029029,2,,0,0,1
9301,RAGA030021,2,,0,0,1
9302,RAGA036026,2,,0,0,1
9303,RAGA080056,2,,0,0,1
9304,RAGA027027,2,,0,0,1
9305,RAGA050028,2,,0,0,1
9306,RAGA046029,2,,0,0,1
9307,BOXY008010,2,,0,0,1
9308,NEPE900096,2,,0,0,1
9309,PTBB009076,2,,0,0,1
9310,PTBB013089,2,,0,0,1
9311,PTBB016102,2,,0,0,1
9312,PTBB019107,2,,0,0,1
9313,PTBB022114,2,,0,0,1
9314,PTBB025120,2,,0,0,1
9315,PTBB028126,2,,0,0,1
9316,PTBB035140,2,,22,0,1
9317,pusm001006,2,,0,0,1
9318,RAGP220025,2,,0,0,1
9319,RAGP170030,2,,0,0,1
9320,RAGP130030,2,,0,0,1
9321,RAGP130025,2,,0,0,1
9322,pupc010001,2,,0,0,1
9323,TECS100006,2,,5,0,1
9324,ARCA530032,2,,0,0,1
9325,ARCA400024,2,,0,0,1
9326,VSKN015010,2,,0,0,1
9327,Agas005029,2,,0,0,1
9328,SAGP036036,2,,0,0,1
9329,UBEN001010,2,,0,0,1
9330,GMTA030015,2,,0,0,1
9331,HELE001001,2,,2,0,1
9332,LVPS001032,2,,20,0,1
9333,NEPE901014,2,,0,0,1
9334,SADA020025,2,,0,0,1
9335,SADA060012,2,,0,0,1
9336,SAGA004120,2,,0,0,1
9337,SAGA12004,2,,5,0,1
9338,FILI012087,2,,5,0,1
9339,FILI015087,2,,8,0,1
9340,FILI073059,2,,8,0,1
9341,SAGB030030,2,,0,0,1
9342,BOXI026026,2,,0,0,1
9343,BOXS025025,2,,0,0,1
9344,SAGA015037,2,,1,0,1
9345,SAGA020075,2,,1,0,1
9346,SAGA015090,2,,1,0,1
9347,BOXI039039,2,,0,0,1
9348,LOVE048050,2,,0,0,1
9349,raga060010,2,,0,0,1
9350,SAGI800120,2,,5,0,1
9351,TOFL020035,2,,0,0,1
9352,REGH825101,2,,0,0,1
9353,TOFL020025,2,,0,0,1
9354,TOFL050050,2,,1,0,1
9355,TOFL025050,2,,0,0,1
9356,TOYO065010,2,,7,0,1
9357,ARMF013016,2,,0,0,1
9358,ARMF009054,2,,0,0,1
9359,ARMF009042,2,,0,0,1
9360,ARMF009067,2,,0,0,1
9361,ARMF025054,2,,0,0,1
9362,ARMF020067,2,,0,0,1
9363,ARMF020028,2,,0,0,1
9364,HONE013050,2,,1,0,1
9365,NEPE900097,2,,0,0,1
9366,PTBE015071,2,,0,0,1
9367,PTBE028091,2,,0,0,1
9368,BOXR027008,2,,0,0,1
9369,BOXY105005,2,,0,0,1
9370,MUNI040043,2,,0,0,1
9371,WMTL000043,2,,0,0,1
9372,MUNI050055,2,,0,0,1
9373,WMTL000055,2,,0,0,1
9374,MUNI032036,2,,0,0,1
9375,WMTL000036,2,,0,0,1
9376,MUNI025027,2,,0,0,1
9377,WMTL000027,2,,0,0,1
9378,MUNI020023,2,,0,0,1
9379,BOXY004003,2,,0,0,1
9380,ARCA900001,2,,0,0,1
9381,BOXR010008,2,,0,0,1
9382,POLY000006,2,,0,0,1
9383,RAGP100050,2,,0,0,1
9384,CASU651207,2,,1,0,1
9385,BESI164125,2,,1,0,1
9386,BESI164200,2,,0,0,1
9387,LVPS001015,2,,2,0,1
9388,LVPS001020,2,,0,0,1
9389,BOXP100015,2,,0,0,1
9390,ZMED600017,2,,0,0,1
9391,PRESS006501,2,,0,0,1
9392,EPCE001019,2,,0,0,1
9393,BOXI015061,2,,0,0,1
9394,ADPT009008,2,,0,0,1
9395,ADPT009016,2,,9,0,1
9396,NEPE900098,2,,26,0,1
9397,FCCC015013,2,,0,0,1
9398,YONE040100,2,,6,0,1
9399,YONE040150,2,,2,0,1
9400,YONE040080,2,,2,0,1
9401,YONE040065,2,,2,0,1
9402,NUAC004009,2,,0,0,1
9403,GMTA000163,2,,0,0,1
9404,GMTA000164,2,,0,0,1
9405,GMTA000165,2,,0,0,1
9406,GMTA000305,2,,0,0,1
9407,GMTA150028,2,,0,0,1
9408,GMTA150022,2,,0,0,1
9409,GMTA150042,2,,0,0,1
9410,GMTA160028,2,,0,0,1
9411,GMTA160042,2,,0,0,1
9412,ARCA500006,2,,0,0,1
9413,JETD016016,2,,0,0,1
9414,PIIC040020,2,,0,0,1
9415,BARG039104,2,,0,0,1
9416,AGAS012023,2,,0,0,1
9417,VODE130020,2,,0,0,1
9418,SADA077015,2,,0,0,1
9419,SADA025401,2,,0,0,1
9420,BOXI025040,2,,0,0,1
9421,RAGA045061,2,,0,0,1
9422,RAGA030031,2,,0,0,1
9424,PTBB008201,2,,0,0,1
9425,BOXI022023,2,,0,0,1
9426,BOXE045012,2,,0,0,1
9427,BOXY116012,2,,0,0,1
9428,RAGA140024,2,,0,0,1
9429,BOXR007006,2,,0,0,1
9430,RAGD100030,2,,0,0,1
9431,BOXY112008,2,,0,0,1
9432,PTBE022051,2,,0,0,1
9433,SPGT030010,2,,0,0,1
9434,NEPE004002,2,,0,0,1
9435,PTBB016101,2,,0,0,1
9437,RAGA022022,2,,0,0,1
9438,RAGP022022,2,,0,0,1
9439,DTPTBB009201,2,,0,0,1
9440,BOXR081077,2,,0,0,1
9441,NEPE900006,2,,0,0,1
9442,NEPE900007,2,,0,0,1
9443,RAGA095007,2,,0,0,1
9444,BOXI095007,2,,0,0,1
9445,BOXR006005,2,,0,0,1
9446,SADB020006,2,,0,0,1
9447,SADB020005,2,,0,0,1
9448,RAGA120050,2,,0,0,1
9449,RAGA150065,2,,0,0,1
9450,BARG050025,2,,0,0,1
9451,BOXI050050,2,,0,0,1
9452,NEPE900009,2,,0,0,1
9453,UCIN006007,2,,0,0,1
9454,UCIN009006,2,,0,0,1
9455,BOXY008004,2,,0,0,1
9456,FILI025025,2,,0,0,1
9457,RAGA075005,2,,0,0,1
9458,BOXR000018,2,,0,0,1
9459,BESI015200,2,,0,0,1
9460,RLOV000015,2,,0,0,1
9461,REDT025022,2,,0,0,1
9462,REDT022019,2,,0,0,1
9463,REDT013009,2,,0,0,1
9464,STBG000022,2,,9468,0,1
9465,STBG000019,2,,0,0,1
9466,STBG000013,2,,0,0,1
9467,TRED019013,2,,0,0,1
9468,ETBG000019,2,,0,0,1
9469,BARG075010,2,,0,0,1
9470,ARCA401003,2,,0,0,1
9471,BARG046046,2,,0,0,1
9472,PROF150152,2,,0,0,1
9473,PTBB028071,2,,0,0,1
9474,PTBB013071,2,,0,0,1
9475,004001000200,2,,0,0,1
9476,004001000150,2,,0,0,1
9477,BOXI040158,2,,0,0,1
9478,100001000001,2,,0,0,1
9479,005002001010,2,,0,0,1
9480,pufc006006,2,,0,0,1
9481,PTBB022071,2,,0,0,1
9482,PTBB019071,2,,0,0,1
9483,PTBB016071,2,,0,0,1
9484,PTBB009071,2,,0,0,1
9485,BARP020020,2,,0,0,1
9486,BARP030020,2,,0,0,1
9487,003003000010,2,,0,0,1
9488,DTPTBB022501,2,,0,0,1
9489,VODE050025,2,,0,0,1
9490,003001006020,2,,0,0,1
9491,003001009020,2,,0,0,1
9492,003001016020,2,,0,0,1
9494,GMTA101001,2,,0,0,1
9495,ETBG000013,2,,0,0,1
9496,ETBG000009,2,,0,0,1
9497,STBG000009,2,,0,0,1
9498,TTBG000013,2,,0,0,1
9499,TTBG000009,2,,0,0,1
9500,TTBG000019,2,,0,0,1
9501,TTBG000025,2,,0,0,1
9502,012001000013,2,,0,0,1
9503,007001000015,2,,0,0,1
9504,100002000001,2,,0,0,1
9505,NEPE900093,2,,0,0,1
9506,GMTA067251,2,,0,0,1
9507,004001000100,2,,0,0,1
9508,004001000125,2,,0,0,1
9509,004002000150,2,,0,0,1
9510,BOXR010016,2,,0,0,1
9511,RAGP050025,2,,0,0,1
9512,TTBG000054,2,,0,0,1
9513,PTBB035071,2,,0,0,1
9514,SSVR050020,2,,0,0,1
9515,ACBB060933,2,,0,0,1
9516,PTBB009075,2,,0,0,1
9517,PTRB008100,2,,0,0,1
9518,MACU119015,2,,0,0,1
9519,004001000250,2,,0,0,1
9520,pufc008008,2,,0,0,1
9521,LOVP025025,2,,0,0,1
9522,PTRB009071,2,,0,0,1
9523,PTBB022091,2,,0,0,1
9524,ETBG000022,2,,0,0,1
9525,003001022020,2,,0,0,1
9526,003001035013,2,,0,0,1
9527,PTRB009081,2,,0,0,1
9528,PTBB013081,2,,0,0,1
9529,PTBB009089,2,,0,0,1
9530,SMED110005,2,,0,0,1
9531,SMED130005,2,,6,0,1
9532,SMED120005,2,,6,0,1
9533,SMED140005,2,,6,0,1
9534,SMED150005,2,,6,0,1
9535,ZMED740005,2,,0,0,1
9536,SMED004103,2,,0,0,1
9537,SMED002102,2,,0,0,1
9538,SMED007105,2,,0,0,1
9539,SMED008105,2,,0,0,1
9540,SMED005104,2,,0,0,1
9541,SMED004205,2,,0,0,1
9542,SMED002207,2,,0,0,1
9543,SMED007205,2,,0,0,1
9544,SMED005205,2,,0,0,1
9545,SMED008205,2,,0,0,1
9546,003001013013,2,,0,0,1
9547,003001022025,2,,0,0,1
9548,003001009025,2,,0,0,1
9549,003001006009,2,,0,0,1
9550,PTBB022113,2,,0,0,1
9551,003001035009,2,,0,0,1
9552,PTRB010100,2,,0,0,1
9553,RAGA040017,2,,0,0,1
9554,PTBB034141,2,,0,0,1
9555,PTRB019120,2,,10,0,1
9556,003001035020,2,,0,0,1
9557,003001028020,2,,0,0,1
9558,003001013020,2,,0,0,1
9559,003001019020,2,,0,0,1
9560,ETBG000028,2,,0,0,1
9561,PTBB035120,2,,18,0,1
9562,PTRB019081,2,,106,0,1
9563,PTBB035100,2,,0,0,1
9564,004001000300,2,,0,0,1
9565,004001000350,2,,0,0,1
9566,100001000004,2,,0,0,1
9567,PTBE022061,2,,0,0,1
9568,ARCA401004,2,,0,0,1
9569,HEPB060123,2,,0,0,1
9570,LOVE040010,2,,0,0,1
9571,VODE040010,2,,0,0,1
9572,004002000300,2,,0,0,1
9573,UBEN003019,2,,0,0,1
9574,BOXT100004,2,,0,0,1
9575,PTBB006072,2,,0,0,1
9576,PTBB013051,2,,380,0,1
9577,PTBB019051,2,,47,0,1
9578,LINI010150,2,,0,0,1
9579,TTBG000028,2,,0,0,1
9580,STBG000028,2,,0,0,1
9581,TRED028019,2,,0,0,1
9582,SADA020040,2,,0,0,1
9583,PTBE016120,2,,0,0,1
9584,PTRB006100,2,,0,0,1
9585,TTBG000022,2,,0,0,1
9586,TRED022019,2,,0,0,1
9587,REDT019016,2,,0,0,1
9588,REDT016013,2,,0,0,1
9589,TTBG000016,2,,0,0,1
9590,ETBG000016,2,,0,0,1
9591,STBG000016,2,,0,0,1
9592,REDT016009,2,,0,0,1
9593,100003000000,2,,0,0,1
9594,STBG000035,2,,10587,0,1
9595,ETBG000035,2,,14468,8,1
9596,AGAS006030,2,,0,0,1
9597,BOXY006008,2,,0,0,1
9598,AGAS006031,2,,0,0,1
9599,100001000002,2,,0,0,1
9600,PTBB019091,2,,0,0,1
9601,TSPR013009,2,,0,0,1
9602,003001028009,2,,0,0,1
9603,003001045025,2,,0,0,1
9604,RAGS016016,2,,0,0,1
9605,RAGA035055,2,,0,0,1
9606,VODB000014,2,,0,0,1
9607,BOXR016014,2,,0,0,1
9608,PTBB013100,2,,0,0,1
9609,HEPF610305,2,,0,0,1
9610,PTBB006061,2,,0,0,1
9611,002009028025,2,,0,0,1
9612,007001000025,2,,0,0,1
9613,008001100110,2,,0,0,1
9614,100001000003,2,,0,0,1
9615,PREB120060,2,,0,0,1
9616,ACBB060932,2,,0,0,1
9617,ACBB061316,2,,0,0,1
9618,ACBB061616,2,,22,0,1
9619,RAGD060060,2,,0,0,1
9620,PROF140254,2,,0,0,1
9621,ETBG000025,2,,0,0,1
9622,REDT025019,2,,0,0,1
9623,REDT019009,2,,0,0,1
9624,TRED019009,2,,0,0,1
9625,AGAS006032,2,,0,0,1
9626,003001025025,2,,0,0,1
9627,ACBB061631,2,,12,0,1
9628,PTBB016081,2,,0,0,1
9629,003001016013,2,,0,0,1
9630,003001019013,2,,0,0,1
9631,RAGA021030,2,,0,0,1
9632,PACE006012,2,,0,0,1
9633,PTBE008201,2,,0,0,1
9634,PTRB008042,2,,0,0,1
9635,RAGA140015,2,,0,0,1
9636,CPSH000140,2,,0,0,1
9637,VODE055015,2,,0,0,1
9638,VODE040015,2,,0,0,1
9639,PTBB032121,2,,0,0,1
9640,ETBG000032,2,,7744,0,1
9641,STBG000025,2,,0,0,1
9642,RAGP150065,2,,0,0,1
9643,REDT019013,2,,3048,0,1
9645,005010030030,2,,0,0,1
9646,PTRB009120,2,,0,0,1
9647,007001000020,2,,0,0,1
9648,PTBB019108,2,,0,0,1
9649,PTBB016103,2,,0,0,1
9650,PTBB013087,2,,0,0,1
9651,PTBB009077,2,,0,0,1
9652,PTBB025121,2,,0,0,1
9653,002008016013,2,,0,0,1
9654,002008019015,2,,0,0,1
9655,005007003002,2,,0,0,1
9656,005007001010,2,,0,0,1
9657,PTBB028091,2,,0,0,1
9658,PTBB042081,2,,13,0,1
9659,ETBG000042,2,,0,0,1
9660,NIBC001028,2,,0,0,1
9661,STBG000042,2,,0,0,1
9662,003001042020,2,,0,0,1
9663,PTRB016061,2,,0,0,1
9664,PTBB022061,2,,0,0,1
9665,003001022013,2,,0,0,1
9666,SSVS015009,2,,0,0,1
9667,TRED025019,2,,0,0,1
9668,PTBB054091,2,,0,0,1
9669,PTRB009056,2,,0,0,1
9670,003001025013,2,,0,0,1
9671,003001009013,2,,0,0,1
9672,RAGA060033,2,,0,0,1
9673,PTRB013071,2,,0,0,1
9674,SAGP080015,2,,0,0,1
9675,UCIN109009,2,,0,0,1
9680,PTBB013126,2,,0,0,1
9682,PTBB016123,2,,0,0,1
9684,PTBB019120,2,,0,0,1
9686,PTBB022169,2,,24,0,1
9688,PTBB025150,2,,0,0,1
9690,PTBB028168,2,,10,0,1
9691,PTBB032120,2,,8,0,1
9693,PTBB035168,2,,33,0,1
9694,PTBB042152,2,,0,0,1
9695,PTBB042167,2,,0,0,1
9696,PTBB054179,2,,0,0,1
9697,PTBB054212,2,,0,0,1
9698,PTBB067203,2,,21,0,1
9699,PTBB067241,2,,8,0,1
9700,PTBB080229,2,,12,0,1
9701,PTBB080278,2,,0,0,1
9703,PTBB006071,2,,0,0,1
9704,PTBB006081,2,,0,0,1
9705,PTBB006101,2,,0,0,1
9706,PTBB006100,2,,0,0,1
9707,PTBB006120,2,,0,0,1
9708,PTBB008071,2,,0,0,1
9709,PTBB008081,2,,378,0,1
9710,PTBB008100,2,,0,0,1
9711,PTBB008120,2,,0,0,1
9712,PTBB008150,2,,0,0,1
9713,PTBB008200,2,,0,0,1
9714,PTBB009051,2,,497,0,1
9715,PTBB009061,2,,0,0,1
9718,PTBB009081,2,,0,0,1
9719,PTBB009088,2,,0,0,1
9720,PTBB009086,2,,0,0,1
9721,PTBB009100,2,,0,0,1
9722,PTBB009120,2,,0,0,1
9723,PTBB009150,2,,0,0,1
9724,PTBB009200,2,,0,0,1
9725,PTBB010100,2,,0,0,1
9726,PTBB012100,2,,0,0,1
9728,PTBB013061,2,,0,0,1
9730,PTBB013088,2,,0,0,1
9731,PTBB013091,2,,0,0,1
9733,PTBB013120,2,,0,0,1
9734,PTBB013121,2,,0,0,1
9735,PTBB013150,2,,58,0,1
9736,PTBB013200,2,,0,0,1
9737,PTBB015071,2,,56,0,1
9738,PTBB016051,2,,0,0,1
9739,PTBB016061,2,,0,0,1
9742,PTBB016091,2,,0,0,1
9744,PTBB016120,2,,0,0,1
9745,PTBB016121,2,,0,0,1
9746,PTBB016150,2,,0,0,1
9747,PTBB016201,2,,0,0,1
9748,PTBB016301,2,,0,0,1
9750,PTBB019061,2,,0,0,1
9752,PTBB019081,2,,0,0,1
9754,PTBB019109,2,,0,0,1
9755,PTBB019126,2,,0,0,1
9756,PTBB019121,2,,33,0,1
9757,PTBB019150,2,,0,0,1
9758,PTBB019200,2,,0,0,1
9759,PTBB019300,2,,0,0,1
9760,PTBB022051,2,,0,0,1
9763,PTBB022081,2,,0,0,1
9766,PTBB022120,2,,0,0,1
9767,PTBB022167,2,,0,0,1
9768,PTBB022200,2,,15,0,1
9769,PTBB022500,2,,8,0,1
9770,PTBB025051,2,,0,0,1
9771,PTBB025061,2,,0,0,1
9772,PTBB025071,2,,0,0,1
9773,PTBB025081,2,,0,0,1
9774,PTBB025091,2,,0,0,1
9775,PTBB025100,2,,0,0,1
9776,PTBB025122,2,,0,0,1
9777,PTBB025151,2,,0,0,1
9778,PTBB025200,2,,0,0,1
9779,PTBB028051,2,,0,0,1
9780,PTBB028061,2,,0,0,1
9782,PTBB028081,2,,0,0,1
9784,PTBB028100,2,,0,0,1
9785,PTBB028127,2,,0,0,1
9786,PTBB028150,2,,0,0,1
9787,PTBB028167,2,,0,0,1
9788,PTBB028200,2,,0,0,1
9789,PTBB032061,2,,33,0,1
9790,PTBB032071,2,,73,0,1
9791,PTBB032081,2,,0,0,1
9792,PTBB032091,2,,0,0,1
9793,PTBB032100,2,,137,0,1
9795,PTBB032200,2,,30,0,1
9796,PTBB035061,2,,0,0,1
9798,PTBB035081,2,,18,0,1
9799,PTBB035091,2,,18,0,1
9803,PTBB035167,2,,0,0,1
9804,PTBB035200,2,,10,0,1
9806,PTBB042091,2,,0,0,1
9807,PTBB042100,2,,0,0,1
9808,PTBB042120,2,,0,0,1
9809,PTBB042153,2,,0,0,1
9810,PTBB042168,2,,0,0,1
9812,PTBB054120,2,,0,0,1
9813,PTBB054140,2,,0,0,1
9814,PTBB054178,2,,0,0,1
9815,PTBB054211,2,,0,0,1
9816,PTBB067120,2,,0,0,1
9817,PTBB067170,2,,26,0,1
9818,PTBB067205,2,,0,0,1
9819,PTBB067240,2,,0,0,1
9820,PTBB080150,2,,0,0,1
9821,PTBB080230,2,,0,0,1
9822,PTBB080279,2,,0,0,1
9823,PTBB105170,2,,0,0,1
9824,PTBB105277,2,,9,0,1
9825,PTBB156170,2,,0,0,1
9826,PTBB156200,2,,3,0,1
9827,TTBG000006,2,,0,0,1
9828,TTBG000008,2,,0,0,1
9830,TTBG000010,2,,0,0,1
9832,TTBG000015,2,,0,0,1
9838,TTBG000032,2,,0,0,1
9839,TTBG000035,2,,0,0,1
9840,TTBG000042,2,,0,0,1
9842,TTBG000067,2,,0,0,1
9843,TTBG000080,2,,0,0,1
9844,TTBG000105,2,,0,0,1
9845,TTBG000156,2,,0,0,1
9846,ETBG000006,2,,0,0,1
9847,ETBG000008,2,,0,0,1
9849,ETBG000010,2,,0,0,1
9851,ETBG000015,2,,0,0,1
9860,ETBG000054,2,,0,0,1
9861,ETBG000067,2,,0,0,1
9862,ETBG000080,2,,0,0,1
9863,ETBG000104,2,,0,0,1
9864,ETBG000156,2,,0,0,1
9865,STBG000006,2,,0,0,1
9866,STBG000008,2,,0,0,1
9868,STBG000010,2,,0,0,1
9870,STBG000015,2,,0,0,1
9876,STBG000032,2,,0,0,1
9879,STBG000054,2,,0,0,1
9880,STBG000067,2,,0,0,1
9881,STBG000080,2,,0,0,1
9882,STBG000105,2,,0,0,1
9883,STBG000156,2,,0,0,1
9884,LELB006006,2,,0,0,1
9885,LELB008008,2,,0,0,1
9886,LELB009009,2,,0,0,1
9887,LELB010010,2,,0,0,1
9888,LELB013013,2,,0,0,1
9889,LELB015015,2,,0,0,1
9890,LELB016016,2,,0,0,1
9891,LELB019019,2,,0,0,1
9892,LELB022022,2,,0,0,1
9893,LELB025025,2,,0,0,1
9894,LELB028028,2,,0,0,1
9895,LELB035035,2,,0,0,1
9896,LELB042042,2,,0,0,1
9897,LELB054054,2,,0,0,1
9898,LELB067067,2,,0,0,1
9899,LELB156156,2,,0,0,1
9900,ETBG045013,2,,0,0,1
9901,ETBG045016,2,,0,0,1
9902,ETBG045019,2,,0,0,1
9903,ETBG045022,2,,0,0,1
9904,ETBG045025,2,,0,0,1
9905,ETBG045028,2,,0,0,1
9906,ETBG045032,2,,0,0,1
9907,ETBG045035,2,,0,0,1
9908,ETBG045042,2,,0,0,1
9909,ETBG045054,2,,0,0,1
9910,ETBG045067,2,,0,0,1
9911,ETBG045080,2,,0,0,1
9912,ETBG045105,2,,0,0,1
9913,ETBG045156,2,,0,0,1
9914,MACU109006,2,,0,0,1
9915,MACU113015,2,,0,0,1
9916,MACU116015,2,,0,0,1
9917,MACU116020,2,,0,0,1
9918,MACU120019,2,,0,0,1
9919,MACU122020,2,,0,0,1
9921,MACU128025,2,,0,0,1
9922,MACU132035,2,,0,0,1
9923,MACU142040,2,,0,0,1
9924,MACU154050,2,,0,0,1
9925,MACU167065,2,,0,0,1
9926,MACU180080,2,,0,0,1
9927,FADP115013,2,,0,0,1
9928,FADP115016,2,,0,0,1
9929,FADP120019,2,,0,0,1
9930,FADP120022,2,,1089,0,1
9931,FADP125025,2,,0,0,1
9932,FADP125028,2,,447,0,1
9933,FADP132035,2,,209,0,1
9934,FADP140042,2,,120,0,1
9935,FADP150054,2,,119,0,1
9936,FADP165067,2,,0,0,1
9937,REDT009006,2,,2349,0,1
9938,REDT013006,2,,3219,0,1
9940,REDT016006,2,,0,0,1
9943,REDT019006,2,,0,0,1
9947,REDT022006,2,,663,0,1
9948,REDT022009,2,,619,0,1
9949,REDT022013,2,,979,0,1
9950,REDT022016,2,,0,0,1
9952,REDT025013,2,,1250,0,1
9953,REDT025016,2,,677,0,1
9956,REDT028013,2,,895,0,1
9957,REDT028016,2,,3287,0,1
9958,REDT028019,2,,864,0,1
9959,REDT028022,2,,0,0,1
9960,REDT028025,2,,0,0,1
9961,REDT032013,2,,237,0,1
9962,REDT032016,2,,0,0,1
9963,REDT032019,2,,260,0,1
9964,REDT032022,2,,0,0,1
9965,REDT032025,2,,279,0,1
9966,REDT032028,2,,0,0,1
9967,REDT035013,2,,249,0,1
9968,REDT035016,2,,368,0,1
9969,REDT035019,2,,191,0,1
9970,REDT035022,2,,0,0,1
9971,REDT035025,2,,0,0,1
9972,REDT035028,2,,0,0,1
9973,REDT035032,2,,0,0,1
9974,REDT042019,2,,0,0,1
9975,REDT042022,2,,0,0,1
9976,REDT042025,2,,0,0,1
9977,REDT042028,2,,0,0,1
9978,REDT042032,2,,0,0,1
9979,REDT042035,2,,0,0,1
9980,REDT054019,2,,0,0,1
9981,REDT054022,2,,0,0,1
9982,REDT054028,2,,0,0,1
9983,REDT054035,2,,0,0,1
9984,REDT054042,2,,0,0,1
9985,REDT067022,2,,47,0,1
9986,REDT067028,2,,0,0,1
9987,REDT067035,2,,0,0,1
9988,REDT067042,2,,0,0,1
9989,REDT067054,2,,0,0,1
9990,REDT080022,2,,12,0,1
9991,REDT080028,2,,19,0,1
9992,REDT080035,2,,0,0,1
9993,REDT080042,2,,0,0,1
9994,REDT080054,2,,0,0,1
9995,REDT080067,2,,0,0,1
9996,REDT105054,2,,26,0,1
9997,REDT105067,2,,14,0,1
9998,REDT105080,2,,0,0,1
9999,TRED009006,2,,601,0,1
10000,TRED013006,2,,468,0,1
10001,TRED013009,2,,0,0,1
10002,TRED016006,2,,0,0,1
10003,TRED016009,2,,0,0,1
10004,TRED016013,2,,0,0,1
10005,TRED019006,2,,0,0,1
10008,TRED019016,2,,0,0,1
10009,TRED022006,2,,0,0,1
10010,TRED022009,2,,192,0,1
10011,TRED022013,2,,483,0,1
10012,TRED022016,2,,2298,0,1
10014,TRED025013,2,,0,0,1
10015,TRED025016,2,,0,0,1
10017,TRED025022,2,,0,0,1
10018,TRED028013,2,,254,0,1
10019,TRED028016,2,,28,0,1
10021,TRED028022,2,,0,0,1
10022,TRED032019,2,,0,0,1
10023,TRED032025,2,,207,0,1
10024,TRED035013,2,,0,0,1
10025,TRED035016,2,,0,0,1
10026,TRED035019,2,,0,0,1
10027,TRED035022,2,,0,0,1
10028,TRED035028,2,,0,0,1
10029,TRED042019,2,,0,0,1
10030,TRED042022,2,,0,0,1
10031,TRED042028,2,,0,0,1
10032,TRED042035,2,,0,0,1
10033,TRED054019,2,,0,0,1
10034,TRED054022,2,,0,0,1
10035,TRED054028,2,,0,0,1
10036,TRED054035,2,,0,0,1
10037,TRED054041,2,,174,0,1
10038,TRED067022,2,,16,0,1
10039,TRED067028,2,,0,0,1
10040,TRED067035,2,,0,0,1
10041,TRED067042,2,,0,0,1
10042,TRED067054,2,,0,0,1
10043,TRED080022,2,,56,0,1
10044,TRED080028,2,,11,0,1
10045,TRED080035,2,,81,0,1
10046,TRED080042,2,,13,0,1
10047,TRED080054,2,,0,0,1
10048,TRED080067,2,,0,0,1
10049,TRED105054,2,,14,0,1
10050,TRED105067,2,,0,0,1
10051,TRED105080,2,,0,0,1
10052,MUNI015016,2,,0,0,1
10053,MUNI015019,2,,48,0,1
10054,MUNI020022,2,,0,0,1
10055,MUNI025028,2,,0,0,1
10056,MUNI032035,2,,143,0,1
10057,MUNI040042,2,,46,0,1
10058,MUNI050054,2,,0,0,1
10059,MUNI065067,2,,15,0,1
10060,PTRB006045,2,,0,0,1
10061,PTRB006051,2,,0,0,1
10062,PTRB006056,2,,0,0,1
10063,PTRB006061,2,,0,0,1
10064,PTRB006071,2,,0,0,1
10065,PTRB006076,2,,0,0,1
10066,PTRB006081,2,,0,0,1
10068,PTRB006101,2,,0,0,1
10069,PTRB008045,2,,0,0,1
10070,PTRB008071,2,,0,0,1
10072,PTRB008120,2,,0,0,1
10073,PTRB009045,2,,0,0,1
10074,PTRB009051,2,,0,0,1
10076,PTRB009061,2,,0,0,1
10078,PTRB009076,2,,0,0,1
10080,PTRB009100,2,,0,0,1
10083,PTRB012100,2,,0,0,1
10084,PTRB013053,2,,0,0,1
10085,PTRB013056,2,,0,0,1
10086,PTRB013061,2,,0,0,1
10088,PTRB013081,2,,0,0,1
10089,PTRB013100,2,,0,0,1
10090,PTRB013120,2,,0,0,1
10091,PTRB013150,2,,0,0,1
10092,PTRB016053,2,,0,0,1
10093,PTRB016056,2,,0,0,1
10095,PTRB016071,2,,0,0,1
10096,PTRB016081,2,,0,0,1
10097,PTRB016089,2,,0,0,1
10098,PTRB016100,2,,0,0,1
10099,PTRB016120,2,,0,0,1
10100,PTRB016150,2,,0,0,1
10101,PTRB019061,2,,0,0,1
10102,PTRB019071,2,,55,0,1
10104,PTRB019089,2,,0,0,1
10105,PTRB019100,2,,26,0,1
10107,PTRB019150,2,,0,0,1
10108,WMKN000015,2,,0,0,1
10109,WMKN000020,2,,0,0,1
10110,WMKN000025,2,,0,0,1
10111,WMKN000032,2,,0,0,1
10112,WMKN000040,2,,0,0,1
10113,WMKN000050,2,,0,0,1
10114,UBEN001006,2,,0,0,1
10115,UBEN001008,2,,0,0,1
10116,UBEN001009,2,,0,0,1
10117,UBEN001013,2,,0,0,1
10118,UBEN001016,2,,0,0,1
10119,UBEN001019,2,,0,0,1
10120,UBEN001022,2,,0,0,1
10121,UBEN001025,2,,0,0,1
10122,UBEN001028,2,,0,0,1
10123,UBEN001032,2,,0,0,1
10124,UBEN001035,2,,0,0,1
10125,UBEN001042,2,,0,0,1
10126,UBEN001054,2,,0,0,1
10127,003001019010,2,,0,0,1
10128,003001013010,2,,0,0,1
10129,005001001060,2,,0,0,1
10130,100004000001,2,,0,0,1
10131,100007000038,2,,0,0,1
10133,PTBA005100,2,,700,0,1
10134,PTBA006100,2,,0,0,1
10135,PTBA008100,2,,2479,0,1
10136,PTBA009100,2,,4960,0,1
10137,PTBA010100,2,,800,0,1
10138,PTBA012100,2,,300,0,1
10139,PTBA013100,2,,100,0,1
10140,BOXT012006,2,,0,0,1
10142,PTRB004100,2,,0,0,1
10143,PTBB019301,2,,0,0,1
10144,PTBB006083,2,,0,0,1
10145,PTBB105279,2,,0,0,1
10146,PTBB005051,2,,0,0,1
10147,PTBB006121,2,,0,0,1
10148,PTBB008051,2,,0,0,1
10149,PTBB009121,2,,0,0,1
10150,PTBB010120,2,,157,0,1
10151,PTBB010200,2,,90,0,1
10152,PTBB012200,2,,127,0,1
10153,PTRB005045,2,,0,0,1
10154,PTRB019056,2,,0,0,1
10155,PTBB016200,2,,0,0,1
10156,PTBB016300,2,,19,0,1
10157,008003001002,2,,0,0,1
10158,008003001004,2,,0,0,1
10159,008003001032,2,,0,0,1
10160,008003001008,2,,0,0,1
10161,008003001016,2,,0,0,1
10162,008003001060,2,,0,0,1
10163,008003001120,2,,0,0,1
10164,008003001250,2,,0,0,1
10165,008003002012,2,,0,0,1
10166,008003003016,2,,0,0,1
10167,008003003060,2,,0,0,1
10168,PTBB006082,2,,0,0,1
10169,RAGP092092,2,,0,0,1
10170,PTBB019201,2,,0,0,1
10171,PTRB006120,2,,0,0,1
10172,ETBG000076,2,,0,0,1
10173,STBG000076,2,,0,0,1
10174,TTBG000108,2,,0,0,1
10175,TTBG000038,2,,0,0,1
10176,REDT038032,2,,0,0,1
10177,REDT042016,2,,0,0,1
10178,REDT054016,2,,0,0,1
10179,REDT067016,2,,47,0,1
10180,REDT156080,2,,0,0,1
10181,REDT156104,2,,0,0,1
10182,REDT104035,2,,27,0,1
10183,REDT104042,2,,17,0,1
10184,TRED054016,2,,0,0,1
10185,TRED108076,2,,0,0,1
10186,TRED075042,2,,1,0,1
10187,TRED105035,2,,0,0,1
10188,TRED105042,2,,0,0,1
10189,DOPT000009,2,,0,0,1
10190,DOPT000013,2,,0,0,1
10191,DOPT000016,2,,0,0,1
10192,DOPT000019,2,,0,0,1
10193,DOPT000022,2,,0,0,1
10194,DOPT000025,2,,0,0,1
10195,DOPT000028,2,,0,0,1
10196,DOPT000032,2,,0,0,1
10197,DOPT000035,2,,0,0,1
10198,DOPT000038,2,,0,0,1
10199,DOPT000042,2,,0,0,1
10200,DOPT000054,2,,0,0,1
10201,DOPT000067,2,,0,0,1
10202,DOPT000080,2,,0,0,1
10203,DOPT000105,2,,0,0,1
10204,DOPT000159,2,,0,0,1
10205,WMTL000013,2,,0,0,1
10206,WMTL000016,2,,5,0,1
10207,WMTL000019,2,,40,0,1
10208,WMTL000022,2,,42,0,1
10209,WMTL000025,2,,53,0,1
10210,WMTL000028,2,,15,0,1
10211,WMTL000035,2,,46,0,1
10212,WMTL000042,2,,40,0,1
10213,WMTL000054,2,,0,0,1
10214,WMTL000067,2,,0,0,1
10215,005001003000,2,,0,0,1
10216,005001002001,2,,0,0,1
10217,005001002002,2,,0,0,1
10218,005001002004,2,,0,0,1
10219,005001002006,2,,0,0,1
10220,005001002010,2,,0,0,1
10221,005001002016,2,,0,0,1
10222,005001002025,2,,0,0,1
10223,005001002040,2,,0,0,1
10224,005001002060,2,,0,0,1
10225,005001002100,2,,0,0,1
10226,005001002250,2,,0,0,1
10227,005001001001,2,,0,0,1
10228,005001001002,2,,0,0,1
10229,005001001004,2,,0,0,1
10230,005001001006,2,,0,0,1
10232,005001001016,2,,0,0,1
10233,005001001025,2,,0,0,1
10234,005001001040,2,,0,0,1
10235,005001001251,2,,0,0,1
10236,005001001250,2,,0,0,1
10237,005002002001,2,,0,0,1
10238,005002002002,2,,0,0,1
10239,005002002004,2,,0,0,1
10240,005002002006,2,,0,0,1
10241,005002002010,2,,0,0,1
10242,005002002016,2,,0,0,1
10243,005002002020,2,,0,0,1
10244,005002002025,2,,0,0,1
10245,005002002035,2,,0,0,1
10246,005002002040,2,,0,0,1
10247,005002002060,2,,0,0,1
10248,005002002070,2,,0,0,1
10249,005002002100,2,,0,0,1
10250,005002002250,2,,0,0,1
10251,005002001001,2,,0,0,1
10252,005002001006,2,,0,0,1
10253,005002001016,2,,0,0,1
10254,005002001020,2,,0,0,1
10255,005002001025,2,,0,0,1
10256,005002001250,2,,0,0,1
10257,005006001006,2,,0,0,1
10258,005006001010,2,,0,0,1
10259,005006001016,2,,0,0,1
10260,005006001025,2,,0,0,1
10261,005006001250,2,,0,0,1
10262,005006002010,2,,0,0,1
10263,005006002016,2,,0,0,1
10264,005006002025,2,,0,0,1
10265,005004001002,2,,0,0,1
10266,005004001006,2,,0,0,1
10267,005004001010,2,,0,0,1
10268,005004001016,2,,0,0,1
10269,005004002001,2,,0,0,1
10270,005004002004,2,,0,0,1
10271,005004002016,2,,0,0,1
10272,005004002020,2,,0,0,1
10273,005004002025,2,,0,0,1
10274,005004002040,2,,0,0,1
10275,005004002100,2,,0,0,1
10276,005004002250,2,,0,0,1
10277,005009002010,2,,0,0,1
10278,005009002011,2,,0,0,1
10279,005009002016,2,,0,0,1
10280,005009003000,2,,0,0,1
10281,005010003000,2,,0,0,1
10282,005010002010,2,,0,0,1
10283,005010002015,2,,0,0,1
10284,005010002025,2,,0,0,1
10285,005010002035,2,,0,0,1
10286,005010001010,2,,0,0,1
10287,005010001016,2,,0,0,1
10288,005010001025,2,,0,0,1
10289,005010001035,2,,0,0,1
10290,005008003000,2,,0,0,1
10291,005008001010,2,,0,0,1
10292,005008002010,2,,0,0,1
10293,005007003000,2,,0,0,1
10294,005007003001,2,,0,0,1
10295,005011001025,2,,0,0,1
10296,005011001250,2,,0,0,1
10297,005003002001,2,,0,0,1
10298,005003002002,2,,0,0,1
10299,005003002006,2,,0,0,1
10300,005003002010,2,,0,0,1
10301,005003002016,2,,0,0,1
10302,005003002025,2,,0,0,1
10303,005003001001,2,,0,0,1
10304,005003001002,2,,0,0,1
10305,005003001004,2,,0,0,1
10306,005003001006,2,,0,0,1
10308,005003001016,2,,0,0,1
10309,005003001025,2,,0,0,1
10310,005003001100,2,,0,0,1
10311,005003001250,2,,0,0,1
10312,005005002006,2,,0,0,1
10313,005005002010,2,,0,0,1
10314,005005002016,2,,0,0,1
10315,005005002025,2,,0,0,1
10316,005005002040,2,,0,0,1
10317,005005002100,2,,0,0,1
10318,005005002250,2,,0,0,1
10319,005005001001,2,,0,0,1
10320,005005001002,2,,0,0,1
10321,005005001006,2,,0,0,1
10322,005005001010,2,,0,0,1
10323,005005001016,2,,0,0,1
10324,005005001025,2,,0,0,1
10325,005005001250,2,,0,0,1
10326,005010030061,2,,0,0,1
10328,005010030060,2,,0,0,1
10329,005010030250,2,,0,0,1
10330,005010030500,2,,0,0,1
10331,005010030750,2,,0,0,1
10332,0050100301000,2,,0,0,1
10333,003001028013,2,,0,0,1
10334,005003001010,2,,0,0,1
10335,005001001010,2,,0,2,1
10336,009001050200,2,,0,0,1
10337,009001050300,2,,0,0,1
10338,009001050500,2,,0,0,1
10339,009001080050,2,,0,0,1
10340,009001080100,2,,0,0,1
10341,009001080120,2,,0,0,1
10342,009001080200,2,,0,0,1
10343,009001080300,2,,0,0,1
10344,009001080500,2,,0,0,1
10345,009001100030,2,,0,0,1
10346,009001100050,2,,0,0,1
10347,009001100100,2,,0,0,1
10348,009001100200,2,,0,0,1
10349,009001100300,2,,0,0,1
10350,009001100051,2,,0,0,1
10351,009002100040,2,,0,0,1
10352,009002100050,2,,0,0,1
10353,009002100100,2,,0,0,1
10354,009002100120,2,,0,0,1
10355,009002100200,2,,0,0,1
10356,009002100300,2,,0,0,1
10357,009002100500,2,,0,0,1
10358,009002100600,2,,0,0,1
10359,009003100050,2,,0,0,1
10360,009003100100,2,,0,0,1
10361,009003100200,2,,0,0,1
10362,009003100300,2,,0,0,1
10363,009003100500,2,,0,0,1
10364,009004030063,2,,0,0,1
10365,009004050040,2,,0,0,1
10366,009004050063,2,,0,0,1
10367,009004050100,2,,0,0,1
10368,009004100040,2,,0,0,1
10369,009004100063,2,,0,0,1
10370,009004100100,2,,0,0,1
10371,009005050040,2,,0,0,1
10372,009005050063,2,,0,0,1
10373,009004060063,2,,0,0,1
10374,009006050040,2,,0,0,1
10375,009006050063,2,,0,0,1
10376,009006050100,2,,0,0,1
10377,009006050160,2,,0,0,1
10378,009006050250,2,,0,0,1
10379,009006100040,2,,0,0,1
10380,009006100063,2,,0,0,1
10381,009006100100,2,,0,0,1
10382,009006100160,2,,0,0,1
10383,009006120040,2,,0,0,1
10384,009006120063,2,,0,0,1
10385,009006120100,2,,0,0,1
10386,009006160040,2,,0,0,1
10387,009006160063,2,,0,0,1
10388,009006200040,2,,0,0,1
10389,009006200063,2,,0,0,1
10390,009007050040,2,,0,0,1
10391,009007050063,2,,0,0,1
10392,009007050100,2,,0,0,1
10393,009007050160,2,,0,0,1
10394,009007100040,2,,0,0,1
10395,009007100063,2,,0,0,1
10396,009007100100,2,,0,0,1
10397,009007100160,2,,0,0,1
10398,009007120040,2,,0,0,1
10399,009007120063,2,,0,0,1
10400,009007160040,2,,0,0,1
10401,009007160063,2,,0,0,1
10402,009007200040,2,,0,0,1
10403,009007200063,2,,0,0,1
10404,love065030,2,,0,0,1
10405,TRED042016,2,,0,0,1
10406,005002002000,2,,0,0,1
10407,005002002011,2,,0,0,1
10408,010001000009,2,,0,0,1
10409,010001000013,2,,0,0,1
10410,010001000016,2,,0,0,1
10411,010001000017,2,,0,0,1
10412,010002000006,2,,0,0,1
10413,010002000009,2,,0,0,1
10414,010002000013,2,,12,0,1
10415,010002000016,2,,0,0,1
10416,010002000019,2,,0,0,1
10417,010003000006,2,,0,0,1
10418,010003000009,2,,5,0,1
10419,010003000013,2,,0,0,1
10420,010003000016,2,,0,0,1
10421,010003000019,2,,1,0,1
10422,010003000020,2,,0,0,1
10423,010004000006,2,,0,0,1
10424,010004000009,2,,0,0,1
10425,010004000013,2,,0,0,1
10426,010004000016,2,,0,0,1
10427,010004000019,2,,0,0,1
10428,010005000013,2,,0,0,1
10429,010005000016,2,,0,0,1
10430,010005000019,2,,0,0,1
10431,010005000022,2,,0,0,1
10432,010005000028,2,,0,0,1
10433,010005000035,2,,0,0,1
10434,010005000042,2,,0,0,1
10435,010005000054,2,,0,0,1
10436,010006001015,2,,0,0,1
10437,010006001020,2,,0,0,1
10438,010006001025,2,,0,0,1
10439,010006001050,2,,0,0,1
10440,010007000001,2,,0,0,1
10441,010007000002,2,,0,0,1
10442,010007000003,2,,0,0,1
10443,010007000004,2,,0,0,1
10444,010007000005,2,,0,0,1
10445,010007000006,2,,0,0,1
10446,010007000007,2,,0,0,1
10447,010008000013,2,,0,0,1
10448,010009000001,2,,0,0,1
10449,010009000002,2,,0,0,1
10450,010010000001,2,,0,0,1
10451,010010000002,2,,0,0,1
10452,010011001013,2,,0,0,1
10453,010011001020,2,,0,0,1
10454,010011001025,2,,0,0,1
10458,010011002050,2,,0,0,1
10459,010006002015,2,,0,0,1
10460,010006002020,2,,0,0,1
10461,010006002025,2,,0,0,1
10462,010012000020,2,,0,0,1
10463,010013000001,2,,0,0,1
10464,011001001006,2,,0,0,1
10465,011001001009,2,,0,0,1
10466,011001002009,2,,0,0,1
10467,011001001015,2,,0,0,1
10468,011001002015,2,,0,0,1
10469,011001001020,2,,0,0,1
10470,011001002020,2,,0,0,1
10471,011001001025,2,,0,0,1
10472,011001002025,2,,0,0,1
10473,011001001032,2,,0,0,1
10474,011001002032,2,,0,0,1
10475,011001001040,2,,0,0,1
10476,011001002040,2,,0,0,1
10477,011001001050,2,,0,0,1
10478,011001002050,2,,0,0,1
10479,011001001065,2,,0,0,1
10480,011001001080,2,,0,0,1
10481,011001003015,2,,0,0,1
10482,011001003020,2,,0,0,1
10483,011001003025,2,,0,0,1
10484,011001006025,2,,0,0,1
10485,011001005015,2,,0,0,1
10486,011001005020,2,,0,0,1
10487,011001005025,2,,0,0,1
10488,011001004015,2,,0,0,1
10489,011001004020,2,,0,0,1
10490,011001004025,2,,0,0,1
10491,010013001006,2,,0,0,1
10497,010013001025,2,,0,0,1
10501,010013001054,2,,0,0,1
10502,010013001067,2,,0,0,1
10503,010013001080,2,,0,0,1
10504,005013001000,2,,0,0,1
10505,005013001025,2,,0,0,1
10506,005013001060,2,,0,0,1
10507,005013001250,2,,0,0,1
10508,012001000020,2,,0,0,1
10510,008002000101,2,,0,0,1
10511,008002000103,2,,0,0,1
10512,008002000106,2,,0,0,1
10513,008002000110,2,,0,0,1
10514,008002000120,2,,0,0,1
10515,008002000130,2,,0,0,1
10516,008001100101,2,,0,0,1
10517,008001100103,2,,0,0,1
10518,008001100106,2,,0,0,1
10520,008001100120,2,,0,0,1
10521,008001100130,2,,0,0,1
10522,003001013025,2,,0,0,1
10523,006003000028,2,,0,0,1
10524,030001001040,2,,0,0,1
10525,alfo000888,2,,0,0,1
10526,030001001050,2,,0,0,1
10527,DTPTBB016201,2,,0,0,1
10528,010013001009,2,,0,0,1
10529,010013001013,2,,0,0,1
10530,010013001016,2,,0,0,1
10531,010013001019,2,,0,0,1
10532,010013001022,2,,0,0,1
10533,010013001028,2,,0,0,1
10534,010013001035,2,,0,0,1
10535,010013001042,2,,0,0,1
10536,010013002009,2,,0,0,1
10537,010013002013,2,,0,0,1
10538,010013002016,2,,0,0,1
10539,010013002019,2,,0,0,1
10540,010013002022,2,,0,0,1
10541,010013002028,2,,0,0,1
10542,010013002035,2,,0,0,1
10543,010013002042,2,,0,0,1
10544,010011002015,2,,0,0,1
10545,010011002020,2,,0,0,1
10546,010011002025,2,,0,0,1
10547,DTPTBB013201,2,,0,0,1
10548,txvd100011,2,,0,0,1
10549,003001016025,2,,0,0,1
10550,003001028025,2,,0,0,1
10551,003001009010,2,,0,0,1
10559,003001025010,2,,0,0,1
10560,003001016010,2,,0,0,1
10561,100005000042,2,,0,0,1
10562,007001000040,2,,0,0,1
10563,raga025075,2,,0,0,1
10564,003001006013,2,,0,0,1
10565,005001003006,2,,0,0,1
10566,005001003010,2,,0,0,1
10567,010007000008,2,,0,0,1
10568,10007000009,2,,0,0,1
10569,005001004005,2,,0,0,1
10570,005001004010,2,,0,0,1
10571,005001004020,2,,0,0,1
10572,005014004005,2,,0,0,1
10573,005014004010,2,,0,0,1
10574,005014004020,2,,0,0,1
10575,010007000009,2,,0,0,1
10576,pufc004008,2,,0,0,1
10577,agas005030,2,,0,0,1
10578,004002000100,2,,0,0,1
10579,BOXR020012,2,,0,0,1
10580,004002000200,2,,0,0,1
10581,003002000025,2,,0,0,1
10582,003001079025,2,,0,0,1
10583,100006000001,2,,0,0,1
10584,100006000005,2,,0,0,1
10585,100006000006,2,,0,0,1
10586,008001001106,2,,0,0,1
10587,003001035025,2,,0,0,1
10588,100001000005,2,,0,0,1
10589,NIBC001006,2,,150,0,1
10590,NIBC001009,2,,175,0,1
10591,NIBC001013,2,,1,0,1
10592,NIBC001016,2,,6065,0,1
10593,NIBC001019,2,,0,0,1
10594,NIBC001022,2,,1763,0,1
10595,NIBC001035,2,,7265,0,1
10596,NIBC001042,2,,0,0,1
10597,NIBC001054,2,,0,0,1
10598,NIBC001067,2,,63,0,1
10599,NIBC001080,2,,0,0,1
10600,NIBC001105,2,,0,0,1
10601,NIBC005006,2,,0,0,1
10602,NIBC005009,2,,2956,0,1
10603,NIBC005013,2,,4109,0,1
10604,NIBC005016,2,,3287,0,1
10605,NIBC005019,2,,3715,0,1
10606,NIBC005022,2,,1333,0,1
10607,NIBC005028,2,,2519,0,1
10608,NIBC005035,2,,2282,0,1
10609,NIBC005042,2,,1138,0,1
10610,NIBC005054,2,,158,0,1
10611,NIBC005067,2,,49,0,1
10612,NIBC005080,2,,46,0,1
10613,NIBC005105,2,,11,0,1
10614,NIBC006006,2,,0,0,1
10615,NIBC006009,2,,138,0,1
10616,NIBC006013,2,,974,0,1
10617,NIBC006016,2,,1779,0,1
10618,NIBC006019,2,,147,0,1
10619,NIBC006022,2,,1155,0,1
10620,NIBC006028,2,,550,0,1
10621,NIBC006035,2,,238,0,1
10622,NIBC006042,2,,130,0,1
10623,NIBC006054,2,,0,0,1
10624,NIBC006067,2,,0,0,1
10625,NIBC006080,2,,16,0,1
10626,NIBC006105,2,,0,0,1
10627,NIBC007013,2,,0,0,1
10628,NIBC007016,2,,0,0,1
10629,NIBC007022,2,,0,0,1
10630,NIBC007028,2,,0,0,1
10631,NIBC007035,2,,0,0,1
10632,NIBC007042,2,,152,0,1
10633,00202000054,2,,0,0,1
10634,NIBC007067,2,,67,0,1
10635,NIBC007080,2,,0,0,1
10636,NIBC045013,2,,73,0,1
10637,NIBC045016,2,,997,0,1
10638,NIBC045022,2,,0,0,1
10639,NIBC045028,2,,260,0,1
10640,NIBC045035,2,,127,0,1
10641,NIBC045042,2,,150,0,1
10642,NIBC045054,2,,67,0,1
10643,NIBC045067,2,,47,0,1
10644,NIBC045080,2,,27,0,1
10645,NIBC045105,2,,0,0,1
10646,NIBR013009,2,,0,0,1
10647,NIBR016013,2,,0,0,1
10648,NIBR019013,2,,371,0,1
10649,NIBR019016,2,,0,0,1
10650,NIBR022016,2,,287,0,1
10651,NIBR028016,2,,200,0,1
10652,NIBR028019,2,,55,0,1
10653,NIBR028022,2,,136,0,1
10654,NIBR035016,2,,266,0,1
10655,NIBR035022,2,,250,0,1
10656,NIBR035028,2,,0,0,1
10657,NIBR042016,2,,75,0,1
10658,NIBR042022,2,,60,0,1
10659,NIBR042028,2,,138,0,1
10660,NIBR042035,2,,177,0,1
10661,NIBR054016,2,,100,0,1
10662,NIBR054022,2,,122,0,1
10663,NIBR054028,2,,70,0,1
10664,NIBR054035,2,,70,0,1
10665,NIBR054042,2,,0,0,1
10666,NIBR067035,2,,40,0,1
10667,NIBR067042,2,,40,0,1
10668,NIBR067054,2,,3,0,1
10669,NIBR080042,2,,12,0,1
10670,NIBR080054,2,,0,0,1
10671,NIBR080067,2,,0,0,1
10672,NIBR105067,2,,0,0,1
10673,NIBR105080,2,,0,0,1
10674,NIBT013009,2,,0,0,1
10675,NIBT016013,2,,228,0,1
10676,NIBT019013,2,,15,0,1
10677,NIBT019016,2,,138,0,1
10678,NIBT022016,2,,793,0,1
10679,NIBT028016,2,,85,0,1
10680,NIBT028022,2,,148,0,1
10681,NIBT035016,2,,68,0,1
10682,NIBT035022,2,,40,0,1
10683,NIBT035028,2,,57,0,1
10684,NIBT042016,2,,32,0,1
10687,NIBT042035,2,,166,0,1
10688,NIBT054016,2,,46,0,1
10689,NIBT054022,2,,45,0,1
10690,NIBT054028,2,,19,0,1
10691,NIBT054035,2,,27,0,1
10692,NIBT054042,2,,41,0,1
10693,NIBT067028,2,,18,0,1
10694,NIBT067035,2,,13,0,1
10695,NIBT067042,2,,0,0,1
10696,NIBT067054,2,,0,0,1
10697,NIBT080042,2,,0,0,1
10698,NIBT080054,2,,0,0,1
10699,NIBT080067,2,,0,0,1
10700,NIBT105054,2,,4,0,1
10701,NIBT105067,2,,1,0,1
10702,NIBT105080,2,,4,0,1
10703,NIBT042022,2,,15,0,1
10704,NIBT042028,2,,25,0,1
10705,003001032009,2,,0,0,1
10706,003001032013,2,,0,0,1
10707,013002001050,2,,0,0,1
10708,ACBB091631,2,,0,0,1
10709,ACBB091633,2,,0,0,1
10710,ACBB091617,2,,0,0,1
10711,ACBB091933,2,,42,0,1
10712,ACBB091917,2,,0,0,1
10713,ACBB091931,2,,31,0,1
10714,ACBB091916,2,,0,0,1
10715,ACBB091630,2,,0,0,1
10716,ACBB091615,2,,0,0,1
10717,ACBB091930,2,,0,0,1
10718,ACBB091915,2,,0,0,1
10720,ACBB060917,2,,0,0,1
10721,ACBB061317,2,,0,0,1
10723,ACBB060916,2,,0,0,1
10726,ACBB060915,2,,0,0,1
10727,ACBB061330,2,,0,0,1
10728,ACBB061315,2,,0,0,1
10729,ACBB061633,2,,0,0,1
10730,ACBB061617,2,,33,0,1
10731,ACBB061333,2,,0,0,1
10734,ACBB061332,2,,0,0,1
10735,ACBB061630,2,,47,0,1
10736,ACBB061615,2,,0,0,1
10737,ACBB131930,2,,31,0,1
10738,ACBB131933,2,,24,0,1
10739,ACBB131916,2,,0,0,1
10740,ACBB131915,2,,0,0,1
10741,NIBC002013,2,,194,0,1
10742,NIBC002016,2,,83,0,1
10743,NIBC002019,2,,429,0,1
10744,NIBC002022,2,,200,0,1
10745,NIBC002028,2,,98,0,1
10746,NIBC002035,2,,119,0,1
10747,NIBC002042,2,,90,0,1
10748,NIBC002054,2,,78,0,1
10749,NIBC003013,2,,58,0,1
10750,NIBC003016,2,,445,0,1
10751,NIBC003022,2,,2,0,1
10752,NIBC003028,2,,437,0,1
10753,NIBC003035,2,,321,0,1
10754,NIBC003042,2,,91,0,1
10755,NIBC003054,2,,0,0,1
10756,003002000020,2,,0,0,1
10757,003001054009,2,,0,0,1
10758,ACBB060930,2,,0,0,1
10759,003001054013,2,,0,0,1
10760,030001001065,2,,0,0,1
10761,029007002025,2,,0,0,1
10762,029005002025,2,,5,0,1
10763,029010002025,2,,0,0,1
10764,003001025020,2,,0,0,1
10765,003001042025,2,,0,0,1
10766,003001054025,2,,0,0,1
10767,BOXR021016,2,,0,0,1
10768,009008050040,2,,0,0,1
10769,100001000010,2,,0,0,1
10770,007001002025,2,,0,0,1
10771,030001001250,2,,0,0,1
10772,100002000002,2,,0,0,1
10773,003002000010,2,,0,0,1
10774,013002016025,2,,0,0,1
10775,agas005031,2,,0,0,1
10776,100003003000,2,,0,0,1
10777,agas005032,2,,0,0,1
10778,006002000016,2,,0,0,1
10779,003001042013,2,,0,0,1
10780,003002000013,2,,0,0,1
10781,013003000001,2,,0,0,1
10782,013003000004,2,,0,0,1
10783,013003000002,2,,0,0,1
10784,013003000007,2,,0,0,1
10785,015001010015,2,,38,0,1
10786,015001010020,2,,0,0,1
10787,015001010025,2,,66,0,1
10788,015001010031,2,,0,0,1
10789,015001010032,2,,30,0,1
10790,015001010040,2,,12,0,1
10791,015001010050,2,,0,0,1
10792,003001060013,2,,0,0,1
10793,003001048013,2,,0,0,1
10794,BOXI603004,2,,0,0,1
10795,013001000002,2,,0,0,1
10796,VODE220060,2,,0,0,1
10797,003001042009,2,,0,0,1
10798,003001019025,2,,0,0,1
10799,013005001060,2,,0,0,1
10800,004002000350,2,,0,0,1
10801,agas202010,2,,0,0,1
10802,015005016200,2,,1,0,1
10803,pued008015,2,,0,0,1
10804,029010001216,2,,4,0,1
10805,003001054020,2,,0,0,1
10806,004001000400,2,,0,0,1
10807,003001022009,2,,0,0,1
10808,003001032025,2,,0,0,1
10809,SAGA082028,2,,0,0,1
10810,013002001080,2,,0,0,1
10811,009008050063,2,,0,0,1
10812,030001001125,2,,0,0,1
10813,0060080000019,2,,0,0,1
10814,030001001080,2,,0,0,1
10815,030001002065,2,,2,0,1
10816,004002000250,2,,0,0,1
10817,003003000013,2,,0,0,1
10818,003001060025,2,,0,0,1
10820,006004000016,2,,0,0,1
10821,100001000030,2,,1,0,1
10822,030001002100,2,,0,0,1
10823,SADA033030,2,,0,0,1
10824,SADA036015,2,,0,0,1
10825,SADA051018,2,,0,0,1
10826,SADA036016,2,,0,0,1
10827,SADA035014,2,,0,0,1
10828,SADA037015,2,,0,0,1
10829,SADA049029,2,,0,0,1
10830,raga070025,2,,0,0,1
10831,RAGA059050,2,,0,0,1
10832,RAGA100065,2,,0,0,1
10833,RAGP050020,2,,0,0,1
10834,RAGP055015,2,,0,0,1
10835,BARG120020,2,,0,0,1
10836,BOXY114014,2,,0,0,1
10837,VODE100080,2,,0,0,1
10838,RAGA035013,2,,0,0,1
10839,RAGA049013,2,,0,0,1
10840,RAGA073023,2,,0,0,1
10841,SAGP080013,2,,0,0,1
10842,SAGP070013,2,,0,0,1
10843,RAGP050015,2,,0,0,1
10844,010010001001,2,,0,0,1
10845,013002000025,2,,0,0,1
10846,nepe900099,2,,0,0,1
10847,ARCA400025,2,,0,0,1
10848,dtdl001002,2,,0,0,1
10849,dtnl001002,2,,0,0,1
10850,DTPTRB206061,2,,0,0,1
10851,DTPTRB206076,2,,0,0,1
10852,DTPTRB209061,2,,0,0,1
10853,DTPTRB209081,2,,0,0,1
10854,DTPTRB213061,2,,0,0,1
10855,DTPTRB213081,2,,0,0,1
10856,DTPTRB216071,2,,0,0,1
10857,DTPTRB216089,2,,0,0,1
10858,DTPTRB219071,2,,0,0,1
10859,DTPTRB219089,2,,0,0,1
10860,VODE065025,2,,0,0,1
10861,SADA031031,2,,0,0,1
10862,eaga015010,2,,0,0,1
10863,BOXD015010,2,,0,0,1
10864,LOVP070050,2,,0,0,1
10865,ekcc006007,2,,0,0,1
10866,BOXR003002,2,,0,0,1
10867,PTBB013124,2,,0,0,1
10868,BOXR030008,2,,0,0,1
10869,030001001200,2,,5,0,1
10870,VODE511011,2,,0,0,1
10871,boxt000003,2,,0,0,1
10872,pupc016015,2,,0,0,1
10873,030001001150,2,,7,0,1
10874,BOXE006004,2,,0,0,1
10875,BOXR029006,2,,0,0,1
10876,vodp050030,2,,0,0,1
10877,RAGF040040,2,,0,0,1
10878,BOXR028006,2,,0,0,1
10879,vodp040015,2,,0,0,1
10880,VODP031031,2,,0,0,1
10881,vodp055015,2,,0,0,1
10882,DCIN000019,2,,0,0,1
10883,100001000006,2,,0,0,1
10884,SAGP100008,2,,0,0,1
10885,RAGP100008,2,,0,0,1
10886,BOXD040030,2,,0,0,1
10887,BOXI403008,2,,0,0,1
10888,agas10203,2,,0,0,1
10889,010010000006,2,,0,0,1
10890,010010000013,2,,0,0,1
10891,010010000016,2,,0,0,1
10892,010010000019,2,,0,0,1
10893,010011006006,2,,0,0,1
10894,010011009009,2,,0,0,1
10895,010011013013,2,,0,0,1
10896,010011016016,2,,0,0,1
10897,010011019019,2,,0,0,1
10898,ssvr020010,2,,0,0,1
10899,BARG116005,2,,0,0,1
10900,ZMED200001,2,,0,0,1
10901,ZMED200003,2,,0,0,1
10902,ZMED200002,2,,0,0,1
10903,ZMED300001,2,,0,0,1
10904,ZMED300003,2,,0,0,1
10905,ZMED300002,2,,0,0,1
10906,ZMED200006,2,,0,0,1
10907,BOXT100005,2,,0,0,1
10908,hone006013,2,,0,0,1
10909,BARG100010,2,,0,0,1
10910,ssdn025010,2,,0,0,1
10911,BOXD040040,2,,0,0,1
10912,VODE070070,2,,0,0,1
10913,VODE080080,2,,0,0,1
10914,VODE090090,2,,0,0,1
10915,VODE090030,2,,0,0,1
10916,SAGA080023,2,,0,0,1
10917,RAGA080023,2,,0,0,1
10918,RAGA140080,2,,0,0,1
10919,017001000001,2,,0,0,1
10920,VODE075045,2,,0,0,1
10921,006003000042,2,,0,0,1
10922,0060080000006,2,,0,0,1
10923,0060080000009,2,,0,0,1
10924,0060080000013,2,,0,0,1
10925,LINP010120,2,,0,0,1
10926,002021000017,2,,235,0,1
10927,006008000016,2,,0,0,1
10928,BOXR005003,2,,0,0,1
10929,100001000007,2,,0,0,1
10930,MECC003008,2,,0,0,1
10931,FCCC004008,2,,0,0,1
10932,boxe025020,2,,0,0,1
10933,ARCA530053,2,,0,0,1
10934,ARCA400026,2,,0,0,1
10935,bvtw000021,2,,0,0,1
10936,spdc000003,2,,0,0,1
10937,BOXY103003,2,,0,0,1
10938,BOXR006003,2,,0,0,1
10939,HODD020020,2,,0,0,1
10940,BOXM060060,2,,0,0,1
10941,RAGF060015,2,,0,0,1
10942,svhs000050,2,,0,0,1
10943,BOXR014006,2,,0,0,1
10944,016001002004,2,,0,0,1
10945,016001002005,2,,0,0,1
10946,ZMED200007,2,,0,0,1
10947,ZMED200004,2,,0,0,1
10948,ZMED100001,2,,0,0,1
10949,ZMED100002,2,,0,0,1
10950,ZMED100004,2,,0,0,1
10951,agas202001,2,,0,0,1
10952,ZMED100005,2,,0,0,1
10953,ZMED100003,2,,0,0,1
10954,ZMED411001,2,,0,0,1
10955,ZMED411002,2,,0,0,1
10956,ZMED411003,2,,0,0,1
10957,ZMED411004,2,,0,0,1
10958,ZMED411005,2,,0,0,1
10959,ZMED200008,2,,0,0,1
10960,ZMED100008,2,,0,0,1
10961,ZMED140008,2,,0,0,1
10962,BOXD020020,2,,0,0,1
10963,RAGD020020,2,,0,0,1
10964,ZMED110001,2,,0,0,1
10965,ZMED110002,2,,0,0,1
10966,ZMED110003,2,,0,0,1
10967,ZMED110004,2,,0,0,1
10968,ZMED110005,2,,0,0,1
10969,ZMED110008,2,,0,0,1
10970,ZMED412002,2,,0,0,1
10971,BOXR016005,2,,0,0,1
10972,pffd002150,2,,0,0,1
10973,FAGA060020,2,,0,0,1
10974,ascr012051,2,,0,0,1
10975,ascr012052,2,,0,0,1
10976,ascr009011,2,,5,0,1
10977,RAGF050030,2,,0,0,1
10978,ASCR120000,2,,0,0,1
10979,SANE015030,2,,0,0,1
10980,SANE015060,2,,0,0,1
10981,BOXR007004,2,,0,0,1
10982,RAGA130080,2,,0,0,1
10983,BOXI027006,2,,0,0,1
10984,emrs000052,2,,0,0,1
10985,pffd001150,2,,0,0,1
10986,besi250020,2,,0,0,1
10987,BOXR603006,2,,0,0,1
10988,012001000012,2,,37,0,1
10989,EAGA060045,2,,0,0,1
10990,EAGA075065,2,,0,0,1
10991,LOVE075040,2,,0,0,1
10992,DCIN000009,2,,0,0,1
10993,PTBS042120,2,,0,0,1
10994,RAGA120020,2,,0,0,1
10995,BOXR010006,2,,0,0,1
10996,NEPE900011,2,,0,0,1
10997,tcin004004,2,,0,0,1
10998,BOXY108006,2,,0,0,1
10999,nepe900003,2,,0,0,1
11000,BOXR200180,2,,0,0,1
11001,pffd001250,2,,0,0,1
11002,schi045015,2,,0,0,1
11004,PTBE016051,2,,0,0,1
11005,1PTBE009051,2,,0,0,1
11006,PTBE016071,2,,0,0,1
11007,002027020022,2,,0,0,1
11008,002027025028,2,,0,0,1
11009,regb000019,2,,0,0,1
11010,regb000020,2,,0,0,1
11011,LOVP040030,2,,0,0,1
11012,LOVP050030,2,,0,0,1
11013,freo001404a,2,,0,0,1
11014,013002080050,2,,1,0,1
11015,BOXY006012,2,,0,0,1
11016,ZMED900005,2,,0,0,1
11017,pffd001300,2,,0,0,1
11018,LOVE147118,2,,0,0,1
11019,SADF030030,2,,0,0,1
11020,PTBE025051,2,,0,0,1
11021,007001000006,2,,0,0,1
11022,BOXR032004,2,,0,0,1
11023,BOXI421606,2,,0,0,1
11024,BOXR151204,2,,0,0,1
11025,kitz006065,2,,1,0,1
11026,VODB000008,2,,0,0,1
11027,agas012025,2,,0,0,1
11028,PTBE013071,2,,0,0,1
11029,SSUC113013,2,,0,0,1
11030,SAGP037037,2,,0,0,1
11031,SMED002105,2,,0,0,1
11032,SMED004105,2,,0,0,1
11033,VODS060050,2,,0,0,1
11034,VODS050050,2,,0,0,1
11035,VODS065050,2,,0,0,1
11036,VODS040030,2,,0,0,1
11037,VODS060040,2,,0,0,1
11038,VODS050030,2,,0,0,1
11039,RAGA060045,2,,0,0,1
11040,RAGA075060,2,,0,0,1
11041,RAGA086073,2,,0,0,1
11042,BOXR013003,2,,0,0,1
11043,LOVE146067,2,,0,0,1
11044,MANH030031,2,,0,0,1
11045,BOXY110016,2,,0,0,1
11046,BOXY004010,2,,0,0,1
11047,PTBE028071,2,,0,0,1
11048,sspl000003,2,,0,0,1
11049,ring000011,2,,0,0,1
11050,fdpu000102,2,,0,0,1
11051,RAGA080017,2,,0,0,1
11052,BOXR060006,2,,0,0,1
11053,RAGP018010,2,,0,0,1
11054,mecc025028,2,,0,0,1
11055,PTBE019071,2,,0,0,1
11056,NIBR025019,2,,1,0,1
11057,NIBT009006,2,,25,0,1
11058,regb000021,2,,0,0,1
11059,PTBE009076,2,,0,0,1
11060,SAGA080017,2,,0,0,1
11061,BOXR040010,2,,0,0,1
11062,BOXR433913,2,,0,0,1
11063,BOXR474322,2,,0,0,1
11064,FREO000022,2,,0,0,1
11065,FREO000410,2,,0,0,1
11067,BOXR140010,2,,0,0,1
11069,VODE010010,2,,0,0,1
11070,BOXR382710,2,,0,0,1
11071,DTACBB091616,2,,0,0,1
11072,FREO000032,2,,0,0,1
11074,NEPE900012,2,,0,0,1
11076,RAGA087030,2,,0,0,1
11077,BOXE045004,2,,0,0,1
11078,RAGP055045,2,,0,0,1
11079,SADP039038,2,,0,0,1
11080,BOXE038008,2,,0,0,1
11081,SADP033033,2,,0,0,1
11082,BOXE033006,2,,0,0,1
11083,SADP028028,2,,0,0,1
11084,BOXE028004,2,,0,0,1
11087,BOXR014012,2,,0,0,1
11088,filt058053,2,,0,0,1
11090,PTBE006061,2,,0,0,1
11091,SKYD100127,2,,0,0,1
11094,PTAE091632,2,,0,0,1
11097,pffd001075,2,,0,0,1
11098,VODS030020,2,,0,0,1
11102,BOXR007003,2,,0,0,1
11106,KPHL001035,2,,0,0,1
11108,KPHL001050,2,,0,0,1
11114,NYYH004015,2,,0,0,1
11118,PART019107,2,,0,0,1
11119,CUST770001,2,,0,0,1
11120,emrs000307,2,,0,0,1
11121,INSF020010,2,,0,0,1
11122,SPDC000008,2,,0,0,1
11123,ZMED900006,2,,18,0,1
11124,ZMED900007,2,,0,0,1
11125,ZMED900008,2,,0,0,1
11126,ZMED900009,2,,9,0,1
11127,ZMED900010,2,,11,0,1
11128,ZMED900011,2,,253,0,1
11129,ZMED900012,2,,2,0,1
11130,ZMED900013,2,,60,0,1
11131,ZMED900014,2,,1,0,1
11132,ARMF025067,2,,0,0,1
11133,armf020020,2,,0,0,1
11134,armf025025,2,,0,0,1
11135,BOXY350350,2,,0,0,1
11136,BOXE045350,2,,0,0,1
11137,BOXR014004,2,,0,0,1
11138,SAGP050005,2,,0,0,1
11139,BOXT080502,2,,0,0,1
11140,NEPE900013,2,,0,0,1
11141,boxi040030,2,,0,0,1
11142,ALAG201584,2,,0,0,1
11143,BOXR012010,2,,0,0,1
11144,BOXT420125,2,,0,0,1
11145,agas005033,2,,0,0,1
11146,BOXI050006,2,,0,0,1
11147,PRVT000001,2,,2,0,1
11148,agas012026,2,,0,0,1
11149,agas012027,2,,0,0,1
11150,agas005034,2,,0,0,1
11151,Pffd001200,2,,0,0,1
11152,DANF006165,2,,2,0,1
11153,HONE005200,2,,1,0,1
11154,pgnm066010,2,,2,0,1
11155,pgnm065005,2,,1,0,1
