legacy_product_id,sku,warehouse_id,rak_id,qty_available,qty_reserved,qty_min
1,CAB-ACBB060915,3,,0,0,1
2,CAB-ACBB060930,3,,0,0,1
3,CAB-ACBB060932,3,,3,6,1
4,CAB-ACBB060933,3,,2,3,1
5,CAB-acbb061315,3,,0,0,1
6,CAB-ACBB061330,3,,0,0,1
7,CAB-ACBB061332,3,,15,18,1
8,CAB-ACBB061333,3,,2,2,1
9,CAB-ACBB061615,3,,0,0,1
10,CAB-ACBB061630,3,,0,0,1
11,CAB-ACBB061631,3,,0,0,1
12,CAB-ACBB061633,3,,0,0,1
13,CAB-ACBB091615,3,,0,0,1
14,CAB-ACBB091630,3,,0,0,1
15,CAB-ACBB091633,3,,4,4,1
16,CAB-ACBB091915,3,,0,0,1
17,CAB-ACBB091930,3,,0,0,1
18,CAB-ACBB091931,3,,0,0,1
19,CAB-ACBB091933,3,,0,0,1
20,CAB-ACBB131915,3,,0,0,1
21,CAB-ACBB131930,3,,0,0,1
22,CAB-acbb131933,3,,0,0,1
24,CAB-acco009010,3,,0,0,1
25,CAB-acco009013,3,,0,0,1
26,CAB-acco009016,3,,0,0,1
27,CAB-acco009019,3,,0,0,1
28,CAB-acco009022,3,,0,0,1
29,CAB-acco009025,3,,0,0,1
30,CAB-acco009028,3,,0,0,1
31,CAB-acco009042,3,,0,0,1
37,CAB-adpt003006,3,,15,20,1
38,CAB-adpt006006,3,,40,47,1
39,CAB-adpt009006,3,,0,0,1
40,CAB-adpt009009,3,,0,0,1
42,CAB-adpt015009,3,,0,0,1
43,CAB-adpt015013,3,,0,0,1
44,CAB-adpt015016,3,,0,0,1
45,CAB-adpt020013,3,,0,0,1
46,CAB-adpt020016,3,,0,0,1
47,CAB-adpt020019,3,,0,0,1
48,CAB-adpt106006,3,,0,0,1
49,CAB-adpt109006,3,,0,0,1
50,CAB-adpt113006,3,,0,0,1
51,CAB-adpt113009,3,,0,0,1
52,CAB-adpt116006,3,,0,0,1
53,CAB-adpt116009,3,,0,0,1
54,CAB-adpt116013,3,,0,0,1
55,CAB-adpt119006,3,,0,0,1
56,CAB-adpt119009,3,,0,0,1
57,CAB-adpt119013,3,,0,0,1
58,CAB-adpt119016,3,,0,0,1
60,CAB-agas001001,3,,14,14,1
63,CAB-agas001005,3,,0,0,1
64,CAB-agas001006,3,,0,0,1
67,CAB-agas002003,3,,0,0,1
68,CAB-agas002004,3,,0,0,1
69,CAB-agas002005,3,,0,0,1
70,CAB-agas002006,3,,0,0,1
71,CAB-agas002007,3,,0,0,1
72,CAB-agas002008,3,,0,0,1
73,CAB-agas002009,3,,0,0,1
74,CAB-AGAS002010,3,,0,0,1
75,CAB-agas003000,3,,0,0,1
76,CAB-agas003001,3,,0,0,1
77,CAB-agas003002,3,,0,0,1
78,CAB-agas003003,3,,0,0,1
79,CAB-agas003004,3,,0,0,1
81,CAB-agas003006,3,,0,0,1
82,CAB-agas003007,3,,0,0,1
83,CAB-agas003008,3,,0,0,1
84,CAB-agas003009,3,,0,0,1
85,CAB-agas003010,3,,0,0,1
86,CAB-agas003011,3,,0,0,1
87,CAB-agas003012,3,,0,0,1
89,CAB-agas003015,3,,0,0,1
90,CAB-agas003030,3,,0,0,1
91,CAB-agas004001,3,,0,0,1
92,CAB-agas004002,3,,0,0,1
93,CAB-agas004003,3,,1,1,1
95,CAB-agas004005,3,,0,0,1
96,CAB-agas004006,3,,0,0,1
97,CAB-agas004007,3,,0,0,1
98,CAB-agas004008,3,,0,0,1
99,CAB-agas004009,3,,0,0,1
102,CAB-agas004012,3,,0,0,1
104,CAB-agas004014,3,,0,0,1
105,CAB-agas004015,3,,0,0,1
107,CAB-agas004017,3,,0,0,1
110,CAB-agas004020,3,,0,0,1
111,CAB-agas004021,3,,0,0,1
112,CAB-agas004022,3,,0,0,1
113,CAB-agas004023,3,,0,0,1
115,CAB-agas004025,3,,0,0,1
116,CAB-agas005001,3,,104,141,1
117,CAB-agas005002,3,,0,0,1
118,CAB-agas005003,3,,0,0,1
119,CAB-agas005004,3,,23,25,1
120,CAB-agas005005,3,,8,8,1
121,CAB-agas005006,3,,0,0,1
123,CAB-agas005008,3,,0,0,1
124,CAB-agas005009,3,,0,0,1
125,CAB-agas005010,3,,0,1,1
126,CAB-agas005011,3,,0,0,1
127,CAB-agas005012,3,,0,0,1
128,CAB-agas005013,3,,0,0,1
129,CAB-agas005014,3,,0,0,1
130,CAB-agas005015,3,,0,0,1
131,CAB-agas005016,3,,0,0,1
133,CAB-agas005018,3,,0,0,1
134,CAB-agas006001,3,,0,0,1
135,CAB-agas006002,3,,0,0,1
136,CAB-agas006003,3,,0,0,1
137,CAB-agas006004,3,,0,0,1
138,CAB-agas006005,3,,0,0,1
139,CAB-agas006006,3,,0,0,1
140,CAB-agas006007,3,,0,0,1
141,CAB-agas006008,3,,0,0,1
142,CAB-agas006009,3,,0,0,1
143,CAB-agas006010,3,,0,0,1
144,CAB-agas006011,3,,0,0,1
145,CAB-agas006013,3,,0,0,1
146,CAB-agas006014,3,,0,0,1
147,CAB-agas008001,3,,0,0,1
148,CAB-agas008002,3,,0,0,1
149,CAB-agas008003,3,,0,0,1
150,CAB-agas008004,3,,0,0,1
151,CAB-agas008005,3,,0,0,1
152,CAB-agas008006,3,,0,0,1
153,CAB-agas008007,3,,0,0,1
154,CAB-agas008050,3,,0,0,1
156,CAB-agas010001,3,,0,0,1
157,CAB-agas010002,3,,0,0,1
158,CAB-agas010003,3,,0,0,1
159,CAB-agas010004,3,,0,0,1
160,CAB-agas010005,3,,0,0,1
161,CAB-agas010006,3,,0,0,1
162,CAB-agas010007,3,,0,0,1
163,CAB-agas010008,3,,0,0,1
165,CAB-agas010010,3,,0,0,1
166,CAB-agas010011,3,,0,0,1
167,CAB-agas010012,3,,0,0,1
168,CAB-agas010013,3,,0,0,1
169,CAB-agas010014,3,,0,0,1
170,CAB-agas010015,3,,0,0,1
171,CAB-agas010016,3,,0,0,1
172,CAB-agas010017,3,,0,0,1
173,CAB-agas011001,3,,2,2,1
174,CAB-agas011002,3,,0,0,1
175,CAB-agas011003,3,,0,0,1
176,CAB-agas012001,3,,25,68,1
178,CAB-agas012003,3,,0,0,1
179,CAB-agas013001,3,,0,0,1
183,CAB-agas102010,3,,0,0,1
184,CAB-agas202002,3,,0,0,1
185,CAB-alco000048,3,,0,0,1
186,CAB-alco000049,3,,0,0,1
187,CAB-alco0000524611301450522,3,,2,2,1
188,CAB-alco000053,3,,0,6,1
189,CAB-alco000083-681344476083,3,,0,0,1
190,CAB-alco000148,3,,0,0,1
191,CAB-alco000163,3,,0,0,1
192,CAB-alco000164,3,,0,0,1
193,CAB-alco000165,3,,15,15,1
194,CAB-alco000304-681344476162,3,,0,0,1
195,CAB-alco000305,3,,0,0,1
196,CAB-alco000306,3,,1,1,1
197,CAB-alco000307,3,,7,7,1
198,CAB-alco000417,3,,0,0,1
199,CAB-alco000419,3,,0,0,1
200,CAB-alco001013,3,,0,0,1
201,CAB-alco001016,3,,0,0,1
202,CAB-alco700020,3,,0,0,1
203,CAB-alco700022,3,,0,0,1
204,CAB-alco700028,3,,0,0,1
205,CAB-alco700035,3,,0,0,1
206,CAB-alco700042,3,,0,0,1
207,CAB-alco700054,3,,0,0,1
208,CAB-alco800016,3,,0,0,1
209,CAB-alco800022,3,,0,0,1
210,CAB-alco800028,3,,0,0,1
211,CAB-alco800035,3,,0,0,1
212,CAB-alco800042,3,,0,0,1
213,CAB-alco800054,3,,0,0,1
218,CAB-alco900012,3,,0,0,1
227,CAB-alco900035,3,,0,0,1
233,CAB-alco900070,3,,0,0,1
235,CAB-alfo000001,3,,0,0,1
236,CAB-alfo000003,3,,30,32,1
237,CAB-alfo000128,3,,0,0,1
238,CAB-alfo000430,3,,0,0,1
239,CAB-alfo000705,3,,0,0,1
240,CAB-alfo000721,3,,0,0,1
241,CAB-alfo000777,3,,0,0,1
242,CAB-alfo000810,3,,0,0,1
243,CAB-alfo000820,3,,0,0,1
244,CAB-alfo000831,3,,0,0,1
245,CAB-013001000001,3,,0,0,1
246,CAB-alfo000905,3,,0,0,1
247,CAB-alfo000910,3,,0,0,1
248,CAB-alfo000920,3,,0,0,1
249,CAB-alfo000921,3,,0,0,1
250,CAB-alfo000999,3,,2,3,1
251,CAB-alfo001001,3,,0,0,1
252,CAB-alfo001002,3,,0,0,1
253,CAB-alfo001310,3,,0,0,1
254,CAB-alfo002001,3,,0,0,1
255,CAB-alfo002310,3,,0,0,1
256,CAB-alfo222222,3,,0,0,1
257,CAB-alst000035,3,,0,0,1
258,CAB-alst000040,3,,0,0,1
259,CAB-alst000050,3,,0,0,1
260,CAB-alst000060,3,,0,0,1
261,CAB-alst000080,3,,0,0,1
262,CAB-alst000100,3,,0,0,1
263,CAB-alst000120,3,,0,0,1
264,CAB-alst000200,3,,0,0,1
265,CAB-alst000300,3,,0,0,1
266,CAB-alst003008,3,,0,0,1
267,CAB-alst013050,3,,0,0,1
268,CAB-alst025030,3,,0,0,1
269,CAB-alst025035,3,,0,0,1
270,CAB-alst025040,3,,0,0,1
271,CAB-alst025050,3,,0,0,1
272,CAB-alst025060,3,,0,0,1
273,CAB-alst025080,3,,0,0,1
274,CAB-alst025100,3,,0,0,1
275,CAB-alst030050,3,,0,0,1
276,CAB-alst050040,3,,0,0,1
277,CAB-alst050050,3,,0,0,1
278,CAB-alst050060,3,,0,0,1
279,CAB-alst100040,3,,0,0,1
280,CAB-alst100050,3,,0,0,1
281,CAB-alst100060,3,,0,0,1
282,CAB-alst100070,3,,0,0,1
283,CAB-alst110040,3,,0,0,1
285,CAB-alst125025,3,,0,0,1
286,CAB-alst125050,3,,0,0,1
287,CAB-alst125070,3,,0,0,1
291,CAB-amic000032,3,,0,0,1
297,CAB-anac000013,3,,0,0,1
298,CAB-anac000016,3,,0,0,1
299,CAB-anac000020,3,,0,0,1
300,CAB-anac000022,3,,0,0,1
301,CAB-anac000028,3,,0,0,1
302,CAB-anac000035,3,,0,0,1
303,CAB-anac000042,3,,0,0,1
304,CAB-anac000054,3,,0,0,1
307,CAB-arca200001,3,,0,0,1
308,CAB-arca200002,3,,0,0,1
309,CAB-arca330001,3,,0,0,1
310,CAB-arca330002,3,,0,0,1
311,CAB-arca400002,3,,0,1,1
312,CAB-arca400003,3,,0,0,1
313,CAB-arca400004,3,,0,0,1
314,CAB-arca500001,3,,1,0,1
315,CAB-arca600001,3,,0,0,1
327,CAB-armf009013,3,,0,0,1
329,CAB-armf009019,3,,15,0,1
330,CAB-armf009022,3,,0,0,1
333,CAB-armf009032,3,,0,0,1
340,CAB-armf013006,3,,0,0,1
341,CAB-armf013009,3,,0,0,1
345,CAB-armf013022,3,,0,0,1
347,CAB-armf013028,3,,0,0,1
348,CAB-armf013032,3,,0,0,1
349,CAB-armf013035,3,,0,0,1
350,CAB-armf013042,3,,0,0,1
352,CAB-armf013054,3,,0,0,1
359,CAB-armf020006,3,,0,0,1
361,CAB-armf020013,3,,0,0,1
364,CAB-armf020022,3,,0,0,1
365,CAB-armf020025,3,,0,0,1
367,CAB-armf020032,3,,0,0,1
368,CAB-armf020035,3,,0,0,1
369,CAB-armf020042,3,,0,0,1
385,CAB-armf025035,3,,0,0,1
387,CAB-armf025048,3,,0,0,1
412,CAB-ascr000003,3,,0,0,1
413,CAB-ascr000004,3,,0,0,1
414,CAB-ascr000005,3,,0,0,1
415,CAB-ascr000006,3,,0,0,1
418,CAB-ascr000009,3,,0,0,1
419,CAB-ascr000010,3,,0,0,1
420,CAB-ascr000011,3,,0,0,1
421,CAB-ascr000012,3,,0,0,1
422,CAB-ascr000013,3,,0,0,1
423,CAB-ascr000014,3,,1,0,1
425,CAB-ascr000016,3,,0,0,1
426,CAB-ascr000017,3,,0,0,1
427,CAB-ascr000018,3,,6,8,1
430,CAB-ascr000021,3,,0,0,1
431,CAB-ascr000022,3,,0,0,1
432,CAB-ascr000023,3,,0,0,1
433,CAB-ascr000024,3,,0,0,1
437,CAB-ascr000028,3,,0,0,1
438,CAB-ascr000029,3,,43,267,1
440,CAB-ascr000031,3,,0,0,1
441,CAB-ascr000032,3,,11,16,1
442,CAB-ascr000033,3,,3,3,1
443,CAB-ascr000034,3,,0,0,1
444,CAB-ascr000035,3,,0,0,1
445,CAB-ascr000036,3,,0,0,1
446,CAB-ascr000037,3,,0,0,1
447,CAB-ascr000038,3,,0,0,1
448,CAB-ascr000039,3,,0,0,1
449,CAB-ascr000040,3,,0,0,1
451,CAB-ascr000042,3,,0,0,1
452,CAB-ascr000043,3,,0,0,1
453,CAB-ascr000044,3,,0,0,1
454,CAB-ascr000045,3,,0,0,1
455,CAB-ascr000046,3,,0,0,1
456,CAB-ascr000047,3,,0,0,1
457,CAB-ascr000048,3,,0,0,1
458,CAB-ascr000049,3,,0,0,1
459,CAB-ascr000050,3,,0,0,1
460,CAB-ascr000051,3,,0,0,1
463,CAB-ascr000054,3,,0,0,1
464,CAB-ascr000055,3,,0,0,1
465,CAB-ascr000056,3,,4,13,1
466,CAB-ascr000057,3,,0,0,1
467,CAB-ascr000058,3,,0,0,1
469,CAB-ascr000060,3,,0,0,1
470,CAB-ascr000061,3,,0,0,1
472,CAB-ascr000063,3,,87,101,1
473,CAB-ascr000064,3,,0,0,1
474,CAB-ascr000065,3,,0,0,1
484,CAB-ascr000075,3,,0,0,1
489,CAB-ascr000080,3,,0,0,1
494,CAB-ascr000085,3,,0,0,1
496,CAB-ascr000087,3,,0,0,1
511,CAB-ascr000102,3,,0,0,1
519,CAB-ascr000110,3,,0,0,1
521,CAB-ascr000112,3,,0,0,1
529,CAB-ascr000120,3,,20,23,1
531,CAB-ascr000122,3,,0,0,1
533,CAB-ascr000124,3,,0,0,1
540,CAB-ascr000131,3,,0,0,1
542,CAB-ascr000133,3,,0,0,1
543,CAB-ascr000137,3,,0,0,1
545,CAB-ascr001000,3,,4,4,1
547,CAB-ascr001002,3,,0,0,1
549,CAB-ascr001004,3,,2,3,1
551,CAB-ascr001006,3,,0,0,1
553,CAB-ascr001008,3,,5,6,1
555,CAB-ascr001010,3,,0,0,1
556,CAB-ascr001011,3,,2,2,1
564,CAB-ascr001019,3,,0,0,1
567,CAB-ascr001062,3,,0,0,1
568,CAB-ascr001063,3,,22,4,1
571,CAB-ascr002002,3,,1,3,1
572,CAB-ascr002003,3,,3,3,1
573,CAB-ascr002004,3,,0,0,1
580,CAB-ascr002011,3,,0,0,1
581,CAB-ascr002012,3,,0,0,1
582,CAB-ascr002013,3,,0,0,1
583,CAB-ascr002014,3,,0,0,1
584,CAB-ascr002015,3,,0,0,1
586,CAB-ascr002017,3,,0,0,1
589,CAB-ascr002020,3,,0,0,1
590,CAB-ascr002021,3,,0,0,1
592,CAB-ascr002023,3,,0,0,1
593,CAB-ascr002024,3,,0,0,1
594,CAB-ascr002025,3,,0,0,1
596,CAB-ascr002027,3,,0,0,1
597,CAB-ascr002028,3,,0,0,1
598,CAB-ascr002029,3,,0,0,1
599,CAB-ascr002030,3,,0,0,1
605,CAB-ascr003006,3,,0,0,1
607,CAB-ascr0040010,3,,0,0,1
608,CAB-ascr004002,3,,0,0,1
609,CAB-ascr004003,3,,0,0,1
610,CAB-ascr004004,3,,0,0,1
613,CAB-ascr005003,3,,12,13,1
614,CAB-ascr006000,3,,0,0,1
615,CAB-ascr006001,3,,0,0,1
616,CAB-ascr006002,3,,0,0,1
619,CAB-ascr006005,3,,0,0,1
621,CAB-ascr006007,3,,0,0,1
624,CAB-ascr006010,3,,0,1,1
625,CAB-ascr006011,3,,0,1,1
626,CAB-ascr006013,3,,0,0,1
628,CAB-ascr007001,3,,0,0,1
629,CAB-ascr007002,3,,0,0,1
630,CAB-ascr007003,3,,4,4,1
634,CAB-ascr007007,3,,0,0,1
637,CAB-ascr007396,3,,0,0,1
640,CAB-ascr008001,3,,0,0,1
641,CAB-ascr008002,3,,0,0,1
642,CAB-ascr008003,3,,0,0,1
643,CAB-ascr008004,3,,0,0,1
644,CAB-ascr008005,3,,0,0,1
646,CAB-ascr008007,3,,0,0,1
649,CAB-ascr009001,3,,0,0,1
651,CAB-ascr009004,3,,14,15,1
653,CAB-ascr009006,3,,0,0,1
655,CAB-ascr009008,3,,1,2,1
656,CAB-ascr009009,3,,0,0,1
657,CAB-ascr009010,3,,0,0,1
658,CAB-ascr009100,3,,0,0,1
659,CAB-ascr009101,3,,0,0,1
662,CAB-ascr009238,3,,0,0,1
663,CAB-ascr009265,3,,0,0,1
665,CAB-ascr010001,3,,0,0,1
666,CAB-ascr010002,3,,0,0,1
668,CAB-ascr010004,3,,0,2,1
669,CAB-ascr010005,3,,0,0,1
670,CAB-ascr010022,3,,0,0,1
673,CAB-ascr011001,3,,0,0,1
674,CAB-ascr011002,3,,0,0,1
677,CAB-ascr011005,3,,0,0,1
678,CAB-ascr011006,3,,0,0,1
679,CAB-ascr012006,3,,0,0,1
680,CAB-ascr012008,3,,0,0,1
681,CAB-ascr012009,3,,1,1,1
682,CAB-ascr012013,3,,0,0,1
683,CAB-ascr012016,3,,0,1,1
684,CAB-ascr012019,3,,0,0,1
685,CAB-ascr012022,3,,0,0,1
686,CAB-ascr012025,3,,0,0,1
687,CAB-ascr012030,3,,0,0,1
688,CAB-ascr012031,3,,0,0,1
690,CAB-ascr012033,3,,0,0,1
691,CAB-ascr012050,3,,0,0,1
694,CAB-ascr012053,3,,0,0,1
695,CAB-ascr013002,3,,0,0,1
697,CAB-ascr013004,3,,0,0,1
698,CAB-ascr013006,3,,0,0,1
699,CAB-ascr013008,3,,0,0,1
701,CAB-ascr014002,3,,0,0,1
702,CAB-ascr014003,3,,138,144,1
704,CAB-ascr014005,3,,0,0,1
709,CAB-ascr015020,3,,0,0,1
723,CAB-ascr017003,3,,0,0,1
724,CAB-ascr017004,3,,107,110,1
725,CAB-ascr017005,3,,20,40,1
726,CAB-ascr017006,3,,11,19,1
727,CAB-ascr017007,3,,0,0,1
728,CAB-ascr017008,3,,8,11,1
734,CAB-ascr017014,3,,18,270,1
736,CAB-ascr018007,3,,0,0,1
737,CAB-ascr018008,3,,0,0,1
738,CAB-ascr018026,3,,0,0,1
739,CAB-ascr018028,3,,0,0,1
740,CAB-ascr018031,3,,0,0,1
741,CAB-ascr018036,3,,0,0,1
742,CAB-ascr018042,3,,0,0,1
743,CAB-ascr018054,3,,0,0,1
746,CAB-ascr019003,3,,0,0,1
749,CAB-ascr019010,3,,0,0,1
751,CAB-ascr020002,3,,0,0,1
752,CAB-ascr020003,3,,0,0,1
753,CAB-ascr020004,3,,0,0,1
754,CAB-ascr020005,3,,0,0,1
755,CAB-ascr020006,3,,0,0,1
756,CAB-ascr020007,3,,0,0,1
757,CAB-ascr020008,3,,0,0,1
759,CAB-ascr020010,3,,0,0,1
760,CAB-ascr020026,3,,0,0,1
761,CAB-ascr021007,3,,0,0,1
762,CAB-ascr021008,3,,0,0,1
763,CAB-ascr021054,3,,0,0,1
764,CAB-ascr022013,3,,0,0,1
768,CAB-ascr030015,3,,0,0,1
769,CAB-ascr030020,3,,0,0,1
770,CAB-ascr030025,3,,0,0,1
771,CAB-ascr030032,3,,0,0,1
772,CAB-ascr030040,3,,0,0,1
773,CAB-ascr030041,3,,0,0,1
775,CAB-ascr111111,3,,17,32,1
831,CAB-avjk000020,3,,0,0,1
832,CAB-avsy000025,3,,0,0,1
833,CAB-avsy003015,3,,0,0,1
834,CAB-avsy003020,3,,0,0,1
835,CAB-avsy003025,3,,0,0,1
836,CAB-avsy004015,3,,0,0,1
837,CAB-avsy004020,3,,0,0,1
838,CAB-avsy004025,3,,0,0,1
839,CAB-barg000001,3,,0,0,1
840,CAB-barg080010,3,,0,0,1
841,CAB-bcvj000065,3,,0,0,1
842,CAB-bcvj000080,3,,0,0,1
843,CAB-bcvv000080,3,,0,0,1
844,CAB-bcvv000100,3,,0,0,1
845,CAB-bcvv000150,3,,0,0,1
846,CAB-bcvv001065,3,,0,0,1
847,CAB-belg100025,3,,0,0,1
848,CAB-BENE001001,3,,0,0,1
849,CAB-besi010015,3,,0,0,1
850,CAB-besi010020,3,,0,0,1
851,CAB-besi010025,3,,0,0,1
852,CAB-besi010032,3,,0,0,1
853,CAB-besi010040,3,,0,0,1
854,CAB-besi010050,3,,0,0,1
855,CAB-besi010065,3,,0,0,1
856,CAB-besi010080,3,,0,0,1
857,CAB-besi010100,3,,0,0,1
858,CAB-besi010125,3,,0,0,1
859,CAB-besi010150,3,,1,1,1
860,CAB-besi010200,3,,0,0,1
861,CAB-besi010250,3,,0,0,1
862,CAB-besi010300,3,,0,0,1
863,CAB-besi010350,3,,0,0,1
864,CAB-besi010400,3,,0,0,1
865,CAB-besi010450,3,,0,0,1
866,CAB-besi010500,3,,0,0,1
867,CAB-besi011040,3,,0,0,1
868,CAB-besi011050,3,,0,0,1
869,CAB-besi011065,3,,0,0,1
870,CAB-besi011080,3,,0,0,1
871,CAB-besi011100,3,,0,0,1
872,CAB-besi011150,3,,0,0,1
873,CAB-besi011200,3,,0,0,1
874,CAB-besi011250,3,,0,0,1
875,CAB-besi011300,3,,0,0,1
876,CAB-besi011450,3,,0,0,1
877,CAB-besi015065,3,,0,0,1
878,CAB-besi016020,3,,0,0,1
879,CAB-besi016025,3,,0,0,1
880,CAB-besi016040,3,,0,0,1
881,CAB-besi016050,3,,0,0,1
882,CAB-besi016065,3,,0,0,1
883,CAB-besi016080,3,,0,0,1
884,CAB-besi016100,3,,0,0,1
885,CAB-besi016125,3,,0,0,1
886,CAB-besi016150,3,,0,0,1
887,CAB-besi016200,3,,0,0,1
888,CAB-besi016250,3,,0,0,1
889,CAB-besi016300,3,,0,0,1
890,CAB-besi025200,3,,0,0,1
891,CAB-besi105200,3,,0,0,1
892,CAB-besi110015,3,,0,0,1
893,CAB-besi110020,3,,0,0,1
894,CAB-besi110025,3,,0,0,1
895,CAB-besi110032,3,,0,0,1
896,CAB-besi110040,3,,0,0,1
897,CAB-besi110050,3,,0,0,1
898,CAB-besi110065,3,,0,0,1
899,CAB-besi110080,3,,0,0,1
900,CAB-besi110100,3,,0,0,1
901,CAB-besi110120,3,,0,0,1
902,CAB-besi110150,3,,0,0,1
903,CAB-besi110200,3,,0,0,1
904,CAB-besi110250,3,,0,0,1
905,CAB-besi110300,3,,0,0,1
906,CAB-besi110350,3,,0,0,1
907,CAB-besi110400,3,,0,0,1
908,CAB-besi110450,3,,0,0,1
909,CAB-besi110500,3,,0,0,1
910,CAB-besi111025,3,,0,0,1
911,CAB-besi111032,3,,0,0,1
912,CAB-besi111040,3,,0,0,1
913,CAB-besi111050,3,,0,0,1
914,CAB-besi111065,3,,0,0,1
915,CAB-besi111080,3,,0,0,1
916,CAB-besi111100,3,,0,0,1
917,CAB-besi111125,3,,0,0,1
918,CAB-besi111150,3,,0,0,1
919,CAB-besi111200,3,,0,0,1
920,CAB-besi111250,3,,0,0,1
921,CAB-besi111300,3,,0,0,1
922,CAB-besi111350,3,,0,0,1
923,CAB-besi111450,3,,0,0,1
924,CAB-besi115050,3,,0,0,1
925,CAB-besi115065,3,,0,0,1
926,CAB-besi115080,3,,0,0,1
927,CAB-besi115100,3,,0,0,1
928,CAB-besi115150,3,,0,0,1
929,CAB-besi115200,3,,0,0,1
930,CAB-besi115250,3,,0,0,1
931,CAB-besi116020,3,,0,0,1
932,CAB-besi116025,3,,2,2,1
933,CAB-besi116040,3,,0,0,1
934,CAB-besi116050,3,,0,0,1
935,CAB-besi116065,3,,0,0,1
936,CAB-besi116080,3,,0,0,1
937,CAB-besi116100,3,,0,0,1
938,CAB-besi116125,3,,0,0,1
939,CAB-besi116150,3,,0,0,1
940,CAB-besi116200,3,,0,0,1
941,CAB-besi116250,3,,0,0,1
942,CAB-besi116300,3,,0,0,1
943,CAB-besi150020,3,,0,0,1
944,CAB-besi150025,3,,0,0,1
945,CAB-besi150032,3,,0,0,1
946,CAB-besi150040,3,,0,0,1
947,CAB-besi150050,3,,0,0,1
948,CAB-besi150065,3,,0,0,1
949,CAB-besi150080,3,,0,0,1
950,CAB-besi150100,3,,0,0,1
951,CAB-besi150125,3,,0,0,1
952,CAB-besi150150,3,,0,0,1
953,CAB-besi150200,3,,0,0,1
954,CAB-besi150250,3,,0,0,1
955,CAB-besi150300,3,,0,0,1
956,CAB-besi150350,3,,0,0,1
958,CAB-besi152080,3,,0,0,1
959,CAB-besi152100,3,,0,0,1
960,CAB-besi152125,3,,0,0,1
961,CAB-besi152150,3,,0,0,1
962,CAB-besi160025,3,,0,0,1
963,CAB-besi160032,3,,0,0,1
964,CAB-besi160040,3,,0,0,1
965,CAB-besi160050,3,,0,0,1
966,CAB-besi160065,3,,0,0,1
967,CAB-besi160080,3,,0,0,1
968,CAB-besi160100,3,,0,0,1
969,CAB-besi160125,3,,0,0,1
970,CAB-besi160150,3,,0,0,1
971,CAB-besi160200,3,,0,0,1
972,CAB-besi160250,3,,0,0,1
973,CAB-besi160300,3,,0,0,1
974,CAB-besi160350,3,,0,0,1
975,CAB-besi160400,3,,0,0,1
976,CAB-besi160500,3,,0,0,1
977,CAB-besi161040,3,,0,0,1
978,CAB-besi161065,3,,0,0,1
979,CAB-besi161080,3,,0,0,1
980,CAB-besi161100,3,,0,0,1
981,CAB-besi161150,3,,0,0,1
982,CAB-besi161200,3,,0,0,1
983,CAB-besi161250,3,,0,0,1
984,CAB-besi161400,3,,0,0,1
985,CAB-besi162040,3,,0,0,1
986,CAB-besi162050,3,,0,0,1
987,CAB-besi162065,3,,0,0,1
988,CAB-besi162080,3,,0,0,1
989,CAB-besi162100,3,,0,0,1
990,CAB-besi162125,3,,0,0,1
991,CAB-besi162150,3,,0,0,1
992,CAB-besi162200,3,,0,0,1
993,CAB-besi162250,3,,0,0,1
994,CAB-besi162300,3,,0,0,1
995,CAB-besi163065,3,,0,0,1
996,CAB-besi163080,3,,0,0,1
997,CAB-besi163100,3,,0,0,1
998,CAB-besi164050,3,,0,0,1
999,CAB-besi164065,3,,0,0,1
1000,CAB-besi164080,3,,0,0,1
1001,CAB-besi164100,3,,0,0,1
1002,CAB-besi164150,3,,0,0,1
1003,CAB-besi164250,3,,0,0,1
1004,CAB-besi165150,3,,0,0,1
1005,CAB-besi165250,3,,0,0,1
1006,CAB-besi167065,3,,0,0,1
1007,CAB-besi167080,3,,0,0,1
1008,CAB-besi167100,3,,0,0,1
1009,CAB-besi167150,3,,0,0,1
1010,CAB-besi167200,3,,0,0,1
1011,CAB-besi167250,3,,0,0,1
1012,CAB-besi167300,3,,0,0,1
1013,CAB-besi199065,3,,0,0,1
1014,CAB-besi199080,3,,0,0,1
1015,CAB-besi199150,3,,0,0,1
1016,CAB-besi210032,3,,0,0,1
1017,CAB-besi210040,3,,0,0,1
1018,CAB-besi210050,3,,0,0,1
1019,CAB-besi210065,3,,0,0,1
1020,CAB-besi210080,3,,0,0,1
1021,CAB-besi210100,3,,0,0,1
1022,CAB-besi220032,3,,0,0,1
1023,CAB-besi250032,3,,0,0,1
1024,CAB-besi250065,3,,0,0,1
1025,CAB-besi250080,3,,0,0,1
1026,CAB-besi250100,3,,0,0,1
1027,CAB-besi250125,3,,0,0,1
1028,CAB-besi250150,3,,0,0,1
1029,CAB-besi250200,3,,0,0,1
1030,CAB-besi250250,3,,0,0,1
1031,CAB-besi250350,3,,0,0,1
1032,CAB-besi261150,3,,0,0,1
1033,CAB-besi261200,3,,0,0,1
1034,CAB-besi261400,3,,0,0,1
1035,CAB-besi262050,3,,0,0,1
1036,CAB-besi262065,3,,0,0,1
1037,CAB-besi262080,3,,0,0,1
1038,CAB-besi262100,3,,0,0,1
1039,CAB-besi262120,3,,0,0,1
1040,CAB-besi262150,3,,0,0,1
1041,CAB-besi262200,3,,0,0,1
1042,CAB-besi262250,3,,0,0,1
1043,CAB-besi262300,3,,0,0,1
1044,CAB-besi262350,3,,0,0,1
1045,CAB-besi262400,3,,0,0,1
1046,CAB-besi299080,3,,0,0,1
1047,CAB-besi301026,3,,0,0,1
1048,CAB-besi301040,3,,0,0,1
1049,CAB-besi301080,3,,0,0,1
1050,CAB-besi301100,3,,0,0,1
1051,CAB-besi301125,3,,0,0,1
1052,CAB-besi301150,3,,0,0,1
1053,CAB-besi301200,3,,0,0,1
1054,CAB-besi302040,3,,0,0,1
1055,CAB-besi302050,3,,0,0,1
1056,CAB-besi302080,3,,0,0,1
1057,CAB-besi400150,3,,0,0,1
1058,CAB-besi400250,3,,0,0,1
1059,CAB-besi400300,3,,0,0,1
1060,CAB-besi410020,3,,0,0,1
1061,CAB-besi410025,3,,0,0,1
1062,CAB-besi410032,3,,0,0,1
1063,CAB-besi410040,3,,0,0,1
1064,CAB-besi410050,3,,0,0,1
1065,CAB-besi410065,3,,0,0,1
1066,CAB-besi410080,3,,0,0,1
1067,CAB-besi410100,3,,0,0,1
1068,CAB-besi410120,3,,0,0,1
1069,CAB-besi410150,3,,0,0,1
1070,CAB-besi410200,3,,0,0,1
1071,CAB-besi410250,3,,0,0,1
1072,CAB-besi410350,3,,0,0,1
1073,CAB-besi410450,3,,0,0,1
1074,CAB-besi510032,3,,0,0,1
1075,CAB-besi510040,3,,0,0,1
1076,CAB-besi510050,3,,0,0,1
1077,CAB-besi510065,3,,0,0,1
1078,CAB-besi510080,3,,0,0,1
1079,CAB-besi510100,3,,0,0,1
1080,CAB-besi510150,3,,0,0,1
1081,CAB-besi510200,3,,0,0,1
1082,CAB-besi510250,3,,0,0,1
1083,CAB-besi510300,3,,0,0,1
1084,CAB-besi510350,3,,0,0,1
1085,CAB-besi510450,3,,0,0,1
1086,CAB-besi510500,3,,0,0,1
1087,CAB-besi610150,3,,0,0,1
1088,CAB-besi710100,3,,0,0,1
1089,CAB-besi810080,3,,0,0,1
1090,CAB-besi810100,3,,0,0,1
1091,CAB-besi810150,3,,0,0,1
1092,CAB-besi810200,3,,0,0,1
1095,CAB-bjls001040,3,,10,10,1
1096,CAB-bjls001050,3,,18,20,1
1097,CAB-bjls001060,3,,8,10,1
1098,CAB-bjls001070,3,,0,0,1
1099,CAB-bjls001080,3,,0,0,1
1100,CAB-bjls001100,3,,1,1,1
1101,CAB-bjls001120,3,,0,0,1
1102,CAB-bjls001150,3,,0,0,1
1103,CAB-bjls011040,3,,0,0,1
1104,CAB-bjls011050,3,,0,0,1
1105,CAB-bjls011060,3,,0,0,1
1106,CAB-bjls011070,3,,0,0,1
1107,CAB-bjls011080,3,,0,0,1
1108,CAB-bjls011100,3,,0,0,1
1109,CAB-bjls011120,3,,0,0,1
1110,CAB-bjls020040,3,,0,0,1
1111,CAB-bjls020050,3,,0,0,1
1112,CAB-bjls020060,3,,0,0,1
1113,CAB-bjls020070,3,,0,0,1
1114,CAB-bjls020080,3,,0,0,1
1115,CAB-bjls020100,3,,0,0,1
1117,CAB-bjls021040,3,,0,0,1
1118,CAB-bjls021050,3,,0,0,1
1119,CAB-bjls021060,3,,0,0,1
1120,CAB-bjls021070,3,,0,0,1
1121,CAB-bjls021080,3,,0,0,1
1122,CAB-bjls021100,3,,0,0,1
1123,CAB-bjls021120,3,,0,0,1
1124,CAB-boxe000006,3,,0,0,1
1125,CAB-boxe000008,3,,0,0,1
1126,CAB-boxe000010,3,,0,0,1
1127,CAB-boxe000014,3,,0,0,1
1128,CAB-boxe000018,3,,0,0,1
1129,CAB-boxe045006,3,,0,0,1
1130,CAB-boxi000000,3,,0,0,1
1132,CAB-boxi015004,3,,0,0,1
1133,CAB-boxi015006,3,,0,0,1
1134,CAB-boxi020004,3,,0,0,1
1135,CAB-boxi020006,3,,0,0,1
1136,CAB-boxi020008,3,,0,0,1
1137,CAB-boxi025006,3,,2,2,1
1138,CAB-boxi025008,3,,0,0,1
1139,CAB-boxi025010,3,,0,0,1
1140,CAB-boxi030004,3,,0,0,1
1141,CAB-boxi030006,3,,1,1,1
1142,CAB-boxi030008,3,,0,0,1
1143,CAB-boxi030010,3,,0,0,1
1144,CAB-boxi030012,3,,0,0,1
1145,CAB-boxi035006,3,,0,0,1
1146,CAB-boxi035008,3,,0,0,1
1147,CAB-boxi035010,3,,0,0,1
1148,CAB-boxi035012,3,,0,0,1
1149,CAB-boxi035014,3,,0,0,1
1150,CAB-boxi040006,3,,0,0,1
1151,CAB-boxi040008,3,,0,0,1
1152,CAB-boxi040010,3,,0,0,1
1153,CAB-boxi040012,3,,0,0,1
1154,CAB-boxi045008,3,,0,0,1
1155,CAB-boxi060008,3,,0,0,1
1156,CAB-boxi200015,3,,0,0,1
1157,CAB-boxs000005,3,,0,0,1
1158,CAB-boxs000006,3,,0,0,1
1159,CAB-boxs000007,3,,0,0,1
1160,CAB-boxs000008,3,,0,0,1
1161,CAB-boxs000014,3,,0,0,1
1162,CAB-boxs000018,3,,0,0,1
1163,CAB-boxt000000,3,,0,0,1
1164,CAB-boxt000006,3,,0,0,1
1165,CAB-boxt000008,3,,0,0,1
1166,CAB-boxt000010,3,,0,0,1
1167,CAB-boxt000012,3,,0,0,1
1168,CAB-boxt010008,3,,0,0,1
1169,CAB-boxt350200,3,,0,0,1
1170,CAB-boxy000004,3,,0,0,1
1171,CAB-boxy000006,3,,0,0,1
1172,CAB-boxy000008,3,,0,0,1
1173,CAB-buat000001,3,,0,0,1
1174,CAB-buat000002,3,,0,0,1
1175,CAB-buat000003,3,,0,0,1
1176,CAB-buat000004,3,,0,0,1
1177,CAB-buat00002,3,,0,0,1
1178,CAB-burk000000,3,,0,0,1
1179,CAB-burk000001,3,,0,0,1
1180,CAB-burk000002,3,,0,0,1
1181,CAB-burk100015,3,,0,0,1
1182,CAB-burk100020,3,,0,0,1
1183,CAB-burk100025,3,,0,0,1
1184,CAB-burk100032,3,,0,0,1
1185,CAB-burk100040,3,,0,0,1
1186,CAB-burk100050,3,,0,0,1
1187,CAB-burk100065,3,,0,0,1
1188,CAB-burk200015,3,,0,0,1
1189,CAB-burk200020,3,,0,0,1
1190,CAB-burk200025,3,,0,0,1
1191,CAB-burk200032,3,,0,0,1
1192,CAB-burk200040,3,,0,0,1
1193,CAB-burk200050,3,,0,0,1
1194,CAB-burk300015,3,,0,0,1
1195,CAB-burk300020,3,,0,0,1
1196,CAB-burk300025,3,,0,0,1
1197,CAB-burk300032,3,,0,0,1
1198,CAB-burk300040,3,,0,0,1
1199,CAB-burk300050,3,,0,0,1
1200,CAB-burk400015,3,,0,0,1
1201,CAB-burk600006,3,,0,0,1
1202,CAB-burk600010,3,,0,0,1
1203,CAB-burk600015,3,,0,0,1
1204,CAB-burk600020,3,,0,0,1
1205,CAB-burk600025,3,,0,0,1
1206,CAB-burk600032,3,,0,0,1
1207,CAB-burk600040,3,,0,0,1
1208,CAB-burk600050,3,,0,0,1
1209,CAB-bvbs000120,3,,7,7,1
1210,CAB-bvbs000125,3,,0,0,1
1211,CAB-bvbs000132,3,,0,0,1
1212,CAB-bvbs000140,3,,0,0,1
1213,CAB-bvbs000150,3,,0,0,1
1214,CAB-bvit000006,3,,50,54,1
1215,CAB-bvit000007,3,,0,0,1
1216,CAB-bvit000010,3,,0,0,1
1217,CAB-bvit000015,3,,0,0,1
1218,CAB-bvit000020,3,,0,0,1
1219,CAB-bvit000025,3,,0,0,1
1220,CAB-bvit000032,3,,0,0,1
1221,CAB-bvit000040,3,,0,0,1
1222,CAB-bvit000054,3,,0,0,1
1223,CAB-bvss000006,3,,103,103,1
1224,CAB-bvss000010,3,,0,0,1
1225,CAB-bvss000013,3,,1,3,1
1226,CAB-bvss000020,3,,0,0,1
1227,CAB-bvss000025,3,,0,0,1
1228,CAB-bvss000032,3,,0,0,1
1229,CAB-bvss000040,3,,0,0,1
1230,CAB-bvss000050,3,,0,0,1
1231,CAB-BVBS000115,3,,26,11,1
1233,CAB-bvss100050,3,,0,0,1
1234,CAB-bvss100080,3,,0,0,1
1235,CAB-bvtw000006,3,,0,0,1
1236,CAB-bvtw000010,3,,0,0,1
1237,CAB-bvtw000015,3,,0,0,1
1238,CAB-bvtw000020,3,,0,0,1
1239,CAB-bvtw000025,3,,0,0,1
1240,CAB-bvtw000032,3,,0,0,1
1241,CAB-bvtw000042,3,,0,0,1
1242,CAB-bvtw000050,3,,0,0,1
1243,CAB-bvtw000067,3,,0,0,1
1244,CAB-bvtw000080,3,,0,0,1
1245,CAB-bvtw001065,3,,0,0,1
1246,CAB-casi050015,3,,0,0,1
1247,CAB-casi050020,3,,0,0,1
1248,CAB-casi050025,3,,0,0,1
1249,CAB-casi050032,3,,0,0,1
1250,CAB-casi050040,3,,0,0,1
1251,CAB-casi050050,3,,0,0,1
1252,CAB-casi050100,3,,0,0,1
1253,CAB-cast102002,3,,3,3,1
1254,CAB-cast102003,3,,0,0,1
1255,CAB-cast102004,3,,0,0,1
1256,CAB-cast102005,3,,1,2,1
1257,CAB-cast105807,3,,0,0,1
1258,CAB-cast106406,3,,0,0,1
1259,CAB-cast109006,3,,0,0,1
1260,CAB-cast109909,3,,1,1,1
1261,CAB-cast109911,3,,0,0,1
1262,CAB-cast109917,3,,0,0,1
1263,CAB-cast306033,3,,0,0,1
1264,CAB-cast306045,3,,0,0,1
1265,CAB-cast306052,3,,0,0,1
1266,CAB-cast311002,3,,0,0,1
1267,CAB-cast311003,3,,0,0,1
1268,CAB-cast311004,3,,0,0,1
1269,CAB-cast311005,3,,0,0,1
1270,CAB-cast311006,3,,0,0,1
1271,CAB-cast311203,3,,0,0,1
1272,CAB-cast312207,3,,0,0,1
1273,CAB-cast312209,3,,0,0,1
1274,CAB-cast312211,3,,0,0,1
1275,CAB-cast312213,3,,0,0,1
1276,CAB-cast312217,3,,0,0,1
1277,CAB-cast371022,3,,0,0,1
1278,CAB-cast371033,3,,0,0,1
1279,CAB-cast371044,3,,2,2,1
1280,CAB-cast371055,3,,0,0,1
1281,CAB-cast371066,3,,2,2,1
1282,CAB-cast374007,3,,0,0,1
1283,CAB-cast374009,3,,0,0,1
1284,CAB-cast374011,3,,0,0,1
1285,CAB-cast374013,3,,0,0,1
1286,CAB-cast374017,3,,0,0,1
1287,CAB-cast441107,3,,0,0,1
1288,CAB-cast441109,3,,0,0,1
1289,CAB-cast441111,3,,0,0,1
1290,CAB-cast441113,3,,0,0,1
1291,CAB-cast441117,3,,0,0,1
1292,CAB-cast441207,3,,0,0,1
1293,CAB-cast441209,3,,0,0,1
1294,CAB-cast441211,3,,0,0,1
1295,CAB-cast441213,3,,0,0,1
1296,CAB-cast441217,3,,0,0,1
1297,CAB-cast554009,3,,0,0,1
1298,CAB-cast611022,3,,0,0,1
1299,CAB-cast611023,3,,0,0,1
1300,CAB-cast611032,3,,0,0,1
1301,CAB-cast611033,3,,0,0,1
1302,CAB-cast611043,3,,0,0,1
1303,CAB-cast611044,3,,0,0,1
1304,CAB-cast611045,3,,0,0,1
1305,CAB-cast611066,3,,0,0,1
1306,CAB-cast621002,3,,0,0,1
1307,CAB-cast621003,3,,0,0,1
1308,CAB-cast621004,3,,0,0,1
1309,CAB-cast621005,3,,0,0,1
1310,CAB-cast621006,3,,8,8,1
1312,CAB-cast622006,3,,0,0,1
1313,CAB-cast651207,3,,1,1,1
1314,CAB-cast651209,3,,0,0,1
1315,CAB-cast651211,3,,0,0,1
1316,CAB-cast651213,3,,0,0,1
1317,CAB-cast651217,3,,0,0,1
1323,CAB-cast701022,3,,0,0,1
1324,CAB-cast701033,3,,0,0,1
1325,CAB-cast701044,3,,0,0,1
1326,CAB-cast701055,3,,0,0,1
1327,CAB-cast701066,3,,0,0,1
1328,CAB-casu371022,3,,0,0,1
1329,CAB-casu371033,3,,0,0,1
1330,CAB-casu371044,3,,0,0,1
1331,CAB-casu371055,3,,0,0,1
1333,CAB-casu621003,3,,0,0,1
1334,CAB-casu621004,3,,0,0,1
1337,CAB-casu651208,3,,0,0,1
1338,CAB-casu651209,3,,0,0,1
1340,CAB-celf009010,3,,0,0,1
1341,CAB-celf009013,3,,0,0,1
1342,CAB-celf009016,3,,0,0,1
1343,CAB-celf009019,3,,0,0,1
1344,CAB-celf009025,3,,0,0,1
1345,CAB-cera060001,3,,0,0,1
1346,CAB-cidn300020,3,,0,0,1
1347,CAB-cidn300032,3,,0,0,1
1348,CAB-ciel300015,3,,0,0,1
1349,CAB-ciel300020,3,,0,0,1
1350,CAB-ciel300025,3,,0,0,1
1351,CAB-ciel300032,3,,0,0,1
1352,CAB-ciel300040,3,,0,0,1
1353,CAB-cigr001001,3,,0,0,1
1354,CAB-cilum300032,3,,0,0,1
1355,CAB-cire300032,3,,0,0,1
1356,CAB-cire300040,3,,0,0,1
1357,CAB-cire300043,3,,0,0,1
1358,CAB-ciso300032,3,,0,0,1
1359,CAB-cite3000032,3,,0,0,1
1360,CAB-cite300020,3,,0,0,1
1361,CAB-cite300025,3,,0,0,1
1362,CAB-cite300040,3,,0,0,1
1363,CAB-citr300034,3,,0,0,1
1364,CAB-civr300032,3,,0,0,1
1365,CAB-civr300040,3,,0,0,1
1366,CAB-ciwm300020,3,,0,0,1
1367,CAB-ciwm300025,3,,0,0,1
1368,CAB-ciwm300032,3,,0,0,1
1369,CAB-ciwm300042,3,,0,0,1
1370,CAB-ciwm300050,3,,0,0,1
1371,CAB-coma001015,3,,0,0,1
1372,CAB-coma001020,3,,0,0,1
1373,CAB-coma001025,3,,0,0,1
1374,CAB-coma001032,3,,0,0,1
1375,CAB-coma001040,3,,0,0,1
1376,CAB-coma001050,3,,0,0,1
1377,CAB-cpcb000003,3,,0,0,1
1378,CAB-cppf000020,3,,2,1,1
1379,CAB-cppf000030,3,,7,3,1
1380,CAB-cppf000040,3,,5,0,1
1381,CAB-cpph000020,3,,0,0,1
1382,CAB-cpph000030,3,,3,2,1
1383,CAB-cpph000040,3,,0,0,1
1384,CAB-cpph000600,3,,0,0,1
1385,CAB-cpph000601,3,,0,0,1
1386,CAB-cpph000800,3,,0,0,1
1387,CAB-cppm000020,3,,1,1,1
1388,CAB-cppm000030,3,,4,0,1
1389,CAB-cppm000040,3,,4,1,1
1390,CAB-cppp000000,3,,0,0,1
1391,CAB-cpsf000020,3,,1,1,1
1392,CAB-cpsf000030,3,,4,0,1
1393,CAB-cpsf000040,3,,2,0,1
1394,CAB-cpsh000020,3,,3,3,1
1395,CAB-cpsh000030,3,,5,5,1
1396,CAB-cpsh000040,3,,5,0,1
1397,CAB-cpsh000060,3,,0,0,1
1398,CAB-cpsh000120,3,,0,0,1
1399,CAB-cpsh000130,3,,0,0,1
1400,CAB-cpsm000020,3,,0,0,1
1401,CAB-cpsm000030,3,,5,0,1
1402,CAB-cpsm000040,3,,0,8,1
1403,CAB-cpsm000140,3,,0,0,1
1404,CAB-cpsm000141,3,,0,0,1
1405,CAB-cpsm000600,3,,0,0,1
1406,CAB-cpsm000601,3,,0,0,1
1407,CAB-cpsm000800,3,,0,0,1
1408,CAB-cpsp000020,3,,0,0,1
1409,CAB-cuni016120,3,,0,0,1
1410,CAB-cuni050210,3,,0,0,1
1411,CAB-cvss000015,3,,0,0,1
1412,CAB-cvss000025,3,,0,0,1
1413,CAB-cvss000032,3,,0,0,1
1414,CAB-cvss000040,3,,0,0,1
1415,CAB-cvss000050,3,,0,0,1
1416,CAB-cvss001032,3,,0,0,1
1417,CAB-dado004001,3,,8,8,1
1418,CAB-dado004002,3,,0,0,1
1419,CAB-dado004003,3,,0,0,1
1420,CAB-dado004004,3,,3,3,1
1421,CAB-dait001010,3,,0,0,1
1422,CAB-danf001001,3,,0,0,1
1423,CAB-danf002001,3,,0,0,1
1424,CAB-danf003001,3,,0,0,1
1425,CAB-danf005001,3,,0,0,1
1426,CAB-deca100100,3,,0,0,1
1427,CAB-deca101006,3,,0,0,1
1428,CAB-deca101008,3,,0,0,1
1429,CAB-deca101018,3,,0,0,1
1430,CAB-deca101200,3,,0,0,1
1431,CAB-deca101250,3,,0,0,1
1432,CAB-deca200200,3,,0,0,1
1433,CAB-deca201500,3,,0,0,1
1434,CAB-dixe000001,3,,0,0,1
1435,CAB-dnac006006,3,,0,0,1
1436,CAB-dnac006009,3,,0,0,1
1437,CAB-dnac006013,3,,3,3,1
1438,CAB-dnac006016,3,,0,0,1
1439,CAB-dnac006019,3,,0,0,1
1440,CAB-dnac009009,3,,2,21,1
1441,CAB-dnac009013,3,,0,0,1
1442,CAB-dnac009016,3,,1,1,1
1443,CAB-dnac009019,3,,0,0,1
1444,CAB-dnac013013,3,,1,0,1
1445,CAB-dnac013016,3,,0,0,1
1446,CAB-dnac013019,3,,0,0,1
1447,CAB-dnac016016,3,,31,51,1
1448,CAB-dnac016019,3,,0,2,1
1449,CAB-dnac019019,3,,5,0,1
1450,CAB-dncr000015,3,,0,0,1
1451,CAB-dnki006006,3,,14,40,1
1452,CAB-dnki009009,3,,8,2,1
1453,CAB-dnki015006,3,,2,2,1
1454,CAB-dnki015009,3,,3,5,1
1455,CAB-dnki015015,3,,8,8,1
1456,CAB-dnki019006,3,,0,0,1
1457,CAB-dnki019009,3,,0,0,1
1458,CAB-dnki019015,3,,5,3,1
1459,CAB-dnki019019,3,,6,3,1
1460,CAB-dnki025025,3,,1,1,1
1461,CAB-dnki032032,3,,10,10,1
1462,CAB-dnki040040,3,,0,0,1
1463,CAB-dnki050050,3,,0,0,1
1464,CAB-dnkn003003,3,,53,73,1
1465,CAB-dnkn006003,3,,0,0,1
1466,CAB-dnkn006006,3,,3,0,1
1467,CAB-dnkn006007,3,,0,0,1
1468,CAB-dnkn009006,3,,4,0,1
1469,CAB-dnkn009009,3,,0,0,1
1470,CAB-dnkn015003,3,,0,0,1
1471,CAB-dnkn015006,3,,2,2,1
1472,CAB-dnkn015009,3,,0,0,1
1473,CAB-dnkn015015,3,,0,0,1
1474,CAB-dnkn019006,3,,0,0,1
1475,CAB-dnkn019009,3,,0,0,1
1476,CAB-dnkn019015,3,,0,0,1
1477,CAB-dnkn019016,3,,0,0,1
1478,CAB-dnkn019019,3,,1,1,1
1479,CAB-dnkn025015,3,,0,0,1
1480,CAB-dnkn025019,3,,2,0,1
1481,CAB-dnkn025025,3,,0,0,1
1482,CAB-dnkn032025,3,,0,0,1
1483,CAB-dnkn032032,3,,0,0,1
1484,CAB-dnkn040019,3,,0,0,1
1485,CAB-dnkn040040,3,,0,0,1
1486,CAB-dnkn050050,3,,2,2,1
1487,CAB-dnkn065065,3,,0,0,1
1488,CAB-dnkn115006,3,,0,0,1
1489,CAB-dnkn119006,3,,0,0,1
1490,CAB-dnkn119009,3,,0,0,1
1491,CAB-dnss000015,3,,0,0,1
1492,CAB-dokn015015,3,,0,0,1
1494,CAB-dopt000006,3,,0,0,1
1495,CAB-dopt000009,3,,0,0,1
1496,CAB-dopt000013,3,,0,2,1
1497,CAB-dopt000016,3,,0,0,1
1498,CAB-dopt000019,3,,0,0,1
1499,CAB-dopt000022,3,,0,0,1
1500,CAB-dopt000025,3,,0,0,1
1501,CAB-dopt000028,3,,0,0,1
1502,CAB-dopt000032,3,,0,0,1
1503,CAB-dopt000035,3,,0,0,1
1504,CAB-dopt000038,3,,0,0,1
1505,CAB-dopt000042,3,,0,0,1
1506,CAB-dopt000054,3,,3,4,1
1507,CAB-dopt000067,3,,0,0,1
1508,CAB-dopt000080,3,,0,0,1
1509,CAB-dopt000105,3,,0,0,1
1510,CAB-dopt000159,3,,0,0,1
1511,CAB-dtal001001,3,,0,0,1
1513,CAB-dtal001003,3,,0,0,1
1514,CAB-dtbn001001,3,,0,0,1
1515,CAB-dtbn001002,3,,0,0,1
1516,CAB-dtdl001001,3,,0,0,1
1518,CAB-dtdl001003,3,,0,0,1
1519,CAB-dtdl001004,3,,3,3,1
1520,CAB-dtdl002003,3,,0,0,1
1521,CAB-dtdl002004,3,,0,0,1
1522,CAB-dtdl002005,3,,0,0,1
1523,CAB-dtmz001001,3,,0,0,1
1525,CAB-dtmz001003,3,,0,0,1
1526,CAB-dtmz001004,3,,0,0,1
1527,CAB-dtmz001005,3,,122,160,1
1528,CAB-dtnl001001,3,,0,0,1
1530,CAB-dtnl001003,3,,0,0,1
1531,CAB-dtnl001004,3,,0,0,1
1532,CAB-dtnl001005,3,,0,0,1
1533,CAB-dtnl001006,3,,0,0,1
1534,CAB-dtnl002001,3,,0,0,1
1535,CAB-dura003001,3,,2,4,1
1536,CAB-eaga000000,3,,0,0,1
1537,CAB-eaga015015,3,,0,0,1
1538,CAB-eaga021021,3,,0,0,1
1539,CAB-eaga025125,3,,0,0,1
1540,CAB-eaga036020,3,,0,0,1
1541,CAB-eaga050125,3,,0,0,1
1542,CAB-ecov651207,3,,0,0,1
1543,CAB-ecov651208,3,,0,0,1
1544,CAB-ecoV651209,3,,0,0,1
1545,CAB-ecoV651211,3,,0,0,1
1546,CAB-edds015016,3,,0,0,1
1547,CAB-eddt000010,3,,0,0,1
1548,CAB-eddt000013,3,,0,2,1
1549,CAB-eddt015013,3,,9,12,1
1550,CAB-eddt015016,3,,18,29,1
1551,CAB-eddt015019,3,,0,0,1
1552,CAB-eddt020019,3,,0,0,1
1553,CAB-eddt020022,3,,0,0,1
1554,CAB-eddt025028,3,,0,0,1
1555,CAB-eddt025032,3,,0,0,1
1556,CAB-eddt032035,3,,0,0,1
1557,CAB-edll005006,3,,0,0,1
1558,CAB-edsl015016,3,,0,0,1
1559,CAB-ekcc006006,3,,3,0,1
1560,CAB-ekcc008008,3,,35,35,1
1561,CAB-ekcc009009,3,,0,0,1
1562,CAB-ekcc012012,3,,0,0,1
1563,CAB-ekcc013013,3,,1,0,1
1564,CAB-ekcc015016,3,,0,0,1
1565,CAB-ekcc016016,3,,0,0,1
1566,CAB-ekcd006006,3,,1,1,1
1567,CAB-ekfl000006,3,,0,0,1
1568,CAB-ekfl000007,3,,0,0,1
1569,CAB-ekfl000009,3,,99,99,1
1570,CAB-ekfl000015,3,,0,0,1
1571,CAB-ekfl000016,3,,0,0,1
1572,CAB-emrs000048,3,,0,0,1
1573,CAB-emrs000083681344476074,3,,0,0,1
1574,CAB-emrs000148,3,,0,0,1
1575,CAB-emrs000163,3,,0,0,1
1576,CAB-emrs000164681344476159,3,,0,3,1
1577,CAB-emrs000165681344476173,3,,0,0,1
1578,CAB-emrs000304681344482129,3,,0,0,1
1579,CAB-emrs000305681344482143,3,,0,0,1
1580,CAB-emrs000306681344486684,3,,0,0,1
1581,CAB-emrs001048-681344595416,3,,0,0,1
1582,CAB-emrs001148,3,,0,0,1
1583,CAB-emrs700028,3,,0,0,1
1584,CAB-emrs800028,3,,0,0,1
1585,CAB-emrs800042,3,,0,0,1
1586,CAB-emrs900003,3,,0,0,1
1587,CAB-emrs900005,3,,0,0,1
1588,CAB-emrs900007,3,,0,0,1
1589,CAB-emrs900010,3,,0,0,1
1590,CAB-emrs900012,3,,1,1,1
1591,CAB-emrs900014,3,,0,1,1
1592,CAB-emrs900015,3,,4,4,1
1593,CAB-emrs900018,3,,0,0,1
1594,CAB-emrs900020,3,,0,0,1
1595,CAB-emrs900022,3,,0,0,1
1596,CAB-emrs900025,3,,0,0,1
1597,CAB-emrs900026,3,,0,0,1
1598,CAB-emrs900030,3,,0,0,1
1599,CAB-emrs900035,3,,0,0,1
1600,CAB-emrs900040,3,,0,0,1
1601,CAB-emrs900045,3,,0,0,1
1602,CAB-emrs900050,3,,0,0,1
1603,CAB-emrs900055,3,,0,0,1
1604,CAB-emrs900060,3,,0,0,1
1605,CAB-emrs900070,3,,0,0,1
1606,CAB-emrs900100,3,,0,0,1
1607,CAB-etbg000006,3,,0,0,1
1608,CAB-etbg000008,3,,0,0,1
1609,CAB-etbg000009,3,,0,0,1
1610,CAB-etbg000013,3,,208,287,1
1611,CAB-etbg000015,3,,0,0,1
1612,CAB-etbg000016,3,,0,0,1
1613,CAB-etbg000019,3,,0,0,1
1614,CAB-etbg000021,3,,0,0,1
1615,CAB-etbg000022,3,,0,0,1
1616,CAB-etbg000025,3,,5,30,1
1617,CAB-etbg000027,3,,0,0,1
1618,CAB-etbg000028,3,,0,0,1
1619,CAB-etbg000032,3,,0,0,1
1620,CAB-etbg000035,3,,0,0,1
1621,CAB-etbg000036,3,,0,0,1
1622,CAB-etbg000038,3,,0,0,1
1623,CAB-etbg000042,3,,0,0,1
1624,CAB-etbg000053,3,,0,0,1
1625,CAB-etbg000054,3,,23,23,1
1626,CAB-etbg000067,3,,0,0,1
1627,CAB-etbg000076,3,,0,0,1
1628,CAB-etbg000080,3,,0,0,1
1629,CAB-etbg000104,3,,0,0,1
1630,CAB-etbg000108,3,,0,0,1
1631,CAB-etbg000156,3,,0,0,1
1632,CAB-etbg000159,3,,0,0,1
1633,CAB-etbg045013,3,,0,0,1
1634,CAB-etbg045016,3,,0,0,1
1635,CAB-etbg045019,3,,0,0,1
1636,CAB-etbg045022,3,,22,37,1
1637,CAB-etbg045025,3,,0,0,1
1638,CAB-etbg045028,3,,0,0,1
1639,CAB-etbg045032,3,,0,0,1
1640,CAB-etbg045035,3,,31,31,1
1641,CAB-etbg045042,3,,16,19,1
1642,CAB-etbg045054,3,,0,0,1
1643,CAB-etbg045067,3,,0,0,1
1644,CAB-etbg045076,3,,0,0,1
1645,CAB-etbg045080,3,,0,0,1
1646,CAB-etbg045104,3,,0,0,1
1647,CAB-etbg045108,3,,0,0,1
1648,CAB-etbg045153,3,,0,0,1
1649,CAB-etbg045159,3,,0,0,1
1650,CAB-fadp006022,3,,0,0,1
1651,CAB-fadp015013,3,,0,0,1
1652,CAB-fadp015016,3,,0,0,1
1653,CAB-fadp015019,3,,0,0,1
1654,CAB-fadp020019,3,,0,0,1
1655,CAB-fadp020022,3,,0,0,1
1656,CAB-fadp025025,3,,0,0,1
1657,CAB-fadp025028,3,,0,0,1
1658,CAB-fadp032035,3,,0,0,1
1659,CAB-fadp040042,3,,0,0,1
1660,CAB-fadp050054,3,,0,0,1
1661,CAB-fadp065067,3,,0,0,1
1662,CAB-fadp115013,3,,19,58,1
1663,CAB-fadp115016,3,,13,13,1
1664,CAB-fadp120020,3,,0,0,1
1665,CAB-fadp120022,3,,0,0,1
1666,CAB-fadp125028,3,,0,0,1
1667,CAB-fadp132035,3,,0,0,1
1668,CAB-fadp140042,3,,0,0,1
1669,CAB-fadp150054,3,,0,0,1
1670,CAB-fag000000,3,,0,0,1
1671,CAB-faga035035,3,,0,0,1
1672,CAB-fair015020,3,,0,0,1
1673,CAB-fair015030,3,,0,0,1
1674,CAB-fair015040,3,,0,0,1
1675,CAB-fair015050,3,,0,0,1
1676,CAB-fair015060,3,,0,0,1
1677,CAB-fair015100,3,,0,0,1
1678,CAB-fair015130,3,,0,0,1
1679,CAB-fair015150,3,,0,0,1
1680,CAB-fair015200,3,,0,0,1
1681,CAB-fair020030,3,,0,0,1
1682,CAB-fair020050,3,,0,0,1
1683,CAB-fair115030,3,,0,0,1
1684,CAB-fair115040,3,,0,0,1
1685,CAB-fair115050,3,,0,0,1
1686,CAB-fair115060,3,,0,0,1
1687,CAB-fair215050,3,,0,0,1
1688,CAB-fccc006010,3,,0,0,1
1689,CAB-fccc009009,3,,0,0,1
1690,CAB-FCCC015009,3,,0,0,1
1691,CAB-fcfl003009,3,,0,0,1
1692,CAB-fcfl015016,3,,0,0,1
1693,CAB-fdec001004,3,,1,1,1
1694,CAB-fdec001005,3,,0,0,1
1695,CAB-fdec001006,3,,0,0,1
1696,CAB-fdec001008,3,,0,0,1
1697,CAB-fdec001010,3,,0,0,1
1698,CAB-fdpu000101,3,,37,47,1
1699,CAB-fdpu000201,3,,4,14,1
1700,CAB-fdpu000202,3,,0,0,1
1701,CAB-fdpu000203,3,,4,17,1
1702,CAB-fdpu000204,3,,0,0,1
1703,CAB-fdpu000302,3,,0,0,1
1704,CAB-fdpu000303,3,,12,12,1
1705,CAB-fdpu000304,3,,3,3,1
1706,CAB-fdpu000305,3,,0,0,1
1707,CAB-fdpu000306,3,,0,0,1
1708,CAB-fdpu000401,3,,0,0,1
1709,CAB-fdpu000501,3,,2,3,1
1711,CAB-fdpu000600,3,,0,0,1
1712,CAB-fdpu000601,3,,2,2,1
1713,CAB-fdpu000602,3,,1,1,1
1714,CAB-fdpu000603,3,,1,1,1
1715,CAB-fdpu000604,3,,0,0,1
1716,CAB-fdpu000605,3,,0,0,1
1717,CAB-fide000000,3,,0,0,1
1718,CAB-fide030025,3,,0,0,1
1719,CAB-fill000025,3,,0,0,1
1720,CAB-fill000040,3,,0,0,1
1721,CAB-filt000000,3,,0,0,1
1722,CAB-filt090015,3,,0,0,1
1723,CAB-filt090017,3,,0,0,1
1724,CAB-filt090018,3,,0,0,1
1725,CAB-filt105250,3,,0,0,1
1726,CAB-filt750250,3,,0,0,1
1727,CAB-fire003040,3,,0,0,1
1728,CAB-fire010300,3,,0,0,1
1729,CAB-fire010400,3,,0,0,1
1730,CAB-fire010600,3,,0,0,1
1731,CAB-fire012500,3,,0,0,1
1732,CAB-fire030150,3,,0,0,1
1733,CAB-fire040000,3,,0,0,1
1734,CAB-fire050150,3,,0,0,1
1735,CAB-fire060035,3,,0,0,1
1736,CAB-fire060060,3,,0,0,1
1737,CAB-flex001015,3,,0,0,1
1738,CAB-flkn000040,3,,0,0,1
1739,CAB-flkn000050,3,,0,0,1
1740,CAB-flkn000065,3,,0,0,1
1741,CAB-flkn000108,3,,0,0,1
1742,CAB-flkn00080,3,,0,0,1
1743,CAB-flkn001016,3,,0,0,1
1744,CAB-flkn001019,3,,0,0,1
1745,CAB-flkn001022,3,,0,0,1
1746,CAB-flkn001025,3,,0,0,1
1747,CAB-flkn001028,3,,0,0,1
1748,CAB-flkn001032,3,,0,0,1
1749,CAB-flkn001040,3,,0,0,1
1750,CAB-flkn001050,3,,0,0,1
1751,CAB-flkn001065,3,,0,0,1
1752,CAB-flkn001080,3,,0,0,1
1753,CAB-flkn001108,3,,0,0,1
1754,CAB-flkn001159,3,,0,0,1
1755,CAB-flkn001208,3,,0,0,1
1756,CAB-flkn002035,3,,0,0,1
1757,CAB-flkn002040,3,,0,0,1
1758,CAB-flkn002050,3,,0,0,1
1759,CAB-flkn002065,3,,0,0,1
1760,CAB-flkn002080,3,,0,0,1
1761,CAB-flkn002100,3,,0,0,1
1762,CAB-flkn003025,3,,0,0,1
1763,CAB-flkn003040,3,,0,0,1
1764,CAB-flkn003050,3,,0,0,1
1765,CAB-flkn003065,3,,0,0,1
1766,CAB-flkn003080,3,,0,0,1
1767,CAB-flkn003108,3,,0,0,1
1768,CAB-flkn003159,3,,0,0,1
1770,CAB-fmbw001025,3,,0,0,1
1771,CAB-fmbw001032,3,,0,0,1
1772,CAB-fmbw001040,3,,0,0,1
1773,CAB-fmbw001050,3,,0,0,1
1774,CAB-fmbw001065,3,,0,0,1
1775,CAB-fmbw001080,3,,0,0,1
1776,CAB-fmbw001100,3,,0,0,1
1777,CAB-fmbw001150,3,,0,0,1
1778,CAB-fmbw001200,3,,0,0,1
1779,CAB-freo001022,3,,0,0,1
1780,CAB-freo001134,3,,0,0,1
1781,CAB-freo001404,3,,0,0,1
1782,CAB-freo001407,3,,2,2,1
1783,CAB-freo001410,3,,1,1,1
1784,CAB-freo002022,3,,0,0,1
1785,CAB-freo003011,3,,0,0,1
1786,CAB-freo003012,3,,0,0,1
1787,CAB-freo003022,3,,2,7,1
1788,CAB-freo003032,3,,0,0,1
1789,CAB-freo003132,3,,1,1,1
1790,CAB-freo003134,3,,0,0,1
1791,CAB-freo003404,3,,0,0,1
1792,CAB-freo003407,3,,0,0,1
1793,CAB-freo003410,3,,1,3,1
1794,CAB-freo004011,3,,0,0,1
1795,CAB-freo004012,3,,0,0,1
1796,CAB-freo004022,3,,0,0,1
1797,CAB-freo004023,3,,0,0,1
1798,CAB-freo005022,3,,4,4,1
1799,CAB-fuel000025,3,,0,0,1
1800,CAB-fuel000040,3,,0,0,1
1801,CAB-fvit001015,3,,0,0,1
1802,CAB-fvit001020,3,,0,0,1
1803,CAB-fvit001025,3,,0,0,1
1804,CAB-fvit001032,3,,0,0,1
1805,CAB-fvit001040,3,,0,0,1
1806,CAB-fvit001050,3,,0,0,1
1807,CAB-fvit001065,3,,0,0,1
1808,CAB-fvit001080,3,,0,0,1
1809,CAB-fvit001100,3,,0,0,1
1810,CAB-fwss015020,3,,0,0,1
1811,CAB-fwss015030,3,,0,0,1
1812,CAB-fwss015040,3,,0,0,1
1813,CAB-fwss015050,3,,0,0,1
1814,CAB-fwss015060,3,,0,0,1
1815,CAB-fwss020020,3,,0,0,1
1816,CAB-fwss020030,3,,0,0,1
1817,CAB-fwss020035,3,,0,0,1
1818,CAB-fwss020050,3,,0,0,1
1819,CAB-fwss020055,3,,0,0,1
1820,CAB-fwss025030,3,,0,0,1
1821,CAB-fwss025035,3,,0,0,1
1822,CAB-fwss025050,3,,0,0,1
1823,CAB-fwss025150,3,,0,0,1
1824,CAB-fwss026035,3,,0,0,1
1825,CAB-fwss032030,3,,0,0,1
1826,CAB-fwss032050,3,,0,0,1
1827,CAB-fwss040030,3,,0,0,1
1828,CAB-fwss040050,3,,0,0,1
1829,CAB-fwss050015,3,,0,0,1
1830,CAB-fwss050030,3,,0,0,1
1831,CAB-fwss050040,3,,0,0,1
1832,CAB-fwss050050,3,,0,0,1
1833,CAB-fwss050060,3,,0,0,1
1834,CAB-fwss050150,3,,0,0,1
1835,CAB-fwss100120,3,,0,0,1
1836,CAB-fwss308030,3,,0,0,1
1837,CAB-fwss315030,3,,0,0,1
1838,CAB-fwss320030,3,,0,0,1
1839,CAB-gala003200,3,,0,0,1
1840,CAB-gala010040,3,,0,0,1
1841,CAB-gala010050,3,,0,0,1
1842,CAB-gala025060,3,,0,0,1
1843,CAB-gala032040,3,,0,0,1
1844,CAB-gala065100,3,,0,0,1
1845,CAB-gala080050,3,,0,0,1
1846,CAB-gala300300,3,,0,0,1
1847,CAB-gala800080,3,,0,0,1
1848,CAB-gald015015,3,,0,0,1
1849,CAB-gald045015,3,,0,0,1
1850,CAB-gald045025,3,,0,0,1
1851,CAB-gald045032,3,,0,0,1
1852,CAB-gald045040,3,,0,0,1
1853,CAB-gald045050,3,,0,0,1
1854,CAB-gald045065,3,,0,0,1
1855,CAB-gald045080,3,,0,0,1
1856,CAB-gald100010,3,,0,0,1
1857,CAB-gald100015,3,,0,0,1
1858,CAB-gald100020,3,,2,2,1
1859,CAB-gald100025,3,,34,40,1
1860,CAB-gald100032,3,,0,0,1
1861,CAB-gald100040,3,,0,0,1
1862,CAB-gald100050,3,,0,0,1
1863,CAB-gald100065,3,,0,0,1
1864,CAB-gald100080,3,,0,0,1
1865,CAB-gald100100,3,,0,0,1
1866,CAB-gald110010,3,,0,0,1
1867,CAB-gald110015,3,,0,1,1
1868,CAB-gald110020,3,,4,4,1
1869,CAB-gald110025,3,,0,0,1
1870,CAB-gald110032,3,,0,0,1
1871,CAB-gald110040,3,,0,0,1
1872,CAB-gald110050,3,,0,0,1
1873,CAB-gald110065,3,,0,0,1
1874,CAB-gald110080,3,,0,0,1
1875,CAB-gald115010,3,,0,0,1
1876,CAB-gald120006,3,,0,0,1
1877,CAB-gald120010,3,,0,0,1
1878,CAB-gald120015,3,,0,0,1
1879,CAB-gald120020,3,,5,5,1
1880,CAB-gald120025,3,,22,22,1
1881,CAB-gald120032,3,,0,0,1
1882,CAB-gald120040,3,,0,0,1
1883,CAB-gald120050,3,,0,0,1
1884,CAB-gald120065,3,,0,0,1
1885,CAB-gald120080,3,,0,0,1
1886,CAB-gald120100,3,,0,0,1
1887,CAB-gald120150,3,,0,0,1
1888,CAB-gald130015,3,,0,0,1
1889,CAB-gald130020,3,,0,0,1
1890,CAB-gald130025,3,,0,0,1
1891,CAB-gald130032,3,,0,0,1
1892,CAB-gald130040,3,,0,0,1
1893,CAB-gald130050,3,,0,0,1
1894,CAB-gald130065,3,,0,0,1
1895,CAB-gald130080,3,,0,0,1
1896,CAB-gald130100,3,,0,0,1
1897,CAB-gald140006,3,,0,0,1
1898,CAB-gald140015,3,,0,0,1
1899,CAB-gald140020,3,,0,0,1
1900,CAB-gald140025,3,,0,0,1
1901,CAB-gald140032,3,,0,0,1
1902,CAB-gald140040,3,,0,0,1
1903,CAB-gald140050,3,,0,0,1
1904,CAB-gald140065,3,,0,0,1
1905,CAB-gald140080,3,,0,0,1
1906,CAB-gald140100,3,,0,0,1
1907,CAB-gald150015,3,,0,30,1
1908,CAB-gald150020,3,,0,0,1
1909,CAB-gald150025,3,,0,0,1
1910,CAB-gald150032,3,,0,0,1
1911,CAB-gald150040,3,,0,0,1
1912,CAB-gald150050,3,,0,0,1
1913,CAB-gald150065,3,,0,0,1
1914,CAB-gald150080,3,,0,0,1
1915,CAB-gald160015,3,,0,0,1
1916,CAB-gald160020,3,,3,3,1
1917,CAB-gald160025,3,,0,0,1
1918,CAB-gald160032,3,,0,0,1
1919,CAB-gald160040,3,,0,0,1
1920,CAB-gald160050,3,,0,0,1
1921,CAB-gald160065,3,,0,0,1
1922,CAB-gald160080,3,,0,0,1
1923,CAB-gald160100,3,,0,0,1
1924,CAB-gald170020,3,,0,0,1
1925,CAB-gald170025,3,,0,0,1
1926,CAB-gald170026,3,,0,0,1
1927,CAB-gald170032,3,,0,0,1
1928,CAB-gald170033,3,,0,0,1
1929,CAB-gald170034,3,,0,0,1
1930,CAB-gald170040,3,,0,0,1
1931,CAB-gald170041,3,,0,0,1
1932,CAB-gald170042,3,,0,0,1
1933,CAB-gald170043,3,,0,0,1
1934,CAB-gald170050,3,,0,0,1
1935,CAB-gald170051,3,,0,0,1
1936,CAB-gald170052,3,,0,0,1
1937,CAB-gald170053,3,,0,0,1
1938,CAB-gald170054,3,,0,0,1
1939,CAB-gald170055,3,,0,0,1
1940,CAB-gald170065,3,,0,0,1
1941,CAB-gald170066,3,,0,0,1
1942,CAB-gald170067,3,,0,0,1
1943,CAB-gald170068,3,,0,0,1
1944,CAB-gald170069,3,,0,0,1
1945,CAB-gald170080,3,,0,0,1
1946,CAB-gald180010,3,,0,0,1
1947,CAB-gald180020,3,,0,0,1
1948,CAB-gald180025,3,,0,0,1
1949,CAB-gald180026,3,,0,2,1
1950,CAB-gald180032,3,,0,0,1
1951,CAB-gald180033,3,,0,0,1
1952,CAB-gald180034,3,,0,0,1
1953,CAB-gald180040,3,,0,0,1
1954,CAB-gald180041,3,,0,0,1
1955,CAB-gald180042,3,,0,0,1
1956,CAB-gald180043,3,,0,0,1
1957,CAB-gald180050,3,,0,0,1
1958,CAB-gald180051,3,,0,0,1
1959,CAB-gald180052,3,,0,0,1
1960,CAB-gald180053,3,,0,0,1
1961,CAB-gald180054,3,,0,0,1
1962,CAB-gald180065,3,,0,0,1
1963,CAB-gald180066,3,,0,0,1
1964,CAB-gald180067,3,,0,0,1
1965,CAB-gald180068,3,,0,0,1
1966,CAB-gald180080,3,,0,0,1
1967,CAB-gald180081,3,,0,0,1
1968,CAB-gald180082,3,,0,0,1
1969,CAB-gald180083,3,,0,0,1
1970,CAB-gald180100,3,,0,0,1
1971,CAB-gald180101,3,,0,0,1
1972,CAB-gald180102,3,,0,0,1
1973,CAB-gald180150,3,,0,0,1
1974,CAB-gald180151,3,,0,0,1
1975,CAB-gald180152,3,,0,0,1
1976,CAB-gald180153,3,,0,0,1
1977,CAB-gald190010,3,,0,0,1
1978,CAB-gald190015,3,,0,0,1
1979,CAB-gald190016,3,,0,0,1
1980,CAB-gald190020,3,,0,0,1
1981,CAB-gald190021,3,,0,0,1
1982,CAB-gald190025,3,,0,0,1
1983,CAB-gald190026,3,,0,0,1
1984,CAB-gald190027,3,,0,0,1
1985,CAB-gald190032,3,,2,2,1
1986,CAB-gald190033,3,,0,0,1
1987,CAB-gald190034,3,,0,0,1
1988,CAB-gald190040,3,,0,0,1
1989,CAB-gald190041,3,,0,0,1
1990,CAB-gald190042,3,,0,0,1
1991,CAB-gald190043,3,,0,0,1
1992,CAB-gald190050,3,,0,0,1
1993,CAB-gald190051,3,,0,0,1
1994,CAB-gald190052,3,,0,0,1
1995,CAB-gald190053,3,,0,0,1
1996,CAB-gald190054,3,,0,0,1
1997,CAB-gald190065,3,,0,0,1
1998,CAB-gald190066,3,,0,0,1
1999,CAB-gald190067,3,,0,0,1
2000,CAB-gald190080,3,,0,0,1
2001,CAB-gald190081,3,,0,0,1
2002,CAB-gald190082,3,,0,0,1
2003,CAB-gald190083,3,,0,0,1
2004,CAB-gald190084,3,,0,0,1
2005,CAB-gald200006,3,,0,0,1
2006,CAB-gald200015,3,,2,3,1
2007,CAB-gald200020,3,,0,0,1
2008,CAB-gald200025,3,,0,0,1
2009,CAB-gald200032,3,,0,0,1
2010,CAB-gald200040,3,,0,0,1
2011,CAB-gald200050,3,,0,0,1
2012,CAB-gald200065,3,,0,0,1
2013,CAB-gald200080,3,,0,0,1
2014,CAB-gald200100,3,,0,0,1
2015,CAB-gald200150,3,,0,0,1
2016,CAB-gald210015,3,,0,2,1
2017,CAB-gald210020,3,,0,0,1
2018,CAB-gald210025,3,,0,0,1
2019,CAB-gald210032,3,,0,0,1
2020,CAB-gald210040,3,,0,0,1
2021,CAB-gald210050,3,,0,0,1
2022,CAB-gald210065,3,,0,0,1
2023,CAB-gald210080,3,,0,0,1
2024,CAB-gald220006,3,,0,0,1
2025,CAB-gald220009,3,,0,0,1
2026,CAB-gald220015,3,,10,14,1
2027,CAB-gald220020,3,,0,0,1
2028,CAB-gald220021,3,,0,0,1
2029,CAB-gald220025,3,,0,0,1
2030,CAB-gald220032,3,,0,0,1
2031,CAB-gald220040,3,,0,0,1
2032,CAB-gald220050,3,,0,0,1
2033,CAB-gald220065,3,,0,0,1
2034,CAB-gald220080,3,,0,0,1
2035,CAB-gald230006,3,,0,0,1
2036,CAB-gald230015,3,,8,11,1
2037,CAB-gald230016,3,,5,8,1
2038,CAB-gald230017,3,,0,0,1
2039,CAB-gald230020,3,,0,0,1
2040,CAB-gald230021,3,,0,0,1
2041,CAB-gald230025,3,,0,0,1
2042,CAB-gald230026,3,,0,0,1
2043,CAB-gald230032,3,,0,0,1
2044,CAB-gald230033,3,,0,0,1
2045,CAB-gald230040,3,,0,0,1
2046,CAB-gald230041,3,,0,0,1
2047,CAB-gald230050,3,,0,0,1
2048,CAB-gald230051,3,,0,0,1
2049,CAB-gald230065,3,,0,0,1
2050,CAB-gald230066,3,,0,0,1
2051,CAB-gald230067,3,,0,0,1
2052,CAB-gald230080,3,,0,0,1
2053,CAB-gald230081,3,,0,0,1
2054,CAB-gald230100,3,,0,0,1
2055,CAB-GALD230101,3,,0,0,1
2056,CAB-gald231015,3,,0,0,1
2057,CAB-gald231020,3,,0,0,1
2058,CAB-gald231025,3,,0,0,1
2059,CAB-gald231040,3,,0,0,1
2060,CAB-gald240015,3,,0,0,1
2061,CAB-gald240020,3,,0,0,1
2062,CAB-gald240025,3,,0,0,1
2063,CAB-gald240032,3,,0,0,1
2064,CAB-gald240040,3,,0,0,1
2065,CAB-gald240050,3,,0,0,1
2066,CAB-gald240065,3,,0,0,1
2067,CAB-gald240080,3,,0,0,1
2068,CAB-gald250015,3,,0,0,1
2069,CAB-gald250020,3,,0,0,1
2070,CAB-gald250025,3,,0,0,1
2071,CAB-gald250032,3,,0,0,1
2072,CAB-gald250040,3,,0,0,1
2073,CAB-gald250050,3,,0,0,1
2074,CAB-gald250065,3,,0,0,1
2075,CAB-gald250080,3,,0,0,1
2076,CAB-gald260015,3,,0,0,1
2077,CAB-gald260016,3,,0,0,1
2078,CAB-gald260020,3,,10,10,1
2079,CAB-gald260021,3,,0,0,1
2080,CAB-gald260025,3,,0,0,1
2081,CAB-gald260026,3,,0,0,1
2082,CAB-gald260032,3,,0,0,1
2083,CAB-gald260040,3,,0,0,1
2084,CAB-gald260041,3,,0,0,1
2085,CAB-gald260050,3,,0,0,1
2086,CAB-gald260065,3,,0,0,1
2087,CAB-gald260080,3,,0,0,1
2088,CAB-gald270015,3,,0,0,1
2089,CAB-gald270020,3,,3,6,1
2090,CAB-gald270025,3,,0,0,1
2091,CAB-gald270031,3,,0,0,1
2092,CAB-gald270032,3,,0,0,1
2093,CAB-gald270033,3,,0,0,1
2094,CAB-gald270040,3,,0,0,1
2095,CAB-gald270041,3,,0,0,1
2096,CAB-gald270042,3,,0,0,1
2097,CAB-gald270043,3,,0,0,1
2098,CAB-gald270050,3,,0,0,1
2099,CAB-gald270051,3,,0,0,1
2100,CAB-gald270052,3,,0,0,1
2101,CAB-gald270053,3,,0,0,1
2102,CAB-gald270054,3,,0,0,1
2103,CAB-gald270065,3,,0,0,1
2104,CAB-gald270080,3,,0,0,1
2105,CAB-gald270100,3,,0,0,1
2106,CAB-gald270150,3,,0,0,1
2107,CAB-gald280010,3,,0,0,1
2108,CAB-gald280015,3,,0,0,1
2109,CAB-gald280020,3,,9,9,1
2110,CAB-gald280025,3,,0,0,1
2111,CAB-gald280026,3,,0,0,1
2112,CAB-gald280027,3,,0,0,1
2113,CAB-gald280032,3,,0,0,1
2114,CAB-gald280033,3,,0,0,1
2115,CAB-gald280034,3,,0,0,1
2116,CAB-gald280040,3,,0,0,1
2117,CAB-gald280041,3,,0,0,1
2118,CAB-gald280042,3,,0,0,1
2119,CAB-gald280043,3,,0,0,1
2120,CAB-gald280050,3,,0,0,1
2121,CAB-gald280051,3,,0,0,1
2122,CAB-gald280052,3,,0,0,1
2123,CAB-gald280053,3,,0,0,1
2124,CAB-gald280065,3,,0,0,1
2125,CAB-gald280066,3,,0,0,1
2126,CAB-gald280067,3,,0,0,1
2127,CAB-gald280068,3,,0,0,1
2128,CAB-gald280080,3,,0,0,1
2129,CAB-gald280081,3,,0,0,1
2130,CAB-gald280082,3,,0,0,1
2131,CAB-gald280083,3,,0,0,1
2132,CAB-gald280100,3,,0,0,1
2133,CAB-gald280101,3,,0,0,1
2134,CAB-gald280102,3,,0,0,1
2135,CAB-gald280150,3,,0,0,1
2136,CAB-gald280151,3,,0,0,1
2137,CAB-gald280152,3,,0,0,1
2138,CAB-gald280153,3,,0,0,1
2139,CAB-gald280154,3,,0,0,1
2140,CAB-gald290010,3,,0,0,1
2141,CAB-gald290014,3,,0,0,1
2142,CAB-gald290015,3,,0,0,1
2143,CAB-gald290016,3,,0,0,1
2144,CAB-gald290020,3,,0,0,1
2145,CAB-gald290021,3,,0,0,1
2146,CAB-gald290025,3,,2,2,1
2147,CAB-gald290026,3,,0,0,1
2148,CAB-gald290027,3,,0,0,1
2149,CAB-gald290032,3,,0,0,1
2150,CAB-gald290033,3,,0,0,1
2151,CAB-gald290034,3,,0,0,1
2152,CAB-gald290040,3,,0,0,1
2153,CAB-gald290041,3,,0,0,1
2154,CAB-gald290042,3,,0,0,1
2155,CAB-gald290043,3,,0,0,1
2156,CAB-gald290050,3,,0,0,1
2157,CAB-gald290051,3,,0,0,1
2158,CAB-gald290052,3,,0,0,1
2159,CAB-gald290053,3,,0,0,1
2160,CAB-gald290054,3,,0,0,1
2161,CAB-gald290065,3,,0,0,1
2162,CAB-gald290066,3,,0,0,1
2163,CAB-gald290067,3,,0,0,1
2164,CAB-gald290068,3,,0,0,1
2165,CAB-gald290080,3,,0,0,1
2166,CAB-gald290081,3,,0,0,1
2167,CAB-gald290082,3,,0,0,1
2168,CAB-gald290083,3,,0,0,1
2169,CAB-gald300015,3,,0,0,1
2170,CAB-gald300025,3,,0,0,1
2171,CAB-gald300040,3,,0,0,1
2172,CAB-gald310025,3,,0,0,1
2173,CAB-gald320025,3,,0,0,1
2174,CAB-gald320032,3,,0,0,1
2175,CAB-gald320100,3,,0,0,1
2176,CAB-gald320150,3,,0,0,1
2177,CAB-gald320200,3,,0,0,1
2178,CAB-gald330020,3,,0,0,1
2179,CAB-gald330025,3,,0,0,1
2180,CAB-gald330050,3,,0,0,1
2181,CAB-gald340025,3,,0,0,1
2182,CAB-gald350025,3,,0,0,1
2183,CAB-gald360025,3,,0,1,1
2184,CAB-gald360032,3,,0,0,1
2185,CAB-gald360040,3,,0,0,1
2186,CAB-gald360050,3,,0,0,1
2187,CAB-gald370025,3,,0,0,1
2188,CAB-gald380025,3,,0,0,1
2189,CAB-gald380032,3,,0,0,1
2190,CAB-gald380050,3,,0,0,1
2191,CAB-gald390025,3,,0,0,1
2192,CAB-gald390032,3,,0,0,1
2193,CAB-gald390040,3,,0,0,1
2194,CAB-gald400025,3,,0,0,1
2195,CAB-gald520015,3,,0,0,1
2196,CAB-GALV001070,3,,0,0,1
2197,CAB-galv001100,3,,0,0,1
2198,CAB-galv001120,3,,0,0,1
2199,CAB-galv012060,3,,0,0,1
2200,CAB-galv012080,3,,0,0,1
2201,CAB-galv122040,3,,0,0,1
2202,CAB-galv190027,3,,0,0,1
2203,CAB-glct001000,3,,2,2,1
2204,CAB-glct001001,3,,0,0,1
2205,CAB-glwl000001,3,,113,184,1
2206,CAB-glwl011625,3,,2,2,1
2207,CAB-glwl011650,3,,0,0,1
2208,CAB-glwl012425,3,,1,1,1
2209,CAB-glwl012450,3,,0,0,1
2210,CAB-glwl013225,3,,5,8,1
2211,CAB-glwl013250,3,,0,0,1
2212,CAB-glwl014825,3,,0,0,1
2213,CAB-glwl014850,3,,0,0,1
2214,CAB-glwl021625,3,,0,0,1
2215,CAB-glwl021650,3,,0,0,1
2216,CAB-glwl022425,3,,0,0,1
2217,CAB-glwl022450,3,,0,0,1
2218,CAB-glwl023225,3,,0,0,1
2219,CAB-glwl023250,3,,0,0,1
2220,CAB-glwl031625,3,,0,0,1
2221,CAB-glwl031650,3,,0,0,1
2222,CAB-glwl032425,3,,0,0,1
2223,CAB-glwl032450,3,,0,0,1
2224,CAB-glwl033225,3,,0,0,1
2225,CAB-glwl033250,3,,0,0,1
2226,CAB-gmta001006,3,,0,0,1
2227,CAB-gmta001009,3,,0,0,1
2228,CAB-gmta001013,3,,0,0,1
2229,CAB-gmta001016,3,,0,0,1
2230,CAB-gmta001019,3,,0,0,1
2231,CAB-gmta002006,3,,0,0,1
2232,CAB-gmta002009,3,,0,0,1
2233,CAB-gmta002013,3,,0,3,1
2234,CAB-gmta002016,3,,0,0,1
2235,CAB-gmta002019,3,,0,0,1
2236,CAB-gmta002020,3,,0,0,1
2237,CAB-gmta002022,3,,0,0,1
2238,CAB-gmta002025,3,,0,0,1
2239,CAB-gmta002028,3,,0,0,1
2240,CAB-gmta002035,3,,0,0,1
2241,CAB-gmta002042,3,,0,0,1
2242,CAB-gmta003006,3,,0,0,1
2243,CAB-gmta003009,3,,0,0,1
2244,CAB-gmta003013,3,,0,0,1
2245,CAB-gmta003016,3,,0,0,1
2246,CAB-gmta003019,3,,0,0,1
2247,CAB-gmta004013,3,,0,0,1
2248,CAB-gmta004016,3,,0,0,1
2249,CAB-gmta004019,3,,0,0,1
2250,CAB-gmta004022,3,,0,0,1
2251,CAB-gmta004028,3,,0,0,1
2252,CAB-gmta004035,3,,0,0,1
2253,CAB-gmta004042,3,,0,0,1
2254,CAB-gmta004054,3,,0,0,1
2255,CAB-gmta005200,3,,0,0,1
2256,CAB-gmta007200,3,,0,0,1
2257,CAB-gmta009000,3,,0,0,1
2258,CAB-gmta010015,3,,0,0,1
2259,CAB-gmta010020,3,,0,0,1
2260,CAB-gmta010025,3,,0,0,1
2261,CAB-gmta010050,3,,0,0,1
2262,CAB-gmta011000,3,,0,0,1
2263,CAB-gmta011001,3,,0,0,1
2264,CAB-gmta012001,3,,0,0,1
2265,CAB-gmta012002,3,,0,0,1
2266,CAB-gmta012003,3,,0,0,1
2267,CAB-gmta012004,3,,0,0,1
2268,CAB-gmta012005,3,,0,0,1
2269,CAB-gmta012006,3,,0,0,1
2270,CAB-gmta012007,3,,0,0,1
2271,CAB-gmta012103,3,,0,0,1
2272,CAB-gmta012106,3,,0,0,1
2273,CAB-gmta012110,3,,0,0,1
2274,CAB-gmta012120,3,,0,0,1
2275,CAB-gmta012130,3,,0,0,1
2276,CAB-gmta015040,3,,0,0,1
2277,CAB-gmta016001,3,,0,0,1
2278,CAB-gmta016002,3,,0,0,1
2279,CAB-gmta017001,3,,0,0,1
2280,CAB-gmta018015,3,,0,0,1
2281,CAB-gmta018020,3,,0,0,1
2282,CAB-gmta018025,3,,0,0,1
2283,CAB-gmta019013,3,,0,0,1
2284,CAB-gmta019020,3,,0,0,1
2285,CAB-gmta019025,3,,0,0,1
2286,CAB-GMTA019050,3,,0,0,1
2287,CAB-gmta020050,3,,0,0,1
2288,CAB-gmta020100,3,,0,0,1
2289,CAB-gmta030020,3,,0,0,1
2290,CAB-gmta030025,3,,0,0,1
2291,CAB-gmta040020,3,,0,0,1
2292,CAB-gmta050000,3,,0,0,1
2293,CAB-gmta065000,3,,1,0,1
2294,CAB-gmta065001,3,,0,0,1
2295,CAB-gmta065002,3,,0,0,1
2296,CAB-gmta065004,3,,0,0,1
2297,CAB-gmta065006,3,,0,0,1
2298,CAB-gmta065010,3,,0,0,1
2299,CAB-gmta065016,3,,0,0,1
2300,CAB-gmta065025,3,,0,0,1
2301,CAB-gmta065040,3,,0,0,1
2302,CAB-gmta065060,3,,0,0,1
2303,CAB-gmta065100,3,,14,14,1
2304,CAB-gmta065250,3,,0,0,1
2305,CAB-gmta066002,3,,0,0,1
2307,CAB-gmta066010,3,,0,0,1
2308,CAB-gmta066016,3,,0,0,1
2309,CAB-gmta066025,3,,0,0,1
2310,CAB-gmta070000,3,,0,0,1
2311,CAB-gmta100000,3,,2,2,1
2312,CAB-gmta100001,3,,2,1,1
2313,CAB-gmta100002,3,,0,0,1
2314,CAB-gmta100004,3,,2,0,1
2315,CAB-gmta100006,3,,0,0,1
2316,CAB-gmta100010,3,,0,0,1
2317,CAB-gmta100011,3,,0,0,1
2318,CAB-gmta100016,3,,0,0,1
2319,CAB-gmta100020,3,,0,0,1
2320,CAB-gmta100025,3,,0,0,1
2321,CAB-gmta100035,3,,0,0,1
2322,CAB-gmta100040,3,,0,0,1
2323,CAB-gmta100060,3,,0,0,1
2324,CAB-gmta100070,3,,0,0,1
2325,CAB-gmta100100,3,,0,0,1
2326,CAB-gmta100250,3,,0,0,1
2328,CAB-gmta110001,3,,0,0,1
2330,CAB-gmta110004,3,,0,0,1
2331,CAB-gmta110006,3,,0,0,1
2333,CAB-gmta110016,3,,0,0,1
2334,CAB-gmta110020,3,,0,0,1
2335,CAB-gmta110025,3,,0,0,1
2336,CAB-gmta110040,3,,0,0,1
2337,CAB-gmta110100,3,,0,0,1
2338,CAB-gmta110250,3,,0,0,1
2339,CAB-gmta111006,3,,0,0,1
2340,CAB-gmta111010,3,,0,0,1
2341,CAB-gmta111016,3,,0,0,1
2342,CAB-gmta111025,3,,0,0,1
2343,CAB-gmta112006,3,,0,0,1
2344,CAB-gmta112010,3,,0,0,1
2345,CAB-gmta112016,3,,0,0,1
2346,CAB-gmta112025,3,,0,0,1
2347,CAB-gmta112250,3,,0,0,1
2348,CAB-gmta113006,3,,0,0,1
2349,CAB-gmta113010,3,,0,0,1
2350,CAB-gmta113016,3,,0,0,1
2351,CAB-gmta114006,3,,0,0,1
2352,CAB-gmta114010,3,,0,1,1
2353,CAB-gmta114016,3,,0,0,1
2354,CAB-gmta160001,3,,0,0,1
2355,CAB-gmta160002,3,,0,0,1
2356,CAB-gmta160004,3,,0,0,1
2357,CAB-gmta160006,3,,0,0,1
2358,CAB-gmta160010,3,,0,0,1
2359,CAB-gmta160016,3,,0,0,1
2360,CAB-gmta160025,3,,0,0,1
2361,CAB-gmta160040,3,,0,0,1
2362,CAB-gmta160060,3,,0,0,1
2363,CAB-gmta160100,3,,0,0,1
2364,CAB-gmta162006,3,,0,0,1
2365,CAB-gmta162010,3,,0,0,1
2366,CAB-gmta162016,3,,0,0,1
2367,CAB-gmta162025,3,,0,0,1
2368,CAB-gmta162040,3,,0,0,1
2369,CAB-gmta162100,3,,0,0,1
2370,CAB-gmta162250,3,,0,0,1
2371,CAB-gmta165010,3,,0,0,1
2372,CAB-gmta165016,3,,0,0,1
2373,CAB-gmta165076,3,,0,0,1
2374,CAB-gmta166000,3,,0,0,1
2375,CAB-gmta166010,3,,0,0,1
2376,CAB-gmta166015,3,,0,0,1
2377,CAB-gmta166025,3,,0,0,1
2378,CAB-gmta166035,3,,0,0,1
2379,CAB-GMTA168000,3,,0,0,1
2380,CAB-gmta168010,3,,0,0,1
2381,CAB-gmta169010,3,,0,0,1
2382,CAB-gmta169076,3,,0,0,1
2383,CAB-gmta200000,3,,0,0,1
2384,CAB-gmta200001,3,,0,0,1
2385,CAB-gmta200002,3,,0,0,1
2386,CAB-gmta200003,3,,0,0,1
2387,CAB-gmta200004,3,,0,0,1
2388,CAB-gmta200005,3,,0,0,1
2389,CAB-gmta200006,3,,0,0,1
2390,CAB-gmta200007,3,,0,0,1
2391,CAB-gmta200008,3,,0,0,1
2392,CAB-gmta200009,3,,0,0,1
2393,CAB-gmta200010,3,,0,0,1
2394,CAB-gmta200011,3,,0,0,1
2395,CAB-gmta200012,3,,0,0,1
2396,CAB-gmta200013,3,,0,0,1
2397,CAB-gmta221050,3,,0,0,1
2398,CAB-gmta221100,3,,0,0,1
2399,CAB-gmta221200,3,,0,0,1
2400,CAB-gmta221300,3,,0,0,1
2401,CAB-gmta221500,3,,0,0,1
2402,CAB-gmta231050,3,,0,0,1
2403,CAB-gmta231051,3,,0,0,1
2404,CAB-gmta231100,3,,0,0,1
2405,CAB-gmta231120,3,,0,0,1
2406,CAB-gmta231200,3,,0,0,1
2407,CAB-gmta231300,3,,0,0,1
2408,CAB-gmta231500,3,,0,0,1
2409,CAB-gmta232050,3,,0,0,1
2410,CAB-gmta232051,3,,0,0,1
2411,CAB-gmta232100,3,,0,0,1
2412,CAB-gmta232200,3,,0,0,1
2413,CAB-gmta232300,3,,0,0,1
2414,CAB-gmta234050,3,,0,0,1
2415,CAB-gmta234300,3,,0,0,1
2416,CAB-gmta241040,3,,0,0,1
2417,CAB-gmta241050,3,,0,0,1
2418,CAB-gmta241120,3,,0,0,1
2419,CAB-gmta241200,3,,0,0,1
2420,CAB-gmta241300,3,,0,0,1
2421,CAB-gmta241500,3,,0,0,1
2422,CAB-gmta251300,3,,0,0,1
2423,CAB-gmta252300,3,,0,0,1
2424,CAB-gmta265060,3,,0,0,1
2425,CAB-gmta265100,3,,0,0,1
2426,CAB-gmta265500,3,,0,0,1
2427,CAB-gmta271300,3,,0,0,1
2428,CAB-gmta300015,3,,0,0,1
2429,CAB-gmta300025,3,,0,0,1
2430,CAB-gmta360500,3,,0,0,1
2431,CAB-gmta361000,3,,0,0,1
2432,CAB-gmta362000,3,,0,0,1
2433,CAB-gmta362001,3,,0,0,1
2434,CAB-gmta380500,3,,0,0,1
2435,CAB-gmta381000,3,,0,0,1
2436,CAB-gmta382000,3,,0,0,1
2437,CAB-gmta382001,3,,0,0,1
2438,CAB-gmta400006,3,,0,0,1
2439,CAB-gmta400010,3,,0,0,1
2440,CAB-gmta400011,3,,0,0,1
2441,CAB-gmta400015,3,,1,0,1
2442,CAB-gmta400020,3,,0,0,1
2443,CAB-gmta400025,3,,0,0,1
2444,CAB-gmta400026,3,,0,0,1
2445,CAB-gmta400032,3,,0,0,1
2446,CAB-gmta400040,3,,0,0,1
2447,CAB-gmta400050,3,,0,0,1
2448,CAB-gmta400051,3,,0,0,1
2449,CAB-gmta600025,3,,0,0,1
2450,CAB-gmta800006,3,,4,6,1
2451,CAB-gmta800009,3,,8,8,1
2452,CAB-gvbs300050,3,,0,0,1
2453,CAB-gvss000015,3,,0,0,1
2454,CAB-gvss000020,3,,0,0,1
2455,CAB-gvss000025,3,,0,0,1
2456,CAB-gvss000032,3,,0,0,1
2457,CAB-gvss000050,3,,0,0,1
2458,CAB-gvss020025,3,,0,0,1
2459,CAB-gvss100050,3,,0,0,1
2460,CAB-gvss200050,3,,0,0,1
2461,CAB-gvtw000015,3,,0,0,1
2462,CAB-gvtw000020,3,,0,0,1
2463,CAB-gvtw000025,3,,0,0,1
2464,CAB-gvtw000032,3,,0,0,1
2465,CAB-gvtw000040,3,,0,0,1
2466,CAB-gvtw000050,3,,0,0,1
2467,CAB-gvtw000065,3,,0,0,1
2468,CAB-gvtw000080,3,,0,0,1
2469,CAB-gvtw000100,3,,0,0,1
2476,CAB-hone001015,3,,0,0,1
2477,CAB-hone001020,3,,0,0,1
2478,CAB-hone001025,3,,0,0,1
2479,CAB-hone001032,3,,0,0,1
2480,CAB-hone001040,3,,0,0,1
2481,CAB-hone001050,3,,0,0,1
2482,CAB-hone001065,3,,0,0,1
2483,CAB-hone001080,3,,0,0,1
2484,CAB-hone001100,3,,0,0,1
2485,CAB-hone001125,3,,0,0,1
2486,CAB-hone001200,3,,0,0,1
2487,CAB-hone001250,3,,0,0,1
2488,CAB-hone002015,3,,0,0,1
2489,CAB-hone002020,3,,0,0,1
2490,CAB-hone002025,3,,0,0,1
2491,CAB-hone002032,3,,0,0,1
2492,CAB-hone002040,3,,0,0,1
2493,CAB-hone002050,3,,0,0,1
2494,CAB-hone002065,3,,0,0,1
2495,CAB-hone002080,3,,0,0,1
2496,CAB-hone002100,3,,0,0,1
2497,CAB-hone002125,3,,0,0,1
2498,CAB-hone002150,3,,0,0,1
2499,CAB-hone002250,3,,0,0,1
2500,CAB-hone003015,3,,0,0,1
2501,CAB-hone003020,3,,0,0,1
2502,CAB-hone003025,3,,0,0,1
2503,CAB-hone003032,3,,0,0,1
2504,CAB-hone003040,3,,0,0,1
2505,CAB-hone003050,3,,0,0,1
2506,CAB-hone003065,3,,0,0,1
2507,CAB-hone003080,3,,0,0,1
2508,CAB-hone003100,3,,0,0,1
2509,CAB-hone004000,3,,0,0,1
2510,CAB-hone005000,3,,0,0,1
2511,CAB-hone006050,3,,0,0,1
2512,CAB-hone006360,3,,0,0,1
2513,CAB-hone006373,3,,0,0,1
2514,CAB-hone006420,3,,0,0,1
2515,CAB-hone006571,3,,0,0,1
2516,CAB-hone006800,3,,0,0,1
2517,CAB-hone007001,3,,0,0,1
2518,CAB-hone007002,3,,0,0,1
2519,CAB-hone007420,3,,0,0,1
2520,CAB-hone008025,3,,0,0,1
2521,CAB-hone009000,3,,0,0,1
2522,CAB-hone009001,3,,0,0,1
2523,CAB-hone010015,3,,0,0,1
2524,CAB-hone011000,3,,0,0,1
2525,CAB-hone011001,3,,0,0,1
2526,CAB-hone011002,3,,0,0,1
2527,CAB-hone016373,3,,0,0,1
2528,CAB-hone017980,3,,0,0,1
2529,CAB-hone017981,3,,0,0,1
2530,CAB-hone017982,3,,0,0,1
2531,CAB-hone717001,3,,0,0,1
2532,CAB-hone718100,3,,0,0,1
2533,CAB-hoos000040,3,,0,0,1
2534,CAB-hoos003040,3,,0,0,1
2535,CAB-hoos003065,3,,0,0,1
2536,CAB-indo001003,3,,0,0,1
2537,CAB-indo001004,3,,0,0,1
2538,CAB-indo001005,3,,0,0,1
2539,CAB-indo001006,3,,0,0,1
2540,CAB-indo001007,3,,0,0,1
2541,CAB-indo001008,3,,0,0,1
2542,CAB-indo001009,3,,0,0,1
2543,CAB-indo001010,3,,0,0,1
2544,CAB-indo001012,3,,0,0,1
2545,CAB-indo001014,3,,0,0,1
2546,CAB-indo001016,3,,0,0,1
2547,CAB-indo002004,3,,0,0,1
2548,CAB-indo002006,3,,0,0,1
2549,CAB-indo002008,3,,0,0,1
2550,CAB-indo002009,3,,0,0,1
2551,CAB-indo002010,3,,0,0,1
2552,CAB-indo002012,3,,0,0,1
2553,CAB-indo002014,3,,0,0,1
2554,CAB-indo002016,3,,0,0,1
2555,CAB-indo003004,3,,0,0,1
2556,CAB-indo003006,3,,0,0,1
2557,CAB-indo003008,3,,0,0,1
2558,CAB-indo003010,3,,0,0,1
2559,CAB-indo003012,3,,0,0,1
2560,CAB-indo003014,3,,0,0,1
2561,CAB-insu009006,3,,0,0,1
2562,CAB-insu009008,3,,0,0,1
2563,CAB-insu009009,3,,0,0,1
2564,CAB-insu009013,3,,0,0,1
2565,CAB-insu009016,3,,0,0,1
2566,CAB-insu009019,3,,0,0,1
2567,CAB-insu009022,3,,0,0,1
2568,CAB-insu009025,3,,0,0,1
2569,CAB-insu009028,3,,0,0,1
2570,CAB-insu009032,3,,0,0,1
2571,CAB-insu009035,3,,0,0,1
2572,CAB-insu013006,3,,0,0,1
2573,CAB-insu013009,3,,0,0,1
2574,CAB-insu013013,3,,0,0,1
2575,CAB-itok100070,3,,0,0,1
2576,CAB-itro001015,3,,0,0,1
2577,CAB-itro001050,3,,0,0,1
2578,CAB-jetn000012,3,,0,0,1
2579,CAB-jetn020020,3,,0,0,1
2580,CAB-jets001025,3,,0,0,1
2581,CAB-jets003040,3,,0,0,1
2582,CAB-jets003065,3,,0,0,1
2583,CAB-jets100065,3,,0,0,1
2584,CAB-jets651630,3,,0,0,1
2585,CAB-kala000000,3,,0,0,1
2586,CAB-kala000001,3,,1328,2123,1
2587,CAB-kala000002,3,,0,0,1
2588,CAB-kala000003,3,,0,0,1
2589,CAB-kala000005,3,,0,0,1
2590,CAB-kala000015,3,,0,0,1
2591,CAB-kala000035,3,,0,0,1
2592,CAB-kala001002,3,,0,0,1
2593,CAB-kala001003,3,,0,0,1
2594,CAB-kala002002,3,,0,0,1
2595,CAB-kala002003,3,,3,4,1
2596,CAB-kala100002,3,,0,0,1
2597,CAB-kala100005,3,,0,0,1
2598,CAB-kawa000001,3,,0,0,1
2599,CAB-kawa000002,3,,0,0,1
2600,CAB-kawa000003,3,,0,0,1
2601,CAB-kawa000004,3,,0,0,1
2602,CAB-kawa000005,3,,0,0,1
2603,CAB-kawa000006,3,,0,0,1
2604,CAB-kawa000007,3,,0,0,1
2605,CAB-kawa001006,3,,0,0,1
2606,CAB-kawa001007,3,,0,0,1
2607,CAB-kawa001008,3,,0,0,1
2608,CAB-kawa001009,3,,0,0,1
2609,CAB-kawa001010,3,,0,0,1
2610,CAB-kbcv040050,3,,0,0,1
2611,CAB-kbcv040080,3,,0,0,1
2612,CAB-kbcv040100,3,,0,0,1
2613,CAB-kbcv040150,3,,0,0,1
2614,CAB-kbgv016050,3,,0,0,1
2615,CAB-kbgv016065,3,,0,0,1
2616,CAB-kbgv016080,3,,0,0,1
2617,CAB-kbgv016100,3,,0,0,1
2618,CAB-kbgv016125,3,,0,0,1
2619,CAB-kbgv040050,3,,0,0,1
2620,CAB-kbgv040080,3,,0,0,1
2621,CAB-kbgv040100,3,,0,0,1
2622,CAB-kbgv040125,3,,0,0,1
2623,CAB-kbgv040150,3,,0,0,1
2624,CAB-kitz001006,3,,0,0,1
2625,CAB-kitz001009,3,,0,0,1
2626,CAB-kitz001013,3,,2,1,1
2627,CAB-kitz001020,3,,2,5,1
2628,CAB-kitz001025,3,,2,2,1
2629,CAB-kitz001032,3,,0,0,1
2630,CAB-kitz001040,3,,1,1,1
2631,CAB-kitz001050,3,,1,1,1
2632,CAB-kitz001065,3,,0,0,1
2633,CAB-kitz001080,3,,0,0,1
2634,CAB-kitz002025,3,,0,0,1
2635,CAB-kitz003040,3,,0,0,1
2636,CAB-kitz003050,3,,0,0,1
2637,CAB-kitz003065,3,,0,0,1
2638,CAB-kitz003080,3,,0,0,1
2639,CAB-kitz003100,3,,0,0,1
2640,CAB-kitz003125,3,,0,0,1
2641,CAB-kitz003150,3,,0,0,1
2642,CAB-kitz003200,3,,0,0,1
2643,CAB-kitz003250,3,,0,0,1
2644,CAB-kitz003300,3,,0,0,1
2645,CAB-kitz004006,3,,0,0,1
2646,CAB-kitz004009,3,,0,0,1
2647,CAB-kitz004015,3,,38,48,1
2648,CAB-kitz004020,3,,3,5,1
2649,CAB-kitz004025,3,,1,4,1
2650,CAB-kitz004032,3,,0,0,1
2651,CAB-kitz004040,3,,2,2,1
2652,CAB-kitz004050,3,,3,3,1
2653,CAB-kitz004065,3,,0,0,1
2654,CAB-kitz004080,3,,0,0,1
2655,CAB-kitz004100,3,,0,0,1
2656,CAB-kitz005010,3,,0,0,1
2657,CAB-kitz005015,3,,0,0,1
2658,CAB-kitz005020,3,,0,2,1
2659,CAB-kitz005025,3,,2,2,1
2660,CAB-kitz005032,3,,0,0,1
2661,CAB-kitz005033,3,,0,0,1
2662,CAB-kitz005040,3,,0,0,1
2663,CAB-kitz005050,3,,3,3,1
2664,CAB-kitz005065,3,,0,0,1
2665,CAB-kitz005080,3,,0,0,1
2668,CAB-kitz006050,3,,0,0,1
2670,CAB-kitz006080,3,,0,0,1
2671,CAB-kitz006100,3,,0,0,1
2672,CAB-kitz006125,3,,0,0,1
2673,CAB-kitz006150,3,,0,0,1
2676,CAB-kitz007015,3,,0,0,1
2677,CAB-kitz007020,3,,0,0,1
2678,CAB-kitz007025,3,,0,0,1
2679,CAB-kitz007032,3,,0,0,1
2680,CAB-kitz007040,3,,0,0,1
2681,CAB-kitz007050,3,,0,0,1
2682,CAB-kitz007065,3,,0,0,1
2683,CAB-kitz007080,3,,0,0,1
2684,CAB-kitz008050,3,,0,0,1
2685,CAB-kitz008065,3,,0,0,1
2686,CAB-kitz008080,3,,0,0,1
2687,CAB-kitz008100,3,,0,0,1
2688,CAB-kitz008125,3,,0,0,1
2689,CAB-kitz008150,3,,0,0,1
2692,CAB-kitz009015,3,,0,0,1
2693,CAB-kitz009020,3,,0,0,1
2694,CAB-kitz009025,3,,0,0,1
2696,CAB-kitz009040,3,,0,0,1
2697,CAB-kitz009050,3,,0,0,1
2698,CAB-kitz009065,3,,0,0,1
2699,CAB-kitz010050,3,,0,0,1
2700,CAB-kitz010065,3,,0,0,1
2701,CAB-kitz010080,3,,0,0,1
2702,CAB-kitz010100,3,,0,0,1
2703,CAB-kitz010125,3,,0,0,1
2704,CAB-kitz010150,3,,0,0,1
2705,CAB-kitz010200,3,,0,0,1
2706,CAB-kitz010250,3,,0,0,1
2707,CAB-kitz010300,3,,0,0,1
2710,CAB-KITZ011040,3,,0,0,1
2713,CAB-kitz011080,3,,0,0,1
2718,CAB-kitz012015,3,,0,0,1
2719,CAB-kitz012020,3,,0,0,1
2720,CAB-kitz012025,3,,0,0,1
2721,CAB-kitz012032,3,,0,0,1
2722,CAB-kitz012040,3,,0,0,1
2723,CAB-kitz012050,3,,0,0,1
2725,CAB-kitz013006,3,,0,0,1
2726,CAB-kitz013010,3,,0,0,1
2727,CAB-kitz013015,3,,0,0,1
2728,CAB-kitz013020,3,,0,0,1
2729,CAB-kitz013025,3,,0,0,1
2730,CAB-kitz013032,3,,0,0,1
2731,CAB-kitz013040,3,,0,0,1
2732,CAB-kitz013050,3,,0,0,1
2745,CAB-kitz016065,3,,0,0,1
2746,CAB-kitz016080,3,,0,0,1
2747,CAB-kitz016100,3,,0,0,1
2749,CAB-kitz016150,3,,0,0,1
2757,CAB-kitz019015,3,,0,0,1
2758,CAB-kitz019020,3,,0,0,1
2759,CAB-kitz019025,3,,0,0,1
2760,CAB-kitz019032,3,,0,0,1
2761,CAB-kitz019040,3,,0,0,1
2762,CAB-kitz019050,3,,0,0,1
2763,CAB-kitz019065,3,,0,0,1
2767,CAB-kitz020080,3,,0,0,1
2770,CAB-kitz021032,3,,0,0,1
2772,CAB-kitz021050,3,,0,0,1
2773,CAB-kitz021065,3,,0,0,1
2774,CAB-kitz021080,3,,0,0,1
2776,CAB-kitz021150,3,,0,0,1
2778,CAB-kitz022050,3,,0,0,1
2779,CAB-kitz022065,3,,0,0,1
2780,CAB-kitz022080,3,,0,0,1
2781,CAB-kitz022100,3,,0,0,1
2783,CAB-kitz022150,3,,0,0,1
2784,CAB-kitz022250,3,,0,0,1
2785,CAB-kitz023050,3,,0,0,1
2786,CAB-kitz023065,3,,0,0,1
2787,CAB-kitz023100,3,,0,0,1
2788,CAB-kitz023150,3,,0,0,1
2797,CAB-kitz026015,3,,0,0,1
2798,CAB-kitz026025,3,,0,0,1
2799,CAB-kitz026050,3,,0,0,1
2806,CAB-kitz028065,3,,0,0,1
2820,CAB-kitz035080,3,,0,0,1
2839,CAB-kitz125050,3,,0,0,1
2840,CAB-kitz125065,3,,0,0,1
2841,CAB-kitz125080,3,,0,0,1
2842,CAB-kitz125100,3,,0,0,1
2843,CAB-kitz125125,3,,0,0,1
2844,CAB-kitz125150,3,,0,0,1
2845,CAB-kitz125200,3,,0,0,1
2847,CAB-kitz125300,3,,0,0,1
2849,CAB-kitz126065,3,,0,0,1
2850,CAB-kitz126080,3,,0,0,1
2851,CAB-kitz126100,3,,0,0,1
2852,CAB-kitz126125,3,,0,0,1
2853,CAB-kitz126150,3,,0,0,1
2859,CAB-kitz128065,3,,0,0,1
2860,CAB-kitz128100,3,,0,0,1
2861,CAB-kitz129015,3,,0,0,1
2867,CAB-kitz800025,3,,0,0,1
2869,CAB-kkdd000006,3,,0,0,1
2870,CAB-kkkn000003,3,,0,0,1
2871,CAB-kkkn000006,3,,0,0,1
2872,CAB-kkkn000009,3,,0,0,1
2873,CAB-kkkn000015,3,,0,0,1
2874,CAB-kkkn000020,3,,0,0,1
2875,CAB-kkkn000022,3,,0,0,1
2876,CAB-kkkn000025,3,,0,0,1
2877,CAB-kkkn000032,3,,0,0,1
2878,CAB-kkkn000040,3,,0,0,1
2879,CAB-kkkn000050,3,,0,0,1
2880,CAB-kkkn000080,3,,0,0,1
2881,CAB-kmta915020,3,,0,0,1
2882,CAB-kmto001016,3,,0,0,1
2883,CAB-kmto001020,3,,0,0,1
2884,CAB-kmto002016,3,,0,0,1
2885,CAB-kmto002020,3,,0,0,1
2886,CAB-kmto003016,3,,0,0,1
2887,CAB-kmto003020,3,,0,0,1
2888,CAB-kmto003025,3,,0,0,1
2889,CAB-kmto004016,3,,0,0,1
2890,CAB-kmto004020,3,,0,0,1
2891,CAB-kmto005016,3,,0,0,1
2892,CAB-kmto005025,3,,0,0,1
2893,CAB-kmto006016,3,,0,0,1
2894,CAB-kmto006020,3,,0,0,1
2895,CAB-kmto121615,3,,0,0,1
2896,CAB-kmto121616,3,,0,0,1
2897,CAB-kmto162016,3,,0,0,1
2898,CAB-kmtr162016,3,,0,0,1
2899,CAB-kmtt162016,3,,0,0,1
2900,CAB-koik001001,3,,0,0,1
2901,CAB-kome020015,3,,0,0,1
2902,CAB-kome022015,3,,0,0,1
2903,CAB-kome025020,3,,2,2,1
2904,CAB-kome032025,3,,0,0,1
2905,CAB-kome040032,3,,0,0,1
2906,CAB-kome050040,3,,0,0,1
2907,CAB-kors000001,3,,6,35,1
2908,CAB-kors000002,3,,0,0,1
2909,CAB-kors000003,3,,0,0,1
2910,CAB-kors000004,3,,0,0,1
2912,CAB-kors000007,3,,0,0,1
2913,CAB-kors000008,3,,0,0,1
2914,CAB-kors000009,3,,0,0,1
2915,CAB-kors000013,3,,0,0,1
2916,CAB-kors000016,3,,0,0,1
2917,CAB-kors000019,3,,0,0,1
2918,CAB-kors000020,3,,0,0,1
2919,CAB-kors000025,3,,0,0,1
2920,CAB-kors006009,3,,0,0,1
2921,CAB-kors006013,3,,0,0,1
2922,CAB-kors006016,3,,0,0,1
2923,CAB-kors013009,3,,0,0,1
2925,CAB-ksss000013,3,,0,30,1
2926,CAB-ksss000016,3,,0,30,1
2927,CAB-ksss000020,3,,184,231,1
2928,CAB-ksss000022,3,,0,2,1
2929,CAB-ksss000025,3,,2,2,1
2930,CAB-ksss000032,3,,4,4,1
2931,CAB-ksss000040,3,,1,1,1
2932,CAB-ksss000050,3,,2,2,1
2933,CAB-ksss000065,3,,2,2,1
2934,CAB-ksss000080,3,,0,0,1
2935,CAB-ksss000089,3,,0,0,1
2936,CAB-ksss000112,3,,2,2,1
2937,CAB-ksss000125,3,,0,0,1
2938,CAB-ksss000165,3,,0,0,1
2939,CAB-ksss000175,3,,0,0,1
2940,CAB-ksss000200,3,,0,0,1
2941,CAB-ksss000250,3,,0,0,1
2942,CAB-ksss000300,3,,0,0,1
2943,CAB-lelb008008,3,,0,0,1
2944,CAB-lelb009009,3,,6,0,1
2945,CAB-lelb013013,3,,0,0,1
2946,CAB-lelb016016,3,,5,0,1
2947,CAB-lelb019019,3,,10,10,1
2948,CAB-lelb022022,3,,0,6,1
2949,CAB-lelb028028,3,,0,3,1
2950,CAB-lelb035035,3,,0,9,1
2951,CAB-lelb042042,3,,0,0,1
2952,CAB-lelb054054,3,,0,1,1
2953,CAB-lelb067067,3,,0,0,1
2954,CAB-lelb076076,3,,0,0,1
2955,CAB-lelb108108,3,,0,0,1
2956,CAB-lelb153153,3,,0,0,1
2957,CAB-lini000000,3,,0,0,1
2958,CAB-lini004060,3,,0,0,1
2959,CAB-lini004090,3,,0,0,1
2960,CAB-lini004100,3,,0,0,1
2961,CAB-lini004120,3,,0,0,1
2962,CAB-lini008060,3,,0,0,1
2963,CAB-lini008080,3,,0,0,1
2964,CAB-lini008090,3,,0,0,1
2965,CAB-lini008100,3,,0,0,1
2966,CAB-lini008120,3,,0,0,1
2967,CAB-lini015200,3,,0,0,1
2969,CAB-love000000,3,,0,0,1
2970,CAB-love020010,3,,0,0,1
2971,CAB-love020020,3,,0,0,1
2972,CAB-love021090,3,,0,0,1
2973,CAB-love025025,3,,0,0,1
2974,CAB-love030025,3,,0,0,1
2975,CAB-love030030,3,,0,0,1
2976,CAB-love035035,3,,0,0,1
2977,CAB-love040020,3,,0,0,1
2978,CAB-love040035,3,,0,0,1
2979,CAB-love045035,3,,0,0,1
2980,CAB-love045045,3,,0,0,1
2981,CAB-love050020,3,,0,0,1
2982,CAB-love050025,3,,0,0,1
2983,CAB-love055040,3,,0,0,1
2984,CAB-love060025,3,,0,0,1
2985,CAB-love060060,3,,0,0,1
2986,CAB-love120050,3,,0,0,1
2988,CAB-macu015013,3,,0,0,1
2989,CAB-macu015016,3,,0,0,1
2990,CAB-macu015019,3,,0,0,1
2994,CAB-macu020016,3,,0,0,1
2995,CAB-macu020019,3,,0,0,1
2996,CAB-macu020022,3,,0,0,1
2997,CAB-macu020025,3,,0,0,1
3000,CAB-macu025022,3,,0,0,1
3001,CAB-macu025025,3,,0,0,1
3002,CAB-macu025028,3,,0,0,1
3003,CAB-macu025032,3,,0,0,1
3004,CAB-macu025035,3,,0,0,1
3005,CAB-macu032022,3,,0,0,1
3006,CAB-macu032028,3,,0,0,1
3007,CAB-macu032032,3,,0,0,1
3008,CAB-macu032035,3,,0,0,1
3009,CAB-macu040022,3,,0,0,1
3010,CAB-macu040042,3,,0,0,1
3011,CAB-macu050022,3,,0,0,1
3012,CAB-macu050042,3,,0,0,1
3013,CAB-macu050054,3,,0,0,1
3014,CAB-macu065067,3,,1,1,1
3015,CAB-macu080080,3,,0,0,1
3016,CAB-macu100100,3,,0,0,1
3017,CAB-macu106009,3,,0,0,1
3018,CAB-macu115013,3,,255,374,1
3019,CAB-macu115016,3,,128,146,1
3020,CAB-macu115019,3,,1,1,1
3021,CAB-macu120016,3,,0,2,1
3022,CAB-macu120019,3,,0,4,1
3023,CAB-macu120022,3,,0,0,1
3024,CAB-macu125028,3,,5,5,1
3025,CAB-macu132035,3,,0,0,1
3026,CAB-macu140042,3,,0,0,1
3027,CAB-macu150054,3,,0,0,1
3028,CAB-macu165067,3,,0,0,1
3029,CAB-macu180080,3,,0,0,1
3030,CAB-mast002006,3,,0,0,1
3031,CAB-mast002008,3,,0,0,1
3032,CAB-mast002010,3,,0,0,1
3033,CAB-mccc003005,3,,12,12,1
3034,CAB-mccc003006,3,,2,4,1
3035,CAB-mccc003008,3,,6,6,1
3036,CAB-mccc003009,3,,0,0,1
3038,CAB-mccc006005,3,,5,5,1
3039,CAB-mccc006006,3,,53,69,1
3040,CAB-mccc006008,3,,0,0,1
3041,CAB-mccc006010,3,,29,55,1
3042,CAB-mccc006011,3,,0,0,1
3043,CAB-mccc006013,3,,5,0,1
3044,CAB-mccc006016,3,,0,0,1
3045,CAB-mccc009005,3,,0,18,1
3046,CAB-mccc009006,3,,0,0,1
3047,CAB-mccc009008,3,,35,36,1
3048,CAB-mccc009009,3,,78,98,1
3049,CAB-mccc009010,3,,4,4,1
3050,CAB-mccc009013,3,,0,0,1
3051,CAB-mccc009016,3,,0,0,1
3053,CAB-mccc015005,3,,35,0,1
3054,CAB-mccc015006,3,,3,28,1
3055,CAB-mccc015008,3,,35,40,1
3056,CAB-mccc015009,3,,54,82,1
3057,CAB-mccc015010,3,,0,0,1
3058,CAB-mccc015012,3,,0,0,1
3059,CAB-mccc015013,3,,84,116,1
3060,CAB-mccc015016,3,,5,9,1
3061,CAB-mccc015019,3,,0,0,1
3062,CAB-mccc015022,3,,77,0,1
3063,CAB-mccc020010,3,,0,0,1
3064,CAB-mccc020013,3,,0,0,1
3065,CAB-mccc020016,3,,0,0,1
3066,CAB-mccc020019,3,,0,25,1
3067,CAB-mccc020022,3,,0,0,1
3068,CAB-mccc025028,3,,0,0,1
3069,CAB-mccc032035,3,,0,0,1
3070,CAB-mccc040042,3,,0,0,1
3071,CAB-mccc050054,3,,0,0,1
3072,CAB-mcfl003006,3,,24,24,1
3074,CAB-mcfl003008,3,,0,0,1
3075,CAB-mcfl003009,3,,0,0,1
3076,CAB-mcfl006005,3,,2,2,1
3077,CAB-mcfl006006,3,,26,26,1
3078,CAB-mcfl006007,3,,18,25,1
3079,CAB-mcfl006008,3,,6,16,1
3080,CAB-mcfl006009,3,,0,9,1
3081,CAB-mcfl006013,3,,0,0,1
3082,CAB-mcfl009006,3,,7,10,1
3083,CAB-mcfl009009,3,,9,9,1
3084,CAB-mcfl009013,3,,0,0,1
3086,CAB-mcfl015006,3,,15,17,1
3087,CAB-mcfl015008,3,,0,0,1
3088,CAB-mcfl015009,3,,8,8,1
3089,CAB-mcfl015013,3,,2,2,1
3090,CAB-mcfl015016,3,,1,1,1
3091,CAB-mcfl015019,3,,0,0,1
3092,CAB-mcfl020008,3,,0,0,1
3093,CAB-mcfl020013,3,,0,0,1
3094,CAB-mcfl020016,3,,0,0,1
3095,CAB-mcfl020019,3,,1,1,1
3096,CAB-mcvv000100,3,,0,0,1
3097,CAB-mcvv000150,3,,0,0,1
3098,CAB-mecc005006,3,,0,0,1
3099,CAB-mecc006006,3,,0,0,1
3100,CAB-mecc009009,3,,0,0,1
3101,CAB-mecc013015,3,,0,0,1
3102,CAB-mefl005006,3,,7,7,1
3103,CAB-mitz001040,3,,0,0,1
3104,CAB-mitz001050,3,,0,0,1
3105,CAB-mitz001065,3,,0,0,1
3106,CAB-mitz001080,3,,0,0,1
3107,CAB-mitz001100,3,,0,0,1
3108,CAB-mitz002065,3,,0,0,1
3109,CAB-mitz002080,3,,0,0,1
3110,CAB-mitz002100,3,,0,0,1
3111,CAB-mitz002125,3,,0,0,1
3112,CAB-mitz002150,3,,0,0,1
3113,CAB-mitz002200,3,,0,0,1
3114,CAB-mizu001032,3,,0,0,1
3115,CAB-mizu001040,3,,0,0,1
3116,CAB-mizu001050,3,,0,0,1
3117,CAB-mizu001065,3,,0,0,1
3118,CAB-mizu001100,3,,0,0,1
3119,CAB-mizu002065,3,,0,0,1
3120,CAB-mizu002080,3,,0,0,1
3121,CAB-mizu002100,3,,0,0,1
3122,CAB-mizu002125,3,,0,0,1
3123,CAB-mizu002150,3,,0,0,1
3124,CAB-mizu002200,3,,0,0,1
3125,CAB-mizu002250,3,,0,0,1
3126,CAB-mizu002300,3,,0,0,1
3127,CAB-mizu003040,3,,0,0,1
3128,CAB-mizu003050,3,,0,0,1
3129,CAB-mizu003065,3,,0,0,1
3130,CAB-mizu003080,3,,0,0,1
3131,CAB-mizu003100,3,,0,0,1
3132,CAB-mizu004065,3,,0,0,1
3133,CAB-mizu004080,3,,0,0,1
3134,CAB-mizu004100,3,,0,0,1
3135,CAB-mizu004125,3,,0,0,1
3136,CAB-mizu004150,3,,0,0,1
3137,CAB-mizu004200,3,,0,0,1
3138,CAB-mizu004250,3,,0,0,1
3139,CAB-mizu004300,3,,0,0,1
3140,CAB-modu001004,3,,0,0,1
3141,CAB-modu001005,3,,0,0,1
3142,CAB-modu001006,3,,0,0,1
3143,CAB-modu001007,3,,0,0,1
3144,CAB-modu001008,3,,0,0,1
3145,CAB-modu001010,3,,0,0,1
3146,CAB-modu001012,3,,0,0,1
3147,CAB-modu001014,3,,0,0,1
3148,CAB-modu001016,3,,0,0,1
3149,CAB-modu001018,3,,0,0,1
3150,CAB-modu002004,3,,0,0,1
3151,CAB-modu002005,3,,0,0,1
3152,CAB-modu002006,3,,0,0,1
3153,CAB-modu002008,3,,0,0,1
3154,CAB-modu002009,3,,0,0,1
3155,CAB-modu002010,3,,0,2,1
3156,CAB-modu002012,3,,0,0,1
3157,CAB-modu002014,3,,0,0,1
3158,CAB-modu002016,3,,0,0,1
3159,CAB-modu002018,3,,0,0,1
3160,CAB-modu003004,3,,0,0,1
3161,CAB-modu003008,3,,0,0,1
3162,CAB-modu003010,3,,0,0,1
3163,CAB-modu003016,3,,0,0,1
3164,CAB-msdu165015,3,,0,0,1
3165,CAB-msdu165076,3,,0,0,1
3166,CAB-muni015016,3,,0,0,1
3167,CAB-muni015022,3,,0,0,1
3168,CAB-muni020022,3,,0,0,1
3169,CAB-muni025028,3,,0,0,1
3170,CAB-muni032035,3,,0,0,1
3171,CAB-muni040042,3,,0,0,1
3172,CAB-muni050054,3,,0,0,1
3173,CAB-muni065067,3,,0,0,1
3174,CAB-mura300100,3,,0,0,1
3175,CAB-mura400050,3,,0,0,1
3176,CAB-mura400100,3,,0,0,1
3177,CAB-ndvc005015,3,,0,0,1
3178,CAB-nepe001006,3,,0,0,1
3179,CAB-nepe001008,3,,0,0,1
3180,CAB-nepe001009,3,,8,9,1
3181,CAB-nepe001013,3,,0,0,1
3182,CAB-nepe001016,3,,0,0,1
3183,CAB-nepe001019,3,,0,0,1
3184,CAB-nepe002006,3,,0,0,1
3185,CAB-nepe002010,3,,0,0,1
3186,CAB-nepe002013,3,,0,16,1
3187,CAB-nepe002019,3,,0,0,1
3188,CAB-nepe002025,3,,0,0,1
3189,CAB-nepe002032,3,,0,0,1
3190,CAB-nepe002040,3,,0,0,1
3191,CAB-nepe002050,3,,0,0,1
3192,CAB-nepe002100,3,,0,0,1
3193,CAB-nepe003001,3,,0,0,1
3194,CAB-nepe004006,3,,0,0,1
3195,CAB-nepe900001,3,,0,1,1
3196,CAB-nepe900002,3,,0,0,1
3197,CAB-100008900003,3,,0,0,1
3198,CAB-nepe900004,3,,0,0,1
3202,CAB-nepe900008,3,,0,0,1
3204,CAB-nepe900010,3,,0,0,1
3213,CAB-nepe900019,3,,0,0,1
3214,CAB-nepe900020,3,,0,0,1
3215,CAB-nepe900021,3,,0,0,1
3216,CAB-nepe900022,3,,0,0,1
3217,CAB-nepe900023,3,,0,0,1
3218,CAB-nepe900024,3,,71,86,1
3219,CAB-nepe900025,3,,5,5,1
3220,CAB-nepe900026,3,,0,0,1
3221,CAB-nepe900027,3,,0,1,1
3224,CAB-nepe900030,3,,34,34,1
3226,CAB-nepe900032,3,,13,13,1
3227,CAB-nepe900033,3,,0,0,1
3232,CAB-nepe900038,3,,0,0,1
3233,CAB-nepe900039,3,,0,0,1
3235,CAB-nepe900041,3,,0,0,1
3236,CAB-nepe900042,3,,0,0,1
3237,CAB-nepe900043,3,,0,0,1
3238,CAB-nepe900044,3,,0,0,1
3239,CAB-nepe900045,3,,2,2,1
3240,CAB-nepe900046,3,,0,0,1
3241,CAB-nepe900047,3,,0,0,1
3242,CAB-nepe900048,3,,0,0,1
3243,CAB-nepe900049,3,,0,0,1
3244,CAB-nepe900050,3,,1,1,1
3245,CAB-nepe900051,3,,0,0,1
3246,CAB-nepe900052,3,,0,0,1
3247,CAB-nepe900053,3,,4,6,1
3248,CAB-nepe900054,3,,4,6,1
3249,CAB-nepe900055,3,,0,0,1
3250,CAB-nepe900056,3,,0,0,1
3252,CAB-nepe900058,3,,0,0,1
3258,CAB-nepe900064,3,,0,0,1
3259,CAB-NEPE900065,3,,0,0,1
3260,CAB-nepe900066,3,,4,4,1
3261,CAB-nepe900067,3,,0,0,1
3262,CAB-nepe901000,3,,0,0,1
3267,CAB-nepe901005,3,,50,57,1
3268,CAB-nepe901006,3,,7,9,1
3270,CAB-nepe901008,3,,9,9,1
3272,CAB-nepe901010,3,,0,0,1
3275,CAB-nepe901013,3,,0,1,1
3276,CAB-nibc001006,3,,0,0,1
3277,CAB-nibc001009,3,,0,0,1
3278,CAB-nibc001013,3,,0,0,1
3279,CAB-nibc001016,3,,0,0,1
3280,CAB-nibc001019,3,,0,0,1
3281,CAB-nibc001022,3,,0,0,1
3282,CAB-nibc001028,3,,0,0,1
3283,CAB-nibc001035,3,,0,0,1
3284,CAB-nibc001042,3,,0,0,1
3285,CAB-nibc001054,3,,0,0,1
3286,CAB-nibc001067,3,,0,0,1
3287,CAB-nibc001080,3,,0,0,1
3288,CAB-nibc001104,3,,0,0,1
3289,CAB-nibc002013,3,,0,0,1
3290,CAB-nibc002016,3,,13,13,1
3291,CAB-nibc002019,3,,0,0,1
3292,CAB-nibc002022,3,,0,0,1
3293,CAB-nibc002028,3,,0,0,1
3294,CAB-nibc002035,3,,0,0,1
3295,CAB-nibc002042,3,,0,0,1
3296,CAB-nibc002054,3,,0,0,1
3297,CAB-nibc003013,3,,0,0,1
3298,CAB-nibc003016,3,,0,0,1
3299,CAB-nibc003022,3,,0,0,1
3300,CAB-nibc003028,3,,0,0,1
3301,CAB-nibc003035,3,,0,0,1
3302,CAB-nibc003042,3,,0,0,1
3303,CAB-nibc003054,3,,0,0,1
3304,CAB-nibc004016,3,,0,0,1
3305,CAB-nibc004022,3,,0,0,1
3306,CAB-nibc004028,3,,0,0,1
3307,CAB-nibc005006,3,,0,0,1
3308,CAB-nibc005009,3,,0,0,1
3309,CAB-nibc005013,3,,0,0,1
3310,CAB-nibc005016,3,,0,0,1
3311,CAB-nibc005019,3,,0,0,1
3312,CAB-nibc005022,3,,0,0,1
3313,CAB-nibc005028,3,,0,0,1
3314,CAB-nibc005035,3,,0,0,1
3315,CAB-nibc005042,3,,0,0,1
3316,CAB-nibc005054,3,,0,0,1
3317,CAB-nibc005067,3,,0,0,1
3318,CAB-nibc005080,3,,0,0,1
3319,CAB-nibc005104,3,,0,0,1
3320,CAB-nibc006006,3,,0,0,1
3321,CAB-nibc006009,3,,0,0,1
3322,CAB-nibc006013,3,,0,0,1
3323,CAB-nibc006016,3,,0,0,1
3324,CAB-nibc006019,3,,0,0,1
3325,CAB-nibc006022,3,,0,0,1
3326,CAB-nibc006028,3,,0,0,1
3327,CAB-nibc006035,3,,0,0,1
3328,CAB-nibc006042,3,,0,0,1
3329,CAB-nibc006054,3,,0,0,1
3330,CAB-nibc006067,3,,0,0,1
3331,CAB-nibc006080,3,,0,0,1
3332,CAB-nibc006104,3,,0,0,1
3333,CAB-nibc007013,3,,0,0,1
3334,CAB-nibc007016,3,,0,0,1
3335,CAB-nibc007022,3,,0,0,1
3336,CAB-nibc007028,3,,0,14,1
3337,CAB-nibc007035,3,,0,0,1
3338,CAB-nibc007042,3,,0,0,1
3339,CAB-nibc007054,3,,0,0,1
3340,CAB-nibc007067,3,,0,0,1
3341,CAB-nibc007080,3,,0,0,1
3342,CAB-nibc008016,3,,0,0,1
3343,CAB-nibc045013,3,,0,0,1
3344,CAB-nibc045016,3,,0,0,1
3345,CAB-nibc045022,3,,0,0,1
3346,CAB-nibc045028,3,,0,0,1
3347,CAB-nibc045035,3,,0,0,1
3348,CAB-nibc045042,3,,0,0,1
3349,CAB-nibc045054,3,,0,0,1
3350,CAB-nibc045067,3,,0,0,1
3351,CAB-nibc045080,3,,0,0,1
3352,CAB-nibc045100,3,,0,0,1
3356,CAB-nibr013009,3,,0,0,1
3357,CAB-nibr016013,3,,0,0,1
3358,CAB-nibr019013,3,,0,0,1
3359,CAB-nibr019016,3,,0,0,1
3360,CAB-nibr022016,3,,0,0,1
3361,CAB-nibr028016,3,,0,0,1
3362,CAB-nibr028019,3,,0,0,1
3363,CAB-nibr028022,3,,0,0,1
3364,CAB-nibr035016,3,,0,0,1
3365,CAB-nibr035022,3,,0,0,1
3366,CAB-nibr035028,3,,0,0,1
3367,CAB-nibr042016,3,,0,0,1
3368,CAB-nibr042022,3,,0,0,1
3369,CAB-nibr042028,3,,0,0,1
3370,CAB-nibr042035,3,,0,0,1
3371,CAB-nibr054016,3,,0,0,1
3372,CAB-nibr054022,3,,0,0,1
3373,CAB-nibr054028,3,,0,0,1
3374,CAB-nibr054035,3,,0,0,1
3375,CAB-nibr054042,3,,0,1,1
3376,CAB-nibr067035,3,,0,0,1
3377,CAB-nibr067042,3,,0,0,1
3378,CAB-nibr067054,3,,0,0,1
3379,CAB-nibr080042,3,,0,0,1
3380,CAB-nibr080054,3,,0,0,1
3381,CAB-nibr080067,3,,0,0,1
3382,CAB-nibr104067,3,,0,0,1
3383,CAB-nibr104080,3,,0,0,1
3384,CAB-nibt013009,3,,0,0,1
3385,CAB-nibt016013,3,,0,0,1
3386,CAB-nibt019013,3,,0,0,1
3387,CAB-nibt019016,3,,0,0,1
3388,CAB-nibt022016,3,,0,0,1
3389,CAB-nibt028016,3,,0,0,1
3390,CAB-nibt028022,3,,0,0,1
3391,CAB-nibt035016,3,,0,0,1
3392,CAB-nibt035022,3,,0,0,1
3393,CAB-nibt035028,3,,0,0,1
3394,CAB-nibt042016,3,,0,0,1
3395,CAB-nibt042022,3,,0,0,1
3396,CAB-nibt042028,3,,0,0,1
3397,CAB-nibt042035,3,,0,0,1
3398,CAB-nibt054016,3,,0,0,1
3399,CAB-nibt054022,3,,0,0,1
3400,CAB-nibt054028,3,,0,0,1
3401,CAB-nibt054035,3,,0,0,1
3402,CAB-nibt054042,3,,0,0,1
3403,CAB-nibt067028,3,,0,0,1
3404,CAB-nibt067035,3,,0,0,1
3405,CAB-nibt067042,3,,0,0,1
3406,CAB-nibt067054,3,,0,0,1
3407,CAB-nibt080042,3,,0,0,1
3408,CAB-nibt080054,3,,0,0,1
3409,CAB-nibt080067,3,,0,0,1
3410,CAB-nibt104054,3,,0,0,1
3411,CAB-nibt104067,3,,0,0,1
3412,CAB-nibt104080,3,,0,0,1
3413,CAB-nkop000003,3,,0,0,1
3414,CAB-nkop000006,3,,10,10,1
3415,CAB-nkop000007,3,,1,2,1
3416,CAB-nkop000008,3,,8,9,1
3417,CAB-nkop000009,3,,2,4,1
3418,CAB-nkop000015,3,,0,0,1
3419,CAB-nkop000020,3,,0,0,1
3420,CAB-nkop000025,3,,0,0,1
3421,CAB-npac000006,3,,0,0,1
3422,CAB-npac000009,3,,0,0,1
3423,CAB-npac000013,3,,0,0,1
3424,CAB-npac000016,3,,0,0,1
3425,CAB-npac000019,3,,0,0,1
3426,CAB-nput000006,3,,0,0,1
3427,CAB-nput000008,3,,5,1,1
3428,CAB-nput000010,3,,9,1,1
3429,CAB-nput000012,3,,0,0,1
3430,CAB-nput000016,3,,0,0,1
3431,CAB-nsbs025025,3,,0,0,1
3432,CAB-nsbs032032,3,,0,0,1
3433,CAB-nsbs040040,3,,0,0,1
3434,CAB-nsbs050050,3,,0,0,1
3435,CAB-nsbs065065,3,,0,0,1
3436,CAB-nsbs080080,3,,0,0,1
3437,CAB-nsbs100100,3,,0,0,1
3438,CAB-nscr040040,3,,0,0,1
3439,CAB-nscr050050,3,,0,0,1
3440,CAB-nscr065065,3,,0,0,1
3441,CAB-nscr080080,3,,0,0,1
3442,CAB-nskn003003,3,,0,0,1
3443,CAB-nskn003006,3,,0,0,1
3444,CAB-nskn003008,3,,0,0,1
3445,CAB-nskn003009,3,,196,0,1
3446,CAB-nskn003013,3,,0,0,1
3447,CAB-nskn006003,3,,0,0,1
3448,CAB-nskn006006,3,,66,69,1
3449,CAB-nskn006008,3,,5,5,1
3450,CAB-nskn006009,3,,3,4,1
3451,CAB-nskn006013,3,,0,0,1
3452,CAB-nskn009006,3,,0,0,1
3453,CAB-nskn009008,3,,0,0,1
3454,CAB-nskn009009,3,,3,2,1
3455,CAB-nskn009013,3,,0,0,1
3456,CAB-nskn009016,3,,0,0,1
3457,CAB-nskn015006,3,,6,6,1
3458,CAB-nskn015008,3,,1,1,1
3459,CAB-nskn015009,3,,69,110,1
3460,CAB-nskn015013,3,,12,12,1
3461,CAB-nskn015016,3,,0,0,1
3462,CAB-nskn015019,3,,3,0,1
3463,CAB-nskn020006,3,,3,23,1
3464,CAB-nskn020008,3,,0,0,1
3465,CAB-nskn020009,3,,0,0,1
3466,CAB-nskn020013,3,,1,0,1
3467,CAB-nskn020016,3,,0,0,1
3468,CAB-nskn020019,3,,2,2,1
3469,CAB-nskn020025,3,,0,0,1
3470,CAB-nskn025009,3,,0,0,1
3471,CAB-nskn025015,3,,0,0,1
3472,CAB-nskn025016,3,,0,0,1
3473,CAB-nskn025019,3,,0,0,1
3474,CAB-nskn025025,3,,0,0,1
3475,CAB-nskn025032,3,,0,0,1
3476,CAB-nskn032025,3,,0,0,1
3477,CAB-nskn032032,3,,0,0,1
3478,CAB-nskn032040,3,,0,0,1
3479,CAB-nskn040015,3,,0,0,1
3480,CAB-nskn040025,3,,0,0,1
3481,CAB-nskn040032,3,,0,0,1
3482,CAB-nskn040040,3,,0,0,1
3483,CAB-nskn050025,3,,0,0,1
3484,CAB-nskn050032,3,,0,0,1
3485,CAB-nskn050040,3,,0,0,1
3486,CAB-nskn050050,3,,0,0,1
3487,CAB-nskn103009,3,,202,0,1
3488,CAB-nskn115013,3,,0,0,1
3489,CAB-nskn120013,3,,0,0,1
3490,CAB-nskn120016,3,,0,0,1
3491,CAB-nspc006003,3,,0,0,1
3492,CAB-nspc006006,3,,0,0,1
3493,CAB-nspc006009,3,,0,0,1
3494,CAB-nspc006015,3,,0,0,1
3495,CAB-nspc008003,3,,0,0,1
3496,CAB-nspc008006,3,,0,0,1
3497,CAB-nspc008009,3,,0,0,1
3498,CAB-nspc008015,3,,0,0,1
3499,CAB-nspc010003,3,,0,0,1
3500,CAB-nspc010006,3,,0,0,1
3501,CAB-nspc010009,3,,0,0,1
3502,CAB-nspc010015,3,,0,0,1
3503,CAB-nspc012006,3,,0,0,1
3504,CAB-nspc012009,3,,0,0,1
3505,CAB-nspc012015,3,,0,0,1
3506,CAB-nspy001006,3,,2,0,1
3507,CAB-nuac001006,3,,0,0,1
3508,CAB-nuac001009,3,,2,0,1
3509,CAB-nuac001013,3,,1,1,1
3510,CAB-nuac001016,3,,0,0,1
3511,CAB-nuac001019,3,,4,4,1
3512,CAB-nuac002006,3,,0,0,1
3513,CAB-nuac002009,3,,194,4,1
3514,CAB-nuac002013,3,,0,0,1
3515,CAB-nuac002016,3,,0,0,1
3516,CAB-nuac002019,3,,0,0,1
3517,CAB-nuac003006,3,,203,225,1
3518,CAB-nuac003009,3,,55,285,1
3519,CAB-nuac003013,3,,118,102,1
3520,CAB-nuac003016,3,,158,190,1
3521,CAB-nuac003019,3,,31,26,1
3523,CAB-olis001003,3,,0,0,1
3524,CAB-olis001004,3,,0,0,1
3525,CAB-olis001005,3,,0,0,1
3526,CAB-olis002003,3,,0,0,1
3527,CAB-olis002004,3,,2,2,1
3528,CAB-olis002005,3,,0,0,1
3529,CAB-olis003001,3,,0,0,1
3530,CAB-olis003002,3,,0,0,1
3531,CAB-olis003003,3,,0,0,1
3532,CAB-olis003004,3,,0,0,1
3533,CAB-olis003006,3,,0,0,1
3534,CAB-olis003007,3,,0,0,1
3535,CAB-olis004003,3,,0,0,1
3536,CAB-olis004004,3,,0,0,1
3537,CAB-olis004005,3,,0,0,1
3538,CAB-onda001050,3,,0,0,1
3539,CAB-onda001065,3,,0,0,1
3540,CAB-onda001100,3,,0,0,1
3541,CAB-onda001150,3,,0,0,1
3542,CAB-onda002015,3,,0,0,1
3543,CAB-onda002025,3,,0,0,1
3544,CAB-onda002032,3,,0,0,1
3545,CAB-onda002040,3,,0,0,1
3546,CAB-onda002050,3,,0,0,1
3547,CAB-onda002065,3,,0,0,1
3548,CAB-onda002080,3,,0,0,1
3549,CAB-onda002100,3,,0,0,1
3550,CAB-onda003150,3,,0,0,1
3551,CAB-onda004015,3,,0,0,1
3552,CAB-onda004020,3,,0,0,1
3553,CAB-onda004025,3,,0,0,1
3554,CAB-onda004050,3,,0,0,1
3555,CAB-onda005015,3,,0,0,1
3556,CAB-onda006020,3,,0,0,1
3557,CAB-onda006025,3,,0,0,1
3558,CAB-onda007015,3,,0,0,1
3559,CAB-onda007020,3,,0,0,1
3560,CAB-onda007032,3,,0,0,1
3561,CAB-onda008050,3,,0,0,1
3564,CAB-pace006009,3,,0,0,1
3565,CAB-pace006013,3,,0,0,1
3566,CAB-pace006016,3,,0,0,1
3567,CAB-pace009016,3,,0,0,1
3568,CAB-pace106009,3,,0,0,1
3569,CAB-pace106013,3,,0,0,1
3570,CAB-pace106016,3,,0,0,1
3571,CAB-pace109013,3,,0,0,1
3572,CAB-pace109016,3,,0,0,1
3573,CAB-pace109019,3,,0,0,1
3576,CAB-pace206016,3,,0,0,1
3577,CAB-pace209016,3,,0,0,1
3578,CAB-pace209019,3,,0,0,1
3579,CAB-pace213019,3,,0,0,1
3580,CAB-pace213119,3,,0,0,1
3612,CAB-pacr009006,3,,0,0,1
3613,CAB-pacr009010,3,,0,0,1
3614,CAB-pacr009012,3,,0,0,1
3615,CAB-pacr012016,3,,0,0,1
3616,CAB-pacr016020,3,,0,0,1
3617,CAB-pacr091212,3,,0,0,1
3618,CAB-pacr091216,3,,0,0,1
3619,CAB-pacr091218,3,,0,0,1
3620,CAB-pacr091220,3,,0,0,1
3621,CAB-pacr121616,3,,0,0,1
3622,CAB-pacr121617,3,,0,0,1
3623,CAB-pacr162014,3,,0,0,1
3624,CAB-pacr162015,3,,0,0,1
3625,CAB-pacr162020,3,,0,0,1
3626,CAB-pacr162021,3,,0,0,1
3627,CAB-pacr713019,3,,0,0,1
3628,CAB-pdkn100003,3,,0,0,1
3629,CAB-pdkn100006,3,,9,15,1
3630,CAB-pdkn100009,3,,0,0,1
3631,CAB-pdkn100015,3,,4,30,1
3632,CAB-pdkn100020,3,,0,0,1
3633,CAB-pdkn100025,3,,0,0,1
3634,CAB-peal001014,3,,0,0,1
3635,CAB-peal001216,3,,0,0,1
3636,CAB-peal001620,3,,0,0,1
3637,CAB-peal002025,3,,0,0,1
3638,CAB-peal002632,3,,0,0,1
3639,CAB-peal003240,3,,0,0,1
3640,CAB-peed121615,3,,3,9,1
3641,CAB-peed162015,3,,0,0,1
3642,CAB-peed162020,3,,0,0,1
3643,CAB-peed202516,3,,0,0,1
3644,CAB-peed202520,3,,0,0,1
3645,CAB-peed202525,3,,0,0,1
3646,CAB-peed253225,3,,0,0,1
3647,CAB-peed253232,3,,0,0,1
3648,CAB-peed324025,3,,0,0,1
3649,CAB-peed324040,3,,0,0,1
3650,CAB-peel121615,3,,2,7,1
3651,CAB-peel162015,3,,1,0,1
3652,CAB-peel162020,3,,0,0,1
3653,CAB-peel202525,3,,0,0,1
3654,CAB-peet001216,3,,2,8,1
3655,CAB-peet001620,3,,1,1,1
3656,CAB-peet002025,3,,1,0,1
3657,CAB-peet002532,3,,0,0,1
3658,CAB-peet003240,3,,0,0,1
3659,CAB-peet004150,3,,0,0,1
3660,CAB-pefa091206,3,,0,0,1
3661,CAB-pefa091215,3,,0,0,1
3662,CAB-pefa121615,3,,9,9,1
3663,CAB-pefa121620,3,,0,0,1
3664,CAB-pefa162015,3,,9,9,1
3665,CAB-pefa162016,3,,0,0,1
3666,CAB-pefa162020,3,,3,0,1
3667,CAB-pefa202515,3,,0,0,1
3668,CAB-pefa202520,3,,0,0,1
3669,CAB-pefa202525,3,,0,5,1
3670,CAB-pefa253220,3,,0,0,1
3671,CAB-pefa253225,3,,0,0,1
3672,CAB-pefa253232,3,,0,0,1
3673,CAB-pefa324025,3,,0,0,1
3674,CAB-pefa324040,3,,0,0,1
3675,CAB-pefa415025,3,,0,0,1
3676,CAB-peft121615,3,,0,0,1
3677,CAB-peft162015,3,,0,0,1
3678,CAB-peft162020,3,,0,0,1
3679,CAB-peft202515,3,,0,0,1
3680,CAB-peft202525,3,,0,0,1
3681,CAB-peft263215,3,,0,0,1
3682,CAB-peft263220,3,,0,0,1
3683,CAB-peft263225,3,,0,0,1
3684,CAB-peft324020,3,,0,0,1
3685,CAB-peft324025,3,,0,0,1
3686,CAB-peft415020,3,,0,0,1
3687,CAB-peft415025,3,,0,0,1
3688,CAB-pell001216,3,,0,5,1
3689,CAB-pell001620,3,,5,0,1
3690,CAB-pell002025,3,,0,0,1
3691,CAB-pell002532,3,,0,0,1
3692,CAB-pell003240,3,,0,0,1
3693,CAB-pell004150,3,,0,0,1
3694,CAB-pell201216,3,,0,0,1
3695,CAB-pema121615,3,,13,13,1
3696,CAB-pema121620,3,,1,0,1
3697,CAB-pema162015,3,,16,14,1
3698,CAB-pema162020,3,,1,1,1
3699,CAB-pema162025,3,,0,0,1
3700,CAB-pema202515,3,,0,0,1
3701,CAB-pema202520,3,,0,0,1
3702,CAB-pema202525,3,,2,2,1
3703,CAB-pema253220,3,,0,0,1
3704,CAB-pema253225,3,,0,0,1
3705,CAB-pema253232,3,,0,0,1
3706,CAB-pema253240,3,,0,0,1
3707,CAB-pema324025,3,,0,0,1
3708,CAB-pema324040,3,,0,0,1
3709,CAB-pema415050,3,,0,0,1
3710,CAB-pemt121615,3,,0,0,1
3711,CAB-pemt162020,3,,0,0,1
3712,CAB-pepc500075,3,,0,0,1
3713,CAB-pepd020015,3,,0,0,1
3714,CAB-pepd025015,3,,0,0,1
3715,CAB-pepd025020,3,,0,0,1
3716,CAB-pepd032025,3,,0,0,1
3717,CAB-pepd063050,3,,0,0,1
3718,CAB-pepf001050,3,,0,0,1
3719,CAB-pepf001063,3,,0,0,1
3720,CAB-pepf001075,3,,0,0,1
3721,CAB-pepf001080,3,,0,0,1
3722,CAB-pepf001110,3,,0,0,1
3723,CAB-pepl020015,3,,0,0,1
3724,CAB-pepl025020,3,,0,0,1
3725,CAB-pepl032025,3,,0,0,1
3726,CAB-pepl040032,3,,0,0,1
3727,CAB-pepl050040,3,,0,0,1
3728,CAB-pepl063050,3,,0,0,1
3729,CAB-pepp010020,3,,0,0,1
3730,CAB-pepp010025,3,,0,0,1
3731,CAB-pepp010032,3,,0,0,1
3732,CAB-pepp010040,3,,0,0,1
3733,CAB-pepp010050,3,,0,0,1
3734,CAB-pepp010063,3,,0,0,1
3735,CAB-pepp010075,3,,0,0,1
3736,CAB-pepp010090,3,,0,0,1
3737,CAB-pepp011216,3,,0,0,1
3738,CAB-pepp011620,3,,1,1,1
3739,CAB-pepp012025,3,,0,0,1
3740,CAB-pepp012532,3,,0,0,1
3741,CAB-pepp014150,3,,0,0,1
3742,CAB-pepp021216,3,,4,8,1
3743,CAB-pepp021620,3,,0,0,1
3744,CAB-pepp022025,3,,5,5,1
3745,CAB-pepp022532,3,,0,0,1
3746,CAB-pepp023240,3,,0,0,1
3747,CAB-pepp024150,3,,0,0,1
3748,CAB-pepp031216,3,,45,46,1
3749,CAB-pepp031620,3,,0,0,1
3750,CAB-pepp032025,3,,0,0,1
3751,CAB-pepp041216,3,,0,0,1
3752,CAB-pepp041620,3,,0,0,1
3753,CAB-pepp051215,3,,0,0,1
3754,CAB-pepp051620,3,,0,0,1
3755,CAB-pepp061216,3,,0,0,1
3756,CAB-pepp061620,3,,0,0,1
3757,CAB-pepp070912,3,,0,0,1
3758,CAB-pepp071216,3,,0,0,1
3759,CAB-pepp071620,3,,0,0,1
3760,CAB-pept025020,3,,0,0,1
3761,CAB-pept032020,3,,0,0,1
3762,CAB-pept032025,3,,0,0,1
3763,CAB-pept040020,3,,0,0,1
3764,CAB-pept040025,3,,0,0,1
3765,CAB-pept040032,3,,0,0,1
3766,CAB-pept050025,3,,0,0,1
3767,CAB-pept050032,3,,0,0,1
3768,CAB-pept050040,3,,0,0,1
3769,CAB-pept063032,3,,0,0,1
3770,CAB-pept063040,3,,0,0,1
3771,CAB-pept063050,3,,0,0,1
3772,CAB-pept075032,3,,0,0,1
3773,CAB-pept075040,3,,0,0,1
3774,CAB-pept075050,3,,0,0,1
3775,CAB-pept075063,3,,0,0,1
3776,CAB-pept090040,3,,0,0,1
3777,CAB-pept090075,3,,0,0,1
3778,CAB-pepv025020,3,,0,0,1
3779,CAB-pepv032020,3,,0,0,1
3780,CAB-pepv032025,3,,0,0,1
3781,CAB-pepv040020,3,,0,0,1
3782,CAB-pepv040025,3,,0,0,1
3783,CAB-pepv040032,3,,0,0,1
3784,CAB-pepv050020,3,,0,0,1
3785,CAB-pepv050025,3,,0,0,1
3786,CAB-pepv050032,3,,0,0,1
3787,CAB-pepv050040,3,,0,0,1
3788,CAB-pepv063032,3,,0,0,1
3789,CAB-pepv063040,3,,0,0,1
3790,CAB-pepv063050,3,,0,0,1
3791,CAB-pepv075040,3,,0,0,1
3792,CAB-pepv075050,3,,0,0,1
3793,CAB-pepv075063,3,,0,0,1
3794,CAB-pepv090075,3,,0,0,1
3795,CAB-pepv110090,3,,0,0,1
3796,CAB-pepw025025,3,,0,0,1
3797,CAB-pepw300020,3,,0,0,1
3798,CAB-pepw300025,3,,0,0,1
3799,CAB-pepw300032,3,,0,0,1
3800,CAB-pepw300040,3,,0,0,1
3801,CAB-pepw300050,3,,0,0,1
3802,CAB-pepw300063,3,,0,0,1
3803,CAB-pepw300075,3,,0,0,1
3804,CAB-pepw300090,3,,0,0,1
3805,CAB-pepw400020,3,,0,0,1
3806,CAB-pepw400025,3,,0,0,1
3807,CAB-pepw400032,3,,0,0,1
3808,CAB-pepw400040,3,,0,0,1
3809,CAB-pepw400050,3,,0,0,1
3810,CAB-pepw400063,3,,0,0,1
3811,CAB-pepw400075,3,,0,0,1
3812,CAB-pepw400090,3,,0,0,1
3813,CAB-pepw500020,3,,0,0,1
3814,CAB-pepw500025,3,,0,0,1
3815,CAB-pepw500032,3,,0,0,1
3816,CAB-pepw500040,3,,0,0,1
3817,CAB-pepw500050,3,,0,0,1
3818,CAB-pepw500063,3,,0,0,1
3819,CAB-pepw500075,3,,0,0,1
3820,CAB-pepw500090,3,,0,0,1
3821,CAB-pepw600090,3,,0,0,1
3822,CAB-pepw700020,3,,0,0,1
3823,CAB-pere162016,3,,5,5,1
3824,CAB-pere202516,3,,0,0,1
3825,CAB-pere202520,3,,2,0,1
3826,CAB-pere253025,3,,0,0,1
3827,CAB-pere253216,3,,0,0,1
3828,CAB-pere253220,3,,0,0,1
3829,CAB-pere415040,3,,0,0,1
3830,CAB-pert162016,3,,0,0,1
3831,CAB-pert202516,3,,0,0,1
3832,CAB-pert202520,3,,0,0,1
3833,CAB-pert253216,3,,0,0,1
3834,CAB-pert253220,3,,0,0,1
3835,CAB-pert253225,3,,0,0,1
3836,CAB-peso000912,3,,0,0,1
3837,CAB-peso001216,3,,1,1,1
3838,CAB-peso001620,3,,4,1,1
3839,CAB-peso002025,3,,0,0,1
3840,CAB-peso002532,3,,0,0,1
3841,CAB-peso003240,3,,0,0,1
3842,CAB-peva004015,3,,0,0,1
3843,CAB-peva004025,3,,0,0,1
3844,CAB-peva004032,3,,0,0,1
3845,CAB-pgfa065002,3,,0,0,1
3846,CAB-pgfa065004,3,,0,0,1
3847,CAB-pgfa065006,3,,0,0,1
3848,CAB-pgfa065010,3,,0,0,1
3849,CAB-pgfa065016,3,,0,0,1
3850,CAB-pgfa065025,3,,0,0,1
3851,CAB-pgfa065035,3,,0,0,1
3852,CAB-pgfa065040,3,,0,0,1
3853,CAB-pgfa065060,3,,0,0,1
3854,CAB-pgfa065315,3,,0,0,1
3855,CAB-pgfa100002,3,,0,0,1
3856,CAB-pgfa100004,3,,0,0,1
3857,CAB-pgfa100006,3,,0,0,1
3858,CAB-pgfa100010,3,,0,0,1
3859,CAB-pgfa100016,3,,0,0,1
3860,CAB-pgfa100025,3,,0,0,1
3861,CAB-pgfa100040,3,,0,0,1
3862,CAB-pgfa100060,3,,0,0,1
3863,CAB-pgmk000500,3,,0,0,1
3864,CAB-pgmk001000,3,,0,0,1
3865,CAB-pgmk002000,3,,0,0,1
3866,CAB-pgnj065000,3,,0,0,1
3867,CAB-pgnj065003,3,,0,0,1
3868,CAB-pgnj065006,3,,0,0,1
3869,CAB-pgnj065010,3,,0,0,1
3870,CAB-pgnj065015,3,,0,0,1
3871,CAB-pgnj065020,3,,0,0,1
3872,CAB-pgnj065025,3,,0,0,1
3873,CAB-pgnj065035,3,,0,0,1
3874,CAB-pgnj066006,3,,0,0,1
3875,CAB-pgnj066010,3,,0,0,1
3876,CAB-pgnj066015,3,,0,0,1
3877,CAB-pgnj066025,3,,0,0,1
3878,CAB-pgnj081006,3,,0,0,1
3879,CAB-pgnj100000,3,,0,0,1
3880,CAB-pgnj100006,3,,0,0,1
3881,CAB-pgnj100010,3,,0,0,1
3882,CAB-pgnj100011,3,,0,0,1
3883,CAB-pgnj100015,3,,0,0,1
3884,CAB-pgnj100020,3,,0,0,1
3885,CAB-pgnj100025,3,,0,0,1
3886,CAB-pgnj100035,3,,0,0,1
3887,CAB-pgnj100070,3,,0,0,1
3888,CAB-pgnj100100,3,,0,0,1
3889,CAB-pgnj100250,3,,0,0,1
3890,CAB-pgnj110006,3,,0,0,1
3891,CAB-pgnj110010,3,,0,0,1
3892,CAB-pgnj110015,3,,0,0,1
3893,CAB-pgnj110020,3,,0,0,1
3894,CAB-pgnj110025,3,,0,1,1
3895,CAB-pgnj110035,3,,0,1,1
3896,CAB-pgnj110070,3,,0,0,1
3897,CAB-pgnj110100,3,,0,0,1
3898,CAB-pgnj110250,3,,0,0,1
3899,CAB-pgnm065002,3,,0,0,1
3900,CAB-pgnm065004,3,,0,0,1
3901,CAB-pgnm065006,3,,0,0,1
3902,CAB-pgnm065010,3,,0,0,1
3903,CAB-pgnm065016,3,,0,0,1
3904,CAB-pgnm065025,3,,0,0,1
3905,CAB-pgnm065040,3,,0,0,1
3906,CAB-pgnt100006,3,,0,0,1
3907,CAB-pgnt100010,3,,0,0,1
3908,CAB-pgnt100015,3,,0,0,1
3909,CAB-pgnt100020,3,,0,0,1
3910,CAB-pgnt100025,3,,0,0,1
3911,CAB-pgnt100035,3,,0,0,1
3912,CAB-pibm001015,3,,0,0,1
3913,CAB-pibm001020,3,,0,0,1
3914,CAB-pibm001025,3,,0,0,1
3915,CAB-pibm001032,3,,0,0,1
3916,CAB-pibm001040,3,,0,0,1
3917,CAB-pibm001050,3,,0,0,1
3918,CAB-pibm001065,3,,0,0,1
3919,CAB-pibm001080,3,,0,0,1
3920,CAB-pibm001100,3,,0,0,1
3921,CAB-pibm001125,3,,0,0,1
3922,CAB-pibm001150,3,,0,0,1
3923,CAB-pibm001200,3,,0,0,1
3924,CAB-pibw001010,3,,0,0,1
3925,CAB-pibw001015,3,,0,0,1
3926,CAB-pibw001019,3,,0,0,1
3927,CAB-pibw001032,3,,0,0,1
3928,CAB-pibw040025,3,,0,0,1
3929,CAB-pibw040040,3,,0,0,1
3930,CAB-pibw040050,3,,0,0,1
3931,CAB-pibw040065,3,,0,0,1
3932,CAB-pibw040080,3,,0,0,1
3933,CAB-pibw040100,3,,0,0,1
3934,CAB-pibw040125,3,,0,0,1
3935,CAB-pibw040150,3,,0,0,1
3936,CAB-pibw040200,3,,0,0,1
3937,CAB-pibw040250,3,,0,0,1
3938,CAB-pibw040300,3,,0,0,1
3939,CAB-pibw040400,3,,0,0,1
3940,CAB-pibw040450,3,,0,0,1
3941,CAB-pibw080020,3,,0,0,1
3942,CAB-pibw080025,3,,0,0,1
3943,CAB-pibw140006,3,,0,0,1
3944,CAB-pibw140010,3,,0,0,1
3945,CAB-pibw140015,3,,0,0,1
3946,CAB-pibw140020,3,,0,0,1
3947,CAB-pibw140025,3,,0,0,1
3948,CAB-pibw140032,3,,0,0,1
3949,CAB-pibw140040,3,,0,0,1
3950,CAB-pibw140050,3,,0,0,1
3951,CAB-pibw140065,3,,0,0,1
3952,CAB-pibw140080,3,,0,0,1
3953,CAB-pibw140100,3,,0,0,1
3954,CAB-pibw140125,3,,0,0,1
3955,CAB-pibw140200,3,,0,0,1
3956,CAB-pibw140300,3,,0,0,1
3957,CAB-pigm001015,3,,0,0,1
3958,CAB-pigm001020,3,,0,0,1
3959,CAB-pigm001025,3,,0,0,1
3960,CAB-pigm001032,3,,0,0,1
3961,CAB-pigm001040,3,,0,0,1
3962,CAB-pigm001050,3,,0,0,1
3963,CAB-pigm001065,3,,0,0,1
3964,CAB-pigm001080,3,,0,0,1
3965,CAB-pigm001100,3,,0,0,1
3966,CAB-pigm001125,3,,0,0,1
3967,CAB-pigm001150,3,,0,0,1
3968,CAB-pigm001200,3,,0,0,1
3969,CAB-pigm001250,3,,0,0,1
3970,CAB-pigw140015,3,,0,0,1
3971,CAB-pigw140020,3,,0,0,1
3972,CAB-pigw140025,3,,0,0,1
3973,CAB-pigw140032,3,,0,0,1
3974,CAB-pigw140040,3,,0,0,1
3975,CAB-pigw140050,3,,0,0,1
3976,CAB-pigw140065,3,,0,0,1
3977,CAB-pigw140080,3,,0,0,1
3978,CAB-pigw140100,3,,0,0,1
3979,CAB-pigw140125,3,,0,0,1
3980,CAB-pigw140150,3,,0,0,1
3981,CAB-pigw140200,3,,0,0,1
3982,CAB-pigw140250,3,,0,0,1
3983,CAB-pigw140350,3,,0,0,1
3984,CAB-piic040006,3,,0,0,1
3985,CAB-piic040032,3,,0,0,1
3986,CAB-piic040040,3,,0,0,1
3987,CAB-piic040050,3,,0,0,1
3988,CAB-piic040080,3,,0,0,1
3989,CAB-piss010010,3,,0,0,1
3990,CAB-piss010015,3,,0,0,1
3991,CAB-piss010032,3,,0,0,1
3992,CAB-piss040015,3,,0,0,1
3993,CAB-poly001004,3,,0,7,1
3994,CAB-poly001006,3,,0,0,1
3995,CAB-poly001008,3,,0,0,1
3996,CAB-poly001010,3,,1,1,1
3997,CAB-poly001012,3,,0,0,1
3998,CAB-poly001014,3,,0,0,1
3999,CAB-poly002004,3,,0,0,1
4000,CAB-poly002006,3,,0,0,1
4001,CAB-poly002008,3,,0,0,1
4002,CAB-poly002010,3,,0,0,1
4003,CAB-poly002012,3,,0,0,1
4004,CAB-poly002014,3,,0,0,1
4005,CAB-pott001050,3,,0,0,1
4006,CAB-pott001065,3,,0,0,1
4007,CAB-pott001080,3,,1,0,1
4008,CAB-pott001100,3,,0,0,1
4009,CAB-pott001150,3,,0,0,1
4010,CAB-POTT003100,3,,0,0,1
4011,CAB-ppra000001,3,,0,0,1
4012,CAB-ppra000002,3,,0,0,1
4013,CAB-pprb001020,3,,0,0,1
4014,CAB-pprd020020,3,,0,0,1
4015,CAB-pprd020025,3,,0,0,1
4016,CAB-pprd025020,3,,0,0,1
4017,CAB-pprd025025,3,,0,0,1
4018,CAB-pprd032032,3,,0,0,1
4019,CAB-pprd040032,3,,0,0,1
4020,CAB-pprd050050,3,,0,0,1
4021,CAB-pprd063063,3,,0,0,1
4022,CAB-pprf001032,3,,0,0,1
4023,CAB-pprf001040,3,,0,0,1
4024,CAB-pprf001050,3,,0,0,1
4025,CAB-pprf001065,3,,0,0,1
4026,CAB-pprf001080,3,,0,0,1
4027,CAB-pprf001100,3,,0,0,1
4028,CAB-pprf020020,3,,0,0,1
4029,CAB-pprf020025,3,,0,0,1
4030,CAB-pprf025020,3,,0,0,1
4031,CAB-pprf025025,3,,0,0,1
4032,CAB-pprf032025,3,,0,0,1
4033,CAB-pprf032032,3,,0,0,1
4034,CAB-pprg001040,3,,0,0,1
4035,CAB-pprl020025,3,,0,0,1
4036,CAB-pprl02020,3,,0,0,1
4037,CAB-pprl025020,3,,0,0,1
4038,CAB-pprl025025,3,,0,0,1
4039,CAB-pprl032025,3,,0,0,1
4040,CAB-pprl032032,3,,0,0,1
4041,CAB-pprl040032,3,,0,0,1
4042,CAB-pprl050050,3,,0,0,1
4043,CAB-pprl063063,3,,0,0,1
4044,CAB-pprl075075,3,,0,0,1
4045,CAB-pprl090090,3,,0,0,1
4046,CAB-pprm020020,3,,0,0,1
4047,CAB-pprm020025,3,,0,0,1
4048,CAB-pprm025020,3,,0,0,1
4049,CAB-pprm025025,3,,0,0,1
4050,CAB-pprm032025,3,,0,0,1
4051,CAB-pprm032032,3,,0,0,1
4052,CAB-pprt025020,3,,0,0,1
4053,CAB-pprt032020,3,,0,0,1
4054,CAB-pprt032025,3,,0,0,1
4055,CAB-pprt040020,3,,0,0,1
4056,CAB-pprt040025,3,,0,0,1
4057,CAB-pprt040032,3,,0,0,1
4058,CAB-pprt050020,3,,0,0,1
4059,CAB-pprt050025,3,,0,0,1
4060,CAB-pprt050032,3,,0,0,1
4061,CAB-pprt050040,3,,0,0,1
4062,CAB-pprt063025,3,,0,0,1
4063,CAB-pprt063032,3,,0,0,1
4064,CAB-pprt063040,3,,0,0,1
4065,CAB-pprt063050,3,,0,0,1
4066,CAB-pprt075050,3,,0,0,1
4067,CAB-pprt075063,3,,0,0,1
4068,CAB-pprt090075,3,,0,0,1
4069,CAB-pprt110050,3,,0,0,1
4070,CAB-pprv025020,3,,0,0,1
4071,CAB-pprv032020,3,,0,0,1
4072,CAB-pprv032025,3,,0,0,1
4073,CAB-pprv040020,3,,0,0,1
4074,CAB-pprv040025,3,,0,0,1
4075,CAB-pprv040032,3,,0,0,1
4076,CAB-pprv050025,3,,0,0,1
4077,CAB-pprv050032,3,,0,0,1
4078,CAB-pprv050040,3,,0,0,1
4079,CAB-pprv063025,3,,0,0,1
4080,CAB-pprv063032,3,,0,0,1
4081,CAB-pprv063040,3,,0,0,1
4082,CAB-pprv063050,3,,0,0,1
4083,CAB-pprv075040,3,,0,0,1
4084,CAB-pprv075050,3,,0,0,1
4085,CAB-pprv075063,3,,0,0,1
4086,CAB-pprv090063,3,,0,0,1
4087,CAB-pprv090075,3,,0,0,1
4088,CAB-pprv110050,3,,0,0,1
4089,CAB-pprv110075,3,,0,0,1
4090,CAB-pprv110090,3,,0,0,1
4091,CAB-pprw010020,3,,0,0,1
4092,CAB-pprw010025,3,,0,0,1
4093,CAB-pprw010032,3,,0,0,1
4094,CAB-pprw010040,3,,0,0,1
4095,CAB-pprw010050,3,,0,0,1
4096,CAB-pprw010063,3,,0,0,1
4097,CAB-pprw010075,3,,0,0,1
4098,CAB-pprw010090,3,,0,0,1
4099,CAB-pprw010110,3,,0,0,1
4100,CAB-pprw016020,3,,0,0,1
4101,CAB-pprw016025,3,,0,0,1
4102,CAB-pprw016032,3,,0,0,1
4103,CAB-pprw016040,3,,0,0,1
4104,CAB-pprw016050,3,,0,0,1
4105,CAB-pprw016063,3,,0,0,1
4106,CAB-pprw016075,3,,0,0,1
4107,CAB-pprw016090,3,,0,0,1
4108,CAB-pprw016110,3,,0,0,1
4109,CAB-pprw020020,3,,0,0,1
4110,CAB-pprw020025,3,,0,0,1
4111,CAB-pprw020032,3,,0,0,1
4112,CAB-pprw020040,3,,0,0,1
4113,CAB-pprw020050,3,,0,0,1
4114,CAB-pprw020063,3,,0,0,1
4115,CAB-pprw020075,3,,0,0,1
4116,CAB-pprw020090,3,,0,0,1
4117,CAB-pprw020110,3,,0,0,1
4118,CAB-pprw100020,3,,0,0,1
4119,CAB-pprw100025,3,,0,0,1
4120,CAB-pprw100032,3,,0,0,1
4121,CAB-pprw100040,3,,0,0,1
4122,CAB-pprw100050,3,,0,0,1
4123,CAB-pprw100063,3,,0,0,1
4124,CAB-pprw100075,3,,0,0,1
4125,CAB-pprw100090,3,,0,0,1
4126,CAB-pprw100110,3,,0,0,1
4127,CAB-pprw200020,3,,0,0,1
4128,CAB-pprw200025,3,,0,0,1
4129,CAB-pprw200032,3,,0,0,1
4130,CAB-pprw200040,3,,0,0,1
4131,CAB-pprw200050,3,,0,0,1
4132,CAB-pprw200063,3,,0,0,1
4133,CAB-pprw200075,3,,0,0,1
4134,CAB-pprw200090,3,,0,0,1
4135,CAB-pprw300020,3,,0,0,1
4136,CAB-pprw300025,3,,0,0,1
4137,CAB-pprw300032,3,,0,0,1
4138,CAB-pprw300040,3,,0,0,1
4139,CAB-pprw300050,3,,0,0,1
4140,CAB-pprw300063,3,,0,0,1
4141,CAB-pprw300075,3,,0,0,1
4142,CAB-pprw300090,3,,0,0,1
4143,CAB-pprw300110,3,,0,0,1
4144,CAB-pprw400020,3,,0,0,1
4145,CAB-pprw400025,3,,0,0,1
4146,CAB-pprw400032,3,,0,0,1
4147,CAB-pprw400040,3,,0,0,1
4148,CAB-pprw400050,3,,0,0,1
4149,CAB-pprw400063,3,,0,0,1
4150,CAB-pprw400075,3,,0,0,1
4151,CAB-pprw400090,3,,0,0,1
4152,CAB-pprw400110,3,,0,0,1
4153,CAB-pprw500020,3,,0,0,1
4154,CAB-pprw500025,3,,0,0,1
4155,CAB-pprw500032,3,,0,0,1
4156,CAB-pprw500040,3,,0,0,1
4157,CAB-pprw500050,3,,0,0,1
4158,CAB-pprw500063,3,,0,0,1
4159,CAB-pprw500075,3,,0,0,1
4160,CAB-pprw500090,3,,0,0,1
4161,CAB-pprw500110,3,,0,0,1
4162,CAB-PPRW615020,3,,0,0,1
4163,CAB-pres006100,3,,0,0,1
4164,CAB-pres015050,3,,0,0,1
4165,CAB-pres015400,3,,0,0,1
4166,CAB-pres020030,3,,0,0,1
4167,CAB-pres020050,3,,0,0,1
4168,CAB-pres025050,3,,0,0,1
4169,CAB-press000000,3,,0,0,1
4170,CAB-press006100,3,,36,48,1
4171,CAB-press006150,3,,0,0,1
4172,CAB-press006200,3,,0,0,1
4173,CAB-PRESS015200,3,,0,0,1
4174,CAB-prof001010,3,,16,29,1
4175,CAB-prof001013,3,,2,2,1
4176,CAB-prof001020,3,,1,1,1
4177,CAB-prof001025,3,,0,0,1
4180,CAB-prof002010,3,,265,282,1
4181,CAB-prof002013,3,,15,15,1
4182,CAB-prof002019,3,,3,3,1
4183,CAB-prof002025,3,,80,80,1
4184,CAB-prof003001,3,,49,50,1
4185,CAB-prof004001,3,,82,88,1
4186,CAB-prof009006,3,,345,345,1
4187,CAB-prof009010,3,,35,35,1
4188,CAB-prof009013,3,,161,287,1
4189,CAB-prof009016,3,,308,464,1
4190,CAB-prof009019,3,,0,48,1
4191,CAB-prof009022,3,,53,125,1
4192,CAB-prof009025,3,,156,283,1
4193,CAB-prof009028,3,,201,348,1
4194,CAB-prof009032,3,,14,14,1
4195,CAB-prof009035,3,,22,94,1
4196,CAB-prof009042,3,,33,33,1
4197,CAB-prof009048,3,,10,32,1
4198,CAB-prof009054,3,,43,43,1
4199,CAB-prof009060,3,,34,34,1
4200,CAB-prof009067,3,,0,0,1
4201,CAB-prof009089,3,,0,0,1
4202,CAB-prof013006,3,,74,108,1
4203,CAB-prof013010,3,,41,41,1
4204,CAB-prof013013,3,,43,50,1
4205,CAB-prof013016,3,,32,32,1
4206,CAB-prof013019,3,,9,9,1
4207,CAB-prof013022,3,,12,19,1
4208,CAB-prof013025,3,,53,53,1
4209,CAB-prof013028,3,,15,22,1
4210,CAB-prof013032,3,,3,5,1
4211,CAB-prof013035,3,,14,14,1
4212,CAB-prof013042,3,,6,6,1
4213,CAB-prof013054,3,,86,86,1
4214,CAB-prof013060,3,,0,0,1
4215,CAB-prof013067,3,,0,0,1
4216,CAB-prof013080,3,,0,0,1
4217,CAB-prof013089,3,,23,23,1
4218,CAB-prof020006,3,,0,0,1
4219,CAB-prof020010,3,,10,43,1
4220,CAB-prof020013,3,,92,92,1
4221,CAB-prof020016,3,,59,92,1
4222,CAB-prof020019,3,,0,0,1
4223,CAB-prof020022,3,,25,36,1
4224,CAB-prof020025,3,,24,24,1
4225,CAB-prof020028,3,,44,64,1
4226,CAB-prof020032,3,,37,37,1
4227,CAB-prof020035,3,,47,47,1
4228,CAB-prof020042,3,,22,22,1
4229,CAB-prof020048,3,,0,0,1
4230,CAB-prof020054,3,,0,0,1
4231,CAB-prof020060,3,,0,0,1
4232,CAB-prof020067,3,,0,0,1
4233,CAB-prof020080,3,,0,0,1
4234,CAB-prof020089,3,,0,0,1
4235,CAB-prof025010,3,,0,0,1
4236,CAB-prof025013,3,,0,0,1
4237,CAB-prof025016,3,,23,23,1
4238,CAB-prof025019,3,,0,5,1
4239,CAB-prof025022,3,,14,14,1
4240,CAB-prof025025,3,,90,90,1
4241,CAB-prof025028,3,,26,26,1
4242,CAB-prof025035,3,,17,17,1
4243,CAB-prof025042,3,,0,1,1
4244,CAB-prof025048,3,,0,0,1
4245,CAB-prof025054,3,,7,7,1
4246,CAB-prof025060,3,,0,0,1
4247,CAB-prof025067,3,,0,0,1
4248,CAB-prof025076,3,,0,0,1
4249,CAB-prof025089,3,,0,0,1
4250,CAB-prsy006025,3,,0,0,1
4251,CAB-prvt000015,3,,0,0,1
4252,CAB-prvt000020,3,,0,0,1
4253,CAB-prvt000025,3,,0,0,1
4254,CAB-prvt000026,3,,0,0,1
4255,CAB-prvt000032,3,,0,0,1
4256,CAB-prvt000033,3,,0,0,1
4257,CAB-prvt000040,3,,0,0,1
4258,CAB-prvt000041,3,,0,0,1
4259,CAB-prvt000050,3,,0,0,1
4260,CAB-prvt000051,3,,0,0,1
4261,CAB-prvt000065,3,,0,0,1
4262,CAB-prvt000080,3,,0,0,1
4263,CAB-prvt000100,3,,0,0,1
4264,CAB-prvt000150,3,,0,0,1
4265,CAB-prvt001020,3,,0,0,1
4266,CAB-prvt001025,3,,0,0,1
4267,CAB-prvt001040,3,,0,0,1
4268,CAB-prvt001100,3,,0,0,1
4269,CAB-prvt016050,3,,0,0,1
4270,CAB-prvt016065,3,,0,0,1
4271,CAB-prvt016080,3,,0,0,1
4272,CAB-prvt016100,3,,0,0,1
4273,CAB-prvt016150,3,,0,0,1
4274,CAB-prvt702040,3,,0,0,1
4275,CAB-prvt702050,3,,0,0,1
4276,CAB-prvt702065,3,,0,0,1
4277,CAB-prvt702080,3,,0,0,1
4278,CAB-prvt702100,3,,0,0,1
4279,CAB-prvt702150,3,,0,0,1
4280,CAB-prvt702200,3,,0,0,1
4282,CAB-psfg000008,3,,0,0,1
4284,CAB-psfg000032,3,,0,0,1
4285,CAB-pstg000004,3,,0,0,1
4286,CAB-pstg000008,3,,0,0,1
4287,CAB-pstg000016,3,,0,1,1
4288,CAB-pstg000032,3,,0,0,1
4289,CAB-pstg000060,3,,0,0,1
4290,CAB-pstg000120,3,,0,0,1
4291,CAB-pstg000250,3,,0,0,1
4292,CAB-pstg001016,3,,0,0,1
4293,CAB-pstg001060,3,,0,0,1
4294,CAB-PTBA005100,3,,0,0,1
4295,CAB-PTBA006100,3,,0,0,1
4296,CAB-PTBA008100,3,,0,0,1
4297,CAB-PTBA010100,3,,0,0,1
4298,CAB-PTBA012100,3,,0,0,1
4299,CAB-ptbb005050,3,,0,0,1
4300,CAB-ptbb006064,3,,0,0,1
4301,CAB-ptbb006071,3,,0,0,1
4302,CAB-ptbb006081,3,,0,0,1
4303,CAB-PTBB006082,3,,0,0,1
4304,CAB-ptbb006089,3,,0,0,1
4305,CAB-ptbb006100,3,,0,0,1
4306,CAB-ptbb006101,3,,15,15,1
4307,CAB-ptbb006120,3,,0,0,1
4308,CAB-ptbb008051,3,,0,0,1
4310,CAB-ptbb008071,3,,0,0,1
4311,CAB-ptbb008081,3,,0,0,1
4313,CAB-ptbb008100,3,,0,0,1
4314,CAB-ptbb008120,3,,0,0,1
4315,CAB-ptbb008150,3,,0,0,1
4316,CAB-ptbb008200,3,,0,0,1
4317,CAB-ptbb009051,3,,0,0,1
4318,CAB-ptbb009061,3,,5,35,1
4320,CAB-ptbb009075,3,,2,4,1
4321,CAB-ptbb009076,3,,144,335,1
4322,CAB-ptbb009077,3,,0,0,1
4323,CAB-ptbb009089,3,,40,40,1
4324,CAB-ptbb009100,3,,11,12,1
4325,CAB-ptbb009120,3,,0,0,1
4326,CAB-ptbb009121,3,,0,15,1
4327,CAB-ptbb009150,3,,0,0,1
4328,CAB-ptbb009200,3,,0,0,1
4329,CAB-ptbb009280,3,,0,0,1
4330,CAB-ptbb010100,3,,0,0,1
4331,CAB-ptbb010120,3,,0,0,1
4332,CAB-ptbb010200,3,,0,0,1
4333,CAB-ptbb012100,3,,0,0,1
4334,CAB-ptbb012200,3,,0,0,1
4335,CAB-ptbb013050,3,,0,0,1
4336,CAB-ptbb013061,3,,35,57,1
4337,CAB-ptbb013071,3,,78,44,1
4338,CAB-ptbb013081,3,,12,16,1
4339,CAB-ptbb013087,3,,0,0,1
4340,CAB-ptbb013088,3,,0,0,1
4341,CAB-ptbb013089,3,,108,172,1
4342,CAB-ptbb013100,3,,7,7,1
4343,CAB-ptbb013124,3,,0,0,1
4344,CAB-ptbb013125,3,,0,15,1
4345,CAB-ptbb013126,3,,1,1,1
4346,CAB-ptbb013150,3,,0,0,1
4347,CAB-ptbb013200,3,,0,2,1
4348,CAB-ptbb015071,3,,0,0,1
4349,CAB-ptbb016050,3,,0,92,1
4350,CAB-ptbb016061,3,,29,47,1
4351,CAB-ptbb016071,3,,11,16,1
4352,CAB-ptbb016081,3,,78,79,1
4353,CAB-ptbb016091,3,,15,9,1
4354,CAB-ptbb016101,3,,11,20,1
4355,CAB-ptbb016102,3,,81,165,1
4356,CAB-ptbb016103,3,,0,0,1
4357,CAB-ptbb016123,3,,10,25,1
4358,CAB-ptbb016124,3,,1,1,1
4359,CAB-ptbb016125,3,,0,0,1
4360,CAB-ptbb016150,3,,0,0,1
4361,CAB-ptbb016200,3,,0,0,1
4362,CAB-ptbb016270,3,,0,0,1
4363,CAB-PTBB016300,3,,0,0,1
4364,CAB-ptbb019051,3,,4,4,1
4365,CAB-ptbb019061,3,,4,4,1
4366,CAB-ptbb019071,3,,0,0,1
4367,CAB-ptbb019081,3,,0,0,1
4368,CAB-ptbb019091,3,,24,29,1
4369,CAB-ptbb019107,3,,102,235,1
4370,CAB-ptbb019108,3,,0,0,1
4371,CAB-ptbb019109,3,,5,5,1
4372,CAB-ptbb019124,3,,0,0,1
4373,CAB-ptbb019125,3,,0,0,1
4374,CAB-ptbb019150,3,,0,0,1
4375,CAB-ptbb019200,3,,0,0,1
4376,CAB-ptbb019300,3,,0,0,1
4377,CAB-ptbb022051,3,,0,0,1
4378,CAB-ptbb022061,3,,0,0,1
4379,CAB-ptbb022071,3,,15,16,1
4380,CAB-ptbb022081,3,,0,10,1
4381,CAB-ptbb022091,3,,12,12,1
4383,CAB-ptbb022112,3,,0,0,1
4384,CAB-ptbb022113,3,,11,11,1
4385,CAB-ptbb022114,3,,19,23,1
4386,CAB-ptbb022120,3,,6,17,1
4387,CAB-ptbb022121,3,,0,0,1
4388,CAB-ptbb022167,3,,0,0,1
4389,CAB-ptbb022200,3,,0,0,1
4390,CAB-ptbb022500,3,,0,0,1
4391,CAB-ptbb025051,3,,0,4,1
4392,CAB-ptbb025061,3,,0,0,1
4393,CAB-ptbb025071,3,,0,0,1
4394,CAB-ptbb025081,3,,0,0,1
4395,CAB-ptbb025091,3,,3,3,1
4396,CAB-ptbb025100,3,,0,1,1
4397,CAB-ptbb025120,3,,6,23,1
4398,CAB-ptbb025121,3,,0,0,1
4399,CAB-ptbb025122,3,,8,11,1
4400,CAB-ptbb025150,3,,0,0,1
4401,CAB-ptbb025151,3,,0,0,1
4402,CAB-PTBB025200,3,,0,0,1
4403,CAB-ptbb028051,3,,0,0,1
4404,CAB-ptbb028061,3,,0,0,1
4405,CAB-ptbb028071,3,,7,12,1
4406,CAB-ptbb028081,3,,12,13,1
4407,CAB-ptbb028091,3,,0,0,1
4408,CAB-ptbb028100,3,,16,31,1
4409,CAB-ptbb028126,3,,7,7,1
4410,CAB-ptbb028127,3,,5,5,1
4411,CAB-ptbb028128,3,,0,0,1
4412,CAB-ptbb028167,3,,0,0,1
4413,CAB-ptbb028168,3,,0,0,1
4414,CAB-ptbb032061,3,,0,0,1
4415,CAB-ptbb032071,3,,0,0,1
4416,CAB-ptbb032081,3,,0,0,1
4417,CAB-ptbb032091,3,,0,0,1
4418,CAB-ptbb032100,3,,0,0,1
4419,CAB-ptbb032120,3,,2,2,1
4420,CAB-ptbb032121,3,,0,0,1
4421,CAB-ptbb033160,3,,0,0,1
4422,CAB-ptbb035061,3,,0,0,1
4423,CAB-ptbb035071,3,,2,3,1
4424,CAB-ptbb035081,3,,5,10,1
4425,CAB-ptbb035091,3,,0,0,1
4426,CAB-ptbb035100,3,,25,60,1
4427,CAB-ptbb035107,3,,0,0,1
4428,CAB-ptbb035120,3,,3,8,1
4429,CAB-ptbb035140,3,,0,0,1
4430,CAB-ptbb035141,3,,0,0,1
4431,CAB-ptbb035142,3,,0,0,1
4432,CAB-ptbb035167,3,,0,0,1
4433,CAB-ptbb035200,3,,0,0,1
4436,CAB-ptbb038091,3,,0,0,1
4438,CAB-ptbb042081,3,,6,11,1
4439,CAB-ptbb042091,3,,0,0,1
4440,CAB-ptbb042100,3,,0,0,1
4441,CAB-ptbb042102,3,,0,0,1
4442,CAB-ptbb042107,3,,0,0,1
4443,CAB-ptbb042120,3,,6,6,1
4444,CAB-ptbb042151,3,,0,0,1
4445,CAB-ptbb042152,3,,0,0,1
4446,CAB-ptbb042153,3,,1,1,1
4447,CAB-ptbb042187,3,,0,0,1
4448,CAB-ptbb042188,3,,0,0,1
4449,CAB-ptbb054091,3,,9,9,1
4450,CAB-ptbb054100,3,,0,0,1
4451,CAB-ptbb054107,3,,0,0,1
4452,CAB-ptbb054120,3,,0,0,1
4453,CAB-ptbb054140,3,,0,0,1
4454,CAB-ptbb054177,3,,0,0,1
4455,CAB-ptbb054178,3,,1,1,1
4456,CAB-ptbb054179,3,,2,2,1
4457,CAB-ptbb054211,3,,0,0,1
4458,CAB-ptbb054212,3,,0,0,1
4459,CAB-ptbb067122,3,,0,0,1
4460,CAB-ptbb067165,3,,0,0,1
4461,CAB-ptbb067203,3,,1,1,1
4462,CAB-ptbb067204,3,,0,0,1
4463,CAB-ptbb067241,3,,0,0,1
4464,CAB-ptbb080140,3,,0,0,1
4466,CAB-ptbb080228,3,,0,0,1
4467,CAB-ptbb080229,3,,0,0,1
4468,CAB-ptbb080230,3,,0,0,1
4469,CAB-ptbb080277,3,,0,0,1
4470,CAB-ptbb105170,3,,0,0,1
4471,CAB-ptbb105278,3,,0,0,1
4472,CAB-ptbb105279,3,,0,0,1
4473,CAB-ptbb156170,3,,0,0,1
4474,CAB-ptbb159230,3,,0,0,1
4479,CAB-ptbc009076,3,,0,0,1
4480,CAB-ptbc009089,3,,0,0,1
4490,CAB-ptbc016124,3,,0,0,1
4503,CAB-ptbc022167,3,,0,0,1
4508,CAB-ptbc028071,3,,0,0,1
4513,CAB-ptbc028167,3,,0,0,1
4517,CAB-ptbc035081,3,,0,0,1
4525,CAB-ptbc042122,3,,0,0,1
4527,CAB-ptbc042187,3,,0,0,1
4528,CAB-ptbc054091,3,,0,0,1
4529,CAB-ptbc054102,3,,0,0,1
4530,CAB-ptbc054122,3,,0,0,1
4531,CAB-ptbc054145,3,,0,0,1
4532,CAB-ptbc054178,3,,0,0,1
4543,CAB-PTRE006056,3,,0,0,1
4544,CAB-PTRE009045,3,,0,0,1
4545,CAB-PTRE013056,3,,0,0,1
4546,CAB-PTRE016056,3,,1,8,1
4547,CAB-PTRE019071,3,,0,0,1
4549,CAB-PTBE009061,3,,392,592,1
4550,CAB-PTBE009100,3,,0,0,1
4551,CAB-PTBE013051,3,,175,195,1
4552,CAB-PTBE016102,3,,15,15,1
4553,CAB-PTBE016061,3,,24,224,1
4554,CAB-PTBE019051,3,,407,523,1
4555,CAB-PTBE022071,3,,0,0,1
4556,CAB-PTBE022114,3,,0,0,1
4557,CAB-PTBE025071,3,,120,120,1
4558,CAB-PTBE028061,3,,0,198,1
4559,CAB-PTBE024061,3,,0,30,1
4560,CAB-PTBE035061,3,,1,171,1
4561,CAB-PTBE035140,3,,40,40,1
4562,CAB-PTBE042081,3,,20,20,1
4563,CAB-PTBE054091,3,,0,0,1
4564,CAB-PTBE067120,3,,0,0,1
4587,CAB-ptrb004100,3,,0,0,1
4588,CAB-ptrb005045,3,,0,0,1
4589,CAB-ptrb006040,3,,0,0,1
4590,CAB-ptrb006045,3,,0,0,1
4591,CAB-ptrb006050,3,,0,0,1
4592,CAB-ptrb006056,3,,0,0,1
4593,CAB-ptrb006061,3,,35,36,1
4594,CAB-ptrb006071,3,,0,0,1
4595,CAB-ptrb006076,3,,0,0,1
4596,CAB-ptrb006081,3,,3,4,1
4597,CAB-ptrb006100,3,,0,0,1
4598,CAB-ptrb006101,3,,1,6,1
4599,CAB-ptrb006120,3,,0,0,1
4600,CAB-ptrb008050,3,,0,22,1
4601,CAB-ptrb008071,3,,1,1,1
4602,CAB-ptrb008100,3,,2,3,1
4603,CAB-ptrb008120,3,,0,0,1
4604,CAB-ptrb009045,3,,5,5,1
4605,CAB-ptrb009050,3,,0,0,1
4607,CAB-ptrb009056,3,,0,0,1
4608,CAB-ptrb009061,3,,0,0,1
4609,CAB-ptrb009071,3,,0,0,1
4610,CAB-ptrb009081,3,,5,5,1
4611,CAB-ptrb009100,3,,0,3,1
4612,CAB-ptrb009120,3,,5,4,1
4613,CAB-ptrb010100,3,,1,2,1
4614,CAB-ptrb012100,3,,1,1,1
4615,CAB-ptrb013050,3,,0,0,1
4616,CAB-ptrb013053,3,,2,2,1
4617,CAB-ptrb013056,3,,0,0,1
4618,CAB-ptrb013061,3,,16,16,1
4619,CAB-ptrb013071,3,,5,10,1
4620,CAB-ptrb013081,3,,3,15,1
4621,CAB-ptrb013100,3,,0,0,1
4622,CAB-ptrb013120,3,,0,0,1
4623,CAB-ptrb013150,3,,0,0,1
4624,CAB-ptrb016053,3,,0,0,1
4625,CAB-ptrb016056,3,,0,0,1
4626,CAB-ptrb016061,3,,0,0,1
4627,CAB-ptrb016071,3,,0,0,1
4628,CAB-ptrb016089,3,,0,0,1
4629,CAB-ptrb016100,3,,3,3,1
4630,CAB-ptrb016150,3,,0,0,1
4631,CAB-ptrb019056,3,,0,0,1
4632,CAB-ptrb019061,3,,5,5,1
4633,CAB-ptrb019071,3,,1,1,1
4634,CAB-ptrb019089,3,,0,0,1
4635,CAB-ptrb019100,3,,0,0,1
4636,CAB-ptrb019120,3,,0,0,1
4650,CAB-ptrc013071,3,,0,0,1
4654,CAB-ptrc016056,3,,0,0,1
4669,CAB-ptrk006071,3,,0,0,1
4671,CAB-ptrk009056,3,,0,0,1
4679,CAB-ptrk016071,3,,0,0,1
4691,CAB-pued006005,3,,0,0,1
4692,CAB-pued006006,3,,11,0,1
4693,CAB-pued008006,3,,17,6,1
4694,CAB-pued008009,3,,0,0,1
4695,CAB-pued010006,3,,0,0,1
4696,CAB-pued012006,3,,29,0,1
4697,CAB-pued012015,3,,4,0,1
4699,CAB-pupc006005,3,,25,3,1
4700,CAB-pupc006006,3,,46,0,1
4701,CAB-pupc006015,3,,13,3,1
4702,CAB-pupc008001,3,,23,5,1
4703,CAB-pupc008006,3,,10,8,1
4704,CAB-pupc008009,3,,20,5,1
4705,CAB-pupc008015,3,,91,61,1
4706,CAB-pupc010002,3,,0,0,1
4707,CAB-pupc012006,3,,5,0,1
4708,CAB-pupc012015,3,,14,0,1
4709,CAB-purt008006,3,,3,0,1
4710,CAB-putb000006,3,,21,0,1
4711,CAB-putb000008,3,,55,13,1
4712,CAB-putb000010,3,,26,7,1
4713,CAB-putb000012,3,,0,0,1
4714,CAB-putd006006,3,,9,0,1
4715,CAB-pute006006,3,,0,0,1
4716,CAB-pute008008,3,,6,0,1
4717,CAB-pvc001065,3,,0,0,1
4718,CAB-pvcb000020,3,,0,0,1
4719,CAB-pvcb000040,3,,0,0,1
4720,CAB-pvcc000065,3,,0,0,1
4721,CAB-pvcd0000025,3,,0,0,1
4722,CAB-pvcd000040,3,,0,0,1
4723,CAB-pvcd000050,3,,0,0,1
4724,CAB-pvcd000065,3,,0,0,1
4725,CAB-pvcd000080,3,,0,0,1
4726,CAB-pvcd000100,3,,0,0,1
4727,CAB-pvcd000150,3,,0,0,1
4728,CAB-pvcd015015,3,,0,0,1
4729,CAB-pvce001015,3,,0,0,1
4730,CAB-pvce001020,3,,0,0,1
4731,CAB-pvce001025,3,,0,0,1
4732,CAB-pvce001032,3,,0,0,1
4733,CAB-pvce001040,3,,0,0,1
4734,CAB-pvce001050,3,,0,0,1
4735,CAB-PVCE001065,3,,0,0,1
4736,CAB-pvce001080,3,,0,0,1
4737,CAB-pvce001100,3,,0,0,1
4738,CAB-pvce001125,3,,0,0,1
4739,CAB-pvce001150,3,,0,0,1
4740,CAB-pvce003032,3,,0,0,1
4741,CAB-pvce003040,3,,0,0,1
4742,CAB-pvce003050,3,,0,0,1
4743,CAB-pvce003080,3,,0,0,1
4744,CAB-pvce003100,3,,0,0,1
4745,CAB-pvce003150,3,,0,0,1
4746,CAB-pvcf001050,3,,0,0,1
4747,CAB-pvcf001080,3,,0,0,1
4748,CAB-pvcf001100,3,,0,0,1
4749,CAB-pvcf001150,3,,0,0,1
4750,CAB-pvcf001200,3,,0,0,1
4751,CAB-pvcf001250,3,,0,0,1
4752,CAB-pvcf020015,3,,0,0,1
4753,CAB-pvcf020020,3,,0,0,1
4754,CAB-pvcf020025,3,,0,0,1
4755,CAB-pvcf020032,3,,0,0,1
4756,CAB-pvcf020040,3,,0,0,1
4757,CAB-pvcf020050,3,,0,0,1
4758,CAB-pvcf020080,3,,0,0,1
4759,CAB-pvck000000,3,,0,0,1
4760,CAB-pvcl001100,3,,0,0,1
4761,CAB-pvcm019020,3,,0,0,1
4762,CAB-pvcm020015,3,,0,0,1
4763,CAB-pvcm020025,3,,0,0,1
4764,CAB-pvcm020032,3,,0,0,1
4765,CAB-pvcm020040,3,,0,0,1
4766,CAB-pvcm020050,3,,0,0,1
4767,CAB-pvco001050,3,,0,0,1
4768,CAB-pvco001065,3,,0,0,1
4769,CAB-pvco001080,3,,0,0,1
4770,CAB-pvco001100,3,,0,0,1
4771,CAB-pvco001150,3,,0,0,1
4772,CAB-pvcp001015,3,,0,0,1
4773,CAB-pvcp001020,3,,0,0,1
4774,CAB-pvcp001025,3,,0,0,1
4775,CAB-pvcp001032,3,,0,0,1
4776,CAB-pvcp001040,3,,0,0,1
4777,CAB-pvcp001050,3,,0,0,1
4778,CAB-PVCP001065,3,,0,0,1
4779,CAB-pvcp001080,3,,0,0,1
4780,CAB-pvcp001100,3,,0,0,1
4781,CAB-pvcp001125,3,,0,0,1
4782,CAB-pvcp001150,3,,0,0,1
4783,CAB-pvcp001200,3,,0,0,1
4784,CAB-pvcp001250,3,,0,0,1
4785,CAB-pvcp001350,3,,0,0,1
4786,CAB-pvcp002015,3,,0,0,1
4787,CAB-pvcp002025,3,,0,0,1
4788,CAB-pvcp003080,3,,0,0,1
4789,CAB-pvcr025015,3,,0,0,1
4790,CAB-pvcr025020,3,,0,0,1
4791,CAB-pvcr032025,3,,0,0,1
4792,CAB-pvcr040020,3,,0,0,1
4793,CAB-pvcr040025,3,,0,0,1
4794,CAB-pvcr040032,3,,0,0,1
4795,CAB-pvcr050040,3,,0,0,1
4796,CAB-pvcr080050,3,,0,0,1
4797,CAB-pvcr080065,3,,0,0,1
4798,CAB-pvcr100050,3,,0,0,1
4799,CAB-pvcr100080,3,,0,0,1
4800,CAB-pvcr125100,3,,0,0,1
4801,CAB-pvcr150100,3,,0,0,1
4802,CAB-pvcr200100,3,,0,0,1
4803,CAB-pvcr250200,3,,0,0,1
4804,CAB-pvcs000065,3,,0,0,1
4805,CAB-pvcs001020,3,,0,0,1
4807,CAB-pvcs002015,3,,0,0,1
4808,CAB-pvcs002025,3,,0,0,1
4809,CAB-pvcs002032,3,,0,0,1
4810,CAB-pvcs002040,3,,0,0,1
4811,CAB-pvcs002050,3,,0,0,1
4812,CAB-pvcs002065,3,,0,0,1
4813,CAB-pvcs002080,3,,0,0,1
4814,CAB-pvcs002100,3,,0,0,1
4815,CAB-pvcs002125,3,,0,0,1
4816,CAB-pvcs002150,3,,0,0,1
4817,CAB-pvcs002200,3,,0,0,1
4818,CAB-pvcs003032,3,,0,0,1
4819,CAB-pvct001015,3,,0,0,1
4820,CAB-pvct001025,3,,0,0,1
4821,CAB-pvct001032,3,,0,0,1
4822,CAB-pvct001040,3,,0,0,1
4823,CAB-pvct001050,3,,0,0,1
4824,CAB-pvct001100,3,,0,0,1
4825,CAB-pvct001150,3,,0,0,1
4826,CAB-pvct001200,3,,0,0,1
4827,CAB-pvct025020,3,,0,0,1
4828,CAB-pvct032025,3,,0,0,1
4829,CAB-pvct040020,3,,0,0,1
4830,CAB-pvct040025,3,,0,0,1
4831,CAB-pvct040032,3,,0,0,1
4832,CAB-pvct050032,3,,0,0,1
4833,CAB-pvct065040,3,,0,0,1
4834,CAB-pvct100040,3,,0,0,1
4835,CAB-pvct100050,3,,0,0,1
4836,CAB-pvct100051,3,,0,0,1
4837,CAB-pvct150100,3,,0,0,1
4838,CAB-pvct200100,3,,0,0,1
4839,"CAB-PVCU 001100",3,,0,0,1
4840,CAB-pvcu001050,3,,0,0,1
4841,CAB-pvcu001080,3,,0,0,1
4842,CAB-pvcw000040,3,,0,0,1
4843,CAB-pvcw001025,3,,0,0,1
4844,CAB-pvcw001050,3,,0,0,1
4845,CAB-pvcy000100,3,,0,0,1
4846,CAB-pvcy000150,3,,0,0,1
4847,CAB-pvcy045080,3,,0,0,1
4848,CAB-pvcy045100,3,,0,0,1
4849,CAB-pvcy050040,3,,0,0,1
4850,CAB-pvcy065040,3,,0,0,1
4851,CAB-pvcy100040,3,,0,0,1
4852,CAB-pvcy100050,3,,0,0,1
4853,CAB-pvcy100065,3,,0,0,1
4854,CAB-pvcy100080,3,,0,0,1
4855,CAB-pvcy100081,3,,0,0,1
4856,CAB-pvcy100082,3,,0,0,1
4857,CAB-pvcy100100,3,,0,0,1
4858,CAB-pvcy100180,3,,0,0,1
4859,CAB-pvcy125100,3,,0,0,1
4860,CAB-pvcy150080,3,,0,0,1
4861,CAB-pvcy150100,3,,0,0,1
4862,CAB-PVCY150150,3,,0,0,1
4863,CAB-pvcy200080,3,,0,0,1
4864,CAB-pvde001050,3,,0,0,1
4865,CAB-pvtc100000,3,,0,0,1
4866,CAB-pvty045100,3,,0,0,1
4867,CAB-rag000000,3,,0,0,1
4868,CAB-rag060020,3,,0,0,1
4869,CAB-raga010020,3,,0,0,1
4870,CAB-raga012012,3,,0,0,1
4871,CAB-raga015012,3,,0,0,1
4872,CAB-raga015015,3,,0,0,1
4873,CAB-raga015020,3,,0,0,1
4874,CAB-raga015030,3,,0,0,1
4875,CAB-raga015060,3,,0,0,1
4876,CAB-raga015120,3,,0,0,1
4877,CAB-raga015600,3,,0,0,1
4878,CAB-raga020020,3,,0,0,1
4879,CAB-raga020030,3,,0,0,1
4880,CAB-raga020040,3,,0,0,1
4881,CAB-raga024024,3,,0,0,1
4882,CAB-RAGA025015,3,,0,0,1
4883,CAB-raga025020,3,,0,0,1
4884,CAB-raga025025,3,,2,2,1
4885,CAB-raga025050,3,,0,0,1
4886,CAB-raga025095,3,,0,0,1
4887,CAB-raga029029,3,,0,0,1
4888,CAB-raga030020,3,,0,0,1
4889,CAB-raga030025,3,,0,0,1
4890,CAB-raga030030,3,,0,1,1
4891,CAB-raga030050,3,,0,0,1
4892,CAB-raga030060,3,,0,0,1
4893,CAB-raga033045,3,,0,0,1
4894,CAB-raga035035,3,,0,0,1
4895,CAB-raga039145,3,,0,0,1
4896,CAB-raga040020,3,,0,0,1
4897,CAB-raga040035,3,,0,0,1
4898,CAB-raga040040,3,,0,0,1
4899,CAB-raga040050,3,,0,0,1
4900,CAB-raga045020,3,,0,0,1
4901,CAB-raga045030,3,,0,0,1
4902,CAB-raga045045,3,,6,6,1
4903,CAB-raga050014,3,,0,0,1
4904,CAB-raga050020,3,,0,0,1
4905,CAB-raga050030,3,,0,0,1
4906,CAB-raga050050,3,,0,0,1
4907,CAB-raga050175,3,,0,0,1
4908,CAB-raga053053,3,,0,0,1
4909,CAB-raga055010,3,,0,0,1
4910,CAB-raga055055,3,,0,0,1
4911,CAB-ragb060010,3,,0,0,1
4912,CAB-raga060020,3,,0,0,1
4913,CAB-raga060040,3,,0,0,1
4914,CAB-raga060060,3,,0,0,1
4915,CAB-raga065065,3,,0,0,1
4916,CAB-raga065175,3,,0,0,1
4917,CAB-raga070015,3,,0,0,1
4918,CAB-raga070020,3,,0,0,1
4919,CAB-raga070030,3,,0,0,1
4920,CAB-raga073045,3,,0,0,1
4921,CAB-raga074034,3,,0,0,1
4922,CAB-RAGA075085,3,,0,0,1
4923,CAB-raga080030,3,,0,0,1
4924,CAB-RAGA080050,3,,0,0,1
4925,CAB-raga090015,3,,0,0,1
4926,CAB-raga100015,3,,0,0,1
4927,CAB-RAGA100020,3,,0,0,1
4928,CAB-raga100025,3,,0,0,1
4929,CAB-raga100035,3,,0,0,1
4930,CAB-raga100050,3,,0,0,1
4931,CAB-raga109145,3,,0,0,1
4932,CAB-raga110015,3,,0,0,1
4933,CAB-raga119145,3,,0,0,1
4934,CAB-raga125125,3,,0,0,1
4935,CAB-raga130120,3,,0,0,1
4936,CAB-raga140030,3,,0,0,1
4937,CAB-raga895145,3,,0,0,1
4938,CAB-raga995145,3,,0,0,1
4939,CAB-redt009006,3,,0,0,1
4940,CAB-redt013006,3,,0,0,1
4941,CAB-redt013009,3,,111,91,1
4942,CAB-redt016006,3,,0,0,1
4943,CAB-redt016009,3,,0,0,1
4944,CAB-redt016013,3,,56,74,1
4945,CAB-redt019006,3,,0,0,1
4946,CAB-redt019009,3,,0,0,1
4947,CAB-redt019013,3,,3,3,1
4948,CAB-redt019015,3,,0,0,1
4949,CAB-redt019016,3,,10,74,1
4950,CAB-redt022006,3,,0,0,1
4951,CAB-redt022009,3,,0,0,1
4952,CAB-redt022013,3,,0,0,1
4953,CAB-redt022015,3,,0,0,1
4954,CAB-redt022016,3,,0,0,1
4955,CAB-redt022019,3,,2,2,1
4957,CAB-redt025013,3,,0,0,1
4958,CAB-redt025016,3,,0,0,1
4959,CAB-redt025019,3,,0,0,1
4960,CAB-redt025022,3,,0,0,1
4961,CAB-redt028013,3,,0,0,1
4962,CAB-redt028015,3,,0,0,1
4963,CAB-redt028016,3,,0,0,1
4964,CAB-redt028019,3,,0,0,1
4965,CAB-redt028022,3,,0,0,1
4966,CAB-redt028023,3,,0,0,1
4967,CAB-redt028025,3,,0,0,1
4968,CAB-redt032013,3,,0,0,1
4969,CAB-redt032019,3,,0,0,1
4970,CAB-redt032025,3,,0,0,1
4971,CAB-redt032028,3,,0,0,1
4972,CAB-redt035013,3,,0,0,1
4973,CAB-redt035016,3,,0,0,1
4974,CAB-redt035019,3,,0,0,1
4975,CAB-redt035022,3,,0,0,1
4976,CAB-redt035025,3,,0,0,1
4977,CAB-redt035028,3,,0,0,1
4978,CAB-redt035029,3,,0,0,1
4979,CAB-redt035032,3,,0,0,1
4980,CAB-redt038025,3,,0,0,1
4981,CAB-redt038032,3,,0,0,1
4982,CAB-redt042016,3,,0,0,1
4983,CAB-redt042019,3,,0,0,1
4984,CAB-redt042022,3,,0,0,1
4985,CAB-Redt042025,3,,0,0,1
4986,CAB-redt042028,3,,0,0,1
4987,CAB-redt042032,3,,0,0,1
4988,CAB-redt042035,3,,1,1,1
4989,CAB-redt054016,3,,0,0,1
4990,CAB-redt054019,3,,0,0,1
4991,CAB-redt054022,3,,0,0,1
4992,CAB-redt054028,3,,0,0,1
4993,CAB-redt054035,3,,0,0,1
4994,CAB-redt054042,3,,6,6,1
4995,CAB-redt067016,3,,0,0,1
4996,CAB-redt067022,3,,0,0,1
4997,CAB-redt067028,3,,0,0,1
4998,CAB-redt067035,3,,0,0,1
4999,CAB-redt067042,3,,0,0,1
5000,CAB-redt067054,3,,0,0,1
5001,CAB-redt080022,3,,0,0,1
5002,CAB-redt080028,3,,0,0,1
5003,CAB-redt080035,3,,0,0,1
5004,CAB-redt080042,3,,0,0,1
5005,CAB-redt080054,3,,0,0,1
5006,CAB-redt080067,3,,0,0,1
5007,CAB-redt104035,3,,0,0,1
5008,CAB-redt104042,3,,0,0,1
5009,CAB-redt104054,3,,0,0,1
5010,CAB-redt104067,3,,0,0,1
5011,CAB-redt104080,3,,0,0,1
5012,CAB-redt156080,3,,0,0,1
5013,CAB-redt156104,3,,0,0,1
5014,CAB-regb000001,3,,1,2,1
5015,CAB-regb000002,3,,27,43,1
5016,CAB-regb000003,3,,223,265,1
5017,CAB-regb000004,3,,3,3,1
5018,CAB-regb000005,3,,0,0,1
5019,CAB-regb000006,3,,0,0,1
5020,CAB-regb000007,3,,0,0,1
5021,CAB-regb000008,3,,0,0,1
5022,CAB-regb000009,3,,0,0,1
5023,CAB-regb000010,3,,0,0,1
5024,CAB-regb000011,3,,0,0,1
5025,CAB-regb000012,3,,0,0,1
5026,CAB-regb000013,3,,0,0,1
5027,CAB-regb000014,3,,0,0,1
5028,CAB-regb000015,3,,0,0,1
5029,CAB-regb000016,3,,0,0,1
5030,CAB-regb000017,3,,0,0,1
5031,CAB-regf000632,3,,0,0,1
5032,CAB-regf001025,3,,0,0,1
5033,CAB-regf001026,3,,0,0,1
5034,CAB-regf001222,3,,0,0,1
5035,CAB-regf001302,3,,0,0,1
5036,CAB-regf001303,3,,0,0,1
5037,CAB-regf001622,3,,0,0,1
5038,CAB-regf001623,3,,0,0,1
5039,CAB-regf001624,3,,0,0,1
5040,CAB-regf001625,3,,0,0,1
5041,CAB-regf001626,3,,0,0,1
5042,CAB-regf001627,3,,0,0,1
5043,CAB-regf002627,3,,0,0,1
5044,CAB-regf002743,3,,0,0,1
5045,CAB-regf006435,3,,0,0,1
5046,CAB-regf054627,3,,0,0,1
5047,CAB-regf054630,3,,0,0,1
5048,CAB-regf100005,3,,0,0,1
5049,CAB-regf100033,3,,0,0,1
5050,CAB-regf100050,3,,0,0,1
5051,CAB-regf101004,3,,7,7,1
5052,CAB-regf101006,3,,0,0,1
5053,CAB-regf101007,3,,0,0,1
5054,CAB-regf101020,3,,0,0,1
5055,CAB-regf101033,3,,0,0,1
5056,CAB-regf101070,3,,0,0,1
5057,CAB-regf200020,3,,0,0,1
5058,CAB-regf200033,3,,0,0,1
5059,CAB-regf200050,3,,0,0,1
5060,CAB-regf200070,3,,0,0,1
5061,CAB-REGF210083,3,,0,0,1
5062,CAB-regf300033,3,,0,0,1
5063,CAB-regf300070,3,,0,0,1
5064,CAB-regf400032,3,,0,0,1
5065,CAB-regf400040,3,,0,0,1
5066,CAB-regf400050,3,,0,0,1
5067,CAB-regh001004,3,,0,0,1
5068,CAB-regh001005,3,,6,16,1
5069,CAB-regh001006,3,,0,0,1
5070,CAB-regh001007,3,,4,4,1
5071,CAB-regh001008,3,,0,0,1
5072,CAB-regh001012,3,,0,0,1
5073,CAB-regh001020,3,,0,0,1
5074,CAB-regh001035,3,,0,0,1
5075,CAB-regh001060,3,,0,0,1
5076,CAB-regh001200,3,,0,0,1
5077,CAB-regh001235,3,,0,0,1
5078,CAB-regh002035,3,,0,0,1
5079,CAB-regh002200,3,,0,0,1
5080,CAB-regh003006,3,,0,0,1
5081,CAB-regh003008,3,,0,0,1
5082,CAB-regh003015,3,,0,0,1
5083,CAB-regh003035,3,,0,0,1
5084,CAB-regh003050,3,,0,0,1
5085,CAB-regh801001,3,,0,0,1
5086,CAB-regh801002,3,,0,0,1
5087,CAB-regh801003,3,,0,1,1
5088,CAB-regh801004,3,,0,0,1
5089,CAB-regh801005,3,,0,0,1
5090,CAB-regh801006,3,,0,0,1
5091,CAB-regh825001,3,,0,0,1
5092,CAB-regh825002,3,,3,5,1
5093,CAB-regh825003,3,,0,0,1
5094,CAB-regh825004,3,,0,0,1
5095,CAB-regh825005,3,,1,1,1
5096,CAB-regh825006,3,,0,0,1
5097,CAB-regh825007,3,,0,0,1
5098,CAB-regh825008,3,,0,0,1
5099,CAB-regh825009,3,,0,0,1
5100,CAB-regh825010,3,,0,0,1
5101,CAB-regh825011,3,,0,0,1
5102,CAB-regh825012,3,,0,0,1
5103,CAB-regh825013,3,,0,0,1
5104,CAB-regh847001,3,,0,0,1
5107,CAB-regl100001,3,,3,4,1
5108,CAB-regl100002,3,,0,0,1
5109,CAB-regl100003,3,,1,1,1
5110,CAB-regl100004,3,,0,0,1
5111,CAB-regl200001,3,,0,0,1
5112,CAB-regl200002,3,,0,0,1
5113,CAB-regl200003,3,,0,0,1
5114,CAB-regl300001,3,,0,0,1
5115,CAB-regl300003,3,,0,0,1
5116,CAB-regl300004,3,,0,0,1
5117,CAB-regl300005,3,,0,0,1
5118,CAB-regl300006,3,,0,0,1
5119,CAB-regl400001,3,,0,0,1
5120,CAB-regl400002,3,,0,0,1
5121,CAB-regl400003,3,,0,0,1
5122,CAB-regl400004,3,,0,0,1
5123,CAB-regl400005,3,,0,0,1
5124,CAB-regl400006,3,,0,0,1
5125,CAB-regl500001,3,,0,0,1
5126,CAB-regl500002,3,,0,0,1
5127,CAB-regl600001,3,,0,0,1
5128,CAB-regl600002,3,,0,0,1
5129,CAB-regl600003,3,,0,0,1
5130,CAB-regl600004,3,,0,0,1
5131,CAB-regl700001,3,,0,0,1
5132,CAB-regl800001,3,,0,0,1
5133,CAB-rego100302,3,,0,0,1
5134,CAB-rego102302,3,,0,0,1
5135,CAB-rego104403,3,,0,0,1
5136,CAB-rego104404,3,,6,6,1
5137,CAB-rego104405,3,,0,0,1
5138,CAB-rego104406,3,,0,0,1
5139,CAB-rego105503,3,,0,2,1
5140,CAB-rego105504,3,,2,2,1
5141,CAB-rego200597,3,,2,2,1
5142,CAB-rego201584,3,,5,6,1
5143,CAB-rego201588,3,,0,0,1
5144,CAB-rego201784,3,,1,1,1
5145,CAB-rego211584,3,,0,0,1
5146,CAB-ring000005,3,,0,0,1
5147,CAB-ring000006,3,,3,1,1
5148,CAB-ring000008,3,,18,0,1
5149,CAB-ring000010,3,,169,12,1
5150,CAB-ring000012,3,,0,0,1
5151,CAB-ring000013,3,,2,4,1
5152,CAB-ring000015,3,,0,0,1
5153,CAB-ring000016,3,,0,0,1
5154,CAB-ring000019,3,,3,0,1
5155,CAB-rock125060,3,,0,0,1
5156,CAB-rock125080,3,,0,0,1
5157,CAB-rock125100,3,,0,0,1
5158,CAB-rock150050,3,,0,0,1
5159,CAB-rock150060,3,,0,0,1
5160,CAB-rock150080,3,,0,0,1
5161,CAB-rock150100,3,,0,0,1
5162,CAB-rock225015,3,,0,0,1
5163,CAB-rock225020,3,,0,0,1
5164,CAB-rock225025,3,,0,0,1
5165,CAB-rock225032,3,,0,0,1
5166,CAB-rock225040,3,,0,0,1
5167,CAB-rock225050,3,,0,0,1
5168,CAB-rock225065,3,,0,0,1
5169,CAB-rock225080,3,,0,0,1
5170,CAB-rock225100,3,,0,0,1
5171,CAB-rock225125,3,,0,0,1
5172,CAB-rock225150,3,,0,0,1
5173,CAB-rock225200,3,,0,0,1
5174,CAB-rock225250,3,,0,0,1
5175,CAB-rock225300,3,,0,0,1
5176,CAB-rock225350,3,,0,0,1
5177,CAB-rock225375,3,,0,0,1
5178,CAB-rock225400,3,,0,0,1
5179,CAB-rock225500,3,,0,0,1
5180,CAB-rock225600,3,,0,0,1
5181,CAB-rock225700,3,,0,0,1
5182,CAB-rock225750,3,,0,0,1
5183,CAB-rock225800,3,,0,0,1
5184,CAB-rock240015,3,,0,0,1
5185,CAB-rock240020,3,,0,0,1
5186,CAB-rock240025,3,,0,0,1
5187,CAB-rock240032,3,,0,0,1
5188,CAB-rock240040,3,,0,0,1
5189,CAB-rock240050,3,,0,0,1
5190,CAB-rock240065,3,,0,0,1
5191,CAB-rock240080,3,,0,0,1
5192,CAB-rock240100,3,,0,0,1
5193,CAB-rock240125,3,,0,0,1
5194,CAB-rock240150,3,,0,0,1
5195,CAB-rock240250,3,,0,0,1
5196,CAB-rock240300,3,,0,0,1
5197,CAB-rock250015,3,,0,0,1
5198,CAB-rock250020,3,,0,0,1
5199,CAB-rock250025,3,,0,0,1
5200,CAB-rock250032,3,,0,0,1
5201,CAB-rock250040,3,,0,0,1
5202,CAB-rock250050,3,,0,0,1
5203,CAB-rock250065,3,,0,0,1
5204,CAB-rock250080,3,,0,0,1
5205,CAB-rock250100,3,,0,0,1
5206,CAB-rock250125,3,,0,0,1
5207,CAB-rock250150,3,,0,0,1
5208,CAB-rock250200,3,,0,0,1
5209,CAB-rock250250,3,,0,0,1
5210,CAB-rock250300,3,,0,0,1
5211,CAB-rock250350,3,,0,0,1
5212,CAB-rock250400,3,,0,0,1
5213,CAB-rock250500,3,,0,0,1
5214,CAB-rock325080,3,,0,0,1
5215,CAB-rock350060,3,,0,0,1
5216,CAB-rock350080,3,,0,0,1
5217,CAB-rock350100,3,,0,0,1
5218,CAB-rock425060,3,,0,0,1
5219,CAB-rock450060,3,,0,0,1
5220,CAB-rock450080,3,,0,0,1
5221,CAB-ruci001013,3,,0,0,1
5222,CAB-ruci001020,3,,0,0,1
5223,CAB-ruci001025,3,,0,0,1
5224,CAB-ruci001050,3,,0,0,1
5225,CAB-ruci001080,3,,0,0,1
5226,CAB-ruci001100,3,,0,0,1
5227,CAB-ruci222050,3,,0,0,1
5228,CAB-ruci223050,3,,0,0,1
5229,CAB-ruci223100,3,,0,0,1
5230,CAB-ruci224050,3,,0,0,1
5231,CAB-ruci225050,3,,0,0,1
5232,CAB-ruci225100,3,,0,0,1
5233,CAB-ruci226065,3,,0,0,1
5234,CAB-ruci226100,3,,0,0,1
5235,CAB-ruci227015,3,,0,0,1
5236,CAB-ruci228020,3,,0,0,1
5237,CAB-ruci228032,3,,0,0,1
5238,CAB-ruci228100,3,,0,0,1
5239,CAB-ruci229015,3,,0,0,1
5240,CAB-ruci230015,3,,0,0,1
5241,CAB-ruci230100,3,,0,0,1
5242,CAB-ruci231015,3,,0,0,1
5243,CAB-ruci302032,3,,0,0,1
5244,CAB-sada000000,3,,0,0,1
5245,CAB-sada015015,3,,0,0,1
5246,CAB-sada020020,3,,0,0,1
5247,CAB-sada025025,3,,2,2,1
5248,CAB-sada030030,3,,2,2,1
5249,CAB-sada035035,3,,0,0,1
5250,CAB-sada040040,3,,0,0,1
5251,CAB-sada045045,3,,0,0,1
5252,CAB-sada050050,3,,0,0,1
5253,CAB-sada055055,3,,0,0,1
5254,CAB-sada060060,3,,0,0,1
5255,CAB-sadp025025,3,,0,0,1
5256,CAB-sadp040040,3,,0,0,1
5257,CAB-saga000000,3,,0,0,1
5258,CAB-saga012120,3,,0,0,1
5259,CAB-saga015015,3,,0,0,1
5260,CAB-saga020020,3,,0,0,1
5261,CAB-saga025025,3,,0,0,1
5262,CAB-saga030020,3,,0,0,1
5263,CAB-saga030030,3,,0,0,1
5264,CAB-saga030050,3,,0,0,1
5265,CAB-saga035035,3,,0,0,1
5266,CAB-saga040015,3,,0,0,1
5267,CAB-saga04040,3,,0,0,1
5268,CAB-saga050014,3,,0,0,1
5269,CAB-saga067044,3,,0,0,1
5270,CAB-saga073015,3,,0,0,1
5271,CAB-saga074029,3,,0,0,1
5272,CAB-saga074030,3,,0,0,1
5273,CAB-saga074031,3,,0,0,1
5274,CAB-saga074034,3,,0,0,1
5275,CAB-saga074036,3,,0,0,1
5276,CAB-saga075012,3,,0,0,1
5277,CAB-saga075015,3,,0,0,1
5278,CAB-saga078039,3,,0,0,1
5279,CAB-saga080040,3,,0,0,1
5280,CAB-saga100010,3,,0,0,1
5281,CAB-saga100015,3,,0,0,1
5282,CAB-saga153028,3,,0,0,1
5283,CAB-saga153029,3,,0,0,1
5284,CAB-saga153030,3,,0,0,1
5285,CAB-saga153031,3,,0,0,1
5286,CAB-saga153036,3,,0,0,1
5287,CAB-saga159029,3,,0,0,1
5288,CAB-saga795044,3,,0,0,1
5289,CAB-sagi100030,3,,0,0,1
5290,CAB-sagi100101,3,,0,5,1
5291,CAB-sagi100103,3,,0,0,1
5292,CAB-sagi100106,3,,3,2,1
5293,CAB-sagi100110,3,,7,8,1
5294,CAB-sagi100120,3,,2,7,1
5295,CAB-sagi100130,3,,0,0,1
5296,CAB-sagi110106,3,,0,0,1
5297,CAB-sagi111106,3,,0,0,1
5298,CAB-sagi111110,3,,0,0,1
5299,CAB-sagi111130,3,,0,0,1
5300,CAB-sagi200130,3,,0,0,1
5303,CAB-sagi400106,3,,0,0,1
5304,CAB-sagi500106,3,,0,1,1
5305,CAB-sagi600106,3,,0,0,1
5306,CAB-sagi700130,3,,0,0,1
5307,CAB-sagi800103,3,,0,0,1
5309,CAB-sagi800110,3,,0,0,1
5311,CAB-sagi800130,3,,0,2,1
5313,CAB-sagp040040,3,,0,0,1
5320,CAB-scgh170053,3,,0,0,1
5326,CAB-schg045350,3,,0,0,1
5327,CAB-schg100015,3,,0,0,1
5328,CAB-schg100020,3,,0,0,1
5329,CAB-schg100025,3,,0,0,1
5330,CAB-schg100032,3,,0,0,1
5331,CAB-schg100040,3,,0,0,1
5332,CAB-schg100050,3,,0,0,1
5333,CAB-schg100065,3,,0,0,1
5334,CAB-schg100080,3,,0,0,1
5335,CAB-schg100100,3,,0,0,1
5336,CAB-schg100125,3,,0,0,1
5337,CAB-schg100150,3,,0,0,1
5338,CAB-schg100200,3,,0,0,1
5339,CAB-schg100250,3,,0,0,1
5340,CAB-schg100300,3,,0,0,1
5341,CAB-schg100350,3,,0,0,1
5342,CAB-schg100400,3,,0,0,1
5343,CAB-schg100450,3,,0,0,1
5344,CAB-schg100500,3,,0,0,1
5345,CAB-schg110015,3,,0,0,1
5346,CAB-schg110020,3,,0,0,1
5347,CAB-schg110025,3,,0,0,1
5348,CAB-schg110032,3,,0,0,1
5349,CAB-schg110040,3,,0,0,1
5350,CAB-schg110050,3,,0,0,1
5351,CAB-schg110065,3,,0,0,1
5352,CAB-schg110080,3,,0,0,1
5353,CAB-schg110100,3,,0,0,1
5354,CAB-schg110125,3,,0,0,1
5355,CAB-schg110150,3,,0,0,1
5356,CAB-schg110200,3,,0,0,1
5357,CAB-schg110250,3,,0,0,1
5358,CAB-schg110300,3,,0,0,1
5359,CAB-schg110350,3,,0,0,1
5360,CAB-schg110400,3,,0,0,1
5361,CAB-schg110450,3,,0,0,1
5362,CAB-schg110500,3,,0,0,1
5363,CAB-schg170025,3,,0,0,1
5364,CAB-schg170026,3,,0,0,1
5365,CAB-schg170032,3,,0,0,1
5366,CAB-schg170033,3,,0,0,1
5367,CAB-schg170034,3,,0,0,1
5368,CAB-schg170040,3,,0,0,1
5369,CAB-schg170041,3,,0,0,1
5370,CAB-schg170042,3,,0,0,1
5371,CAB-schg170043,3,,0,0,1
5372,CAB-schg170050,3,,0,0,1
5373,CAB-schg170051,3,,0,0,1
5374,CAB-schg170052,3,,0,0,1
5375,CAB-schg170054,3,,0,0,1
5376,CAB-schg170065,3,,0,0,1
5377,CAB-schg170066,3,,0,0,1
5378,CAB-schg170067,3,,0,0,1
5379,CAB-schg170068,3,,0,0,1
5380,CAB-schg170080,3,,0,0,1
5381,CAB-schg170081,3,,0,0,1
5382,CAB-schg170082,3,,0,0,1
5383,CAB-schg170083,3,,0,0,1
5384,CAB-schg170084,3,,0,0,1
5385,CAB-schg170101,3,,0,0,1
5386,CAB-schg170102,3,,0,0,1
5387,CAB-schg170103,3,,0,0,1
5388,CAB-schg170104,3,,0,0,1
5389,CAB-schg170105,3,,0,0,1
5390,CAB-schg170125,3,,0,0,1
5391,CAB-schg170150,3,,0,0,1
5392,CAB-schg170151,3,,0,0,1
5393,CAB-schg170152,3,,0,0,1
5394,CAB-schg170153,3,,0,0,1
5395,CAB-schg170154,3,,0,0,1
5396,CAB-schg170200,3,,0,0,1
5397,CAB-schg170250,3,,0,0,1
5398,CAB-schg170300,3,,0,0,1
5399,CAB-schg170350,3,,0,0,1
5400,CAB-schg180025,3,,0,0,1
5401,CAB-schg180030,3,,0,0,1
5402,CAB-schg180032,3,,0,0,1
5403,CAB-schg180033,3,,0,0,1
5404,CAB-schg180034,3,,0,0,1
5405,CAB-schg180040,3,,0,0,1
5406,CAB-schg180041,3,,0,0,1
5407,CAB-schg180042,3,,0,0,1
5408,CAB-schg180050,3,,0,0,1
5409,CAB-schg180051,3,,0,0,1
5410,CAB-schg180052,3,,0,0,1
5411,CAB-schg180053,3,,0,0,1
5412,CAB-schg180065,3,,0,0,1
5413,CAB-schg180066,3,,0,0,1
5414,CAB-schg180080,3,,0,0,1
5415,CAB-schg180081,3,,0,0,1
5416,CAB-schg180082,3,,0,0,1
5417,CAB-schg180083,3,,0,0,1
5418,CAB-schg180084,3,,0,0,1
5419,CAB-schg180100,3,,0,0,1
5420,CAB-schg180101,3,,0,0,1
5421,CAB-schg180102,3,,0,0,1
5422,CAB-schg180103,3,,0,0,1
5423,CAB-schg180104,3,,0,0,1
5424,CAB-schg180105,3,,0,0,1
5425,CAB-schg180125,3,,0,0,1
5426,CAB-schg180150,3,,0,0,1
5427,CAB-schg180151,3,,0,0,1
5428,CAB-schg180152,3,,0,0,1
5429,CAB-schg180153,3,,0,0,1
5430,CAB-schg180200,3,,0,0,1
5431,CAB-schg180250,3,,0,0,1
5432,CAB-schg180300,3,,0,0,1
5433,CAB-schg180350,3,,0,0,1
5434,CAB-schg180351,3,,0,0,1
5435,CAB-schi021065,3,,0,0,1
5436,CAB-schi045032,3,,0,0,1
5437,CAB-schi045040,3,,0,0,1
5438,CAB-schi045050,3,,0,0,1
5439,CAB-schi045065,3,,0,0,1
5440,CAB-schi045080,3,,0,0,1
5441,CAB-schi045100,3,,0,0,1
5442,CAB-schi045150,3,,0,0,1
5443,CAB-schi045200,3,,0,0,1
5444,CAB-schi045250,3,,0,0,1
5445,CAB-schi045350,3,,0,0,1
5446,CAB-schi100015,3,,0,0,1
5447,CAB-schi100020,3,,0,0,1
5448,CAB-schi100025,3,,0,0,1
5449,CAB-schi100032,3,,0,0,1
5450,CAB-schi100040,3,,0,0,1
5451,CAB-schi100050,3,,0,0,1
5452,CAB-schi100065,3,,0,0,1
5453,CAB-schi100080,3,,0,0,1
5454,CAB-schi100100,3,,0,0,1
5455,CAB-schi100125,3,,0,0,1
5456,CAB-schi100150,3,,0,0,1
5457,CAB-schi100200,3,,0,0,1
5458,CAB-schi100250,3,,0,0,1
5459,CAB-schi100300,3,,0,0,1
5460,CAB-schi100350,3,,0,0,1
5461,CAB-schi100400,3,,0,0,1
5462,CAB-schi100450,3,,0,0,1
5463,CAB-schi100500,3,,0,0,1
5464,CAB-schi101100,3,,0,0,1
5465,CAB-schi110015,3,,0,0,1
5466,CAB-schi110020,3,,0,0,1
5467,CAB-schi110025,3,,0,0,1
5468,CAB-schi110032,3,,0,0,1
5469,CAB-schi110040,3,,0,0,1
5470,CAB-schi110050,3,,0,0,1
5471,CAB-schi110065,3,,0,0,1
5472,CAB-schi110080,3,,0,0,1
5473,CAB-schi110100,3,,0,0,1
5474,CAB-schi110125,3,,0,0,1
5475,CAB-schi110150,3,,0,0,1
5476,CAB-schi110200,3,,0,0,1
5477,CAB-schi110250,3,,0,0,1
5478,CAB-schi110300,3,,0,0,1
5479,CAB-schi110350,3,,0,0,1
5480,CAB-schi110400,3,,0,0,1
5481,CAB-schi110450,3,,0,0,1
5482,CAB-schi110500,3,,0,0,1
5483,CAB-schi170020,3,,0,0,1
5484,CAB-schi170025,3,,0,0,1
5485,CAB-schi170026,3,,0,0,1
5486,CAB-schi170032,3,,0,0,1
5487,CAB-schi170033,3,,0,0,1
5488,CAB-schi170034,3,,0,0,1
5489,CAB-schi170040,3,,0,0,1
5490,CAB-schi170041,3,,0,0,1
5491,CAB-schi170042,3,,0,0,1
5492,CAB-schi170043,3,,0,0,1
5493,CAB-schi170050,3,,0,0,1
5494,CAB-schi170051,3,,0,0,1
5495,CAB-schi170052,3,,0,0,1
5496,CAB-schi170053,3,,0,0,1
5497,CAB-schi170054,3,,0,0,1
5498,CAB-schi170065,3,,0,0,1
5499,CAB-schi170066,3,,0,0,1
5500,CAB-schi170067,3,,0,0,1
5501,CAB-schi170068,3,,0,0,1
5502,CAB-schi170069,3,,0,0,1
5503,CAB-schi170080,3,,0,0,1
5504,CAB-schi170081,3,,0,0,1
5505,CAB-schi170082,3,,0,0,1
5506,CAB-schi170083,3,,0,0,1
5507,CAB-schi170084,3,,0,0,1
5508,CAB-schi170100,3,,0,0,1
5509,CAB-schi170101,3,,0,0,1
5510,CAB-schi170102,3,,0,0,1
5511,CAB-schi170103,3,,0,0,1
5512,CAB-schi170104,3,,0,0,1
5513,CAB-schi170105,3,,0,0,1
5514,CAB-schi170125,3,,0,0,1
5515,CAB-schi170126,3,,0,0,1
5516,CAB-schi170127,3,,0,0,1
5517,CAB-schi170128,3,,0,0,1
5518,CAB-schi170150,3,,0,0,1
5519,CAB-schi170151,3,,0,0,1
5520,CAB-schi170152,3,,0,0,1
5521,CAB-schi170153,3,,0,0,1
5522,CAB-schi170154,3,,0,0,1
5523,CAB-schi170156,3,,0,0,1
5524,CAB-schi170200,3,,0,0,1
5525,CAB-schi170201,3,,0,0,1
5526,CAB-schi170250,3,,0,0,1
5527,CAB-schi170300,3,,0,0,1
5528,CAB-schi170350,3,,0,0,1
5529,CAB-schi180020,3,,0,0,1
5530,CAB-schi180025,3,,0,0,1
5531,CAB-schi180030,3,,0,0,1
5532,CAB-schi180032,3,,0,0,1
5533,CAB-schi180033,3,,0,0,1
5534,CAB-schi180034,3,,0,0,1
5535,CAB-schi180040,3,,0,0,1
5536,CAB-schi180041,3,,0,0,1
5537,CAB-schi180042,3,,0,0,1
5538,CAB-schi180043,3,,0,0,1
5539,CAB-schi180050,3,,0,0,1
5540,CAB-schi180051,3,,0,0,1
5541,CAB-schi180052,3,,0,0,1
5542,CAB-schi180053,3,,0,0,1
5543,CAB-schi180065,3,,0,0,1
5544,CAB-schi180066,3,,0,0,1
5545,CAB-schi180067,3,,0,0,1
5546,CAB-schi180068,3,,0,0,1
5547,CAB-schi180079,3,,0,0,1
5548,CAB-schi180080,3,,0,0,1
5549,CAB-schi180081,3,,0,0,1
5550,CAB-schi180082,3,,0,0,1
5551,CAB-schi180083,3,,0,0,1
5552,CAB-schi180100,3,,0,0,1
5553,CAB-schi180101,3,,0,0,1
5554,CAB-schi180102,3,,0,0,1
5555,CAB-schi180103,3,,0,0,1
5556,CAB-schi180104,3,,0,0,1
5557,CAB-schi180105,3,,0,0,1
5558,CAB-schi180125,3,,0,0,1
5559,CAB-schi180126,3,,0,0,1
5560,CAB-schi180150,3,,0,0,1
5561,CAB-schi180151,3,,0,0,1
5562,CAB-schi180152,3,,0,0,1
5563,CAB-schi180153,3,,0,0,1
5564,CAB-schi180154,3,,0,0,1
5565,CAB-schi180200,3,,0,0,1
5566,CAB-schi180201,3,,0,0,1
5567,CAB-schi180250,3,,0,0,1
5568,CAB-schi180300,3,,0,0,1
5569,CAB-schi180350,3,,0,0,1
5570,CAB-schi180400,3,,0,0,1
5571,CAB-schi181032,3,,0,0,1
5572,CAB-schi181050,3,,0,0,1
5573,CAB-schi190040,3,,0,0,1
5574,CAB-schi190050,3,,0,0,1
5575,CAB-schi190051,3,,0,0,1
5576,CAB-schi190067,3,,0,0,1
5577,CAB-schi190200,3,,0,0,1
5578,CAB-schi190201,3,,0,0,1
5579,CAB-schi210015,3,,0,0,1
5580,CAB-schi210020,3,,0,0,1
5581,CAB-schi210025,3,,0,0,1
5582,CAB-schi210032,3,,0,0,1
5583,CAB-schi210040,3,,0,0,1
5584,CAB-schi210050,3,,0,0,1
5585,CAB-schi210065,3,,0,0,1
5586,CAB-schi210080,3,,0,0,1
5587,CAB-schi210150,3,,0,0,1
5588,CAB-schi210200,3,,0,0,1
5589,CAB-schi410025,3,,0,0,1
5590,CAB-schi410042,3,,0,0,1
5591,CAB-schi410050,3,,0,0,1
5592,CAB-schi470080,3,,0,0,1
5593,CAB-schi470150,3,,0,0,1
5594,CAB-schi500040,3,,0,0,1
5595,CAB-schs100100,3,,0,0,1
5596,CAB-schs100150,3,,0,0,1
5597,CAB-scia001050,3,,0,0,1
5598,CAB-sciv016080,3,,0,0,1
5602,CAB-scvi150150,3,,0,0,1
5603,CAB-sdkn000003,3,,80,86,1
5604,CAB-sdkn000006,3,,21,24,1
5605,CAB-sdkn000007,3,,1,1,1
5606,CAB-sdkn000009,3,,1,0,1
5607,CAB-sdkn000015,3,,12,12,1
5608,CAB-sdkn000020,3,,2,3,1
5609,CAB-sdkn000025,3,,0,0,1
5610,CAB-sdkn000032,3,,0,0,1
5611,CAB-sdkn000040,3,,0,0,1
5612,CAB-sdkn000050,3,,0,0,1
5613,CAB-sera000001,3,,0,0,1
5614,CAB-sera120000,3,,0,0,1
5615,CAB-sera125000,3,,0,0,1
5616,CAB-sera132000,3,,0,0,1
5617,CAB-sera140000,3,,0,0,1
5618,CAB-sera150000,3,,0,0,1
5619,CAB-sera163000,3,,0,0,1
5620,CAB-sera172012,3,,0,0,1
5621,CAB-sera182012,3,,0,0,1
5622,CAB-sera182534,3,,0,0,1
5623,CAB-sera183210,3,,0,0,1
5624,CAB-sera192012,3,,0,0,1
5625,CAB-sera225200,3,,0,0,1
5626,CAB-sera232200,3,,0,0,1
5627,CAB-sera232250,3,,0,0,1
5628,CAB-sera240200,3,,0,0,1
5629,CAB-sera240250,3,,0,0,1
5630,CAB-sera250400,3,,0,0,1
5631,CAB-sera263500,3,,0,0,1
5632,CAB-sera311000,3,,0,0,1
5633,CAB-sera375000,3,,0,0,1
5634,CAB-sera390000,3,,0,0,1
5635,CAB-sera420000,3,,0,0,1
5636,CAB-sera425000,3,,0,0,1
5637,CAB-sera432000,3,,0,0,1
5638,CAB-sera440000,3,,0,0,1
5639,CAB-sera450000,3,,0,0,1
5640,CAB-sera463000,3,,0,0,1
5641,CAB-sera525200,3,,0,0,1
5642,CAB-sera532200,3,,0,0,1
5643,CAB-sera532250,3,,0,0,1
5644,CAB-sera540250,3,,0,0,1
5645,CAB-sera540320,3,,0,0,1
5646,CAB-sera550400,3,,0,0,1
5647,CAB-sera563500,3,,0,0,1
5648,CAB-sera720000,3,,0,0,1
5649,CAB-sera725000,3,,0,0,1
5650,CAB-sera732000,3,,0,0,1
5651,CAB-sera740000,3,,0,0,1
5652,CAB-sera750000,3,,0,0,1
5653,CAB-sera763000,3,,0,0,1
5654,CAB-sgpg100015,3,,0,0,1
5655,CAB-sgpg100020,3,,0,0,1
5656,CAB-SGPG100025,3,,0,0,1
5657,CAB-sgpg100032,3,,0,0,1
5658,CAB-sgpg100040,3,,0,0,1
5659,CAB-sgpg100050,3,,0,0,1
5660,CAB-sgpg100065,3,,0,0,1
5661,CAB-sgpg100080,3,,0,0,1
5662,CAB-sgpg100100,3,,0,0,1
5663,CAB-sgpg100125,3,,0,0,1
5664,CAB-sgpg100150,3,,0,0,1
5665,CAB-sgpg100200,3,,0,0,1
5666,CAB-sgpg100250,3,,0,0,1
5667,CAB-sgpg100300,3,,0,0,1
5668,CAB-sgpg100350,3,,0,0,1
5669,CAB-sgpg100400,3,,0,0,1
5670,CAB-sgpg100450,3,,0,0,1
5671,CAB-sgpg100500,3,,0,0,1
5672,CAB-sgpg101200,3,,0,0,1
5673,CAB-sgpg110015,3,,0,0,1
5674,CAB-sgpg110020,3,,0,0,1
5675,CAB-sgpg110025,3,,0,0,1
5676,CAB-sgpg110032,3,,0,0,1
5677,CAB-sgpg110040,3,,0,0,1
5678,CAB-sgpg110050,3,,0,0,1
5679,CAB-sgpg110065,3,,0,0,1
5680,CAB-sgpg110080,3,,0,0,1
5681,CAB-sgpg110100,3,,0,0,1
5682,CAB-sgpg110125,3,,0,0,1
5683,CAB-sgpg110150,3,,0,0,1
5684,CAB-sgpg110200,3,,0,0,1
5685,CAB-sgpg110250,3,,0,0,1
5686,CAB-sgpg110300,3,,0,0,1
5687,CAB-sgpg110350,3,,0,0,1
5688,CAB-sgpg110400,3,,0,0,1
5689,CAB-sgpg110450,3,,0,0,1
5690,CAB-sgpg110500,3,,0,0,1
5691,CAB-sgpg145020,3,,0,0,1
5692,CAB-sgpg145032,3,,0,0,1
5693,CAB-sgpg145040,3,,0,0,1
5694,CAB-sgpg145050,3,,0,0,1
5695,CAB-sgpg145065,3,,0,0,1
5696,CAB-sgpg145080,3,,0,0,1
5697,CAB-sgpg145100,3,,0,0,1
5698,CAB-sgpg145300,3,,0,0,1
5699,CAB-sgpg170020,3,,0,0,1
5700,CAB-sgpg170025,3,,0,0,1
5701,CAB-sgpg170032,3,,0,0,1
5702,CAB-sgpg170033,3,,0,0,1
5703,CAB-sgpg170035,3,,0,0,1
5704,CAB-sgpg170040,3,,0,0,1
5705,CAB-sgpg170041,3,,0,0,1
5706,CAB-sgpg170042,3,,0,0,1
5707,CAB-sgpg170043,3,,0,0,1
5708,CAB-sgpg170050,3,,0,0,1
5709,CAB-sgpg170051,3,,0,0,1
5710,CAB-sgpg170052,3,,0,0,1
5711,CAB-sgpg170053,3,,0,0,1
5712,CAB-sgpg170065,3,,0,0,1
5713,CAB-sgpg170067,3,,0,0,1
5714,CAB-sgpg170068,3,,0,0,1
5715,CAB-sgpg170069,3,,0,0,1
5716,CAB-sgpg170070,3,,0,0,1
5717,CAB-sgpg170071,3,,0,0,1
5718,CAB-sgpg170080,3,,0,0,1
5719,CAB-sgpg170081,3,,0,0,1
5720,CAB-sgpg170082,3,,0,0,1
5721,CAB-sgpg170083,3,,0,0,1
5722,CAB-sgpg170084,3,,0,0,1
5723,CAB-sgpg170100,3,,0,0,1
5724,CAB-sgpg170101,3,,0,0,1
5725,CAB-sgpg170102,3,,0,0,1
5726,CAB-sgpg170103,3,,0,0,1
5727,CAB-sgpg170125,3,,0,0,1
5728,CAB-sgpg170126,3,,0,0,1
5729,CAB-sgpg170150,3,,0,0,1
5730,CAB-sgpg170200,3,,0,0,1
5731,CAB-sgpg170201,3,,0,0,1
5732,CAB-sgpg170202,3,,0,0,1
5733,CAB-sgpg170203,3,,0,0,1
5734,CAB-sgpg170204,3,,0,0,1
5735,CAB-sgpg170250,3,,0,0,1
5736,CAB-sgpg170300,3,,0,0,1
5737,CAB-sgpg170350,3,,0,0,1
5738,CAB-sgpg170400,3,,0,0,1
5739,CAB-sgpg180020,3,,0,0,1
5740,CAB-sgpg180025,3,,0,0,1
5741,CAB-sgpg180026,3,,0,0,1
5742,CAB-sgpg180032,3,,0,0,1
5743,CAB-sgpg180033,3,,0,0,1
5744,CAB-sgpg180040,3,,0,0,1
5745,CAB-sgpg180041,3,,0,0,1
5746,CAB-sgpg180050,3,,0,0,1
5747,CAB-sgpg180051,3,,0,0,1
5748,CAB-sgpg180052,3,,0,0,1
5749,CAB-sgpg180053,3,,0,0,1
5750,CAB-sgpg180065,3,,0,0,1
5751,CAB-sgpg180066,3,,0,0,1
5752,CAB-sgpg180067,3,,0,0,1
5753,CAB-sgpg180068,3,,0,0,1
5754,CAB-sgpg180080,3,,0,0,1
5755,CAB-sgpg180081,3,,0,0,1
5756,CAB-sgpg180082,3,,0,0,1
5757,CAB-sgpg180083,3,,0,0,1
5758,CAB-sgpg180084,3,,0,0,1
5759,CAB-sgpg180100,3,,0,0,1
5760,CAB-sgpg180101,3,,0,0,1
5761,CAB-sgpg180102,3,,0,0,1
5762,CAB-sgpg180106,3,,0,0,1
5763,CAB-sgpg180125,3,,0,0,1
5764,CAB-sgpg180126,3,,0,0,1
5765,CAB-sgpg180127,3,,0,0,1
5766,CAB-sgpg180150,3,,0,0,1
5767,CAB-sgpg180151,3,,0,0,1
5768,CAB-sgpg180200,3,,0,0,1
5769,CAB-sgpg180250,3,,0,0,1
5770,CAB-sgpg180251,3,,0,0,1
5771,CAB-sgpg180252,3,,0,0,1
5772,CAB-sgpg180253,3,,0,0,1
5773,CAB-sgpg180300,3,,0,0,1
5774,CAB-sgpg180350,3,,0,0,1
5775,CAB-sgpg180400,3,,0,0,1
5776,CAB-sgpg190065,3,,0,0,1
5777,CAB-sgpg190080,3,,0,0,1
5778,CAB-sgpi100015,3,,0,0,1
5779,CAB-sgpi100020,3,,0,0,1
5780,CAB-sgpi100025,3,,0,0,1
5781,CAB-sgpi100032,3,,0,0,1
5782,CAB-sgpi100040,3,,0,0,1
5783,CAB-sgpi100050,3,,0,0,1
5784,CAB-sgpi100065,3,,0,0,1
5785,CAB-sgpi100080,3,,0,0,1
5786,CAB-sgpi100100,3,,0,0,1
5787,CAB-sgpi100125,3,,0,0,1
5788,CAB-sgpi100150,3,,0,0,1
5789,CAB-sgpi100200,3,,0,0,1
5790,CAB-sgpi100250,3,,0,0,1
5791,CAB-sgpi100300,3,,0,0,1
5792,CAB-sgpi100350,3,,0,0,1
5793,CAB-sgpi100400,3,,0,0,1
5794,CAB-sgpi100450,3,,0,0,1
5795,CAB-sgpi100500,3,,0,0,1
5796,CAB-sgpi101050,3,,0,0,1
5797,CAB-sgpi101100,3,,0,0,1
5798,CAB-sgpi101200,3,,0,0,1
5799,CAB-sgpi110015,3,,0,0,1
5800,CAB-sgpi110020,3,,0,0,1
5801,CAB-sgpi110025,3,,0,0,1
5802,CAB-sgpi110032,3,,0,0,1
5803,CAB-sgpi110040,3,,0,0,1
5804,CAB-sgpi110050,3,,0,0,1
5805,CAB-sgpi110065,3,,0,0,1
5806,CAB-sgpi110080,3,,0,0,1
5807,CAB-sgpi110100,3,,0,0,1
5808,CAB-sgpi110125,3,,0,0,1
5809,CAB-sgpi110150,3,,0,0,1
5810,CAB-sgpi110200,3,,0,0,1
5811,CAB-sgpi110250,3,,0,0,1
5812,CAB-sgpi110300,3,,0,0,1
5813,CAB-sgpi110350,3,,0,0,1
5814,CAB-sgpi110400,3,,0,0,1
5815,CAB-sgpi110450,3,,0,0,1
5816,CAB-sgpi110500,3,,0,0,1
5817,CAB-sgpi145020,3,,0,0,1
5818,CAB-sgpi145025,3,,0,0,1
5819,CAB-sgpi145040,3,,0,0,1
5820,CAB-sgpi145050,3,,0,0,1
5821,CAB-sgpi145065,3,,0,0,1
5822,CAB-sgpi145080,3,,0,0,1
5823,CAB-sgpi145100,3,,0,0,1
5824,CAB-sgpi145125,3,,0,0,1
5825,CAB-sgpi145150,3,,0,0,1
5826,CAB-sgpi145300,3,,0,0,1
5827,CAB-sgpi170020,3,,0,0,1
5828,CAB-sgpi170025,3,,0,0,1
5829,CAB-sgpi170026,3,,0,0,1
5830,CAB-sgpi170032,3,,0,0,1
5831,CAB-sgpi170035,3,,0,0,1
5832,CAB-sgpi170036,3,,0,0,1
5833,CAB-sgpi170040,3,,0,0,1
5834,CAB-sgpi170041,3,,0,0,1
5835,CAB-sgpi170042,3,,0,0,1
5836,CAB-sgpi170043,3,,0,0,1
5837,CAB-sgpi170050,3,,0,0,1
5838,CAB-sgpi170051,3,,0,0,1
5839,CAB-sgpi170052,3,,0,0,1
5840,CAB-sgpi170053,3,,0,0,1
5841,CAB-sgpi170054,3,,0,0,1
5842,CAB-sgpi170060,3,,0,0,1
5843,CAB-sgpi170061,3,,0,0,1
5844,CAB-sgpi170065,3,,0,0,1
5845,CAB-sgpi170066,3,,0,0,1
5846,CAB-sgpi170067,3,,0,0,1
5847,CAB-sgpi170068,3,,0,0,1
5848,CAB-sgpi170080,3,,0,0,1
5849,CAB-sgpi170081,3,,0,0,1
5850,CAB-sgpi170082,3,,0,0,1
5851,CAB-sgpi170083,3,,0,0,1
5852,CAB-sgpi170084,3,,0,0,1
5853,CAB-sgpi170100,3,,0,0,1
5854,CAB-sgpi170101,3,,0,0,1
5855,CAB-sgpi170102,3,,0,0,1
5856,CAB-sgpi170103,3,,0,0,1
5857,CAB-sgpi170104,3,,0,0,1
5858,CAB-sgpi170105,3,,0,0,1
5859,CAB-sgpi170125,3,,0,0,1
5860,CAB-sgpi170126,3,,0,0,1
5861,CAB-sgpi170150,3,,0,0,1
5862,CAB-sgpi170151,3,,0,0,1
5863,CAB-sgpi170153,3,,0,0,1
5864,CAB-sgpi170154,3,,0,0,1
5865,CAB-sgpi170200,3,,0,0,1
5866,CAB-sgpi170201,3,,0,0,1
5867,CAB-sgpi170202,3,,0,0,1
5868,CAB-sgpi170204,3,,0,0,1
5869,CAB-sgpi170205,3,,0,0,1
5870,CAB-sgpi170250,3,,0,0,1
5871,CAB-sgpi170300,3,,0,0,1
5872,CAB-sgpi170350,3,,0,0,1
5873,CAB-sgpi170400,3,,0,0,1
5874,CAB-sgpi180020,3,,0,0,1
5875,CAB-sgpi180025,3,,0,0,1
5876,CAB-sgpi180026,3,,0,0,1
5877,CAB-sgpi180032,3,,0,0,1
5878,CAB-sgpi180033,3,,0,0,1
5879,CAB-sgpi180034,3,,0,0,1
5880,CAB-sgpi180040,3,,0,0,1
5881,CAB-sgpi180041,3,,0,0,1
5882,CAB-sgpi180042,3,,0,0,1
5883,CAB-sgpi180050,3,,0,0,1
5884,CAB-sgpi180051,3,,0,0,1
5885,CAB-sgpi180052,3,,0,0,1
5886,CAB-sgpi180053,3,,0,0,1
5887,CAB-sgpi180060,3,,0,0,1
5888,CAB-sgpi180065,3,,0,0,1
5889,CAB-sgpi180066,3,,0,0,1
5890,CAB-sgpi180067,3,,0,0,1
5891,CAB-sgpi180068,3,,0,0,1
5892,CAB-sgpi180080,3,,0,0,1
5893,CAB-SGPI180081,3,,0,0,1
5894,CAB-sgpi180082,3,,0,0,1
5895,CAB-sgpi180083,3,,0,0,1
5896,CAB-sgpi180084,3,,0,0,1
5897,CAB-sgpi180100,3,,0,0,1
5898,CAB-sgpi180101,3,,0,0,1
5899,CAB-sgpi180102,3,,0,0,1
5900,CAB-sgpi180106,3,,0,0,1
5901,CAB-sgpi180107,3,,0,0,1
5902,CAB-sgpi180124,3,,0,0,1
5903,CAB-sgpi180125,3,,0,0,1
5904,CAB-sgpi180126,3,,0,0,1
5905,CAB-sgpi180127,3,,0,0,1
5906,CAB-sgpi180128,3,,0,0,1
5907,CAB-sgpi180150,3,,0,0,1
5908,CAB-sgpi180151,3,,0,0,1
5909,CAB-sgpi180152,3,,0,0,1
5910,CAB-sgpi180153,3,,0,0,1
5911,CAB-sgpi180154,3,,0,0,1
5912,CAB-sgpi180200,3,,0,0,1
5913,CAB-sgpi180201,3,,0,0,1
5914,CAB-sgpi180202,3,,0,0,1
5915,CAB-sgpi180250,3,,0,0,1
5916,CAB-sgpi180300,3,,0,0,1
5917,CAB-sgpi180301,3,,0,0,1
5918,CAB-sgpi180350,3,,0,0,1
5919,CAB-sgpi180400,3,,0,0,1
5920,CAB-sgpi180500,3,,0,0,1
5921,CAB-sgpi180600,3,,0,0,1
5922,CAB-sgpi190065,3,,0,0,1
5923,CAB-sgpi190080,3,,0,0,1
5924,CAB-sgpi190100,3,,0,0,1
5925,CAB-sgpi190300,3,,0,0,1
5926,CAB-sgpi200025,3,,0,0,1
5927,CAB-sgpi200040,3,,0,0,1
5928,CAB-sgpi200065,3,,0,0,1
5929,CAB-sgpi200080,3,,0,0,1
5930,CAB-sgpi200100,3,,0,0,1
5931,CAB-sgpi200150,3,,0,0,1
5932,CAB-sgpi200200,3,,0,0,1
5935,CAB-sgtt000025,3,,0,0,1
5938,CAB-sgtt001025,3,,0,0,1
5939,CAB-sgtt001026,3,,0,0,1
5942,CAB-sika000002,3,,0,0,1
5943,CAB-sika405004,3,,14,14,1
5944,CAB-sika405006,3,,17,17,1
5945,CAB-sika405010,3,,8,16,1
5946,CAB-sika405015,3,,0,0,1
5947,CAB-sika405025,3,,0,0,1
5948,CAB-sika410004,3,,2,2,1
5949,CAB-sika410006,3,,10,10,1
5950,CAB-sika410010,3,,0,0,1
5951,CAB-sika410015,3,,2,2,1
5952,CAB-sika412004,3,,0,0,1
5953,CAB-sika412006,3,,0,0,1
5954,CAB-sika412010,3,,1,1,1
5955,CAB-sika416004,3,,0,0,1
5956,CAB-sika416006,3,,0,0,1
5957,CAB-sika420004,3,,0,0,1
5958,CAB-sika420006,3,,0,0,1
5959,CAB-sika505004,3,,0,0,1
5960,CAB-sika505006,3,,0,0,1
5961,CAB-sika505010,3,,3,3,1
5962,CAB-sika505015,3,,0,0,1
5963,CAB-sika510004,3,,0,0,1
5964,CAB-sika510006,3,,0,0,1
5965,CAB-sika510010,3,,0,0,1
5966,CAB-sika510015,3,,3,3,1
5967,CAB-sika512004,3,,0,0,1
5968,CAB-sika512006,3,,0,0,1
5969,CAB-sika516004,3,,0,0,1
5970,CAB-sika516006,3,,0,0,1
5971,CAB-sika520004,3,,0,0,1
5972,CAB-sika520006,3,,0,0,1
5973,CAB-sika605004,3,,0,0,1
5974,CAB-sika605006,3,,0,0,1
5975,CAB-sika610010,3,,0,0,1
5976,CAB-sika705006,3,,0,0,1
5977,CAB-sika710006,3,,0,0,1
5978,CAB-sika760006,3,,0,0,1
5979,CAB-sika760010,3,,0,0,1
5980,CAB-sika960006,3,,0,0,1
5981,CAB-sika960010,3,,0,0,1
5982,CAB-sipo000006,3,,0,0,1
5983,CAB-sipo000009,3,,0,0,1
5984,CAB-sipo000015,3,,0,0,1
5985,CAB-sipo000016,3,,0,0,1
5986,CAB-sipo100006,3,,0,0,1
5987,CAB-sipo100009,3,,0,0,1
5988,CAB-sipo100015,3,,30,34,1
5989,CAB-sjcu900028,3,,0,0,1
5990,CAB-sjcu900035,3,,2,2,1
5991,CAB-sjcu900042,3,,0,0,1
5992,CAB-sjcu900054,3,,0,0,1
5993,CAB-sjcu900067,3,,0,0,1
5994,CAB-sjcu900080,3,,0,0,1
5995,CAB-sjcu900104,3,,0,0,1
5996,CAB-sjcu900159,3,,0,0,1
5997,CAB-skcr015015,3,,0,0,1
5998,CAB-skkn006003,3,,13,14,1
5999,CAB-skkn006006,3,,14,14,1
6000,CAB-skkn006007,3,,8,10,1
6001,CAB-skkn009006,3,,9,6,1
6002,CAB-skkn009009,3,,0,0,1
6003,CAB-skkn015006,3,,4,7,1
6004,CAB-skkn015009,3,,15,14,1
6005,CAB-skkn015010,3,,0,0,1
6007,CAB-skkn015015,3,,17,67,1
6008,CAB-skkn015016,3,,0,0,1
6009,CAB-skkn015017,3,,0,0,1
6010,CAB-skkn016015,3,,17,0,1
6011,CAB-skkn020006,3,,0,0,1
6012,CAB-skkn020015,3,,14,17,1
6013,CAB-skkn020016,3,,0,0,1
6014,CAB-skkn020020,3,,2,2,1
6015,CAB-skkn025015,3,,0,0,1
6016,CAB-skkn025020,3,,2,2,1
6017,CAB-skkn025025,3,,0,0,1
6018,CAB-skkn032025,3,,0,0,1
6019,CAB-skkn032026,3,,0,0,1
6020,CAB-skkn050032,3,,0,0,1
6021,CAB-skkn050040,3,,0,0,1
6022,CAB-SKYD100102,3,,0,0,1
6023,CAB-skyd002008,3,,0,0,1
6024,CAB-slkn000020,3,,0,0,1
6025,CAB-smac400004,3,,0,0,1
6026,CAB-smac400006,3,,0,0,1
6027,CAB-smac500010,3,,0,0,1
6028,CAB-smad402015,3,,0,0,1
6029,CAB-smaf400004,3,,0,0,1
6030,CAB-smaf400006,3,,0,0,1
6031,CAB-smaf400010,3,,0,0,1
6032,CAB-smaf800032,3,,0,0,1
6033,CAB-smaw200002,3,,3,3,1
6034,CAB-smaw400004,3,,0,0,1
6035,CAB-smaw400006,3,,0,1,1
6036,CAB-smca168010,3,,0,0,1
6037,CAB-smed001001,3,,0,0,1
6038,CAB-smed001002,3,,0,0,1
6039,CAB-smed001003,3,,0,0,1
6040,CAB-smed001004,3,,0,0,1
6041,CAB-smed002101,3,,10,10,1
6042,CAB-smed002202,3,,0,0,1
6043,CAB-smed002203,3,,0,1,1
6044,CAB-smed002204,3,,2,2,1
6045,CAB-smed002205,3,,2,2,1
6046,CAB-socl001100,3,,0,0,1
6047,CAB-socl001150,3,,0,0,1
6048,CAB-socl003050,3,,0,0,1
6049,CAB-socl003080,3,,0,0,1
6050,CAB-socl003100,3,,0,0,1
6051,CAB-socl003125,3,,0,0,1
6052,CAB-socl003200,3,,0,0,1
6053,CAB-socl004050,3,,0,0,1
6054,CAB-socl004080,3,,0,0,1
6055,CAB-socl005100,3,,0,0,1
6056,CAB-sotb000016,3,,0,0,1
6057,CAB-sowa010065,3,,0,0,1
6058,CAB-spdc000006,3,,0,0,1
6059,CAB-spgt000000,3,,0,0,1
6060,CAB-spgt020010,3,,0,0,1
6061,CAB-spgt020012,3,,0,0,1
6062,CAB-spgt020015,3,,0,0,1
6063,CAB-spgt020020,3,,0,0,1
6064,CAB-spgt020030,3,,0,0,1
6065,CAB-sptu000006,3,,0,0,1
6066,CAB-sptu000008,3,,0,0,1
6067,CAB-ssch100015,3,,0,0,1
6068,CAB-ssch100020,3,,0,0,1
6069,CAB-ssch100025,3,,0,0,1
6070,CAB-ssch100040,3,,0,0,1
6071,CAB-ssch100050,3,,0,0,1
6072,CAB-ssch100080,3,,0,0,1
6073,CAB-ssch510015,3,,0,0,1
6074,CAB-ssch510040,3,,0,0,1
6075,CAB-ssch510050,3,,0,0,1
6076,CAB-ssch510065,3,,0,0,1
6077,CAB-ssch510080,3,,0,0,1
6078,CAB-ssch530050,3,,0,0,1
6079,CAB-ssch530053,3,,0,0,1
6080,CAB-ssch530080,3,,0,0,1
6081,CAB-ssch540025,3,,0,0,1
6082,CAB-ssch540050,3,,0,0,1
6083,CAB-ssch540065,3,,0,0,1
6084,CAB-ssch540080,3,,0,0,1
6085,CAB-ssch540081,3,,0,0,1
6086,CAB-ssch540082,3,,0,0,1
6087,CAB-ssdn000006,3,,4,4,1
6088,CAB-ssdn000009,3,,14,14,1
6089,CAB-ssdn000015,3,,4,6,1
6090,CAB-ssdn000020,3,,0,5,1
6091,CAB-ssdn000025,3,,0,0,1
6092,CAB-ssdn000032,3,,0,0,1
6093,CAB-ssdn000040,3,,0,0,1
6094,CAB-ssdn000050,3,,0,0,1
6095,CAB-ssdn000065,3,,0,0,1
6096,CAB-ssdn020015,3,,0,0,1
6097,CAB-ssdn025020,3,,0,0,1
6098,CAB-ssdo000015,3,,0,0,1
6099,CAB-ssdo000020,3,,0,0,1
6100,CAB-ssdo000025,3,,0,0,1
6101,CAB-ssdo000032,3,,0,0,1
6102,CAB-ssdo000040,3,,0,0,1
6103,CAB-ssdo000050,3,,0,0,1
6104,CAB-ssfl010020,3,,0,0,1
6105,CAB-ssfl010025,3,,0,0,1
6106,CAB-ssfl010040,3,,0,0,1
6107,CAB-ssfl010050,3,,0,0,1
6108,CAB-ssfl010065,3,,0,0,1
6109,CAB-ssfl010080,3,,0,0,1
6110,CAB-ssfl010100,3,,0,0,1
6111,CAB-ssfl011020,3,,0,0,1
6112,CAB-ssfl011080,3,,0,0,1
6113,CAB-ssfl011100,3,,0,0,1
6114,CAB-ssfl011125,3,,0,0,1
6115,CAB-ssfl020025,3,,0,0,1
6116,CAB-ssfl020040,3,,0,0,1
6117,CAB-sskn000006,3,,9,9,1
6118,CAB-sskn000008,3,,1,3,1
6119,CAB-sskn000009,3,,0,0,1
6120,CAB-sskn000013,3,,0,1,1
6121,CAB-sskn000016,3,,0,0,1
6122,CAB-sskn000019,3,,0,0,1
6123,CAB-ssks000006,3,,2,2,1
6124,CAB-ssks000009,3,,0,0,1
6125,CAB-ssks000013,3,,0,0,1
6126,CAB-ssks000020,3,,0,0,1
6127,CAB-ssks000025,3,,0,0,1
6128,CAB-ssks000032,3,,0,0,1
6129,CAB-ssks000040,3,,0,0,1
6130,CAB-ssks000050,3,,6,6,1
6131,CAB-ssks000080,3,,0,0,1
6132,CAB-ssks001006,3,,0,0,1
6133,CAB-ssmc100006,3,,0,0,1
6134,CAB-ssmc100009,3,,0,0,1
6135,CAB-ssmc100015,3,,0,0,1
6136,CAB-ssmc100020,3,,0,0,1
6137,CAB-ssmc100025,3,,0,0,1
6138,CAB-ssmc200015,3,,0,0,1
6139,CAB-ssns006006,3,,0,0,1
6140,CAB-ssns010009,3,,0,0,1
6141,CAB-ssns015009,3,,0,0,1
6142,CAB-ssns015013,3,,0,0,1
6143,CAB-ssns020020,3,,0,0,1
6144,CAB-ssns025020,3,,0,0,1
6145,CAB-ssns040040,3,,0,0,1
6146,CAB-sspl000006,3,,0,0,1
6147,CAB-sspl000009,3,,0,0,1
6148,CAB-sspl000013,3,,8,8,1
6149,CAB-sspl000025,3,,0,0,1
6150,CAB-sspl000032,3,,0,0,1
6151,CAB-sspl000050,3,,0,0,1
6152,CAB-sspl000080,3,,0,0,1
6153,CAB-sssk000006,3,,0,0,1
6154,CAB-sssk000015,3,,0,0,1
6155,CAB-sssk000020,3,,0,0,1
6156,CAB-sssk000025,3,,0,0,1
6157,CAB-sssk000032,3,,0,0,1
6158,CAB-sssk000040,3,,0,0,1
6159,CAB-sssk000050,3,,0,0,1
6160,CAB-sssk000080,3,,0,0,1
6161,CAB-sste000006,3,,6,6,1
6162,CAB-sste000009,3,,0,0,1
6163,CAB-sste000015,3,,6,8,1
6164,CAB-sste000020,3,,0,0,1
6165,CAB-sste000025,3,,0,0,1
6166,CAB-sste000032,3,,0,0,1
6167,CAB-sste000040,3,,0,0,1
6168,CAB-sste000050,3,,0,0,1
6169,CAB-sste000080,3,,0,0,1
6170,CAB-ssus150025,3,,0,0,1
6171,CAB-ssvr015006,3,,0,0,1
6172,CAB-ssvr015009,3,,0,0,1
6173,CAB-ssvr020015,3,,0,0,1
6174,CAB-ssvr025015,3,,0,0,1
6175,CAB-ssvr025020,3,,0,0,1
6176,CAB-ssvr032015,3,,0,0,1
6177,CAB-ssvr032019,3,,0,0,1
6178,CAB-ssvr032025,3,,0,0,1
6179,CAB-ssvr040015,3,,0,0,1
6180,CAB-ssvr040020,3,,0,0,1
6181,CAB-ssvr040032,3,,0,0,1
6182,CAB-ssvr050015,3,,0,0,1
6183,CAB-ssvr050025,3,,0,0,1
6184,CAB-ssvr050032,3,,0,0,1
6185,CAB-ssvr050040,3,,0,0,1
6186,CAB-ssvr080032,3,,0,0,1
6187,CAB-ssvs015006,3,,0,0,1
6188,CAB-ssvs020015,3,,0,0,1
6189,CAB-ssvs025015,3,,0,0,1
6190,CAB-ssvs025020,3,,0,0,1
6191,CAB-ssvs032015,3,,0,0,1
6192,CAB-ssvs032019,3,,0,0,1
6193,CAB-ssvs032025,3,,0,0,1
6194,CAB-ssvs040020,3,,0,0,1
6195,CAB-ssvs040025,3,,0,0,1
6196,CAB-ssvs040032,3,,0,0,1
6197,CAB-ssvs050025,3,,0,0,1
6198,CAB-ssvs050032,3,,0,0,1
6199,CAB-ssvs050040,3,,0,0,1
6200,CAB-ssvt015006,3,,0,0,1
6201,CAB-ssvt020015,3,,1,1,1
6202,CAB-ssvt025019,3,,0,0,1
6203,CAB-ssvt025020,3,,0,0,1
6204,CAB-ssvt032019,3,,0,0,1
6205,CAB-ssvt040015,3,,0,0,1
6206,CAB-ssvt050015,3,,0,0,1
6207,CAB-ssvt050025,3,,0,0,1
6208,CAB-ssvt050040,3,,0,0,1
6209,CAB-sswm000015,3,,0,0,1
6210,CAB-sswm000020,3,,0,0,1
6211,CAB-sswm000025,3,,0,0,1
6212,CAB-sswm000032,3,,0,0,1
6213,CAB-sswm000040,3,,0,0,1
6214,CAB-sswm000050,3,,0,0,1
6215,CAB-sswm000065,3,,0,0,1
6231,CAB-stbg000006,3,,0,0,1
6232,CAB-stbg000008,3,,2,8,1
6233,CAB-stbg000009,3,,0,0,1
6234,CAB-stbg000013,3,,0,0,1
6235,CAB-stbg000015,3,,0,0,1
6236,CAB-stbg000016,3,,0,0,1
6237,CAB-stbg000019,3,,0,0,1
6238,CAB-stbg000022,3,,0,0,1
6239,CAB-stbg000023,3,,0,0,1
6240,CAB-stbg000025,3,,0,0,1
6241,CAB-stbg000028,3,,0,0,1
6242,CAB-stbg000029,3,,0,0,1
6243,CAB-stbg000032,3,,0,0,1
6244,CAB-stbg000035,3,,0,0,1
6245,CAB-stbg000036,3,,0,0,1
6246,CAB-stbg000038,3,,0,0,1
6247,CAB-stbg000042,3,,0,0,1
6248,CAB-stbg000043,3,,0,0,1
6249,CAB-stbg000054,3,,2,2,1
6250,CAB-stbg000055,3,,0,0,1
6251,CAB-stbg000067,3,,0,0,1
6252,CAB-stbg000068,3,,0,0,1
6253,CAB-stbg000076,3,,0,0,1
6254,CAB-stbg000080,3,,0,0,1
6255,CAB-stbg000105,3,,0,0,1
6256,CAB-stbg000108,3,,0,0,1
6257,CAB-stbg000156,3,,0,0,1
6258,CAB-stbg000159,3,,0,0,1
6259,CAB-stdl000025,3,,0,0,1
6260,CAB-stkn000022,3,,0,0,1
6261,CAB-stss000015,3,,0,0,1
6262,CAB-stss000020,3,,0,0,1
6263,CAB-stss000025,3,,0,0,1
6264,CAB-stss000032,3,,0,0,1
6265,CAB-stss000040,3,,0,0,1
6266,CAB-stss000050,3,,6,6,1
6267,CAB-stss000080,3,,0,0,1
6269,CAB-stty000100,3,,0,0,1
6272,CAB-styr025015,3,,0,0,1
6273,CAB-styr025020,3,,0,0,1
6274,CAB-styr025025,3,,50,50,1
6275,CAB-styr025032,3,,0,0,1
6276,CAB-styr025040,3,,0,75,1
6277,CAB-styr025050,3,,196,206,1
6278,CAB-styr025065,3,,0,6,1
6279,CAB-styr025080,3,,100,146,1
6280,CAB-styr025100,3,,247,287,1
6281,CAB-styr025125,3,,0,0,1
6282,CAB-styr025150,3,,70,93,1
6283,CAB-styr025200,3,,0,28,1
6284,CAB-styr025250,3,,0,0,1
6285,CAB-styr040065,3,,0,0,1
6286,CAB-styr050015,3,,0,0,1
6287,CAB-styr050020,3,,0,0,1
6288,CAB-styr050025,3,,0,0,1
6289,CAB-styr050032,3,,0,0,1
6290,CAB-styr050040,3,,0,0,1
6291,CAB-styr050050,3,,0,0,1
6292,CAB-styr050065,3,,12,12,1
6293,CAB-styr050080,3,,12,12,1
6294,CAB-styr050100,3,,0,0,1
6295,CAB-styr050125,3,,0,0,1
6296,CAB-styr050150,3,,0,0,1
6297,CAB-styr050200,3,,0,0,1
6298,CAB-styr050250,3,,0,0,1
6299,CAB-styr050300,3,,0,0,1
6300,CAB-styr051100,3,,0,0,1
6301,CAB-styr051125,3,,0,0,1
6302,CAB-styr051150,3,,0,0,1
6303,CAB-styr100001,3,,13,18,1
6304,CAB-styr100002,3,,0,0,1
6310,CAB-supl002013,3,,0,0,1
6313,CAB-supl003001,3,,0,0,1
6314,CAB-supl003002,3,,0,0,1
6315,CAB-supl003003,3,,0,0,1
6316,CAB-supl009006,3,,0,28,1
6317,CAB-supl009010,3,,20,20,1
6318,CAB-supl009013,3,,0,0,1
6319,CAB-supl009016,3,,0,0,1
6320,CAB-supl009019,3,,33,0,1
6321,CAB-supl009022,3,,0,0,1
6322,CAB-supl009025,3,,0,0,1
6323,CAB-supl009028,3,,0,0,1
6324,CAB-supl009032,3,,0,0,1
6325,CAB-supl009035,3,,0,0,1
6326,CAB-supl009042,3,,0,0,1
6327,CAB-supl009048,3,,0,0,1
6328,CAB-supl009054,3,,0,0,1
6329,CAB-supl009060,3,,0,0,1
6330,CAB-supl009067,3,,0,0,1
6331,CAB-supl009076,3,,0,0,1
6332,CAB-supl009089,3,,0,0,1
6333,CAB-supl013006,3,,0,0,1
6334,CAB-supl013009,3,,0,0,1
6335,CAB-supl013013,3,,0,0,1
6336,CAB-supl013016,3,,0,0,1
6337,CAB-supl013019,3,,0,0,1
6338,CAB-supl013022,3,,0,0,1
6339,CAB-supl013025,3,,0,0,1
6340,CAB-supl013028,3,,0,0,1
6341,CAB-supl013032,3,,0,0,1
6342,CAB-supl013035,3,,0,0,1
6343,CAB-supl013042,3,,0,0,1
6344,CAB-supl013048,3,,0,0,1
6345,CAB-supl013054,3,,0,0,1
6346,CAB-supl013060,3,,0,0,1
6347,CAB-supl013067,3,,0,0,1
6348,CAB-supl013080,3,,0,0,1
6349,CAB-supl013089,3,,0,0,1
6350,CAB-supl020006,3,,0,0,1
6351,CAB-supl020009,3,,0,0,1
6352,CAB-supl020013,3,,0,0,1
6353,CAB-supl020016,3,,0,0,1
6354,CAB-supl020019,3,,0,0,1
6355,CAB-supl020022,3,,0,0,1
6356,CAB-supl020025,3,,0,0,1
6357,CAB-supl020028,3,,0,0,1
6358,CAB-supl020032,3,,0,0,1
6359,CAB-supl020035,3,,0,0,1
6360,CAB-supl020042,3,,0,0,1
6361,CAB-supl020048,3,,0,0,1
6362,CAB-supl020054,3,,0,0,1
6363,CAB-supl020060,3,,0,0,1
6364,CAB-supl020067,3,,0,0,1
6365,CAB-supl020076,3,,0,0,1
6366,CAB-supl020089,3,,0,0,1
6367,CAB-supl020100,3,,0,0,1
6368,CAB-supl025009,3,,0,0,1
6369,CAB-supl025013,3,,0,0,1
6370,CAB-supl025016,3,,0,0,1
6371,CAB-supl025019,3,,0,0,1
6372,CAB-supl025022,3,,0,0,1
6373,CAB-supl025025,3,,0,0,1
6374,CAB-supl025028,3,,0,0,1
6375,CAB-supl025032,3,,0,0,1
6376,CAB-supl025035,3,,0,0,1
6377,CAB-supl025042,3,,0,0,1
6378,CAB-supl025048,3,,0,0,1
6379,CAB-supl025054,3,,0,0,1
6380,CAB-supl025060,3,,0,0,1
6381,CAB-supl025067,3,,0,0,1
6382,CAB-supl025076,3,,0,0,1
6383,CAB-supl025089,3,,0,0,1
6384,CAB-susf010022,3,,0,0,1
6386,CAB-susp000080,3,,0,0,1
6387,CAB-susp001003,3,,0,0,1
6388,CAB-susp001040,3,,0,0,1
6389,CAB-susp001050,3,,0,0,1
6390,CAB-susp001080,3,,0,0,1
6391,CAB-susp002050,3,,0,0,1
6392,CAB-susp002060,3,,0,0,1
6393,CAB-susp003040,3,,0,0,1
6395,CAB-svhs000020,3,,0,0,1
6397,CAB-svhs000032,3,,0,0,1
6398,CAB-svhs000040,3,,0,0,1
6400,CAB-svtl000032,3,,0,0,1
6401,CAB-svto000006,3,,0,1,1
6403,CAB-svtw000015,3,,0,0,1
6404,CAB-svtw000020,3,,0,0,1
6405,CAB-svtw000025,3,,0,0,1
6406,CAB-svtw000032,3,,0,0,1
6407,CAB-svtw000040,3,,0,0,1
6408,CAB-svtw000050,3,,0,1,1
6409,CAB-svtw000051,3,,0,0,1
6410,CAB-svtw001065,3,,0,0,1
6411,CAB-svtw001080,3,,1,1,1
6412,CAB-svtw001100,3,,0,0,1
6413,CAB-svtw001150,3,,0,0,1
6414,CAB-svtw002100,3,,0,0,1
6415,CAB-svtw016065,3,,0,0,1
6416,CAB-svtw016080,3,,0,0,1
6417,CAB-svtw016100,3,,0,0,1
6418,CAB-svtw016150,3,,0,0,1
6419,CAB-svtw020015,3,,0,0,1
6420,CAB-svtw020020,3,,0,0,1
6421,CAB-svtw021015,3,,0,0,1
6422,CAB-svtw201020,3,,0,0,1
6423,CAB-svtw703050,3,,0,0,1
6424,CAB-svtw703065,3,,0,0,1
6425,CAB-svtw703080,3,,0,0,1
6426,CAB-svtw703100,3,,0,0,1
6427,CAB-svtw703150,3,,0,0,1
6428,CAB-svtw703200,3,,0,0,1
6429,CAB-svwk000015,3,,0,0,1
6430,CAB-swmh100025,3,,3,3,1
6431,CAB-swmh100032,3,,0,0,1
6432,CAB-swmh100040,3,,0,0,1
6433,CAB-swmh100050,3,,1,1,1
6434,CAB-swmh100065,3,,0,0,1
6435,CAB-swmh100080,3,,0,0,1
6436,CAB-swmh200100,3,,0,0,1
6437,CAB-swmh200150,3,,0,0,1
6438,CAB-tabv000015,3,,0,0,1
6439,CAB-tabv000020,3,,0,0,1
6440,CAB-tabv000025,3,,0,0,1
6441,CAB-TATZ000200,3,,0,0,1
6442,CAB-TATZ000350,3,,0,0,1
6443,CAB-TATZ001015,3,,0,0,1
6444,CAB-TATZ001020,3,,0,0,1
6445,CAB-TATZ001025,3,,0,0,1
6446,CAB-TATZ001032,3,,0,0,1
6447,CAB-TATZ001040,3,,0,0,1
6448,CAB-TATZ001050,3,,0,0,1
6449,CAB-TATZ001065,3,,0,0,1
6450,CAB-tatz001066,3,,0,0,1
6451,CAB-TATZ001080,3,,0,0,1
6452,CAB-tatz001081,3,,0,0,1
6453,CAB-TATZ001100,3,,0,0,1
6454,CAB-tatz001101,3,,0,0,1
6455,CAB-TATZ001150,3,,0,0,1
6456,CAB-tatz002050,3,,0,0,1
6457,CAB-TATZ002065,3,,0,0,1
6458,CAB-TATZ002080,3,,0,0,1
6459,CAB-TATZ002100,3,,0,0,1
6460,CAB-TATZ002125,3,,0,0,1
6461,CAB-TATZ002150,3,,0,0,1
6462,CAB-TATZ002200,3,,1,1,1
6463,CAB-tatz002250,3,,0,0,1
6464,CAB-tatz003050,3,,0,0,1
6465,CAB-tatz003065,3,,0,0,1
6466,CAB-tatz003080,3,,0,0,1
6467,CAB-tatz003100,3,,0,0,1
6468,CAB-tatz003150,3,,0,0,1
6469,CAB-tatz003200,3,,0,0,1
6470,CAB-tatz004050,3,,0,0,1
6471,CAB-tatz004065,3,,0,0,1
6472,CAB-tatz004080,3,,0,0,1
6473,CAB-tatz004100,3,,0,0,1
6474,CAB-tatz004150,3,,0,0,1
6475,CAB-tatz004200,3,,0,0,1
6476,CAB-tatz005015,3,,0,0,1
6477,CAB-tatz005020,3,,0,0,1
6478,CAB-tatz005025,3,,1,1,1
6479,CAB-tatz005032,3,,0,0,1
6480,CAB-tatz005040,3,,0,0,1
6481,CAB-tatz005050,3,,0,0,1
6482,CAB-tatz005065,3,,0,0,1
6483,CAB-tatz005080,3,,0,0,1
6484,CAB-tatz005100,3,,0,0,1
6485,CAB-tatz005150,3,,0,0,1
6486,CAB-TATZ006020,3,,0,0,1
6487,CAB-TATZ006025,3,,0,0,1
6488,CAB-TATZ006032,3,,0,0,1
6489,CAB-TATZ006040,3,,0,0,1
6490,CAB-TATZ006050,3,,0,0,1
6491,CAB-TATZ007040,3,,0,0,1
6492,CAB-TATZ007050,3,,0,0,1
6493,CAB-TATZ007065,3,,0,0,1
6494,CAB-TATZ007080,3,,0,0,1
6495,CAB-TATZ007100,3,,0,0,1
6508,CAB-tcin005005,3,,0,0,1
6509,CAB-tcin006006,3,,0,1,1
6510,CAB-tcin008008,3,,0,0,1
6511,CAB-tcin009009,3,,5,15,1
6512,CAB-tcin010010,3,,0,0,1
6513,CAB-tcin012012,3,,0,0,1
6514,CAB-tcin015015,3,,0,0,1
6515,CAB-tcin020010,3,,0,0,1
6516,CAB-tdll005006,3,,0,0,1
6517,CAB-tecs065000,3,,0,0,1
6518,CAB-tecs065001,3,,0,0,1
6519,CAB-tecs065010,3,,0,0,1
6520,CAB-tecs065016,3,,0,0,1
6521,CAB-tecs065025,3,,0,0,1
6522,CAB-tecs145010,3,,0,0,1
6523,CAB-tecs145016,3,,0,0,1
6524,CAB-tecs160001,3,,0,0,1
6525,CAB-tecs160006,3,,0,0,1
6526,CAB-tecs160010,3,,0,0,1
6527,CAB-tecs160016,3,,0,0,1
6528,CAB-tecs160025,3,,0,0,1
6529,CAB-tecs165000,3,,0,0,1
6530,CAB-tecs165010,3,,0,0,1
6531,CAB-tecs165016,3,,0,0,1
6532,CAB-tecs665060,3,,0,0,1
6533,CAB-tecs665100,3,,0,0,1
6534,CAB-tfkn000006,3,,40,41,1
6535,CAB-tfkn000008,3,,0,0,1
6536,CAB-tfkn000009,3,,0,0,1
6537,CAB-tfkn000013,3,,0,0,1
6538,CAB-tfkn000016,3,,0,0,1
6539,CAB-tfkn000019,3,,0,0,1
6540,CAB-tgvl008150,3,,0,0,1
6541,CAB-ther009006,3,,0,0,1
6542,CAB-ther009010,3,,1,1,1
6543,CAB-ther009013,3,,0,0,1
6544,CAB-ther009016,3,,0,0,1
6545,CAB-ther009018,3,,0,0,1
6546,CAB-ther009022,3,,6,6,1
6547,CAB-ther009025,3,,0,0,1
6548,CAB-ther009028,3,,0,0,1
6549,CAB-ther009034,3,,0,0,1
6550,CAB-ther009035,3,,0,0,1
6551,CAB-ther009042,3,,0,0,1
6552,CAB-ther009048,3,,0,0,1
6553,CAB-ther009054,3,,0,0,1
6554,CAB-ther009060,3,,0,0,1
6555,CAB-ther009067,3,,0,0,1
6556,CAB-ther009076,3,,0,0,1
6557,CAB-ther009080,3,,0,0,1
6558,CAB-ther009089,3,,0,0,1
6559,CAB-ther013006,3,,0,0,1
6560,CAB-ther013010,3,,0,7,1
6561,CAB-ther013012,3,,0,0,1
6562,CAB-ther013016,3,,8,9,1
6563,CAB-ther013018,3,,0,0,1
6564,CAB-ther013022,3,,0,0,1
6565,CAB-ther013025,3,,0,0,1
6566,CAB-ther013028,3,,0,0,1
6567,CAB-ther013034,3,,0,0,1
6568,CAB-ther013035,3,,0,0,1
6569,CAB-ther013042,3,,0,0,1
6570,CAB-ther013048,3,,0,0,1
6571,CAB-ther013054,3,,3,3,1
6572,CAB-ther013060,3,,0,0,1
6573,CAB-ther013067,3,,0,0,1
6574,CAB-ther013076,3,,0,0,1
6575,CAB-ther013080,3,,0,0,1
6576,CAB-ther013089,3,,0,0,1
6577,CAB-ther013102,3,,0,0,1
6578,CAB-ther013114,3,,0,0,1
6579,CAB-ther020006,3,,0,0,1
6580,CAB-ther020010,3,,0,0,1
6581,CAB-ther020012,3,,0,0,1
6582,CAB-ther020016,3,,0,0,1
6583,CAB-ther020018,3,,0,0,1
6584,CAB-ther020022,3,,0,0,1
6585,CAB-ther020025,3,,0,0,1
6586,CAB-ther020028,3,,0,0,1
6587,CAB-ther020034,3,,0,0,1
6588,CAB-ther020035,3,,0,0,1
6589,CAB-ther020042,3,,0,0,1
6590,CAB-ther020048,3,,0,0,1
6591,CAB-ther020054,3,,0,0,1
6592,CAB-ther020060,3,,0,0,1
6593,CAB-ther020067,3,,0,0,1
6594,CAB-ther020076,3,,0,0,1
6595,CAB-ther020080,3,,0,0,1
6596,CAB-ther020089,3,,0,0,1
6597,CAB-ther020102,3,,0,0,1
6598,CAB-ther020114,3,,0,0,1
6599,CAB-ther025006,3,,0,0,1
6600,CAB-ther025010,3,,0,0,1
6601,CAB-ther025012,3,,80,80,1
6602,CAB-ther025016,3,,0,0,1
6603,CAB-ther025018,3,,0,0,1
6604,CAB-ther025022,3,,0,0,1
6605,CAB-ther025025,3,,80,80,1
6606,CAB-ther025028,3,,0,0,1
6607,CAB-ther025034,3,,0,0,1
6608,CAB-ther025035,3,,0,0,1
6609,CAB-ther025042,3,,0,0,1
6610,CAB-ther025048,3,,0,0,1
6611,CAB-ther025054,3,,0,0,1
6612,CAB-ther025060,3,,0,0,1
6613,CAB-ther025067,3,,0,0,1
6614,CAB-ther025076,3,,20,20,1
6615,CAB-ther025080,3,,0,0,1
6616,CAB-ther025089,3,,0,0,1
6617,CAB-ther025102,3,,0,0,1
6618,CAB-ther025114,3,,0,0,1
6619,CAB-ther032025,3,,0,0,1
6620,CAB-ther032034,3,,0,0,1
6621,CAB-ther032042,3,,0,0,1
6622,CAB-ther032089,3,,0,0,1
6623,CAB-ther100001,3,,0,0,1
6624,CAB-ther100010,3,,0,0,1
6625,CAB-ther100013,3,,0,0,1
6626,CAB-ther100015,3,,0,0,1
6627,CAB-ther100020,3,,0,0,1
6628,CAB-ther100025,3,,0,0,1
6629,CAB-ther100030,3,,0,0,1
6630,CAB-ther140025,3,,0,0,1
6631,CAB-toff050030,3,,0,0,1
6632,CAB-toff050050,3,,0,0,1
6633,CAB-toff065030,3,,0,0,1
6634,CAB-toff065050,3,,0,0,1
6635,CAB-toff080030,3,,0,0,1
6636,CAB-toff080050,3,,0,0,1
6637,CAB-toff100030,3,,0,0,1
6638,CAB-toff100050,3,,0,0,1
6639,CAB-toff150030,3,,0,0,1
6640,CAB-toff150050,3,,0,0,1
6641,CAB-toff200030,3,,0,0,1
6642,CAB-toff200050,3,,0,0,1
6643,CAB-tofg080030,3,,0,0,1
6644,CAB-tofg150022,3,,0,0,1
6645,CAB-tofg200030,3,,0,0,1
6646,CAB-tofl015030,3,,0,0,1
6647,CAB-tofl015050,3,,0,0,1
6648,CAB-tofl015100,3,,0,0,1
6649,CAB-tofl020020,3,,0,0,1
6650,CAB-tofl020030,3,,0,0,1
6651,CAB-tofl020050,3,,0,0,1
6652,CAB-tofl025030,3,,0,0,1
6653,CAB-tofl032020,3,,0,0,1
6654,CAB-tofl032030,3,,0,0,1
6655,CAB-tofl040030,3,,0,0,1
6656,CAB-tofl050030,3,,0,0,1
6657,CAB-toki033050,3,,0,0,1
6658,CAB-toze000025,3,,0,0,1
6659,CAB-toze015030,3,,0,0,1
6660,CAB-toze015050,3,,5,5,1
6662,CAB-toze015100,3,,0,0,1
6663,CAB-toze020030,3,,0,2,1
6666,CAB-toze020050,3,,3,3,1
6669,CAB-toze020100,3,,0,0,1
6670,CAB-toze025030,3,,0,0,1
6673,CAB-toze025050,3,,0,0,1
6675,CAB-toze025100,3,,0,0,1
6676,CAB-toze032030,3,,0,0,1
6679,CAB-toze032050,3,,0,0,1
6681,CAB-toze032100,3,,0,0,1
6682,CAB-toze040030,3,,0,0,1
6684,CAB-toze040050,3,,0,0,1
6685,CAB-toze040100,3,,0,0,1
6689,CAB-toze050030,3,,0,0,1
6692,CAB-toze050050,3,,0,0,1
6695,CAB-toze050100,3,,0,0,1
6696,CAB-toze060065,3,,0,0,1
6697,CAB-toze060080,3,,0,0,1
6700,CAB-toze080030,3,,0,0,1
6701,CAB-toze080035,3,,0,0,1
6702,CAB-toze080100,3,,0,0,1
6703,CAB-toze100030,3,,0,0,1
6704,CAB-toze100035,3,,0,0,1
6705,CAB-toze100050,3,,0,0,1
6706,CAB-toze100060,3,,0,0,1
6707,CAB-toze100080,3,,0,0,1
6708,CAB-toze100100,3,,0,0,1
6709,CAB-toze110050,3,,0,0,1
6710,CAB-toze110065,3,,0,0,1
6711,CAB-toze110100,3,,0,0,1
6712,CAB-toze125035,3,,0,0,1
6713,CAB-toze150030,3,,0,0,1
6714,CAB-toze150035,3,,0,0,1
6715,CAB-toze150040,3,,0,0,1
6716,CAB-toze150050,3,,0,0,1
6717,CAB-toze200030,3,,0,0,1
6718,CAB-toze200032,3,,0,0,1
6719,CAB-toze200040,3,,0,0,1
6720,CAB-toze200050,3,,0,0,1
6721,CAB-toze200065,3,,0,0,1
6722,CAB-toze200080,3,,0,0,1
6723,CAB-toze200100,3,,0,0,1
6724,CAB-toze200125,3,,0,0,1
6725,CAB-toze200150,3,,0,0,1
6726,CAB-toze200200,3,,0,0,1
6727,CAB-toze200250,3,,0,0,1
6728,CAB-toze200350,3,,0,0,1
6729,CAB-toze300032,3,,0,0,1
6730,CAB-toze300040,3,,0,0,1
6731,CAB-toze300050,3,,0,0,1
6732,CAB-toze300051,3,,0,0,1
6733,CAB-toze300065,3,,0,0,1
6734,CAB-toze300080,3,,0,0,1
6735,CAB-toze300100,3,,0,0,1
6736,CAB-toze300125,3,,0,0,1
6737,CAB-toze300150,3,,0,0,1
6738,CAB-toze300200,3,,0,0,1
6739,CAB-toze300250,3,,0,0,1
6740,CAB-toze300300,3,,0,0,1
6741,CAB-toze300350,3,,0,0,1
6742,CAB-toze400032,3,,0,0,1
6743,CAB-toze400040,3,,0,0,1
6744,CAB-toze400050,3,,0,0,1
6745,CAB-toze400065,3,,0,0,1
6746,CAB-toze400080,3,,0,0,1
6747,CAB-toze400100,3,,0,0,1
6748,CAB-toze400125,3,,0,0,1
6749,CAB-toze400150,3,,0,0,1
6750,CAB-toze400200,3,,0,0,1
6751,CAB-toze400250,3,,0,0,1
6752,CAB-toze400300,3,,0,0,1
6753,CAB-toze415050,3,,0,0,1
6754,CAB-toze415100,3,,0,0,1
6755,CAB-toze415150,3,,0,0,1
6756,CAB-toze415250,3,,0,0,1
6757,CAB-toze500015,3,,0,0,1
6758,CAB-toze500020,3,,0,0,1
6759,CAB-toze500025,3,,0,0,1
6760,CAB-toze500032,3,,0,0,1
6761,CAB-toze500042,3,,0,0,1
6762,CAB-toze500050,3,,0,0,1
6763,CAB-toze600032,3,,0,0,1
6764,CAB-toze600040,3,,0,0,1
6765,CAB-toze600050,3,,0,0,1
6766,CAB-toze600065,3,,0,0,1
6767,CAB-toze600080,3,,0,0,1
6768,CAB-toze600100,3,,0,0,1
6769,CAB-toze600150,3,,0,0,1
6770,CAB-toze600200,3,,0,0,1
6777,CAB-toze800032,3,,0,0,1
6778,CAB-toze800040,3,,0,0,1
6779,CAB-toze800050,3,,0,0,1
6780,CAB-toze800065,3,,0,0,1
6781,CAB-toze800080,3,,0,0,1
6782,CAB-toze800100,3,,0,0,1
6783,CAB-toze800125,3,,0,0,1
6784,CAB-toze800150,3,,0,0,1
6785,CAB-TOZE900040,3,,0,0,1
6786,CAB-toze900050,3,,0,0,1
6787,CAB-toze900065,3,,0,0,1
6788,CAB-toze900066,3,,0,0,1
6789,CAB-toze900080,3,,0,0,1
6790,CAB-toze900100,3,,0,0,1
6791,CAB-toze900150,3,,0,0,1
6792,CAB-tozf050030,3,,0,0,1
6793,CAB-tozf050050,3,,0,0,1
6794,CAB-tozf065030,3,,0,0,1
6795,CAB-tozf065050,3,,0,0,1
6796,CAB-tozf080030,3,,0,0,1
6797,CAB-tozf080050,3,,0,0,1
6798,CAB-tozf100030,3,,0,0,1
6799,CAB-tozf150030,3,,0,0,1
6800,CAB-tozf200030,3,,0,0,1
6801,CAB-tred006005,3,,0,0,1
6803,CAB-tred009006,3,,0,0,1
6804,CAB-tred013006,3,,0,0,1
6805,CAB-tred013009,3,,13,13,1
6806,CAB-tred016009,3,,0,0,1
6807,CAB-tred016013,3,,0,0,1
6808,CAB-tred019009,3,,0,0,1
6809,CAB-tred019013,3,,5,5,1
6810,CAB-tred019016,3,,0,0,1
6811,CAB-tred022009,3,,0,0,1
6812,CAB-tred022013,3,,0,0,1
6813,CAB-tred022015,3,,0,0,1
6814,CAB-tred022016,3,,0,0,1
6815,CAB-tred022019,3,,0,0,1
6816,CAB-tred025013,3,,0,0,1
6817,CAB-tred025016,3,,0,0,1
6818,CAB-tred025019,3,,0,0,1
6819,CAB-tred025022,3,,0,0,1
6820,CAB-tred028013,3,,0,0,1
6821,CAB-tred028015,3,,0,0,1
6822,CAB-tred028016,3,,0,0,1
6823,CAB-tred028019,3,,0,0,1
6824,CAB-tred028022,3,,0,0,1
6825,CAB-tred028023,3,,0,0,1
6826,CAB-tred032019,3,,0,0,1
6827,CAB-tred032025,3,,0,0,1
6828,CAB-tred035013,3,,2,2,1
6829,CAB-tred035016,3,,0,0,1
6830,CAB-tred035019,3,,0,0,1
6831,CAB-tred035022,3,,0,0,1
6832,CAB-tred035028,3,,0,0,1
6833,CAB-tred035029,3,,0,0,1
6835,CAB-tred042016,3,,0,0,1
6836,CAB-tred042019,3,,3,3,1
6837,CAB-tred042022,3,,0,0,1
6838,CAB-tred042028,3,,0,0,1
6839,CAB-tred042035,3,,0,0,1
6841,CAB-tred054016,3,,0,0,1
6842,CAB-tred054019,3,,0,0,1
6843,CAB-tred054022,3,,0,0,1
6844,CAB-tred054028,3,,0,0,1
6845,CAB-tred054035,3,,0,0,1
6846,CAB-tred054042,3,,0,0,1
6847,CAB-tred067016,3,,0,0,1
6848,CAB-tred067022,3,,0,0,1
6849,CAB-tred067028,3,,0,0,1
6850,CAB-tred067035,3,,0,0,1
6851,CAB-tred067042,3,,0,0,1
6852,CAB-tred067054,3,,0,0,1
6853,CAB-tred076042,3,,0,0,1
6854,CAB-tred080022,3,,0,0,1
6855,CAB-tred080028,3,,0,0,1
6856,CAB-tred080035,3,,0,0,1
6857,CAB-tred080042,3,,0,0,1
6858,CAB-tred080054,3,,0,0,1
6859,CAB-tred080067,3,,0,0,1
6860,CAB-tred105035,3,,0,0,1
6861,CAB-tred105042,3,,0,0,1
6862,CAB-tred105054,3,,0,0,1
6863,CAB-tred105067,3,,0,0,1
6864,CAB-tred105080,3,,0,0,1
6865,CAB-tred108076,3,,0,0,1
6866,CAB-tred156104,3,,0,0,1
6867,CAB-tspb100015,3,,0,0,1
6868,CAB-tspb100020,3,,0,0,1
6869,CAB-tspb100025,3,,0,0,1
6870,CAB-tspb100032,3,,0,0,1
6871,CAB-tspb100040,3,,0,0,1
6872,CAB-tspb100050,3,,0,0,1
6873,CAB-tspb100065,3,,0,0,1
6874,CAB-tspb200015,3,,0,0,1
6875,CAB-tspb200020,3,,0,0,1
6876,CAB-tspb200025,3,,0,0,1
6877,CAB-tspb200032,3,,0,0,1
6878,CAB-tspb200040,3,,0,0,1
6879,CAB-tspb200050,3,,0,0,1
6880,CAB-tspb200065,3,,0,0,1
6881,CAB-tspb300015,3,,0,0,1
6882,CAB-tspb300020,3,,0,0,1
6883,CAB-tspb300025,3,,0,0,1
6884,CAB-tspb300032,3,,0,0,1
6885,CAB-tspb300040,3,,0,0,1
6886,CAB-tspb300050,3,,0,0,1
6887,CAB-tspb300065,3,,0,0,1
6888,CAB-tspb400015,3,,0,0,1
6889,CAB-tspb400020,3,,0,0,1
6890,CAB-tspb400025,3,,0,0,1
6891,CAB-tspb400032,3,,0,0,1
6892,CAB-tspb400040,3,,0,0,1
6893,CAB-tspb400050,3,,0,0,1
6894,CAB-tspb400065,3,,0,0,1
6895,CAB-tspb500015,3,,0,0,1
6896,CAB-tspb500020,3,,0,0,1
6897,CAB-tspb500025,3,,0,0,1
6898,CAB-tspb500032,3,,0,0,1
6899,CAB-tspb500040,3,,0,0,1
6900,CAB-tspb500050,3,,0,0,1
6901,CAB-tspb500065,3,,0,0,1
6902,CAB-tspb600015,3,,0,0,1
6903,CAB-tspb600020,3,,0,0,1
6904,CAB-tspb600025,3,,0,0,1
6905,CAB-tspb600032,3,,0,0,1
6906,CAB-tspb600040,3,,0,0,1
6907,CAB-tspb600050,3,,0,0,1
6908,CAB-tspb600065,3,,0,0,1
6909,CAB-tspb700015,3,,0,0,1
6910,CAB-tspb700020,3,,0,0,1
6911,CAB-tspb700025,3,,0,0,1
6912,CAB-tspb700032,3,,0,0,1
6913,CAB-tspb700040,3,,0,0,1
6914,CAB-tspb700050,3,,0,0,1
6915,CAB-tspb700065,3,,0,0,1
6916,CAB-tspg045050,3,,0,0,1
6917,CAB-tspg100015,3,,0,0,1
6918,CAB-tspg100020,3,,0,0,1
6919,CAB-tspg100025,3,,0,0,1
6920,CAB-tspg100032,3,,0,0,1
6921,CAB-tspg100040,3,,0,0,1
6922,CAB-tspg100050,3,,0,0,1
6923,CAB-tspg100065,3,,0,0,1
6924,CAB-tspg200015,3,,0,0,1
6925,CAB-tspg200020,3,,0,0,1
6926,CAB-tspg200025,3,,0,0,1
6927,CAB-tspg200032,3,,0,0,1
6928,CAB-tspg200040,3,,0,0,1
6929,CAB-tspg200050,3,,0,0,1
6930,CAB-tspg200065,3,,0,0,1
6931,CAB-tspg300015,3,,0,0,1
6932,CAB-tspg300020,3,,0,0,1
6933,CAB-tspg300025,3,,0,0,1
6934,CAB-tspg300032,3,,0,0,1
6935,CAB-tspg300040,3,,0,0,1
6936,CAB-tspg300050,3,,0,0,1
6937,CAB-tspg300065,3,,0,0,1
6938,CAB-tspg400015,3,,0,0,1
6939,CAB-tspg400020,3,,0,0,1
6940,CAB-tspg400025,3,,0,0,1
6941,CAB-tspg400032,3,,0,0,1
6942,CAB-tspg400040,3,,0,0,1
6943,CAB-tspg400050,3,,0,0,1
6944,CAB-tspg400065,3,,0,0,1
6945,CAB-tspg500015,3,,0,0,1
6946,CAB-tspg500020,3,,0,0,1
6947,CAB-tspg500025,3,,0,0,1
6948,CAB-tspg500032,3,,0,0,1
6949,CAB-tspg500040,3,,0,0,1
6950,CAB-tspg500050,3,,0,0,1
6951,CAB-tspg500065,3,,0,0,1
6952,CAB-tspg500100,3,,0,0,1
6953,CAB-tspg600015,3,,0,0,1
6954,CAB-tspg600020,3,,0,0,1
6955,CAB-tspg600025,3,,0,0,1
6956,CAB-tspg600032,3,,0,0,1
6957,CAB-tspg600040,3,,0,0,1
6958,CAB-tspg600050,3,,0,0,1
6959,CAB-tspg600065,3,,0,0,1
6960,CAB-tspg700015,3,,0,0,1
6961,CAB-tspg700020,3,,0,0,1
6962,CAB-tspg700025,3,,0,0,1
6963,CAB-tspg700032,3,,0,0,1
6964,CAB-tspg700040,3,,0,0,1
6965,CAB-tspg700050,3,,0,0,1
6966,CAB-tspg700065,3,,0,0,1
6967,CAB-tspr020015,3,,0,0,1
6968,CAB-tspr025015,3,,0,0,1
6969,CAB-tspr025020,3,,0,0,1
6970,CAB-tspr032015,3,,0,0,1
6971,CAB-tspr032020,3,,0,0,1
6972,CAB-tspr032025,3,,0,0,1
6973,CAB-tspr040020,3,,0,0,1
6974,CAB-tspr040025,3,,0,0,1
6975,CAB-tspr040032,3,,0,0,1
6976,CAB-tspr04015,3,,0,0,1
6977,CAB-tspr050015,3,,0,0,1
6978,CAB-tspr050020,3,,0,0,1
6979,CAB-tspr050025,3,,0,0,1
6980,CAB-tspr050032,3,,0,0,1
6981,CAB-tspr050040,3,,0,0,1
6982,CAB-tspr065020,3,,0,0,1
6983,CAB-tspr065025,3,,0,0,1
6984,CAB-tspr065032,3,,0,0,1
6985,CAB-tspr065040,3,,0,0,1
6986,CAB-tspr065050,3,,0,0,1
6987,CAB-tspr120015,3,,0,0,1
6988,CAB-tspr125010,3,,0,0,1
6989,CAB-tspr125015,3,,0,0,1
6990,CAB-tspr125020,3,,0,0,1
6991,CAB-tspr132015,3,,0,0,1
6992,CAB-tspr132020,3,,0,0,1
6993,CAB-tspr132025,3,,0,0,1
6994,CAB-tspr140015,3,,0,0,1
6995,CAB-tspr140020,3,,0,0,1
6996,CAB-tspr140025,3,,0,0,1
6997,CAB-tspr140032,3,,0,0,1
6998,CAB-tspr150015,3,,0,0,1
6999,CAB-tspr150020,3,,0,0,1
7000,CAB-tspr150025,3,,0,0,1
7001,CAB-tspr150032,3,,0,0,1
7002,CAB-tspr150040,3,,0,0,1
7003,CAB-tspr165020,3,,0,0,1
7004,CAB-tspr165025,3,,0,0,1
7005,CAB-tspr165032,3,,0,0,1
7006,CAB-tspr165040,3,,0,0,1
7007,CAB-tspr165050,3,,0,0,1
7008,CAB-tsps025025,3,,0,0,1
7009,CAB-tspt020015,3,,0,0,1
7010,CAB-tspt025015,3,,0,0,1
7011,CAB-tspt025020,3,,0,0,1
7012,CAB-tspt032015,3,,0,0,1
7013,CAB-tspt032020,3,,0,0,1
7014,CAB-tspt032025,3,,0,0,1
7015,CAB-tspt040015,3,,0,0,1
7016,CAB-tspt040020,3,,0,0,1
7017,CAB-tspt040025,3,,0,0,1
7018,CAB-tspt040032,3,,0,0,1
7019,CAB-tspt050015,3,,0,0,1
7020,CAB-tspt050020,3,,0,0,1
7021,CAB-tspt050025,3,,0,0,1
7022,CAB-tspt050032,3,,0,0,1
7023,CAB-tspt050040,3,,0,0,1
7024,CAB-tspt065020,3,,0,0,1
7025,CAB-tspt065025,3,,0,0,1
7026,CAB-tspt065032,3,,0,0,1
7027,CAB-tspt065040,3,,0,0,1
7028,CAB-tspt065050,3,,0,0,1
7029,CAB-tspt120015,3,,0,0,1
7030,CAB-tspt125015,3,,0,0,1
7031,CAB-tspt125020,3,,0,0,1
7032,CAB-tspt132015,3,,0,0,1
7033,CAB-tspt132020,3,,0,0,1
7034,CAB-tspt132025,3,,0,0,1
7035,CAB-tspt140015,3,,0,0,1
7036,CAB-tspt140020,3,,0,0,1
7037,CAB-tspt140025,3,,0,0,1
7038,CAB-tspt140032,3,,0,0,1
7039,CAB-tspt150015,3,,0,0,1
7040,CAB-tspt150020,3,,0,0,1
7041,CAB-tspt150025,3,,0,0,1
7042,CAB-tspt150032,3,,0,0,1
7043,CAB-tspt150040,3,,0,0,1
7044,CAB-tspt165015,3,,0,0,1
7045,CAB-tspt165020,3,,0,0,1
7046,CAB-tspt165025,3,,0,0,1
7047,CAB-tspt165032,3,,0,0,1
7048,CAB-tspt165040,3,,0,0,1
7049,CAB-tspt165050,3,,0,0,1
7050,CAB-tspv020015,3,,0,0,1
7051,CAB-tspv025015,3,,0,0,1
7052,CAB-tspv025020,3,,0,0,1
7053,CAB-tspv032015,3,,0,0,1
7054,CAB-tspv032020,3,,0,0,1
7055,CAB-tspv032025,3,,0,0,1
7056,CAB-tspv040015,3,,0,0,1
7057,CAB-tspv040020,3,,0,0,1
7058,CAB-tspv040025,3,,0,0,1
7059,CAB-tspv040032,3,,0,0,1
7060,CAB-tspv050015,3,,0,0,1
7061,CAB-tspv050020,3,,0,0,1
7062,CAB-tspv050025,3,,0,0,1
7063,CAB-tspv050032,3,,0,0,1
7064,CAB-tspv050040,3,,0,0,1
7065,CAB-tspv065032,3,,0,0,1
7066,CAB-tspv065040,3,,0,0,1
7067,CAB-tspv065050,3,,0,0,1
7068,CAB-tspv120015,3,,0,0,1
7069,CAB-tspv125015,3,,0,0,1
7070,CAB-tspv125020,3,,0,0,1
7071,CAB-tspv132015,3,,0,0,1
7072,CAB-tspv132020,3,,0,0,1
7073,CAB-tspv132025,3,,0,0,1
7074,CAB-tspv140015,3,,0,0,1
7075,CAB-tspv140020,3,,0,0,1
7076,CAB-tspv140025,3,,0,0,1
7077,CAB-tspv140032,3,,0,0,1
7078,CAB-tspv150015,3,,0,0,1
7079,CAB-tspv150020,3,,0,0,1
7080,CAB-tspv150025,3,,0,0,1
7081,CAB-tspv150032,3,,0,0,1
7082,CAB-tspv150040,3,,0,0,1
7083,CAB-tspv165020,3,,0,0,1
7084,CAB-tspv165025,3,,0,0,1
7085,CAB-tspv165032,3,,0,0,1
7086,CAB-tspv165040,3,,0,0,1
7087,CAB-tspv165050,3,,0,0,1
7088,CAB-tspv180065,3,,0,0,1
7089,CAB-ttbg000006,3,,0,0,1
7090,CAB-ttbg000008,3,,2,2,1
7091,CAB-ttbg000009,3,,0,0,1
7092,CAB-ttbg000013,3,,0,0,1
7093,CAB-ttbg000015,3,,0,0,1
7094,CAB-ttbg000016,3,,0,0,1
7095,CAB-ttbg000019,3,,0,0,1
7096,CAB-ttbg000022,3,,7,13,1
7097,CAB-ttbg000023,3,,0,0,1
7098,CAB-ttbg000025,3,,0,0,1
7099,CAB-ttbg000028,3,,0,0,1
7100,CAB-ttbg000029,3,,0,0,1
7101,CAB-ttbg000032,3,,0,0,1
7102,CAB-ttbg000035,3,,0,0,1
7103,CAB-ttbg000038,3,,0,0,1
7104,CAB-ttbg000042,3,,0,0,1
7105,CAB-ttbg000054,3,,0,0,1
7106,CAB-ttbg000067,3,,0,0,1
7107,CAB-ttbg000080,3,,0,0,1
7108,CAB-ttbg000104,3,,0,0,1
7109,CAB-ttbg000108,3,,0,0,1
7110,CAB-ttbg000156,3,,0,0,1
7111,CAB-ttbg000159,3,,0,0,1
7112,CAB-ttcr015015,3,,0,0,1
7113,CAB-ttkn000003,3,,3,16,1
7114,CAB-ttkn000006,3,,0,0,1
7115,CAB-ttkn000008,3,,0,0,1
7116,CAB-ttkn000009,3,,0,0,1
7117,CAB-ttkn000015,3,,0,0,1
7119,CAB-ttkn000020,3,,0,0,1
7120,CAB-ttkn000022,3,,0,0,1
7121,CAB-ttkn000025,3,,0,0,1
7122,CAB-ttkn000032,3,,0,0,1
7123,CAB-ttkn010006,3,,0,0,1
7125,CAB-uben001006,3,,0,0,1
7126,CAB-uben001008,3,,0,0,1
7127,CAB-uben001009,3,,5,17,1
7128,CAB-uben001013,3,,33,33,1
7129,CAB-uben001016,3,,0,0,1
7130,CAB-uben001019,3,,9,9,1
7131,CAB-uben001022,3,,0,0,1
7132,CAB-uben001025,3,,0,0,1
7133,CAB-uben001028,3,,0,0,1
7134,CAB-uben001035,3,,0,0,1
7135,CAB-uben002006,3,,0,0,1
7136,CAB-uben002008,3,,0,0,1
7137,CAB-uben002009,3,,0,0,1
7138,CAB-uben002013,3,,0,0,1
7139,CAB-uben002016,3,,0,0,1
7140,CAB-uben003009,3,,0,0,1
7141,CAB-uben003013,3,,0,0,1
7142,CAB-uben003016,3,,0,0,1
7143,CAB-ucin004004,3,,2,2,1
7144,CAB-ucin005005,3,,5,0,1
7145,CAB-ucin006006,3,,33,54,1
7146,CAB-ucin006008,3,,0,0,1
7147,CAB-ucin006009,3,,0,0,1
7148,CAB-ucin006013,3,,0,0,1
7149,CAB-ucin006016,3,,0,0,1
7150,CAB-ucin008008,3,,10,10,1
7151,CAB-ucin009009,3,,94,90,1
7152,CAB-ucin009013,3,,0,0,1
7153,CAB-ucin009016,3,,0,0,1
7154,CAB-ucin010010,3,,5,0,1
7155,CAB-ucin012012,3,,5,0,1
7156,CAB-ucin013013,3,,5,1,1
7157,CAB-ucin013016,3,,0,0,1
7158,CAB-ucin013019,3,,0,0,1
7159,CAB-ucin015015,3,,0,0,1
7160,CAB-ucin016016,3,,0,0,1
7161,CAB-ucin016019,3,,0,0,1
7162,CAB-ucin019019,3,,1,10,1
7163,CAB-ucin022022,3,,0,0,1
7164,CAB-ucin025025,3,,0,0,1
7165,CAB-ucin028028,3,,0,0,1
7166,CAB-ucin035035,3,,1,1,1
7167,CAB-ucin042042,3,,0,0,1
7168,CAB-unid000000,3,,0,0,1
7169,CAB-unid100006,3,,0,0,1
7170,CAB-unid100009,3,,0,0,1
7171,CAB-unid100014,3,,0,0,1
7172,CAB-unid100015,3,,0,0,1
7173,CAB-unid100019,3,,0,0,1
7174,CAB-unid100020,3,,0,0,1
7175,CAB-unid100025,3,,0,0,1
7176,CAB-unid100026,3,,0,0,1
7177,CAB-unid100032,3,,0,0,1
7178,CAB-unid100033,3,,0,0,1
7179,CAB-unid100040,3,,0,0,1
7180,CAB-unid100041,3,,0,0,1
7181,CAB-unid100050,3,,0,0,1
7182,CAB-unid100051,3,,0,0,1
7183,CAB-unid100065,3,,0,0,1
7184,CAB-unid100080,3,,0,0,1
7185,CAB-unid100100,3,,0,0,1
7186,CAB-unid110040,3,,0,0,1
7187,CAB-unid300015,3,,0,0,1
7188,CAB-unid300020,3,,0,0,1
7189,CAB-unid500015,3,,0,0,1
7190,CAB-valv800020,3,,0,0,1
7191,CAB-valv801025,3,,0,0,1
7192,CAB-valv916025,3,,0,0,1
7193,CAB-vitc001065,3,,0,0,1
7194,CAB-vitc001100,3,,0,0,1
7195,CAB-vitc001150,3,,0,0,1
7196,CAB-vlvn001065,3,,0,0,1
7197,CAB-vlvn001100,3,,0,0,1
7198,CAB-vode060060,3,,0,0,1
7199,CAB-vode020015,3,,0,0,1
7200,CAB-vode020020,3,,0,0,1
7201,CAB-vode025020,3,,0,0,1
7202,CAB-vode030030,3,,0,0,1
7203,CAB-vode030050,3,,0,0,1
7204,CAB-vode035030,3,,0,0,1
7205,CAB-vode035035,3,,0,0,1
7206,CAB-vode040025,3,,0,0,1
7207,CAB-vode040030,3,,0,0,1
7208,CAB-vode040050,3,,0,0,1
7209,CAB-vode045025,3,,0,0,1
7210,CAB-vode050020,3,,0,0,1
7211,CAB-vode050030,3,,0,0,1
7212,CAB-vode060015,3,,0,0,1
7213,CAB-vode060020,3,,0,0,1
7214,CAB-vode060025,3,,0,0,1
7215,CAB-vode060030,3,,0,0,1
7216,CAB-vode070015,3,,0,0,1
7217,CAB-vode075025,3,,0,0,1
7218,CAB-vode075030,3,,0,0,1
7219,CAB-vode080045,3,,0,0,1
7220,CAB-vode100030,3,,0,0,1
7221,CAB-vode125030,3,,0,0,1
7222,CAB-vpga100010,3,,0,0,1
7223,CAB-vpga100016,3,,0,0,1
7224,CAB-vpga100025,3,,0,0,1
7225,CAB-vrki015006,3,,1,0,1
7226,CAB-vrki015009,3,,12,12,1
7227,CAB-vrki020015,3,,1,1,1
7228,CAB-vrki025020,3,,3,3,1
7229,CAB-vrkn006003,3,,67,76,1
7230,CAB-vrkn006005,3,,0,0,1
7231,CAB-vrkn009005,3,,0,0,1
7232,CAB-vrkn009006,3,,6,6,1
7233,CAB-vrkn015003,3,,12,12,1
7234,CAB-vrkn015005,3,,25,37,1
7235,CAB-vrkn015006,3,,0,0,1
7236,CAB-vrkn015009,3,,0,3,1
7237,CAB-vrkn020006,3,,0,0,1
7238,CAB-vrkn020009,3,,0,0,1
7239,CAB-vrkn020015,3,,0,0,1
7240,CAB-vrkn025015,3,,0,0,1
7241,CAB-vrkn025020,3,,0,1,1
7242,CAB-vrkn032020,3,,0,0,1
7243,CAB-vrkn032025,3,,0,0,1
7244,CAB-vrkn040020,3,,0,0,1
7245,CAB-vrkn040025,3,,0,0,1
7246,CAB-vrkn040032,3,,0,0,1
7247,CAB-vrkn050025,3,,0,0,1
7248,CAB-vrkn050032,3,,0,0,1
7249,CAB-vrkn050040,3,,0,0,1
7250,CAB-vrkn100020,3,,0,0,1
7251,CAB-vrkn100025,3,,0,0,1
7252,CAB-vrkn100032,3,,0,0,1
7253,CAB-vrkn100040,3,,0,0,1
7254,CAB-vrkn100050,3,,0,0,1
7255,CAB-vskn006003,3,,52,65,1
7256,CAB-vskn009006,3,,6,6,1
7257,CAB-vskn015006,3,,12,11,1
7258,CAB-vskn015009,3,,48,48,1
7259,CAB-vskn020006,3,,0,0,1
7260,CAB-vskn020009,3,,0,0,1
7261,CAB-vskn020015,3,,22,25,1
7262,CAB-watt001150,3,,0,0,1
7263,CAB-watt002100,3,,0,0,1
7264,CAB-watt116200,3,,0,0,1
7265,CAB-wavi001100,3,,0,0,1
7266,CAB-wavp001020,3,,0,0,1
7275,CAB-wika000020,3,,1,3,1
7276,CAB-wika040000,3,,0,0,1
7277,CAB-wika040001,3,,0,0,1
7279,CAB-wika040016,3,,0,0,1
7280,CAB-wika041010,3,,0,0,1
7281,CAB-wika065000,3,,0,0,1
7282,CAB-wika065001,3,,0,0,1
7283,CAB-wika065002,3,,0,0,1
7284,CAB-wika065006,3,,0,0,1
7285,CAB-wika065010,3,,0,0,1
7286,CAB-wika065016,3,,0,0,1
7288,CAB-wika065025,3,,0,0,1
7289,CAB-wika100006,3,,0,0,1
7290,CAB-wika100010,3,,0,0,1
7291,CAB-wika100011,3,,0,0,1
7292,CAB-wika100016,3,,0,0,1
7293,CAB-wika100025,3,,0,0,1
7294,CAB-wika100060,3,,0,0,1
7295,CAB-wika100250,3,,0,0,1
7296,CAB-wika101010,3,,0,0,1
7297,CAB-wika101016,3,,0,0,1
7298,CAB-wika101025,3,,0,0,1
7299,CAB-wika110010,3,,0,0,1
7300,CAB-wika110016,3,,0,0,1
7301,CAB-wika112006,3,,0,0,1
7302,CAB-wika112010,3,,0,0,1
7303,CAB-wika112016,3,,0,0,1
7304,CAB-wika165010,3,,0,0,1
7305,CAB-wika165016,3,,0,0,1
7306,CAB-wika241050,3,,0,0,1
7307,CAB-wika241120,3,,0,0,1
7308,CAB-wika241200,3,,0,0,1
7309,CAB-wika241300,3,,0,0,1
7310,CAB-wika265000,3,,0,0,1
7311,CAB-wika265010,3,,0,0,1
7312,CAB-wika265016,3,,0,0,1
7313,CAB-wika265025,3,,0,0,1
7314,CAB-wika310050,3,,0,0,1
7315,CAB-wika310060,3,,0,0,1
7316,CAB-wika310160,3,,0,0,1
7317,CAB-wmbr000015,3,,0,0,1
7318,CAB-wmbr000020,3,,0,0,1
7319,CAB-wmbr000025,3,,0,0,1
7320,CAB-wmbr000032,3,,0,0,1
7321,CAB-wmbr000042,3,,0,0,1
7322,CAB-wmbr000050,3,,0,0,1
7326,CAB-wmkn000015,3,,10,18,1
7327,CAB-wmkn000016,3,,0,0,1
7328,CAB-wmkn000019,3,,8,8,1
7329,CAB-wmkn000025,3,,0,0,1
7330,CAB-wmkn000032,3,,10,10,1
7331,CAB-wmkn000042,3,,0,0,1
7332,CAB-wmkn000050,3,,0,0,1
7333,CAB-wmkn000065,3,,0,0,1
7336,CAB-wmtl000013,3,,4,4,1
7337,CAB-wmtl000016,3,,0,0,1
7338,CAB-wmtl000019,3,,0,0,1
7339,CAB-wmtl000022,3,,0,0,1
7340,CAB-wmtl000025,3,,0,0,1
7341,CAB-wmtl000028,3,,0,0,1
7342,CAB-wmtl000035,3,,0,0,1
7343,CAB-wmtl000042,3,,0,0,1
7344,CAB-wmtl000054,3,,0,0,1
7345,CAB-wmtl000067,3,,0,0,1
7347,CAB-yama065000,3,,0,0,1
7348,CAB-yama065001,3,,0,0,1
7349,CAB-yama065002,3,,0,0,1
7350,CAB-yama065003,3,,0,0,1
7351,CAB-yama065006,3,,0,0,1
7352,CAB-yama065010,3,,0,0,1
7353,CAB-yama065015,3,,0,0,1
7354,CAB-yama065020,3,,0,0,1
7355,CAB-yama065050,3,,0,0,1
7356,CAB-yama065070,3,,0,0,1
7357,CAB-yama066002,3,,0,0,1
7358,CAB-yama080006,3,,0,0,1
7359,CAB-yama080010,3,,0,0,1
7360,CAB-yama080025,3,,0,0,1
7361,CAB-yama100006,3,,0,0,1
7362,CAB-yama100010,3,,0,0,1
7363,CAB-yama100015,3,,0,0,1
7364,CAB-yama100020,3,,0,0,1
7365,CAB-yama100025,3,,0,0,1
7366,CAB-yama100035,3,,0,0,1
7367,CAB-yama110010,3,,0,0,1
7369,CAB-yone010040,3,,0,0,1
7370,CAB-yone010050,3,,0,0,1
7371,CAB-yone010065,3,,0,0,1
7372,CAB-yone010080,3,,0,0,1
7373,CAB-yone010100,3,,0,0,1
7374,CAB-yone010150,3,,0,0,1
7375,CAB-yone010250,3,,0,0,1
7376,CAB-yone020020,3,,0,0,1
7377,CAB-yone020050,3,,0,0,1
7378,CAB-yone021050,3,,0,0,1
7379,CAB-yone030020,3,,0,0,1
7380,CAB-yone030050,3,,0,0,1
7381,CAB-yone030250,3,,0,0,1
7382,CAB-yone060050,3,,0,0,1
7383,CAB-yone060065,3,,0,0,1
7384,CAB-yone060080,3,,0,0,1
7385,CAB-yone060100,3,,0,0,1
7386,CAB-YONE060125,3,,0,0,1
7387,CAB-yone060250,3,,0,0,1
7388,CAB-yone080125,3,,0,0,1
7389,CAB-yone130032,3,,0,0,1
7390,CAB-york100015,3,,0,0,1
7391,CAB-york100020,3,,0,0,1
7392,CAB-york100025,3,,0,0,1
7393,CAB-york100032,3,,0,0,1
7394,CAB-york100040,3,,0,0,1
7395,CAB-york100050,3,,0,0,1
7396,CAB-york100065,3,,0,0,1
7397,CAB-york100080,3,,0,0,1
7398,CAB-york200015,3,,0,0,1
7399,CAB-york200020,3,,0,0,1
7400,CAB-york200025,3,,0,0,1
7401,CAB-york200032,3,,0,0,1
7402,CAB-york200040,3,,0,0,1
7403,CAB-york200050,3,,0,0,1
7404,CAB-york200065,3,,0,0,1
7405,CAB-york200100,3,,0,0,1
7413,CAB-yuta001013,3,,0,0,1
7414,CAB-yuta001020,3,,0,0,1
7415,CAB-yuta001025,3,,0,0,1
7416,CAB-yuta002013,3,,0,0,1
7417,CAB-yuta002020,3,,0,0,1
7418,CAB-yuta002025,3,,0,0,1
7419,CAB-yuta002032,3,,0,0,1
7420,CAB-yuta002040,3,,0,0,1
7421,CAB-yuta002050,3,,0,0,1
7422,CAB-yuta002065,3,,0,0,1
7423,CAB-yuta002080,3,,0,0,1
7424,CAB-yuta002100,3,,0,0,1
7439,CAB-zinc122030,3,,0,0,1
7440,CAB-zinc122040,3,,0,0,1
7441,CAB-zinc122050,3,,0,0,1
7442,CAB-zinc122060,3,,0,0,1
7462,CAB-agas002011,3,,12,12,1
7464,CAB-agas004027,3,,0,0,1
7465,CAB-agas004028,3,,0,0,1
7466,CAB-agas006012,3,,0,0,1
7467,CAB-alst100006,3,,0,0,1
7469,CAB-ascr006012,3,,0,0,1
7470,CAB-besi165050,3,,0,0,1
7471,CAB-besi165080,3,,0,0,1
7472,CAB-deca200400,3,,0,0,1
7473,CAB-imta100025,3,,0,0,1
7476,CAB-ptbb156200,3,,0,0,1
7477,CAB-pues010008,3,,0,0,1
7478,CAB-pure008006,3,,4,0,1
7479,CAB-regl100005,3,,0,0,1
7480,CAB-ssvr040025,3,,0,0,1
7481,CAB-sswm000006,3,,0,0,1
7482,CAB-wika100001,3,,0,0,1
7483,CAB-agas004029,3,,0,0,1
7484,CAB-agas004030,3,,0,0,1
7485,CAB-alst110070,3,,0,0,1
7486,CAB-BESI106040,3,,0,0,1
7487,CAB-besi106200,3,,0,0,1
7488,CAB-deca000100,3,,0,0,1
7489,CAB-GALV012050,3,,0,0,1
7490,CAB-gmta400033,3,,0,0,1
7491,CAB-gmta400041,3,,0,0,1
7492,CAB-gmta700020,3,,0,0,1
7493,CAB-gmta700025,3,,0,0,1
7494,CAB-peva004040,3,,0,0,1
7495,CAB-peva004063,3,,0,0,1
7496,CAB-prof013048,3,,0,0,1
7497,CAB-SADA015029,3,,0,0,1
7498,CAB-SADP035035,3,,0,0,1
7499,CAB-toze800200,3,,0,0,1
7500,CAB-ZMAV000001,3,,0,0,1
7501,CAB-ZMBV000009,3,,14,16,1
7502,CAB-ZMBV000013,3,,10,13,1
7503,CAB-ZMBV000016,3,,12,16,1
7504,CAB-ZMBV000022,3,,0,0,1
7505,CAB-ZMBV000028,3,,0,0,1
7506,CAB-ZMDP500250,3,,0,0,1
7507,CAB-016002001001,3,,1,0,1
7508,CAB-016002001002,3,,0,0,1
7509,CAB-016002001004,3,,0,0,1
7510,CAB-016002001005,3,,0,0,1
7511,CAB-016001001001,3,,0,29,1
7512,CAB-016001001002,3,,0,29,1
7513,CAB-016001001003,3,,0,2,1
7514,CAB-016001001004,3,,1,1,1
7515,CAB-016001002001,3,,0,0,1
7516,CAB-016001002002,3,,0,0,1
7517,CAB-016001002003,3,,0,0,1
7518,CAB-ZMED300004,3,,0,0,1
7519,CAB-ZMED300005,3,,0,0,1
7520,CAB-ZMFL400032,3,,0,0,1
7521,CAB-agas006015,3,,0,0,1
7522,CAB-love035050,3,,0,0,1
7523,CAB-love045020,3,,0,0,1
7524,CAB-love055020,3,,0,0,1
7525,CAB-love120030,3,,2,2,1
7526,CAB-SAGA050025,3,,0,0,1
7527,CAB-LOVE015015,3,,0,0,1
7528,CAB-RAGA060030,3,,0,1,1
7529,CAB-RAGA080040,3,,0,0,1
7530,CAB-RDIF000030,3,,0,0,1
7531,CAB-RDIF000020,3,,0,0,1
7532,CAB-RAGA090030,3,,0,0,1
7533,CAB-besi420080,3,,0,0,1
7534,CAB-smed003001,3,,0,0,1
7535,CAB-pgau100010,3,,0,0,1
7536,CAB-pgau100005,3,,0,0,1
7537,CAB-pgau101000,3,,0,0,1
7538,CAB-pgau101010,3,,0,0,1
7539,CAB-yama065025,3,,0,0,1
7540,CAB-yama065150,3,,0,0,1
7541,CAB-pgau065000,3,,0,0,1
7542,CAB-pgau066100,3,,0,0,1
7543,CAB-pgau066500,3,,0,0,1
7544,CAB-pgnj066100,3,,0,0,1
7545,CAB-pgau065006,3,,0,0,1
7546,CAB-wika042016,3,,0,0,1
7547,CAB-pgau038006,3,,0,0,1
7548,CAB-tecs100000,3,,0,0,1
7549,CAB-imta065250,3,,0,0,1
7550,CAB-pgau075016,3,,0,0,1
7551,CAB-pgau067100,3,,0,0,1
7552,CAB-pgau067010,3,,0,0,1
7553,CAB-pgau067025,3,,0,0,1
7554,CAB-tecs100025,3,,0,0,1
7555,CAB-pgau038060,3,,0,0,1
7556,CAB-imta100006,3,,0,0,1
7557,CAB-pgau038025,3,,0,0,1
7558,CAB-pgau068016,3,,0,0,1
7559,CAB-IMTA100100,3,,0,0,1
7560,CAB-imta100001,3,,0,0,1
7561,CAB-PGAU069010,3,,0,0,1
7562,CAB-PGAU069015,3,,0,0,1
7563,CAB-pgau070010,3,,0,0,1
7564,CAB-gmta003015,3,,0,0,1
7565,CAB-tecs100016,3,,0,0,1
7566,CAB-pgau068025,3,,0,0,1
7567,CAB-pgau068010,3,,0,0,1
7568,CAB-ascr000125,3,,0,0,1
7569,CAB-ascr000126,3,,0,0,1
7570,CAB-ascr000127,3,,0,0,1
7571,CAB-rdif000025,3,,0,0,1
7572,CAB-sjcu900016,3,,0,0,1
7573,CAB-vode035015,3,,0,0,1
7574,CAB-NSKN103003,3,,0,0,1
7575,CAB-saga060020,3,,0,0,1
7576,CAB-sada072072,3,,0,0,1
7577,CAB-ragl060020,3,,0,0,1
7578,CAB-ragl065025,3,,0,0,1
7579,CAB-ragl030030,3,,0,0,1
7580,CAB-BOXI070019,3,,0,0,1
7581,CAB-OBDG030020,3,,0,0,1
7582,CAB-RAGA065025,3,,0,0,1
7583,CAB-SAGA119014,3,,0,0,1
7584,CAB-NONR000006,3,,0,0,1
7585,CAB-NONR000008,3,,0,0,1
7586,CAB-SADA076061,3,,0,0,1
7587,CAB-RAGA045025,3,,0,0,1
7588,CAB-LOVE060030,3,,0,0,1
7589,CAB-vode090070,3,,0,0,1
7590,CAB-pvct050025,3,,0,0,1
7591,CAB-pvct025013,3,,0,0,1
7592,CAB-agas004010,3,,0,0,1
7593,CAB-TRDA072072,3,,0,0,1
7594,CAB-vode080040,3,,0,0,1
7595,CAB-vode040040,3,,0,0,1
7596,CAB-vode050040,3,,0,0,1
7597,CAB-peed121620,3,,0,0,1
7598,CAB-SAGA119015,3,,0,0,1
7599,CAB-faga079079,3,,0,0,1
7600,CAB-pvct050040,3,,0,0,1
7601,CAB-AGAS012002,3,,0,0,1
7602,CAB-lini125995,3,,0,0,1
7603,CAB-FDPU000606,3,,0,0,1
7604,CAB-schi180202,3,,0,0,1
7605,CAB-pprw016160,3,,0,0,1
7606,CAB-raga040025,3,,0,0,1
7607,CAB-BARG795075,3,,0,0,1
7608,CAB-BARG060075,3,,0,0,1
7609,CAB-BARG057057,3,,0,0,1
7610,CAB-saga070014,3,,0,0,1
7611,CAB-sada060040,3,,0,0,1
7612,CAB-saga075025,3,,0,0,1
7613,CAB-boxt000004,3,,0,0,1
7614,CAB-regf000067,3,,0,0,1
7615,CAB-lini004450,3,,0,0,1
7616,CAB-raga064018,3,,0,0,1
7617,CAB-boxr032010,3,,0,0,1
7618,CAB-NEPE900068,3,,0,0,1
7619,CAB-poly000004,3,,0,0,1
7620,CAB-barg039039,3,,0,0,1
7621,CAB-skkn015007,3,,0,0,1
7622,CAB-raga090050,3,,0,0,1
7623,CAB-saga100050,3,,0,0,1
7624,CAB-boxr025020,3,,0,0,1
7625,CAB-deca101500,3,,0,0,1
7626,CAB-SCHI180155,3,,0,0,1
7627,CAB-ptbb032200,3,,0,0,1
7628,CAB-love040040,3,,0,0,1
7629,CAB-NRDA037037,3,,0,0,1
7630,CAB-gald180013,3,,0,0,1
7631,CAB-pebe001216,3,,0,0,1
7632,CAB-cpph000021,3,,0,0,1
7633,CAB-imta100010,3,,0,0,1
7634,CAB-BARG114065,3,,0,0,1
7635,CAB-BARG805009,3,,0,0,1
7636,CAB-BARG056056,3,,0,0,1
7637,CAB-BARG495495,3,,0,0,1
7638,CAB-BARG114025,3,,0,0,1
7639,CAB-BARG048048,3,,0,0,1
7640,CAB-RAGA048048,3,,0,0,1
7641,CAB-BOXI035004,3,,0,0,1
7642,CAB-raga080020,3,,0,0,1
7643,CAB-raga030019,3,,0,0,1
7644,CAB-BOXI705195,3,,0,0,1
7646,CAB-nepe900028,3,,11,18,1
7647,CAB-NEPE900029,3,,0,0,1
7648,CAB-MRHE110750,3,,1,1,1
7649,CAB-MRHE110850,3,,0,0,1
7650,CAB-MRHE110950,3,,0,0,1
7651,CAB-GMTA012009,3,,0,0,1
7652,CAB-saga035020,3,,0,0,1
7653,CAB-modu003014,3,,0,0,1
7654,CAB-modu003012,3,,0,0,1
7655,CAB-modu003006,3,,0,0,1
7656,CAB-peva006025,3,,0,0,1
7657,CAB-raga120040,3,,0,0,1
7658,CAB-BOXI120040,3,,0,0,1
7659,CAB-pibw002040,3,,0,0,1
7660,CAB-pibw002050,3,,0,0,1
7661,CAB-pvcy065050,3,,0,0,1
7662,CAB-raga050015,3,,0,0,1
7663,CAB-pibw002150,3,,0,0,1
7664,CAB-regh001207,3,,0,0,1
7665,CAB-fag050015,3,,0,0,1
7666,CAB-fag040025,3,,0,0,1
7667,CAB-bjls001300,3,,0,0,1
7668,CAB-flkn001081,3,,0,0,1
7669,CAB-stai100250,3,,0,0,1
7670,CAB-faga050020,3,,0,0,1
7671,CAB-raga150010,3,,0,0,1
7672,CAB-ascr002016,3,,0,0,1
7673,CAB-rgri000010,3,,0,0,1
7674,CAB-agas006016,3,,0,0,1
7675,CAB-NEPE900034,3,,0,0,1
7676,CAB-NEPE900035,3,,0,0,1
7677,CAB-besi167125,3,,0,0,1
7678,CAB-adpt016020,3,,0,0,1
7679,CAB-BESI151200,3,,0,0,1
7680,CAB-raga058058,3,,0,0,1
7681,CAB-ascr000007,3,,0,0,1
7682,CAB-PRESS006500,3,,0,0,1
7683,CAB-sada022022,3,,0,0,1
7684,CAB-boxi022022,3,,0,0,1
7685,CAB-TCIN016016,3,,0,0,1
7686,CAB-raga115012,3,,0,0,1
7687,CAB-gmta234200,3,,0,0,1
7688,CAB-gmta234500,3,,0,0,1
7689,CAB-PIBW002025,3,,0,0,1
7690,CAB-PIBW002100,3,,0,0,1
7691,CAB-regf300008,3,,0,0,1
7692,CAB-modu004004,3,,0,0,1
7693,CAB-alco500004,3,,0,0,1
7694,CAB-alco500006,3,,0,0,1
7695,CAB-alco500008,3,,0,0,1
7696,CAB-016002001003,3,,0,0,1
7697,CAB-raga040030,3,,0,0,1
7698,CAB-agas004004,3,,0,0,1
7699,CAB-tlld013013,3,,0,0,1
7700,CAB-regh001112,3,,0,0,1
7701,CAB-barg060015,3,,0,0,1
7702,CAB-saga060015,3,,0,0,1
7703,CAB-pibw002080,3,,0,0,1
7704,CAB-sada030031,3,,0,0,1
7705,CAB-raga040021,3,,0,0,1
7706,CAB-vode030020,3,,0,0,1
7710,CAB-smaw500010,3,,0,0,1
7711,CAB-gmta500015,3,,0,0,1
7712,CAB-gmta500020,3,,0,0,1
7713,CAB-gmta500025,3,,0,0,1
7714,CAB-agas004019,3,,0,0,1
7715,CAB-agas010009,3,,0,0,1
7716,CAB-agas010018,3,,0,0,1
7717,CAB-ssvr025006,3,,0,0,1
7718,CAB-ssvr020006,3,,0,0,1
7719,CAB-ssvr009006,3,,0,0,1
7720,CAB-ssct025025,3,,0,0,1
7721,CAB-GMTA112125,3,,0,0,1
7722,CAB-raga079033,3,,0,0,1
7723,CAB-raga008079,3,,0,0,1
7724,CAB-raga023033,3,,0,0,1
7725,CAB-raga635255,3,,0,0,1
7726,CAB-raga008635,3,,0,0,1
7727,CAB-raga023023,3,,0,0,1
7728,CAB-raga735255,3,,0,0,1
7729,CAB-raga005735,3,,0,0,1
7730,CAB-PTBE006051,3,,132,134,1
7731,CAB-boxr000008,3,,0,0,1
7732,CAB-barg010060,3,,0,0,1
7733,CAB-filt169055,3,,0,0,1
7734,CAB-PRES015500,3,,0,0,1
7735,CAB-raga035025,3,,0,0,1
7736,CAB-raga009039,3,,0,0,1
7737,CAB-raga024039,3,,0,0,1
7738,CAB-agas009001,3,,0,0,1
7739,CAB-ascr000001,3,,0,0,1
7740,CAB-ragp025025,3,,0,0,1
7741,CAB-belg100050,3,,0,0,1
7742,CAB-love030020,3,,0,0,1
7743,CAB-ragp030030,3,,0,0,1
7744,CAB-saga030045,3,,0,0,1
7745,CAB-cpph000031,3,,0,0,1
7747,CAB-ksss000225,3,,0,0,1
7748,CAB-love060040,3,,0,0,1
7749,CAB-vode090025,3,,0,0,1
7750,CAB-faga030020,3,,0,0,1
7751,CAB-barg100014,3,,0,0,1
7752,CAB-agas005017,3,,0,0,1
7753,CAB-ragp060040,3,,0,0,1
7754,CAB-svtw001066,3,,0,0,1
7755,CAB-ssks001025,3,,0,0,1
7756,CAB-saga040025,3,,0,0,1
7757,CAB-PIBW002032,3,,0,0,1
7758,CAB-ARCA500002,3,,0,0,1
7759,CAB-ARCA500003,3,,0,0,1
7760,CAB-pued008005,3,,15,0,1
7761,CAB-PROF110102,3,,6,6,1
7762,CAB-PROF110152,3,,21,22,1
7763,CAB-PROF110203,3,,17,28,1
7764,CAB-PROF110254,3,,1,1,1
7765,CAB-PROF100102,3,,43,43,1
7766,CAB-PROF100127,3,,0,0,1
7767,CAB-PROF100152,3,,3,3,1
7768,CAB-PROF100203,3,,21,22,1
7769,CAB-PROF100254,3,,0,0,1
7770,CAB-LOVE100020,3,,0,0,1
7771,CAB-LOVE080020,3,,0,0,1
7772,CAB-LOVE025015,3,,0,0,1
7773,CAB-LOVE020015,3,,0,0,1
7774,CAB-LOVE025020,3,,0,0,1
7775,CAB-boxi043023,3,,0,0,1
7776,CAB-faga030030,3,,0,0,1
7777,CAB-FAGA036036,3,,0,0,1
7778,CAB-VODE015015,3,,0,0,1
7779,CAB-RAGA120010,3,,0,0,1
7780,CAB-LINB120010,3,,0,0,1
7781,CAB-agas004016,3,,0,0,1
7782,CAB-AGAS004011,3,,0,0,1
7783,CAB-PIBW002065,3,,0,0,1
7784,CAB-SSNS032032,3,,0,0,1
7785,CAB-SSNS050050,3,,0,0,1
7786,CAB-ZMED200005,3,,0,0,1
7787,CAB-LINB120012,3,,0,0,1
7788,CAB-LINP120012,3,,0,0,1
7789,CAB-ZMED600001,3,,0,0,1
7790,CAB-ZMED600002,3,,3,5,1
7791,CAB-ZMED610001,3,,0,0,1
7792,CAB-ZMED610002,3,,0,0,1
7793,CAB-ZMED620001,3,,0,0,1
7794,CAB-SSNS015006,3,,0,0,1
7795,CAB-SMED002106,3,,0,0,1
7796,CAB-ARCA400001,3,,2,3,1
7797,CAB-SSDN015009,3,,0,0,1
7798,CAB-RAGA010010,3,,0,0,1
7799,CAB-agas004031,3,,0,0,1
7800,CAB-DTPU040040,3,,0,0,1
7801,CAB-AGAS012004,3,,0,0,1
7802,CAB-swav100015,3,,0,0,1
7803,CAB-SWAV100020,3,,0,0,1
7804,CAB-SWAV100025,3,,0,0,1
7805,CAB-SSVS006009,3,,0,0,1
7806,CAB-RAGA100010,3,,0,0,1
7807,CAB-BOXI100010,3,,0,0,1
7808,CAB-RAGA008030,3,,0,0,1
7810,CAB-ascr017016,3,,0,0,1
7811,CAB-BESI210025,3,,0,0,1
7812,CAB-SVTW002050,3,,0,0,1
7813,CAB-UBEN001042,3,,0,0,1
7814,CAB-ZMBV000035,3,,0,0,1
7815,CAB-ZMBV000042,3,,0,0,1
7816,CAB-ZMBV000054,3,,0,0,1
7817,CAB-BVIT000016,3,,5,5,1
7818,CAB-016000000001,3,,0,0,1
7819,CAB-gmta310000,3,,0,0,1
7820,CAB-GMTA310060,3,,0,0,1
7821,CAB-GMTA310500,3,,0,0,1
7822,CAB-GMTA310250,3,,0,0,1
7823,CAB-GMTA067002,3,,11,24,1
7824,CAB-GMTA067004,3,,0,0,1
7825,CAB-GMTA067010,3,,0,2,1
7826,CAB-GMTA067016,3,,3,9,1
7827,CAB-SMED007101,3,,0,0,1
7828,CAB-VODE035025,3,,0,0,1
7829,CAB-VODE030025,3,,0,0,1
7830,CAB-PAGA070080,3,,0,0,1
7831,CAB-spgt030015,3,,0,0,1
7832,CAB-AGAS012005,3,,0,0,1
7833,CAB-AGAS012006,3,,0,0,1
7834,CAB-BARG060014,3,,0,0,1
7835,CAB-BOXR040008,3,,0,0,1
7836,CAB-gmtr004000,3,,0,0,1
7837,CAB-SSFL010032,3,,0,0,1
7838,CAB-gmta241100,3,,0,0,1
7839,CAB-NEPE900040,3,,1,1,1
7840,CAB-lini020030,3,,0,0,1
7841,CAB-BOXL020030,3,,0,0,1
7842,CAB-RAGA100030,3,,0,0,1
7843,CAB-FIXG120018,3,,0,0,1
7844,CAB-ASCR017017,3,,0,0,1
7845,CAB-hone012025,3,,0,0,1
7846,CAB-rock325100,3,,0,0,1
7847,CAB-PVTC050000,3,,0,0,1
7848,CAB-RAGA034029,3,,0,0,1
7849,CAB-RAGA039039,3,,0,0,1
7850,CAB-PEPP020020,3,,0,0,1
7851,CAB-PEPP020025,3,,0,0,1
7852,CAB-PEPP020032,3,,0,0,1
7853,CAB-PEPP020040,3,,0,0,1
7854,CAB-PEPP020050,3,,0,0,1
7855,CAB-PEPP020063,3,,0,0,1
7856,CAB-pvcr050032,3,,0,0,1
7857,CAB-ASCR002031,3,,0,0,1
7858,CAB-LINB117010,3,,0,0,1
7859,CAB-NEPE900057,3,,0,0,1
7860,CAB-RAGA008040,3,,0,0,1
7861,CAB-RAGP040040,3,,0,0,1
7862,CAB-gald320040,3,,0,0,1
7863,CAB-PROF110305,3,,0,0,1
7864,CAB-PROF100305,3,,0,0,1
7865,CAB-PELU101620,3,,0,0,1
7866,CAB-raga039019,3,,0,0,1
7867,CAB-PETU162016,3,,0,0,1
7868,CAB-PERU162016,3,,0,0,1
7869,CAB-BARG030030,3,,0,0,1
7870,CAB-EADA015015,3,,0,0,1
7871,CAB-DGAG015060,3,,0,0,1
7872,CAB-IAGA015015,3,,0,0,1
7873,CAB-VRCR015006,3,,31,52,1
7874,CAB-VRCR015009,3,,0,0,1
7875,CAB-ZMED700001,3,,0,0,1
7876,CAB-ZMED700002,3,,0,0,1
7877,CAB-raga060041,3,,0,0,1
7878,CAB-FAGA060040,3,,0,0,1
7879,CAB-TATZ008150,3,,0,0,1
7880,CAB-TATZ008200,3,,0,0,1
7881,CAB-PELU201620,3,,0,0,1
7882,CAB-LINI010080,3,,0,0,1
7883,CAB-raga040010,3,,0,0,1
7884,CAB-TATZ009150,3,,0,0,1
7885,CAB-TATZ009200,3,,0,0,1
7886,CAB-ascr002032,3,,0,0,1
7887,CAB-PTBB067205,3,,0,0,1
7888,CAB-PROF110356,3,,0,0,1
7889,CAB-PELU102025,3,,0,0,1
7890,CAB-PTBC013071,3,,0,0,1
7891,CAB-PRESS006600,3,,0,0,1
7892,CAB-PRESS006300,3,,0,0,1
7895,CAB-TRED054041,3,,0,0,1
7896,CAB-PVCY200100,3,,0,0,1
7897,CAB-SSVR065025,3,,0,0,1
7898,CAB-boxr053008,3,,0,0,1
7899,CAB-PUED010009,3,,1,0,1
7900,CAB-PTBA009100,3,,0,0,1
7901,CAB-ARCA800001,3,,0,0,1
7902,CAB-ASCR009365,3,,0,0,1
7903,CAB-barg050060,3,,0,0,1
7904,CAB-love030040,3,,0,0,1
7905,CAB-fdpu000502,3,,4,4,1
7906,CAB-ISOD003020,3,,0,0,1
7907,CAB-ASCR111112,3,,0,0,1
7908,CAB-ASCR111113,3,,0,0,1
7909,CAB-ZMED400001,3,,1,0,1
7910,CAB-ZMED400002,3,,0,0,1
7911,CAB-ZMED400003,3,,0,0,1
7912,CAB-ZMED400004,3,,0,0,1
7913,CAB-SMAR400004,3,,0,0,1
7914,CAB-SMAR400006,3,,0,0,1
7915,CAB-SMAR500010,3,,0,0,1
7916,CAB-ascr020011,3,,0,0,1
7917,CAB-whit004015,3,,0,0,1
7918,CAB-EAGA030060,3,,0,0,1
7919,CAB-ASCR000025,3,,0,0,1
7920,CAB-ASCR000026,3,,0,0,1
7921,CAB-ASCR000027,3,,0,0,1
7922,CAB-ASCR030050,3,,0,0,1
7923,CAB-PTBE005040,3,,0,0,1
7924,CAB-GALD190100,3,,0,0,1
7925,CAB-barg050015,3,,0,0,1
7926,CAB-PROF025032,3,,0,0,1
7927,CAB-AGAS005019,3,,0,0,1
7928,CAB-GMTA400016,3,,0,0,1
7929,CAB-GMTA400021,3,,0,0,1
7930,CAB-ASCR000008,3,,0,0,1
7931,CAB-dnac008008,3,,0,0,1
7932,CAB-MEFL006008,3,,0,0,1
7933,CAB-MTFL006008,3,,0,0,1
7934,CAB-NUAC001008,3,,0,0,1
7935,CAB-NEPE900036,3,,0,1,1
7936,CAB-mcfl005008,3,,0,0,1
7937,CAB-DECA201450,3,,0,0,1
7938,CAB-PIIC040025,3,,0,0,1
7939,CAB-LOVE050040,3,,0,0,1
7940,CAB-press006400,3,,0,0,1
7941,CAB-Piic040015,3,,0,0,1
7942,CAB-VRKN015004,3,,0,0,1
7943,CAB-PETM020015,3,,0,0,1
7944,CAB-peva006020,3,,0,0,1
7945,CAB-RAGA070060,3,,0,0,1
7946,CAB-BURK800009,3,,0,0,1
7947,CAB-RAGA225045,3,,0,0,1
7948,CAB-rego301784,3,,0,0,1
7949,CAB-SAGA108030,3,,0,0,1
7950,CAB-CVKA000006,3,,0,2,1
7951,CAB-PROF100356,3,,0,0,1
7952,CAB-CVKA000008,3,,0,4,1
7953,CAB-CVKA000010,3,,0,0,1
7954,CAB-CVKA000015,3,,1,0,1
7955,CAB-RAGA045010,3,,0,0,1
7956,CAB-CVKA000020,3,,0,0,1
7957,CAB-CVKA000025,3,,0,0,1
7958,CAB-CVKA000032,3,,0,0,1
7959,CAB-CVKA000040,3,,0,0,1
7960,CAB-CVKA000050,3,,0,0,1
7961,CAB-RAGA035005,3,,0,0,1
7962,CAB-gmta120025,3,,0,0,1
7963,CAB-GALV001040,3,,0,0,1
7964,CAB-RAGP095044,3,,0,0,1
7965,CAB-PEPW300021,3,,0,0,1
7966,CAB-RAGA039024,3,,0,0,1
7967,CAB-raga050051,3,,0,0,1
7968,CAB-RAGA040041,3,,0,0,1
7969,CAB-boxi,3,,0,0,1
7970,CAB-raga101041,3,,0,0,1
7971,CAB-RDIF000031,3,,0,0,1
7972,CAB-PPRW022020,3,,0,0,1
7973,CAB-ZMED130001,3,,0,0,1
7974,CAB-ZMED130002,3,,0,0,1
7975,CAB-RDIF000040,3,,0,0,1
7976,CAB-vode036030,3,,0,0,1
7977,CAB-adpt008005,3,,0,0,1
7978,CAB-cpph000041,3,,0,0,1
7979,CAB-KOIK003001,3,,0,0,1
7980,CAB-PETM025020,3,,0,0,1
7981,CAB-PETF020015,3,,0,0,1
7982,CAB-RLOV000010,3,,0,0,1
7983,CAB-SSVS065050,3,,0,0,1
7984,CAB-SAGA045045,3,,0,0,1
7985,CAB-RECA942004,3,,0,0,1
7986,CAB-RECA942008,3,,0,0,1
7987,CAB-RECA988024,3,,0,0,1
7988,CAB-SIGM001001,3,,2,3,1
7989,CAB-SIGM001002,3,,0,1,1
7990,CAB-SIGM001003,3,,0,0,1
7991,CAB-SIGM001004,3,,0,0,1
7992,CAB-SIGM001005,3,,0,0,1
7993,CAB-SIGM001006,3,,0,0,1
7994,CAB-SIGM004001,3,,1,1,1
7995,CAB-SIGM004002,3,,1,1,1
7996,CAB-VODP030030,3,,0,0,1
7997,CAB-RAGP160057,3,,0,0,1
7998,CAB-FAGA040030,3,,0,0,1
8000,CAB-adpt108006,3,,0,0,1
8001,CAB-EAGA040020,3,,0,0,1
8002,CAB-RAGP050030,3,,0,0,1
8003,CAB-EAGP040020,3,,0,0,1
8004,CAB-SAGP050020,3,,0,0,1
8005,CAB-PTRE008045,3,,0,0,1
8006,CAB-RAGP060015,3,,0,0,1
8007,CAB-penk000100,3,,0,0,1
8008,CAB-SADA017017,3,,0,0,1
8009,CAB-RAGA039015,3,,0,0,1
8010,CAB-PEFT121715,3,,0,0,1
8011,CAB-GMTA310001,3,,0,0,1
8012,CAB-RHDD040040,3,,0,0,1
8013,CAB-RAGA080010,3,,0,0,1
8015,CAB-GMTA013101,3,,0,1,1
8016,CAB-GMTA013103,3,,0,0,1
8017,CAB-GMTA013106,3,,3,3,1
8018,CAB-GMTA013110,3,,0,0,1
8019,CAB-GMTA013120,3,,0,0,1
8020,CAB-GMTA013130,3,,0,0,1
8021,CAB-ZMED500001,3,,0,0,1
8022,CAB-ZMED610003,3,,0,0,1
8023,CAB-ZMED500002,3,,0,0,1
8024,CAB-ZMED500003,3,,9,15,1
8025,CAB-RAGA030015,3,,0,0,1
8026,CAB-RAGA035015,3,,0,0,1
8027,CAB-GLWL012451,3,,3,3,1
8028,CAB-GMTA101010,3,,5,19,1
8029,CAB-GMTA101016,3,,0,0,1
8030,CAB-GMTA101020,3,,0,0,1
8031,CAB-GMTA167010,3,,0,0,1
8032,CAB-GMTA167016,3,,0,0,1
8033,CAB-GMTA167025,3,,4,4,1
8034,CAB-GMTA120016,3,,0,0,1
8035,CAB-GMTA170010,3,,0,1,1
8036,CAB-GMTA170000,3,,0,0,1
8037,CAB-MODU002020,3,,0,0,1
8038,CAB-DURA003002,3,,0,0,1
8039,CAB-ther032048,3,,0,0,1
8040,CAB-nepe900059,3,,0,0,1
8041,CAB-NEPE900060,3,,0,0,1
8042,CAB-NEPE900031,3,,25,55,1
8043,CAB-NEPE900061,3,,0,0,1
8044,CAB-NEPE900062,3,,0,0,1
8045,CAB-raga032032,3,,0,0,1
8046,CAB-VODP030020,3,,0,0,1
8047,CAB-SAGA045020,3,,0,0,1
8048,CAB-VODE025025,3,,0,0,1
8049,CAB-vodp020020,3,,0,0,1
8050,CAB-LOVE120045,3,,0,0,1
8051,CAB-LOVP100030,3,,0,0,1
8052,CAB-styr025300,3,,0,0,1
8053,CAB-press006001,3,,0,0,1
8054,CAB-ACBB060916,3,,0,0,1
8055,CAB-ACBB060917,3,,1,1,1
8056,CAB-ACBB061316,3,,1,1,1
8057,CAB-ACBB061317,3,,0,0,1
8058,CAB-ACBB061616,3,,0,0,1
8059,CAB-ACBB061617,3,,0,0,1
8060,CAB-ACBB091617,3,,0,0,1
8061,CAB-ACBB091916,3,,0,0,1
8062,CAB-ACBB091917,3,,0,0,1
8063,CAB-ACBB131916,3,,0,0,1
8064,CAB-love057056,3,,0,0,1
8065,CAB-agas012007,3,,0,0,1
8066,CAB-SADA120060,3,,0,0,1
8067,CAB-FAGA045035,3,,0,0,1
8068,CAB-ZMED700003,3,,0,0,1
8069,CAB-ARCA530010,3,,4,14,1
8070,CAB-ARCA530020,3,,0,5,1
8071,CAB-ARCA530030,3,,3,5,1
8072,CAB-ARCA530040,3,,3,3,1
8073,CAB-raga099018,3,,0,0,1
8074,CAB-RAGA062031,3,,0,0,1
8075,CAB-DOKN006006,3,,1,1,1
8076,CAB-GMTA700015,3,,0,0,1
8077,CAB-SSSK000010,3,,0,0,1
8078,CAB-FILI054047,3,,0,0,1
8079,CAB-PTBE028100,3,,0,0,1
8080,CAB-SAGP110015,3,,0,0,1
8081,CAB-LOVP055055,3,,0,0,1
8082,CAB-RAGP070020,3,,0,0,1
8083,CAB-SCHI210100,3,,0,0,1
8084,CAB-NEPE900037,3,,0,0,1
8085,CAB-PTRB009076,3,,0,0,1
8086,CAB-PTRB016081,3,,4,5,1
8087,CAB-PTRB019081,3,,0,0,1
8088,CAB-PTBE019300,3,,0,0,1
8089,CAB-PTBE013150,3,,0,0,1
8090,CAB-ARCA400005,3,,0,0,1
8091,CAB-AGAS004013,3,,0,0,1
8092,CAB-AGAS004024,3,,0,0,1
8093,CAB-AGAS004018,3,,0,0,1
8094,CAB-RAGA075010,3,,0,0,1
8095,CAB-ZINC122085,3,,0,0,1
8096,CAB-016001001005,3,,0,0,1
8097,CAB-pemt162015,3,,0,0,1
8098,CAB-REGF300022,3,,0,0,1
8099,CAB-LINI015120,3,,0,0,1
8100,CAB-ZMED610004,3,,1,1,1
8101,CAB-ZMED610005,3,,18,20,1
8102,CAB-PROF100408,3,,0,0,1
8103,CAB-PROF100457,3,,0,0,1
8104,CAB-PROF110408,3,,0,0,1
8105,CAB-PROF110457,3,,0,0,1
8106,CAB-boxs000010,3,,0,0,1
8107,CAB-ARCA400006,3,,0,4,1
8108,CAB-BOXR000010,3,,0,0,1
8109,CAB-NEPE900063,3,,8,18,1
8110,CAB-NEPE900069,3,,7,9,1
8111,CAB-raga055025,3,,0,0,1
8112,CAB-PIGW240150,3,,0,0,1
8113,CAB-ZMED700004,3,,0,0,1
8114,CAB-RAGP049029,3,,0,0,1
8115,CAB-RAGP015015,3,,0,0,1
8116,CAB-RAGP020020,3,,0,0,1
8117,CAB-LOVP040020,3,,0,0,1
8118,CAB-BOXD049029,3,,0,0,1
8119,CAB-RAGA029015,3,,0,0,1
8120,CAB-RAGA034014,3,,0,0,1
8121,CAB-BARG040030,3,,0,0,1
8122,CAB-BESI116015,3,,0,0,1
8123,CAB-VRKN015007,3,,0,0,1
8124,CAB-FAGA040020,3,,0,0,1
8125,CAB-SMED004101,3,,0,0,1
8126,CAB-SMED004202,3,,0,0,1
8127,CAB-SMED004201,3,,5,6,1
8128,CAB-SMED004204,3,,0,0,1
8129,CAB-SMED004102,3,,0,0,1
8130,CAB-LOVE055035,3,,0,0,1
8131,CAB-alco700015,3,,0,0,1
8132,CAB-raga008020,3,,0,0,1
8133,CAB-VODG020015,3,,0,0,1
8134,CAB-RAGA050010,3,,0,0,1
8135,CAB-GALD190101,3,,0,0,1
8136,CAB-PEPW80020,3,,0,0,1
8137,CAB-HODD025025,3,,0,0,1
8138,CAB-PESO011216,3,,0,0,1
8139,CAB-RAGA063032,3,,0,0,1
8140,CAB-boxi015060,3,,0,0,1
8141,CAB-PTBB019301,3,,0,0,1
8142,CAB-kitz023080,3,,0,0,1
8143,CAB-BOXI025004,3,,0,0,1
8144,CAB-CVSS000020,3,,1,1,1
8145,CAB-FILIT062043,3,,0,0,1
8146,CAB-HEPB606035,3,,0,0,1
8147,CAB-HEPB607025,3,,0,0,1
8148,CAB-tlkn006006,3,,0,0,1
8149,CAB-SADA050025,3,,0,0,1
8150,CAB-BOXI050025,3,,0,0,1
8151,CAB-RDIF000015,3,,0,0,1
8152,CAB-ZMED500004,3,,0,0,1
8153,CAB-raga014014,3,,0,0,1
8154,CAB-SAGA035105,3,,0,0,1
8155,CAB-RAGP045045,3,,0,0,1
8156,CAB-DNKN215006,3,,0,0,1
8157,CAB-DNKN215015,3,,0,0,1
8158,CAB-RAGA059039,3,,0,0,1
8159,CAB-ADPT115015,3,,0,0,1
8160,CAB-ADPT106007,3,,0,0,1
8161,CAB-ADPT115006,3,,0,0,1
8162,CAB-ADPT106015,3,,0,0,1
8163,CAB-PDKN200006,3,,0,0,1
8164,CAB-TTKN100006,3,,0,0,1
8165,CAB-TTKN100015,3,,0,0,1
8166,CAB-BOXR000011,3,,0,0,1
8167,CAB-KOME025013,3,,0,0,1
8168,CAB-adpt008006,3,,0,0,1
8169,CAB-BARG076016,3,,0,0,1
8170,CAB-besi301065,3,,0,0,1
8171,CAB-BESI301025,3,,0,0,1
8172,CAB-BESI301032,3,,0,0,1
8173,CAB-BESI262015,3,,0,0,1
8174,CAB-PTBB009088,3,,0,0,1
8175,CAB-ptbb013127,3,,0,0,1
8176,CAB-ascr000015,3,,0,0,1
8177,CAB-EKCC010010,3,,0,0,1
8178,CAB-BARG010010,3,,0,0,1
8179,CAB-besi210015,3,,0,0,1
8180,CAB-REGH004015,3,,0,0,1
8181,CAB-LINP008100,3,,0,0,1
8182,CAB-FDPU000607,3,,0,0,1
8183,CAB-RAGA080013,3,,0,0,1
8184,CAB-polf002008,3,,0,0,1
8185,CAB-PSTG000002,3,,0,0,1
8186,CAB-RAGP040030,3,,0,0,1
8187,CAB-NEPE900070,3,,0,0,1
8188,CAB-GALD390024,3,,0,0,1
8189,CAB-nskn006002,3,,0,0,1
8190,CAB-svtw022015,3,,0,0,1
8191,CAB-svtw022020,3,,0,0,1
8192,CAB-svtw022025,3,,0,0,1
8193,CAB-svtw022050,3,,0,0,1
8194,CAB-lini022026,3,,0,0,1
8195,CAB-ARCA400007,3,,0,0,1
8196,CAB-ARCA530070,3,,0,0,1
8197,CAB-ARCA400008,3,,1,1,1
8198,CAB-ARCA530021,3,,1,1,1
8199,CAB-RAGA065055,3,,0,0,1
8201,CAB-raga114019,3,,0,0,1
8202,CAB-BOXI040004,3,,0,0,1
8203,CAB-REGF000008,3,,0,0,1
8204,CAB-GMTA161001,3,,0,0,1
8205,CAB-GMTA161002,3,,0,0,1
8206,CAB-GMTA161004,3,,0,0,1
8207,CAB-GMTA161100,3,,0,0,1
8208,CAB-GMTA161250,3,,0,0,1
8209,CAB-GMTA163006,3,,0,0,1
8210,CAB-GMTA163010,3,,0,0,1
8211,CAB-GMTA163016,3,,0,0,1
8212,CAB-GMTA067006,3,,0,0,1
8213,CAB-GMTA067001,3,,0,0,1
8214,CAB-GMTA120002,3,,0,0,1
8215,CAB-GMTA120006,3,,0,0,1
8216,CAB-GMTA120010,3,,0,0,1
8217,CAB-GMTA310002,3,,0,0,1
8218,CAB-GMTA310030,3,,1,2,1
8219,CAB-BESI017080,3,,0,0,1
8220,CAB-PSTG001012,3,,0,0,1
8221,CAB-ZMED800001,3,,0,0,1
8222,CAB-ZMBV000006,3,,0,0,1
8223,CAB-ZMBV000067,3,,0,0,1
8224,CAB-ZMBV000080,3,,0,0,1
8225,CAB-ZMED600003,3,,0,0,1
8226,CAB-ZMED600004,3,,0,0,1
8227,CAB-ZMBV000020,3,,0,0,1
8228,CAB-boxw000000,3,,0,0,1
8229,CAB-BVSS002006,3,,0,0,1
8230,CAB-boxy000010,3,,0,0,1
8231,CAB-SADA043043,3,,0,0,1
8232,CAB-PTBE008201,3,,0,0,1
8233,CAB-PROF120102,3,,0,0,1
8234,CAB-PROF120152,3,,0,0,1
8235,CAB-NEPE900071,3,,0,0,1
8236,CAB-CAST109807,3,,0,0,1
8237,CAB-GMTA167035,3,,0,0,1
8238,CAB-GMTA163250,3,,0,0,1
8239,CAB-GMTA114025,3,,0,0,1
8240,CAB-GMTA130025,3,,0,0,1
8241,CAB-GMTA130016,3,,0,0,1
8242,CAB-GMTA114250,3,,0,0,1
8243,CAB-NEPE900072,3,,2,4,1
8244,CAB-NEPE900073,3,,0,0,1
8245,CAB-NEPE900018,3,,0,0,1
8246,CAB-PGAU038004,3,,0,0,1
8247,CAB-PGAU038040,3,,0,0,1
8248,CAB-PGAU037006,3,,0,0,1
8249,CAB-PGAU069025,3,,0,0,1
8250,CAB-PGAU036006,3,,0,0,1
8251,CAB-PTBB008201,3,,0,0,1
8252,CAB-IMTA101100,3,,0,0,1
8253,CAB-IMTA065001,3,,0,0,1
8254,CAB-IMTA065025,3,,0,0,1
8255,CAB-IMTA065000,3,,0,0,1
8256,CAB-JUMO065006,3,,0,0,1
8257,CAB-MIGI065005,3,,0,0,1
8258,CAB-PGNJ067006,3,,0,0,1
8259,CAB-PGAU100007,3,,0,0,1
8260,CAB-PGAU066002,3,,0,0,1
8261,CAB-PGAU066007,3,,0,0,1
8262,CAB-PGAU066035,3,,0,0,1
8263,CAB-PGAU064500,3,,0,0,1
8264,CAB-pgau065150,3,,0,0,1
8265,CAB-PGAU063001,3,,0,0,1
8266,CAB-PGAU063015,3,,0,0,1
8267,CAB-PGAU063025,3,,0,0,1
8268,CAB-PGAU062001,3,,0,0,1
8269,CAB-PGAU062005,3,,0,0,1
8270,CAB-PGAU062007,3,,0,0,1
8271,CAB-PGAU062000,3,,0,0,1
8272,CAB-pgau100000,3,,0,0,1
8273,CAB-pepw700032,3,,0,0,1
8274,CAB-PEVA007040,3,,0,0,1
8275,CAB-PEVA007032,3,,0,0,1
8276,CAB-PEVA007025,3,,0,0,1
8277,CAB-gmta165011,3,,0,0,1
8278,CAB-EAGA030030,3,,0,0,1
8279,CAB-EAGA030020,3,,0,0,1
8280,CAB-LOVP080030,3,,0,0,1
8281,CAB-RAGP060020,3,,0,0,1
8282,CAB-SADP030030,3,,0,0,1
8283,CAB-ascr012012,3,,0,0,1
8284,CAB-ASCR012010,3,,0,0,1
8285,CAB-GALD180079,3,,0,0,1
8286,CAB-saga070010,3,,0,0,1
8287,CAB-EAGA040030,3,,0,0,1
8288,CAB-EAGA025025,3,,0,0,1
8289,CAB-FAGA025025,3,,0,0,1
8290,CAB-LOVE100030,3,,0,0,1
8291,CAB-LOVE080040,3,,0,0,1
8292,CAB-HEPF060030,3,,0,0,1
8293,CAB-MEDF060030,3,,0,0,1
8294,CAB-PREF060030,3,,0,0,1
8295,CAB-FAGA025020,3,,0,0,1
8296,CAB-FAGA070010,3,,0,0,1
8297,CAB-SSFL011050,3,,0,0,1
8298,CAB-RAGA028008,3,,0,0,1
8299,CAB-ARCA530060,3,,0,0,1
8300,CAB-PTBE019107,3,,97,59,1
8301,CAB-PTRE009081,3,,43,43,1
8302,CAB-PTRE013081,3,,70,90,1
8303,CAB-PTRE016089,3,,0,0,1
8304,CAB-PTRE006071,3,,3,3,1
8305,CAB-BOXP000004,3,,0,0,1
8306,CAB-AGAS006017,3,,0,0,1
8307,CAB-SSVS050020,3,,0,0,1
8308,CAB-DNKN003004,3,,0,0,1
8309,CAB-AGAS006018,3,,0,0,1
8310,CAB-SAGA045015,3,,0,0,1
8311,CAB-SAGA100025,3,,0,0,1
8312,CAB-RAGA040015,3,,0,0,1
8313,CAB-RAGD130075,3,,0,0,1
8314,CAB-RAGD100075,3,,0,0,1
8315,CAB-RAGD100100,3,,0,0,1
8316,CAB-RAGD080100,3,,0,0,1
8317,CAB-RAGA080015,3,,0,0,1
8318,CAB-SAGA040012,3,,0,0,1
8319,CAB-BOXE000004,3,,1,1,1
8320,CAB-PTBE013100,3,,0,0,1
8321,CAB-PTBE009071,3,,5,5,1
8322,CAB-SADP020020,3,,0,0,1
8323,CAB-RAGP025020,3,,0,0,1
8324,CAB-BOXI025020,3,,0,0,1
8325,CAB-RAGF055040,3,,0,0,1
8326,CAB-RAGF030030,3,,0,0,1
8327,CAB-BOXI015104,3,,0,0,1
8328,CAB-BOXI030104,3,,0,0,1
8329,CAB-BOXT010004,3,,0,0,1
8330,CAB-PTBE025120,3,,0,0,1
8331,CAB-PTBE013089,3,,25,25,1
8332,CAB-RAGA103026,3,,0,0,1
8333,CAB-BOXD000004,3,,0,0,1
8334,CAB-BOXR000012,3,,0,0,1
8335,CAB-boxi083030,3,,0,0,1
8336,CAB-REGH847101,3,,0,0,1
8337,CAB-REGH847102,3,,0,0,1
8338,CAB-GMTA310750,3,,0,0,1
8339,CAB-GMTA311000,3,,0,0,1
8340,CAB-NEPE900074,3,,0,0,1
8341,CAB-ptrb008042,3,,0,0,1
8342,CAB-ptbb006080,3,,0,0,1
8343,CAB-ASCR000128,3,,0,0,1
8344,CAB-BOXC000004,3,,0,0,1
8345,CAB-ARCA530011,3,,0,0,1
8346,CAB-AGAS004026,3,,0,0,1
8347,CAB-ARCA400009,3,,0,0,1
8348,CAB-ARCA530050,3,,0,0,1
8349,CAB-REGH847103,3,,0,0,1
8350,CAB-BVBS000110,3,,0,0,1
8351,CAB-CPPP000020,3,,0,0,1
8352,CAB-HEPB060030,3,,0,0,1
8353,CAB-PREB060030,3,,0,0,1
8354,CAB-EAGA020020,3,,0,0,1
8355,CAB-RAGA039035,3,,0,0,1
8356,CAB-RAGA045035,3,,0,0,1
8357,CAB-boxy005004,3,,0,0,1
8358,CAB-RAGP031031,3,,0,0,1
8359,CAB-ZMED900001,3,,0,0,1
8360,CAB-ZMED401001,3,,0,0,1
8361,CAB-GMTA163025,3,,0,0,1
8362,CAB-GMTA163001,3,,0,0,1
8363,CAB-GMTA163002,3,,0,0,1
8364,CAB-GMTA161006,3,,0,0,1
8365,CAB-GMTA161010,3,,1,0,1
8366,CAB-GMTA161016,3,,0,0,1
8367,CAB-GMTA161025,3,,0,0,1
8368,CAB-GMTA067040,3,,0,0,1
8369,CAB-GMTA067060,3,,0,0,1
8370,CAB-GMTA067250,3,,0,0,1
8371,CAB-ARCA400010,3,,0,0,1
8372,CAB-RAGP070050,3,,0,0,1
8373,CAB-zmbv100009,3,,0,0,1
8374,CAB-ZMBV100013,3,,0,0,1
8375,CAB-ZMBV100016,3,,0,0,1
8376,CAB-ZMBV100020,3,,0,0,1
8377,CAB-ZMBV100022,3,,0,0,1
8378,CAB-ZMBV100028,3,,0,0,1
8379,CAB-ZMBV100035,3,,0,0,1
8380,CAB-ZMBV100042,3,,0,0,1
8381,CAB-BARG030015,3,,0,0,1
8382,CAB-FTFL006013,3,,0,0,1
8383,CAB-EKFL113013,3,,0,0,1
8384,CAB-ARCA500004,3,,0,0,1
8385,CAB-ARCA500005,3,,0,0,1
8386,CAB-SMED007102,3,,0,0,1
8387,CAB-VRKN005000,3,,0,0,1
8388,CAB-PTBB009087,3,,0,0,1
8389,CAB-VODE080050,3,,0,0,1
8390,CAB-SMED006001,3,,0,0,1
8391,CAB-SSTC001006,3,,0,0,1
8392,CAB-SMED007103,3,,0,0,1
8393,CAB-RAGA055015,3,,0,0,1
8394,CAB-ADPT001000,3,,0,0,1
8395,CAB-ZMED600005,3,,0,0,1
8396,CAB-ZMED600006,3,,0,0,1
8397,CAB-NEPE900017,3,,0,0,1
8398,CAB-SMED007201,3,,0,0,1
8399,CAB-SADA027027,3,,0,0,1
8400,CAB-BOXI050010,3,,0,0,1
8401,CAB-ADPT001001,3,,0,0,1
8402,CAB-ADPT001002,3,,0,0,1
8403,CAB-RAGP040015,3,,0,0,1
8404,CAB-ARCA700001,3,,0,0,1
8405,CAB-RAGA075015,3,,0,0,1
8406,CAB-ZMED080001,3,,1,12,1
8407,CAB-ZMED080002,3,,0,1,1
8408,CAB-NEPE900075,3,,0,0,1
8409,CAB-zmed900002,3,,0,0,1
8410,CAB-AGAS010019,3,,0,0,1
8411,CAB-GALD230018,3,,0,0,1
8412,CAB-RAGA150030,3,,0,0,1
8413,CAB-BOXI027008,3,,0,0,1
8414,CAB-RAGA120030,3,,0,0,1
8415,CAB-RAGP040025,3,,0,0,1
8416,CAB-AGAS004032,3,,0,0,1
8417,CAB-AGAS004033,3,,0,0,1
8418,CAB-ADPT001003,3,,0,0,1
8419,CAB-ZMED100006,3,,0,0,1
8420,CAB-ptbb022168,3,,0,0,1
8421,CAB-GALV012051,3,,0,0,1
8422,CAB-TFKN009006,3,,0,0,1
8424,CAB-ZMED600007,3,,0,0,1
8425,CAB-ZMED600008,3,,0,1,1
8426,CAB-ZMED600009,3,,0,0,1
8427,CAB-ZMED080003,3,,0,11,1
8428,CAB-ZMED080004,3,,0,0,1
8429,CAB-PROF140152,3,,0,0,1
8430,CAB-PROF140102,3,,0,0,1
8431,CAB-PROF120203,3,,1,1,1
8432,CAB-PROF120254,3,,0,0,1
8433,CAB-ARCA200003,3,,0,0,1
8434,CAB-SAGA100020,3,,0,0,1
8435,CAB-RAGA100040,3,,0,0,1
8436,CAB-DNKN012008,3,,0,0,1
8437,CAB-raga070016,3,,0,0,1
8438,CAB-raga070040,3,,0,0,1
8439,CAB-ptbb035168,3,,0,0,1
8440,CAB-GMTA101006,3,,1,0,1
8441,CAB-RAGF035035,3,,0,0,1
8442,CAB-RAGF040025,3,,0,0,1
8443,CAB-RAGF050025,3,,0,0,1
8444,CAB-VODE070040,3,,0,0,1
8445,CAB-VODE060040,3,,0,0,1
8446,CAB-LOVE070040,3,,0,0,1
8447,CAB-LOVE045025,3,,0,0,1
8448,CAB-ARCA400011,3,,0,0,1
8449,CAB-SAGP062010,3,,0,0,1
8450,CAB-VRKN006002,3,,0,0,1
8451,CAB-VSKN009005,3,,0,0,1
8452,CAB-ARCA530051,3,,0,0,1
8453,CAB-WARM200597,3,,0,0,1
8454,CAB-BARG056026,3,,0,0,1
8455,CAB-GMTA067025,3,,0,0,1
8456,CAB-GMTA241600,3,,0,0,1
8457,CAB-SSDN015006,3,,5,7,1
8458,CAB-SSNS025025,3,,0,0,1
8459,CAB-PTBB008202,3,,0,0,1
8460,CAB-SMED007202,3,,0,0,1
8461,CAB-SMED007204,3,,0,0,1
8462,CAB-SMED007203,3,,0,0,1
8463,CAB-ZMED700005,3,,0,0,1
8464,CAB-SMED007104,3,,0,0,1
8465,CAB-PROF120508,3,,0,0,1
8466,CAB-PROF100508,3,,0,0,1
8467,CAB-RAGF060060,3,,0,0,1
8468,CAB-BOXD040020,3,,0,0,1
8469,CAB-ARCA400012,3,,0,0,1
8470,CAB-ARCA200004,3,,0,0,1
8471,CAB-REGH801102,3,,0,0,1
8472,CAB-REGH801104,3,,0,0,1
8473,CAB-PEVA007020,3,,0,0,1
8474,CAB-PEVA007063,3,,0,0,1
8475,CAB-BOXI040016,3,,0,0,1
8476,CAB-NEPE900076,3,,2,6,1
8477,CAB-ARCA400013,3,,0,0,1
8478,CAB-ARCA530061,3,,0,0,1
8479,CAB-ARCA400014,3,,0,0,1
8480,CAB-PREF060060,3,,0,0,1
8481,CAB-MEDF060060,3,,0,0,1
8482,CAB-HEPF060120,3,,0,0,1
8483,CAB-HEPB060120,3,,0,0,1
8484,CAB-PREB060060,3,,0,0,1
8486,CAB-GMTA400065,3,,0,0,1
8487,CAB-GMTA400080,3,,0,0,1
8488,CAB-ADPT001004,3,,0,0,1
8489,CAB-VODE040020,3,,0,0,1
8490,CAB-LOVE050030,3,,0,0,1
8491,CAB-FILT030030,3,,0,0,1
8492,CAB-BOXI060010,3,,0,0,1
8493,CAB-VODE090040,3,,0,0,1
8494,CAB-VODE070030,3,,0,0,1
8495,CAB-VODE075040,3,,0,0,1
8496,CAB-VODE080030,3,,0,0,1
8497,CAB-VODE075035,3,,0,0,1
8498,CAB-LINS114014,3,,0,0,1
8499,CAB-ARCA530062,3,,0,0,1
8500,CAB-ARCA400015,3,,0,0,1
8501,CAB-raga070041,3,,0,0,1
8502,CAB-AGAS006019,3,,0,0,1
8503,CAB-ADPT001005,3,,0,0,1
8504,CAB-AGAS010020,3,,0,0,1
8505,CAB-NEPE900077,3,,0,0,1
8506,CAB-SSDP000015,3,,0,0,1
8507,CAB-CAST769007,3,,0,0,1
8508,CAB-CAST769009,3,,0,0,1
8509,CAB-SSDN010006,3,,0,0,1
8510,CAB-SPGT007007,3,,0,0,1
8511,CAB-016003001001,3,,1,1,1
8512,CAB-016003001002,3,,0,1,1
8513,CAB-016003001003,3,,0,0,1
8514,CAB-016003001004,3,,0,0,1
8515,CAB-016003001005,3,,0,0,1
8516,CAB-LOVE050015,3,,0,0,1
8517,CAB-LOVE030015,3,,0,0,1
8518,CAB-PTBB019126,3,,0,0,1
8519,CAB-ZMED610006,3,,15,31,1
8520,CAB-ZMED500005,3,,9,19,1
8521,CAB-ZMED150011,3,,0,0,1
8522,CAB-ZMED150012,3,,0,0,1
8523,CAB-ZMED150021,3,,0,0,1
8524,CAB-ZMED150022,3,,0,0,1
8525,CAB-ZMED600010,3,,0,0,1
8526,CAB-agas012008,3,,0,0,1
8527,CAB-agas012009,3,,0,0,1
8528,CAB-EAGA060015,3,,0,0,1
8529,CAB-ZMED610007,3,,0,0,1
8530,CAB-BOXS000004,3,,0,0,1
8531,CAB-HEPF060060,3,,0,0,1
8532,CAB-ZMED600011,3,,0,0,1
8533,CAB-NEPE900078,3,,0,0,1
8534,CAB-PUED006009,3,,39,0,1
8535,CAB-nepe900016,3,,0,0,1
8536,CAB-NEPE900079,3,,0,0,1
8537,CAB-GMTA233050,3,,0,0,1
8538,CAB-MAGN310030,3,,0,0,1
8539,CAB-GMTA365250,3,,0,0,1
8540,CAB-GMTA365025,3,,0,0,1
8541,CAB-GMTA101025,3,,0,0,1
8542,CAB-NEPE901011,3,,0,0,1
8543,CAB-RAGP035035,3,,0,0,1
8544,CAB-SAGP065045,3,,0,0,1
8545,CAB-LINI100020,3,,0,0,1
8546,CAB-ZMED030001,3,,0,0,1
8547,CAB-GMTA465025,3,,0,0,1
8548,CAB-GMTA465000,3,,0,0,1
8549,CAB-KITZ127150,3,,0,0,1
8550,CAB-KITZ127100,3,,0,0,1
8551,CAB-RAGA020031,3,,0,0,1
8552,CAB-TCIN025025,3,,0,0,1
8553,CAB-CAST769011,3,,1,1,1
8554,CAB-CAST769013,3,,0,0,1
8555,CAB-CAST769017,3,,0,0,1
8556,CAB-CAST769021,3,,0,0,1
8557,CAB-CAST769025,3,,0,0,1
8558,CAB-CAST769005,3,,0,0,1
8559,CAB-CAST769006,3,,0,0,1
8560,CAB-PTBE025100,3,,0,0,1
8561,CAB-LOVE060031,3,,0,0,1
8562,CAB-ZMED500006,3,,14,23,1
8563,CAB-RAGS020020,3,,0,0,1
8564,CAB-NEPE900080,3,,0,0,1
8565,CAB-HDPE010040,3,,0,0,1
8566,CAB-GMTA170001,3,,4,1,1
8567,CAB-GMTA015000,3,,2,2,1
8568,CAB-PTBB028072,3,,0,0,1
8569,CAB-ZMED600012,3,,0,0,1
8570,CAB-DTMZ001002,3,,150,373,1
8571,CAB-BOXR040062,3,,0,0,1
8572,CAB-ARCA400016,3,,0,0,1
8573,CAB-ARCA400017,3,,0,0,1
8574,CAB-ARCA530012,3,,0,0,1
8575,CAB-ARCA530013,3,,0,0,1
8576,CAB-GRAF050050,3,,0,0,1
8577,CAB-CAST641006,3,,0,0,1
8578,CAB-BOXR000013,3,,0,0,1
8579,CAB-BOXR000006,3,,0,0,1
8580,CAB-BOXT000009,3,,0,0,1
8581,CAB-RAGA030010,3,,0,0,1
8582,CAB-ASCR000041,3,,0,0,1
8583,CAB-ARCA540003,3,,0,0,1
8584,CAB-ARCA540006,3,,0,0,1
8585,CAB-RAGP010010,3,,0,0,1
8586,CAB-RAGA029087,3,,0,0,1
8587,CAB-RGBH000001,3,,0,0,1
8588,CAB-GMTA310003,3,,1,2,1
8589,CAB-GALV001050,3,,0,0,1
8590,CAB-BOXE000005,3,,0,0,1
8591,CAB-GALV001150,3,,0,0,1
8592,CAB-RAGP029029,3,,0,0,1
8593,CAB-RING000004,3,,0,0,1
8594,CAB-RAGP020008,3,,0,0,1
8595,CAB-RAGP030025,3,,0,0,1
8596,CAB-RAGP035020,3,,0,0,1
8597,CAB-MANH045045,3,,56,56,1
8598,CAB-MANH060060,3,,0,0,1
8599,CAB-PIBW081025,3,,0,0,1
8600,CAB-BOXT000005,3,,0,0,1
8601,CAB-BOXR032006,3,,0,0,1
8602,CAB-BOXR006004,3,,0,0,1
8603,CAB-ARCA400018,3,,0,0,1
8604,CAB-ARCA530063,3,,0,0,1
8605,CAB-pffd001100,3,,6,16,1
8606,CAB-tspr015008,3,,0,0,1
8607,CAB-RAGF050020,3,,0,0,1
8608,CAB-RAGF030020,3,,0,0,1
8609,CAB-mecc008009,3,,0,0,1
8610,CAB-ptbb022169,3,,4,16,1
8611,CAB-ZMED600013,3,,0,0,1
8612,CAB-ZMED600014,3,,0,0,1
8613,CAB-ZMED010001,3,,0,0,1
8614,CAB-BOXR343203,3,,0,0,1
8615,CAB-BOXR150106,3,,0,0,1
8616,CAB-SMED002103,3,,0,0,1
8618,CAB-PTBB009071,3,,10,10,1
8619,CAB-PTBB016100,3,,0,0,1
8620,CAB-PTBB019102,3,,0,0,1
8621,CAB-PTBB022110,3,,0,0,1
8622,CAB-PTBB025123,3,,0,0,1
8623,CAB-ZMED600016,3,,0,0,1
8624,CAB-ZMED600015,3,,0,0,1
8625,CAB-SADA024024,3,,0,0,1
8626,CAB-PIBW002250,3,,0,0,1
8627,CAB-MCVT006008,3,,0,0,1
8628,CAB-TCIN020020,3,,0,15,1
8629,CAB-SAGA060021,3,,0,0,1
8630,CAB-RAGA059020,3,,0,0,1
8631,CAB-ARCA400019,3,,0,0,1
8632,CAB-SAGP056006,3,,0,0,1
8633,CAB-SSDN040032,3,,0,0,1
8634,CAB-SSDN050040,3,,0,0,1
8635,CAB-REGH825103,3,,0,0,1
8636,CAB-BOXS001006,3,,0,0,1
8637,CAB-BOXS001008,3,,0,0,1
8638,CAB-ARCA401001,3,,0,0,1
8639,CAB-BOXR038008,3,,0,0,1
8640,CAB-FCCC015006,3,,0,0,1
8641,CAB-FCCC006006,3,,0,0,1
8642,CAB-ARCA401002,3,,0,2,1
8643,CAB-AGAS006020,3,,0,0,1
8644,CAB-SSDN020010,3,,0,0,1
8645,CAB-NSKN006007,3,,0,3,1
8646,CAB-RAGD010025,3,,0,0,1
8647,CAB-CAST381044,3,,0,0,1
8648,CAB-BOXY108004,3,,0,0,1
8649,CAB-BOXY108003,3,,0,0,1
8650,CAB-ZMED030002,3,,0,0,1
8651,CAB-AGAS006021,3,,0,0,1
8652,CAB-ZMED030003,3,,0,0,1
8653,CAB-RAGP060060,3,,0,0,1
8654,CAB-RAGP030031,3,,0,0,1
8655,CAB-BOXP060060,3,,0,0,1
8656,CAB-BOXP030030,3,,0,0,1
8657,CAB-REGL100006,3,,0,0,1
8658,CAB-REGL100007,3,,0,0,1
8659,CAB-BOXI024006,3,,0,0,1
8660,CAB-ZMED500007,3,,0,0,1
8661,CAB-NASA000001,3,,0,0,1
8662,CAB-AGAS006022,3,,0,0,1
8663,CAB-RAGA120060,3,,0,0,1
8664,CAB-BOXI030030,3,,0,0,1
8665,CAB-PACE206009,3,,0,0,1
8666,CAB-PACE206013,3,,0,0,1
8668,CAB-PTBB022100,3,,9,12,1
8669,CAB-PTBB019100,3,,0,0,1
8670,CAB-MCCC006012,3,,0,0,1
8671,CAB-VSKN006008,3,,0,0,1
8672,CAB-NEPE006001,3,,0,0,1
8673,CAB-NEPE006002,3,,0,0,1
8674,CAB-REGL100008,3,,2,0,1
8675,CAB-SSDN025015,3,,0,0,1
8676,CAB-ADPT020606,3,,0,0,1
8677,CAB-ADPT020608,3,,0,0,1
8678,CAB-SSDN040025,3,,0,0,1
8679,CAB-ASCR013009,3,,0,0,1
8680,CAB-AGAS300001,3,,0,0,1
8681,CAB-AGAS300002,3,,0,0,1
8682,CAB-REGL100009,3,,0,0,1
8683,CAB-REGL900001,3,,3,4,1
8684,CAB-AGAS006024,3,,0,0,1
8685,CAB-ZMED500008,3,,0,0,1
8686,CAB-ARCA402001,3,,0,0,1
8687,CAB-NEPE900081,3,,0,0,1
8688,CAB-NEPE900082,3,,0,0,1
8689,CAB-UCIN112012,3,,0,0,1
8690,CAB-TCIN112012,3,,0,0,1
8691,CAB-MTCC006008,3,,0,0,1
8692,CAB-MTCC003005,3,,2,2,1
8693,CAB-MECC006008,3,,0,0,1
8694,CAB-MECC003005,3,,2,2,1
8695,CAB-ARCA400020,3,,0,0,1
8696,CAB-PTBB080278,3,,0,0,1
8697,CAB-PTBB054121,3,,0,0,1
8698,CAB-ARCA400021,3,,0,0,1
8699,CAB-ARCA530041,3,,0,0,1
8700,CAB-ZMED040001,3,,0,0,1
8701,CAB-NEPE800001,3,,0,0,1
8702,CAB-NEPE800002,3,,0,0,1
8703,CAB-LOVP020020,3,,0,0,1
8704,CAB-NEPE900083,3,,0,0,1
8705,CAB-PTBB013091,3,,0,0,1
8706,CAB-NEPE900084,3,,0,0,1
8707,CAB-NEPE900085,3,,0,0,1
8708,CAB-NEPE900086,3,,0,2,1
8709,CAB-ZMED040002,3,,0,0,1
8710,CAB-ZMED040003,3,,0,0,1
8711,CAB-ZMED030004,3,,5,5,1
8712,CAB-ZMED030005,3,,0,0,1
8713,CAB-NONR000004,3,,0,0,1
8714,CAB-NEPE900087,3,,0,0,1
8715,CAB-PTBB032122,3,,0,0,1
8716,CAB-ARCA400022,3,,0,0,1
8717,CAB-GALD130006,3,,0,0,1
8718,CAB-GALD100006,3,,0,0,1
8719,CAB-GALD430050,3,,0,0,1
8720,CAB-RAGP055055,3,,0,0,1
8721,CAB-RAGP075075,3,,0,0,1
8722,CAB-PTBB019092,3,,0,0,1
8723,CAB-PTBE028120,3,,55,255,1
8724,CAB-BOXE000011,3,,0,0,1
8725,CAB-BOXY104004,3,,0,0,1
8726,CAB-SADP027027,3,,0,0,1
8727,CAB-BOXR000005,3,,0,0,1
8728,CAB-PTBB019127,3,,1,1,1
8729,CAB-BOXI020003,3,,0,0,1
8730,CAB-BOXP061061,3,,0,0,1
8731,CAB-BOXP031031,3,,0,0,1
8732,CAB-ZMED610008,3,,0,0,1
8733,CAB-BOXE185030,3,,0,0,1
8734,CAB-BOXR853050,3,,0,0,1
8735,CAB-HEPB060121,3,,0,0,1
8736,CAB-FAGF060120,3,,0,0,1
8737,CAB-EAGF060120,3,,0,0,1
8738,CAB-RAGF040030,3,,0,0,1
8739,CAB-RAIN082035,3,,0,0,1
8740,CAB-016002002001,3,,4,3,1
8741,CAB-016002002003,3,,0,0,1
8742,CAB-016002002002,3,,0,0,1
8743,CAB-016002002004,3,,0,0,1
8744,CAB-016002002005,3,,0,0,1
8745,CAB-ZMED140006,3,,1,0,1
8746,CAB-ZMED140005,3,,0,0,1
8747,CAB-ZMED140002,3,,0,0,1
8748,CAB-ZMED140003,3,,0,0,1
8749,CAB-SMED004203,3,,0,0,1
8750,CAB-SMED008204,3,,0,2,1
8751,CAB-SMED008201,3,,2,2,1
8752,CAB-SMED008202,3,,0,0,1
8753,CAB-SMED008203,3,,0,0,1
8754,CAB-SMED009004,3,,0,0,1
8755,CAB-SMED009005,3,,0,0,1
8756,CAB-SMED009002,3,,0,0,1
8757,CAB-SMED009003,3,,0,0,1
8758,CAB-PTBE035081,3,,0,0,1
8759,CAB-PTBE008051,3,,0,0,1
8760,CAB-GALD130016,3,,0,0,1
8761,CAB-GALD130021,3,,0,0,1
8762,CAB-SGPI190101,3,,0,0,1
8763,CAB-RAGA028022,3,,0,0,1
8764,CAB-SSDN032025,3,,0,0,1
8765,CAB-SAGA011080,3,,0,0,1
8766,CAB-GALD190068,3,,0,0,1
8767,CAB-BOXY006004,3,,0,0,1
8768,CAB-BOXR000007,3,,0,0,1
8769,CAB-BOXY106004,3,,0,0,1
8770,CAB-BOXR000315,3,,0,0,1
8771,CAB-BOXS000003,3,,0,0,1
8772,CAB-SMBR400004,3,,0,0,1
8773,CAB-SMYH000015,3,,0,0,1
8774,CAB-SMYH000025,3,,0,0,1
8775,CAB-BOXD055055,3,,0,0,1
8776,CAB-BOXI055055,3,,0,0,1
8777,CAB-MALE040042,3,,0,0,1
8778,CAB-PTBK013071,3,,0,0,1
8779,CAB-PTBC035122,3,,0,0,1
8780,CAB-PTBC035140,3,,0,0,1
8781,CAB-PTBC028127,3,,0,0,1
8782,CAB-arca530042,3,,0,0,1
8783,CAB-ARCA530052,3,,0,0,1
8784,CAB-ARCA530009,3,,0,0,1
8785,CAB-NEPE900015,3,,0,0,1
8786,CAB-GALV001140,3,,0,0,1
8787,CAB-VODE090035,3,,0,0,1
8788,CAB-VODE070035,3,,0,0,1
8789,CAB-PTBB006072,3,,1,2,1
8790,CAB-GMTA017002,3,,0,0,1
8791,CAB-SADA042042,3,,0,0,1
8792,CAB-ACBB106009,3,,0,0,1
8793,CAB-1PTBE006071,3,,248,278,1
8794,CAB-PTBE042152,3,,20,20,1
8795,CAB-EKCC112012,3,,0,0,1
8796,CAB-KFLE009028,3,,0,0,1
8797,CAB-KFLE013028,3,,0,0,1
8798,CAB-KFLE013025,3,,0,0,1
8799,CAB-KFLE013022,3,,0,0,1
8800,CAB-VODE120030,3,,0,0,1
8801,CAB-VODE120025,3,,0,0,1
8802,CAB-SAGA040020,3,,0,0,1
8803,CAB-AGAS006025,3,,0,0,1
8804,CAB-LOVE050050,3,,0,0,1
8805,CAB-AGAS012010,3,,0,0,1
8806,CAB-UBEN001054,3,,0,0,1
8807,CAB-MODE080080,3,,0,0,1
8808,CAB-TATZ009100,3,,0,0,1
8809,CAB-MCCC115009,3,,0,0,1
8810,CAB-REGB000018,3,,0,0,1
8811,CAB-EKCC109009,3,,0,0,1
8812,CAB-TCIN109009,3,,0,0,1
8813,CAB-ADPT001006,3,,0,2,1
8814,CAB-AGAS006070,3,,0,0,1
8815,CAB-ZMED710001,3,,0,0,1
8816,CAB-ZMED710002,3,,0,0,1
8817,CAB-ZMED710003,3,,0,0,1
8818,CAB-ZMED710004,3,,0,0,1
8819,CAB-SSVR080025,3,,0,0,1
8820,CAB-ZMED320001,3,,0,0,1
8821,CAB-ZMED320002,3,,0,0,1
8822,CAB-PTBB009122,3,,0,0,1
8823,CAB-RAGP050010,3,,0,0,1
8824,CAB-SKYD001006,3,,0,1,1
8825,CAB-BOXR005004,3,,0,0,1
8826,CAB-PTBE013081,3,,0,0,1
8827,CAB-BOXR000014,3,,0,0,1
8828,CAB-AGAS006026,3,,0,0,1
8829,CAB-LGBH000001,3,,0,0,1
8830,CAB-BOXY108008,3,,0,0,1
8831,CAB-RAGA090010,3,,0,0,1
8832,CAB-BARG010090,3,,0,0,1
8833,CAB-SADA030032,3,,0,0,1
8834,CAB-RDIF000026,3,,0,0,1
8835,CAB-RAGP120020,3,,0,0,1
8836,CAB-RAGP080080,3,,0,0,1
8837,CAB-RAGA050025,3,,0,0,1
8838,CAB-PRESS015600,3,,0,0,1
8839,CAB-PRESS015500,3,,0,0,1
8840,CAB-PTBB054141,3,,0,0,1
8841,CAB-AGAS005020,3,,0,0,1
8842,CAB-AGAS005021,3,,0,0,1
8843,CAB-FCCC015022,3,,4,0,1
8844,CAB-EKCC022022,3,,0,50,1
8845,CAB-TTBG100015,3,,196,0,1
8846,CAB-EAGP030030,3,,0,0,1
8847,CAB-LOVP030030,3,,0,0,1
8848,CAB-BOXR004003,3,,0,0,1
8849,CAB-HEPF025025,3,,0,0,1
8850,CAB-HEPF035030,3,,0,0,1
8851,CAB-SMED050280,3,,4,4,1
8852,CAB-NBCR000001,3,,0,0,1
8853,CAB-pupc012009,3,,5,0,1
8854,CAB-pupc010015,3,,10,0,1
8855,CAB-PUPC010009,3,,0,0,1
8856,CAB-PUPC006009,3,,0,0,1
8857,CAB-pupc004006,3,,8,0,1
8858,CAB-pupc004005,3,,7,0,1
8859,CAB-PURT008004,3,,3,0,1
8860,CAB-PURT012008,3,,3,0,1
8861,CAB-PURT010008,3,,3,0,1
8862,CAB-RAGA134084,3,,0,0,1
8866,CAB-PUED108005,3,,0,0,1
8867,CAB-PUED106005,3,,1,0,1
8868,CAB-PUED106006,3,,1,0,1
8869,CAB-PUED110006,3,,1,0,1
8870,CAB-PUED106009,3,,0,0,1
8871,CAB-PUED108009,3,,0,0,1
8872,CAB-PUED112009,3,,0,0,1
8873,CAB-PUED112015,3,,0,0,1
8874,CAB-PUED110015,3,,0,0,1
8875,CAB-PUED010015,3,,7,0,1
8876,CAB-PUED010005,3,,1,0,1
8877,CAB-PUED004005,3,,40,0,1
8878,CAB-ZMED500009,3,,0,0,1
8879,CAB-PUED012009,3,,5,0,1
8880,CAB-NPUE012012,3,,2,0,1
8881,CAB-NPUE106106,3,,41,10,1
8882,CAB-NPUE008008,3,,24,0,1
8883,CAB-PURE012010,3,,9,0,1
8884,CAB-PURE006004,3,,1,0,1
8885,CAB-PUSB010010,3,,1,0,1
8886,CAB-PUSB008008,3,,5,0,1
8887,CAB-NPUS000010,3,,2,0,1
8888,CAB-NPUS000012,3,,0,0,1
8889,CAB-NPUS110010,3,,6,0,1
8890,CAB-NPUS112012,3,,3,0,1
8891,CAB-NPUS116016,3,,14,0,1
8892,CAB-NPUS104004,3,,26,0,1
8893,CAB-NPUS108008,3,,24,0,1
8894,CAB-NPUS106006,3,,1,0,1
8895,CAB-NPUT110010,3,,10,0,1
8896,CAB-NPUT112012,3,,4,0,1
8897,CAB-NPUT106006,3,,2,0,1
8898,CAB-NPUT000004,3,,1,0,1
8899,CAB-pute010010,3,,2,0,1
8900,CAB-pute004004,3,,15,0,1
8901,CAB-pute012012,3,,0,0,1
8902,CAB-BOXI040208,3,,0,0,1
8903,CAB-RAGP040020,3,,0,0,1
8904,CAB-FCCC006007,3,,0,0,1
8905,CAB-PROF110508,3,,0,0,1
8906,CAB-NEPE900088,3,,0,0,1
8907,CAB-NSPY001004,3,,17,0,1
8908,CAB-PUTD012015,3,,7,0,1
8909,CAB-PUTD010006,3,,10,0,1
8910,CAB-PUTD008006,3,,8,0,1
8911,CAB-PUTD010009,3,,20,0,1
8912,CAB-PUTD012009,3,,41,0,1
8913,CAB-NPUS306006,3,,2,0,1
8914,CAB-NPUS308008,3,,0,0,1
8915,CAB-NPUS410006,3,,0,0,1
8916,CAB-NPUS408006,3,,0,0,1
8917,CAB-NPUS410015,3,,0,0,1
8918,CAB-NPUS410009,3,,0,0,1
8919,CAB-NPUS408009,3,,0,0,1
8920,CAB-PUED212015,3,,3,0,1
8921,CAB-PUED206006,3,,4,0,1
8922,CAB-PUED208006,3,,3,0,1
8923,CAB-PUED208005,3,,4,0,1
8924,CAB-PUED206005,3,,20,0,1
8925,CAB-PUED300006,3,,1,0,1
8926,CAB-ASCR001054,3,,43,0,1
8927,CAB-ASCR001055,3,,1,0,1
8928,CAB-ASCR001056,3,,45,0,1
8929,CAB-AGAS005022,3,,0,0,1
8930,CAB-PGNM065150,3,,0,0,1
8931,CAB-RAGA015008,3,,0,0,1
8932,CAB-ZMED900003,3,,0,0,1
8933,CAB-AGAS005023,3,,0,0,1
8934,CAB-AGAS005024,3,,0,0,1
8935,CAB-SMED002206,3,,0,0,1
8936,CAB-MANH140050,3,,0,0,1
8937,CAB-PTBB006083,3,,0,0,1
8938,CAB-ZMED900004,3,,0,0,1
8939,CAB-ADPT001007,3,,0,0,1
8940,CAB-GMTA101250,3,,0,0,1
8941,CAB-SSDN050032,3,,0,0,1
8942,CAB-SMED004008,3,,0,0,1
8943,CAB-SAGA080010,3,,0,0,1
8944,CAB-RAGA130045,3,,0,0,1
8945,CAB-AGAS005025,3,,0,0,1
8946,CAB-AGAS006027,3,,23,23,1
8947,CAB-BARG041021,3,,0,0,1
8948,CAB-RAGA095035,3,,0,0,1
8949,CAB-BOXR005012,3,,0,0,1
8950,CAB-ASCR006008,3,,0,0,1
8951,CAB-SMCF000001,3,,0,0,1
8952,CAB-ASCR000053,3,,0,0,1
8953,CAB-RAGA052087,3,,0,0,1
8954,CAB-BOXE000012,3,,0,0,1
8955,CAB-RAGA015065,3,,0,0,1
8956,CAB-ZMED700006,3,,0,0,1
8957,CAB-ZMED700007,3,,0,0,1
8958,CAB-ZMED700008,3,,0,0,1
8959,CAB-ASCR016001,3,,3,3,1
8960,CAB-ZMED730001,3,,0,0,1
8961,CAB-ZMED700009,3,,0,0,1
8962,CAB-ZMED730002,3,,0,0,1
8963,CAB-ZMED730003,3,,0,0,1
8964,CAB-ZMED730004,3,,0,0,1
8965,CAB-ADPT007008,3,,0,0,1
8966,CAB-AGAS005026,3,,0,0,1
8967,CAB-LOVP019019,3,,0,0,1
8968,CAB-ASCR006015,3,,0,0,1
8969,CAB-BOXE000003,3,,0,0,1
8970,CAB-RAGA080060,3,,0,0,1
8971,CAB-NEPE901004,3,,0,0,1
8972,CAB-SADA024245,3,,0,0,1
8973,CAB-BOXI024008,3,,0,0,1
8974,CAB-pufc008010,3,,0,0,1
8975,CAB-BOXR000016,3,,0,0,1
8976,CAB-pure010008,3,,8,0,1
8977,CAB-adpt006004,3,,1,0,1
8978,CAB-ASCR016002,3,,7,7,1
8979,CAB-ZMAV000002,3,,3,3,1
8981,CAB-BOXE045008,3,,0,0,1
8982,CAB-SIPO000007,3,,0,0,1
8983,CAB-GMTA465060,3,,0,0,1
8984,CAB-GMTA465250,3,,0,0,1
8985,CAB-RAGA052026,3,,0,0,1
8986,CAB-SAGP100010,3,,0,0,1
8987,CAB-RAGP080020,3,,0,0,1
8988,CAB-RAGA075030,3,,0,0,1
8989,CAB-ASCR016003,3,,0,3,1
8990,CAB-RAGP100010,3,,0,0,1
8991,CAB-RAGP155025,3,,0,0,1
8992,CAB-FILI155025,3,,0,0,1
8993,CAB-PTBB054213,3,,0,0,1
8994,CAB-PTBB016126,3,,0,0,1
8995,CAB-PTBB028169,3,,0,0,1
8996,CAB-EAGA063063,3,,0,0,1
8997,CAB-ptbb025152,3,,0,0,1
8998,CAB-ptbb035169,3,,0,0,1
8999,CAB-nput100006,3,,1,0,1
9000,CAB-SADA028028,3,,0,0,1
9001,CAB-NEPE900089,3,,0,0,1
9002,CAB-mccc006008-1,3,,0,0,1
9003,CAB-BOXR008004,3,,0,0,1
9004,CAB-SSDN080080,3,,0,0,1
9005,CAB-PTBB019201,3,,0,0,1
9006,CAB-gald280054,3,,0,0,1
9007,CAB-ACBB091631,3,,1,1,1
9008,CAB-RAGA040016,3,,0,0,1
9009,CAB-GALD525015,3,,0,0,1
9010,CAB-RAGP090060,3,,0,0,1
9011,CAB-RAGA024025,3,,0,0,1
9012,CAB-RAGA025030,3,,0,0,1
9013,CAB-RAGA024019,3,,0,0,1
9014,CAB-ZMED120001,3,,19,19,1
9015,CAB-ZMED120002,3,,0,0,1
9016,CAB-ZMED120003,3,,0,0,1
9017,CAB-ZMED120004,3,,0,0,1
9018,CAB-ZMED120005,3,,0,0,1
9020,CAB-YUTA004100,3,,0,0,1
9021,CAB-SMED002201,3,,0,0,1
9022,CAB-MANO001500,3,,0,0,1
9023,CAB-ARCA530022,3,,0,1,1
9024,CAB-ARCA530031,3,,0,0,1
9025,CAB-ARCA400023,3,,0,0,1
9026,CAB-RAGP055035,3,,0,0,1
9027,CAB-ZMAV000003,3,,0,0,1
9028,CAB-ZMBV000025,3,,0,0,1
9029,CAB-BOXR000004,3,,0,0,1
9030,CAB-REGH001220,3,,0,0,1
9031,CAB-BOXR012006,3,,0,0,1
9032,CAB-LOVP050050,3,,0,0,1
9033,CAB-LOVP040040,3,,0,0,1
9034,CAB-LOVP050025,3,,0,0,1
9035,CAB-LOVP030020,3,,0,0,1
9036,CAB-PTBB042189,3,,0,0,1
9037,CAB-ADPT001008,3,,0,0,1
9038,CAB-RAGA032060,3,,0,0,1
9039,CAB-RAGA033093,3,,0,0,1
9040,CAB-RAGA037050,3,,0,0,1
9041,CAB-RAGA037028,3,,0,0,1
9042,CAB-RAGA022027,3,,0,0,1
9043,CAB-RAGA035033,3,,0,0,1
9044,CAB-RAGA021102,3,,0,0,1
9045,CAB-LOVE030090,3,,0,0,1
9046,CAB-LOVE032046,3,,0,0,1
9047,CAB-LOVE031119,3,,0,0,1
9048,CAB-pufc008015,3,,0,0,1
9049,CAB-RAGP075020,3,,0,0,1
9050,CAB-SMED004104,3,,0,0,1
9051,CAB-SADA507007,3,,0,0,1
9052,CAB-SADA508008,3,,0,0,1
9053,CAB-SADA510010,3,,0,0,1
9054,CAB-SADA512012,3,,0,0,1
9055,CAB-RAGA508008,3,,0,0,1
9056,CAB-RAGA510010,3,,0,0,1
9057,CAB-RAGA512012,3,,0,0,1
9058,CAB-RAGA514014,3,,0,0,1
9059,CAB-RAGA518018,3,,0,0,1
9060,CAB-VODE522020,3,,0,0,1
9061,CAB-VODE524020,3,,0,0,1
9062,CAB-VODE516016,3,,0,0,1
9063,CAB-mecc015009,3,,0,0,1
9064,CAB-SMED002104,3,,0,0,1
9065,CAB-SMED005101,3,,0,0,1
9066,CAB-SMED005102,3,,0,0,1
9067,CAB-SMED005103,3,,0,0,1
9068,CAB-SMED005201,3,,12,32,1
9069,CAB-SMED005202,3,,1,1,1
9070,CAB-SMED005203,3,,0,0,1
9071,CAB-SMED005204,3,,0,0,1
9072,CAB-ASCR000030,3,,0,0,1
9073,CAB-SADA030040,3,,0,0,1
9074,CAB-RAGA035120,3,,0,0,1
9075,CAB-NEPE901012,3,,0,0,1
9076,CAB-BARG030022,3,,0,0,1
9077,CAB-SAGA060010,3,,0,0,1
9078,CAB-BOXI060011,3,,0,0,1
9079,CAB-NONR000003,3,,0,0,1
9080,CAB-TATZ009080,3,,0,0,1
9081,CAB-SADP027017,3,,0,0,1
9082,CAB-RAGA026040,3,,0,0,1
9083,CAB-RGRI000015,3,,0,0,1
9084,CAB-BARP100005,3,,0,0,1
9085,CAB-LINP100005,3,,0,0,1
9086,CAB-PTBA013100,3,,0,0,1
9087,CAB-ascr017018,3,,0,1,1
9088,CAB-LOVE100050,3,,0,0,1
9089,CAB-THER032060,3,,0,0,1
9090,CAB-THER032076,3,,0,0,1
9091,CAB-RAGP070070,3,,0,0,1
9092,CAB-FREO006001,3,,0,0,1
9093,CAB-BOXE001160,3,,0,0,1
9094,CAB-EKFL006008,3,,0,0,1
9095,CAB-SAGP060010,3,,0,0,1
9096,CAB-RAGP060010,3,,0,0,1
9097,CAB-BOXR000032,3,,0,0,1
9098,CAB-NRDA030030,3,,0,0,1
9099,CAB-PTBB080180,3,,0,0,1
9100,CAB-BOXE045160,3,,0,0,1
9101,CAB-SPGT040160,3,,0,0,1
9102,CAB-BOXR045220,3,,0,0,1
9103,CAB-BOXR000220,3,,0,0,1
9104,CAB-BOXE000315,3,,0,0,1
9105,CAB-BOXT045250,3,,0,0,1
9106,CAB-BOXE000220,3,,0,0,1
9107,CAB-BOXE045220,3,,0,0,1
9108,CAB-BOXT045220,3,,0,0,1
9109,CAB-SPGT040220,3,,0,0,1
9110,CAB-BOXR000190,3,,0,0,1
9111,CAB-BOXE000190,3,,0,0,1
9112,CAB-BOXE045190,3,,0,0,1
9113,CAB-SPGT040190,3,,0,0,1
9114,CAB-BOXE000160,3,,0,0,1
9115,CAB-RAGP032032,3,,0,0,1
9116,CAB-RAGP012082,3,,0,0,1
9117,CAB-RAGP006068,3,,0,0,1
9118,CAB-RAGP003090,3,,0,0,1
9119,CAB-RAGP027059,3,,0,0,1
9120,CAB-MTFL005006,3,,0,0,1
9121,CAB-BOXI025005,3,,0,0,1
9122,CAB-BOXI030005,3,,0,0,1
9123,CAB-BOXI020005,3,,0,0,1
9124,CAB-PTBB028150,3,,0,0,1
9126,CAB-LINP007063,3,,0,0,1
9127,CAB-LINP007060,3,,0,0,1
9128,CAB-LINP006058,3,,0,0,1
9129,CAB-LINP007062,3,,0,0,1
9130,CAB-LINP006061,3,,0,0,1
9131,CAB-LINP006059,3,,0,0,1
9132,CAB-PTBC032071,3,,0,0,1
9133,CAB-PTBC025081,3,,0,0,1
9134,CAB-PTBC019071,3,,0,0,1
9135,CAB-ARCA530023,3,,0,0,1
9136,CAB-CVSS002006,3,,0,0,1
9137,CAB-SSKS100006,3,,0,0,1
9138,CAB-SSDN100006,3,,0,0,1
9139,CAB-SSTE100006,3,,0,0,1
9140,CAB-CSDN006006,3,,0,0,1
9141,CAB-BOXR010004,3,,0,0,1
9142,CAB-NEPE900005,3,,0,0,1
9143,CAB-raga055056,3,,0,0,1
9144,CAB-RAGA086077,3,,0,0,1
9145,CAB-RAGA083088,3,,0,0,1
9146,CAB-LINI118012,3,,0,0,1
9147,CAB-BOXI118012,3,,0,0,1
9148,CAB-AGAS012011,3,,0,0,1
9149,CAB-GMTA910015,3,,1,0,1
9150,CAB-GMTA910020,3,,0,0,1
9151,CAB-GMTA910025,3,,0,0,1
9152,CAB-MUNI015019,3,,0,0,1
9153,CAB-SJCU900025,3,,0,0,1
9154,CAB-AGAS005027,3,,0,0,1
9155,CAB-BARP010020,3,,0,0,1
9156,CAB-PTBS009070,3,,94,145,1
9157,CAB-PTBS013080,3,,66,184,1
9158,CAB-PTBS016091,3,,47,60,1
9159,CAB-PTBS019097,3,,61,78,1
9160,CAB-PTBS022100,3,,20,20,1
9161,CAB-PTBS025110,3,,2,8,1
9162,CAB-PTBS028110,3,,21,33,1
9163,CAB-PTBS035120,3,,0,0,1
9164,CAB-love040025,3,,0,0,1
9165,CAB-SAGA035025,3,,0,0,1
9166,CAB-SAGA028023,3,,0,0,1
9167,CAB-SSMC015013,3,,0,0,1
9168,CAB-SSMC015009,3,,0,0,1
9169,CAB-SSMC015006,3,,0,0,1
9170,CAB-SSMC010013,3,,0,0,1
9171,CAB-SSMC010009,3,,0,0,1
9172,CAB-SSMC010006,3,,0,0,1
9173,CAB-SSMC006013,3,,0,2,1
9174,CAB-SSMC006009,3,,0,2,1
9175,CAB-SSMC006006,3,,0,0,1
9176,CAB-SSTC013013,3,,0,0,1
9177,CAB-SSTC009009,3,,0,0,1
9178,CAB-SSTC006006,3,,0,0,1
9179,CAB-SSUC013013,3,,0,0,1
9180,CAB-SSUC009009,3,,0,0,1
9181,CAB-SSUC006006,3,,0,0,1
9182,CAB-RAGA055040,3,,0,0,1
9183,CAB-RAGF040050,3,,0,0,1
9184,CAB-LOVP020015,3,,0,0,1
9185,CAB-LOVP060030,3,,0,0,1
9186,CAB-RAGP030020,3,,0,0,1
9187,CAB-LOVP060020,3,,0,0,1
9188,CAB-BOXY106006,3,,0,0,1
9189,CAB-YUTA300025,3,,0,0,1
9190,CAB-VODE035020,3,,0,0,1
9191,CAB-RAGF060030,3,,0,0,1
9192,CAB-BOXY010004,3,,0,0,1
9193,CAB-PTBB009086,3,,0,0,1
9194,CAB-BOXT012008,3,,0,0,1
9195,CAB-BOXR012008,3,,0,0,1
9196,CAB-BOXR035012,3,,0,0,1
9197,CAB-LOVP015015,3,,0,0,1
9198,CAB-Agas005028,3,,0,0,1
9199,CAB-txvd100007,3,,0,0,1
9200,CAB-BOXI026010,3,,0,0,1
9201,CAB-RAGA040080,3,,0,0,1
9202,CAB-BESI165040,3,,0,0,1
9203,CAB-AGAS005800,3,,0,0,1
9204,CAB-ALAG200597,3,,2,103,1
9205,CAB-ZMED740001,3,,0,0,1
9206,CAB-ZMED740002,3,,0,0,1
9207,CAB-ZMED740003,3,,0,0,1
9208,CAB-ZMED740004,3,,0,0,1
9209,CAB-ZMED770001,3,,0,21,1
9210,CAB-ZMED770002,3,,25,25,1
9211,CAB-ZMED770003,3,,26,28,1
9212,CAB-ZMED770004,3,,38,38,1
9213,CAB-ZMED770005,3,,15,15,1
9214,CAB-BARG030016,3,,0,0,1
9215,CAB-NEPE900090,3,,0,0,1
9216,CAB-NSKN201006,3,,0,0,1
9217,CAB-BOXR042006,3,,0,0,1
9218,CAB-BOXR020006,3,,0,0,1
9219,CAB-RAGA016016,3,,0,0,1
9220,CAB-raga060015,3,,0,0,1
9221,CAB-sjkn000028,3,,0,0,1
9222,CAB-PEFT202520,3,,0,0,1
9223,CAB-NEPE900095,3,,0,0,1
9224,CAB-FAGP015030,3,,0,0,1
9225,CAB-RAGA140025,3,,0,0,1
9226,CAB-BOXY008006,3,,0,0,1
9227,CAB-RAGA007007,3,,0,0,1
9228,CAB-BOXY080604,3,,0,0,1
9229,CAB-PUEF008009,3,,0,0,1
9230,CAB-RAGA072072,3,,0,0,1
9231,CAB-RAGA092092,3,,0,0,1
9232,CAB-RAGA018018,3,,0,0,1
9233,CAB-NURS000001,3,,0,0,1
9234,CAB-NURS000002,3,,0,0,1
9235,CAB-NURS000003,3,,0,0,1
9236,CAB-NURS000004,3,,0,0,1
9237,CAB-NURS000005,3,,0,0,1
9238,CAB-NURS000006,3,,0,0,1
9239,CAB-NURS000007,3,,0,0,1
9240,CAB-BOXC008006,3,,0,0,1
9241,CAB-BOXC006008,3,,0,0,1
9242,CAB-AGAS006028,3,,0,0,1
9243,CAB-AGAS006029,3,,0,0,1
9244,CAB-RAGP090020,3,,0,0,1
9245,CAB-RAGP090025,3,,0,0,1
9246,CAB-BARG040020,3,,0,0,1
9247,CAB-BARG030010,3,,0,0,1
9248,CAB-LOVE200050,3,,0,0,1
9249,CAB-JETD008008,3,,0,0,1
9250,CAB-puef008006,3,,0,0,1
9251,CAB-BOXR400150,3,,0,0,1
9252,CAB-NEPE900091,3,,0,0,1
9253,CAB-BARP060020,3,,0,0,1
9254,CAB-SADP010100,3,,0,0,1
9255,CAB-BARP010100,3,,0,0,1
9256,CAB-NEPE900092,3,,0,0,1
9257,CAB-RAGA102024,3,,0,0,1
9258,CAB-ZMED500010,3,,0,0,1
9259,CAB-SAGA080080,3,,0,0,1
9260,CAB-smed110002,3,,1,1,1
9261,CAB-SMED110001,3,,0,0,1
9262,CAB-SMED110003,3,,0,0,1
9263,CAB-SMED110004,3,,0,0,1
9264,CAB-SMED120001,3,,0,0,1
9265,CAB-SMED120002,3,,0,0,1
9266,CAB-SMED120003,3,,0,0,1
9267,CAB-SMED120004,3,,0,0,1
9268,CAB-SMED130001,3,,3,3,1
9269,CAB-SMED130002,3,,0,0,1
9270,CAB-SMED130003,3,,0,0,1
9271,CAB-SMED130004,3,,0,0,1
9272,CAB-AGAS012012,3,,0,0,1
9273,CAB-SADP015015,3,,0,0,1
9274,CAB-AGAS012013,3,,0,0,1
9275,CAB-FILT160050,3,,0,0,1
9276,CAB-sjkn000041,3,,0,0,1
9277,CAB-AGAS012014,3,,0,0,1
9278,CAB-AGAS012015,3,,0,0,1
9279,CAB-AGAS012016,3,,0,0,1
9280,CAB-AGAS012017,3,,0,0,1
9281,CAB-AGAS012018,3,,0,0,1
9282,CAB-AGAS012019,3,,0,0,1
9283,CAB-AGAS012020,3,,0,0,1
9284,CAB-AGAS012021,3,,0,0,1
9285,CAB-AGAS012022,3,,0,0,1
9286,CAB-ZMED008100,3,,0,0,1
9287,CAB-SMED110006,3,,0,0,1
9288,CAB-FILSA113035,3,,0,0,1
9289,CAB-RAGP090030,3,,0,0,1
9290,CAB-RAGP070025,3,,0,0,1
9291,CAB-RAGP070030,3,,0,0,1
9292,CAB-RAGP150100,3,,0,0,1
9293,CAB-NSCR003008,3,,3,3,1
9294,CAB-SAGA015060,3,,0,0,1
9295,CAB-BARP025075,3,,0,0,1
9296,CAB-BOXP025075,3,,0,0,1
9297,CAB-SAGP060015,3,,0,0,1
9298,CAB-SAGP070006,3,,0,0,1
9299,CAB-SADA019019,3,,0,0,1
9300,CAB-SADA029029,3,,0,0,1
9301,CAB-RAGA030021,3,,0,0,1
9302,CAB-RAGA036026,3,,0,0,1
9303,CAB-RAGA080056,3,,0,0,1
9304,CAB-RAGA027027,3,,0,0,1
9305,CAB-RAGA050028,3,,0,0,1
9306,CAB-RAGA046029,3,,0,0,1
9307,CAB-BOXY008010,3,,0,0,1
9308,CAB-NEPE900096,3,,0,0,1
9309,CAB-001001009076,3,,26,26,1
9310,CAB-001001013089,3,,0,0,1
9311,CAB-001001016102,3,,0,0,1
9312,CAB-001001019107,3,,0,0,1
9313,CAB-001001022114,3,,3,0,1
9314,CAB-001001025120,3,,0,0,1
9315,CAB-001001028127,3,,2,4,1
9316,CAB-001001035140,3,,1,1,1
9317,CAB-pusm001006,3,,0,0,1
9318,CAB-RAGP220025,3,,0,0,1
9319,CAB-RAGP170030,3,,0,0,1
9320,CAB-RAGP130030,3,,0,0,1
9321,CAB-RAGP130025,3,,0,0,1
9322,CAB-pupc010001,3,,1,1,1
9323,CAB-TECS100006,3,,0,0,1
9324,CAB-ARCA530032,3,,0,0,1
9325,CAB-ARCA400024,3,,0,0,1
9326,CAB-VSKN015010,3,,0,0,1
9327,CAB-Agas005029,3,,0,0,1
9328,CAB-SAGP036036,3,,0,0,1
9329,CAB-UBEN001010,3,,0,0,1
9330,CAB-GMTA030015,3,,0,0,1
9331,CAB-HELE001001,3,,0,0,1
9332,CAB-LVPS001032,3,,0,0,1
9333,CAB-NEPE901014,3,,0,0,1
9334,CAB-SADA020025,3,,0,0,1
9335,CAB-SADA060012,3,,0,0,1
9336,CAB-SAGA004120,3,,0,0,1
9337,CAB-SAGA12004,3,,0,0,1
9338,CAB-FILI012087,3,,0,0,1
9339,CAB-FILI015087,3,,0,0,1
9340,CAB-FILI073059,3,,0,0,1
9341,CAB-SAGB030030,3,,0,0,1
9342,CAB-BOXI026026,3,,0,0,1
9343,CAB-BOXS025025,3,,0,0,1
9344,CAB-SAGA015037,3,,0,0,1
9345,CAB-SAGA020075,3,,0,0,1
9346,CAB-SAGA015090,3,,0,0,1
9347,CAB-BOXI039039,3,,0,0,1
9348,CAB-LOVE048050,3,,0,0,1
9349,CAB-raga060010,3,,0,0,1
9350,CAB-SAGI800120,3,,3,3,1
9351,CAB-TOFL020035,3,,0,0,1
9352,CAB-REGH825101,3,,0,0,1
9353,CAB-TOFL020025,3,,0,0,1
9354,CAB-TOFL050050,3,,0,0,1
9355,CAB-TOFL025050,3,,0,0,1
9356,CAB-TOYO065010,3,,0,0,1
9357,CAB-ARMF013016,3,,0,0,1
9358,CAB-ARMF009054,3,,0,0,1
9359,CAB-ARMF009042,3,,0,0,1
9360,CAB-ARMF009067,3,,0,0,1
9361,CAB-ARMF025054,3,,0,0,1
9362,CAB-ARMF020067,3,,0,0,1
9363,CAB-ARMF020028,3,,0,0,1
9364,CAB-HONE013050,3,,0,0,1
9365,CAB-NEPE900097,3,,1,2,1
9366,CAB-PTBE015071,3,,0,0,1
9367,CAB-PTBE028091,3,,0,0,1
9368,CAB-BOXR027008,3,,0,0,1
9369,CAB-BOXY105005,3,,0,0,1
9370,CAB-MUNI040043,3,,0,0,1
9371,CAB-WMTL000043,3,,0,0,1
9372,CAB-MUNI050055,3,,0,0,1
9373,CAB-WMTL000055,3,,0,0,1
9374,CAB-MUNI032036,3,,0,0,1
9375,CAB-WMTL000036,3,,0,0,1
9376,CAB-MUNI025027,3,,0,0,1
9377,CAB-WMTL000027,3,,0,0,1
9378,CAB-MUNI020023,3,,0,0,1
9379,CAB-BOXY004003,3,,0,0,1
9380,CAB-ARCA900001,3,,0,0,1
9381,CAB-BOXR010008,3,,0,0,1
9382,CAB-POLY000006,3,,0,0,1
9383,CAB-RAGP100050,3,,0,0,1
9384,CAB-CASU651207,3,,0,0,1
9385,CAB-BESI164125,3,,0,0,1
9386,CAB-BESI164200,3,,0,0,1
9387,CAB-LVPS001015,3,,0,0,1
9388,CAB-LVPS001020,3,,0,0,1
9389,CAB-BOXP100015,3,,0,0,1
9390,CAB-ZMED600017,3,,0,0,1
9391,CAB-PRESS006501,3,,0,0,1
9392,CAB-EPCE001019,3,,0,0,1
9393,CAB-BOXI015061,3,,0,0,1
9394,CAB-ADPT009008,3,,2,2,1
9395,CAB-ADPT009016,3,,0,0,1
9396,CAB-NEPE900098,3,,0,0,1
9397,CAB-FCCC015013,3,,0,0,1
9398,CAB-YONE040100,3,,0,0,1
9399,CAB-YONE040150,3,,0,0,1
9400,CAB-YONE040080,3,,0,0,1
9401,CAB-YONE040065,3,,0,0,1
9402,CAB-NUAC004009,3,,0,0,1
9403,CAB-GMTA000163,3,,0,0,1
9404,CAB-GMTA000164,3,,6,6,1
9405,CAB-GMTA000165,3,,0,0,1
9406,CAB-GMTA000305,3,,1,1,1
9407,CAB-GMTA150028,3,,0,0,1
9408,CAB-GMTA150022,3,,0,0,1
9409,CAB-GMTA150042,3,,0,0,1
9410,CAB-GMTA160028,3,,0,0,1
9411,CAB-GMTA160042,3,,0,0,1
9412,CAB-ARCA500006,3,,0,0,1
9413,CAB-JETD016016,3,,0,0,1
9414,CAB-PIIC040020,3,,0,0,1
9415,CAB-BARG039104,3,,0,0,1
9416,CAB-AGAS012023,3,,0,0,1
9417,CAB-VODE130020,3,,0,0,1
9418,CAB-SADA077015,3,,0,0,1
9419,CAB-SADA025401,3,,0,0,1
9420,CAB-BOXI025040,3,,0,0,1
9421,CAB-RAGA045061,3,,0,0,1
9422,CAB-RAGA030031,3,,0,0,1
9424,CAB-001001008201,3,,12,14,1
9425,CAB-BOXI022023,3,,0,0,1
9426,CAB-BOXE045012,3,,0,0,1
9427,CAB-BOXY116012,3,,0,0,1
9428,CAB-RAGA140024,3,,0,0,1
9429,CAB-BOXR007006,3,,0,0,1
9430,CAB-RAGD100030,3,,0,0,1
9431,CAB-BOXY112008,3,,0,0,1
9432,CAB-PTBE022051,3,,0,0,1
9433,CAB-SPGT030010,3,,0,0,1
9434,CAB-NEPE004002,3,,0,0,1
9435,CAB-001002016102,3,,0,0,1
9437,CAB-RAGA022022,3,,0,0,1
9438,CAB-RAGP022022,3,,0,0,1
9439,CAB-PTBB009201,3,,0,0,1
9440,CAB-BOXR081077,3,,0,0,1
9441,CAB-NEPE900006,3,,0,0,1
9442,CAB-NEPE900007,3,,0,0,1
9443,CAB-RAGA095007,3,,0,0,1
9444,CAB-BOXI095007,3,,0,0,1
9445,CAB-BOXR006005,3,,0,0,1
9446,CAB-SADB020006,3,,0,0,1
9447,CAB-SADB020005,3,,0,0,1
9448,CAB-RAGA120050,3,,0,0,1
9449,CAB-RAGA150065,3,,0,0,1
9450,CAB-BARG050025,3,,0,0,1
9451,CAB-BOXI050050,3,,0,0,1
9452,CAB-NEPE900009,3,,0,0,1
9453,CAB-UCIN006007,3,,0,0,1
9454,CAB-UCIN009006,3,,0,0,1
9455,CAB-BOXY008004,3,,0,0,1
9456,CAB-FILI025025,3,,0,0,1
9457,CAB-RAGA075005,3,,0,0,1
9458,CAB-BOXR000018,3,,0,0,1
9459,CAB-BESI015200,3,,0,0,1
9460,CAB-RLOV000015,3,,0,0,1
9461,CAB-002017025022,3,,7,7,1
9462,CAB-002017022019,3,,0,0,1
9463,CAB-002017013009,3,,0,69,1
9464,CAB-002005000022,3,,138,224,1
9465,CAB-002005000019,3,,160,337,1
9466,CAB-002005000013,3,,257,406,1
9467,CAB-002013019013,3,,0,0,1
9468,CAB-002003000019,3,,279,385,1
9469,CAB-BARG075010,3,,0,0,1
9470,CAB-ARCA401003,3,,0,0,1
9471,CAB-BARG046046,3,,0,0,1
9472,CAB-PROF150152,3,,0,0,1
9473,CAB-001002028071,3,,0,0,1
9474,CAB-001002013071,3,,0,0,1
9475,CAB-004001000200,3,,0,0,1
9476,CAB-004001000150,3,,0,0,1
9477,CAB-BOXI040158,3,,0,0,1
9478,CAB-100001000001,3,,0,0,1
9479,CAB-005002001010,3,,4,4,1
9480,CAB-pufc006006,3,,0,0,1
9481,CAB-001002022071,3,,4,4,1
9482,CAB-001002019071,3,,6,6,1
9483,CAB-001002016071,3,,3,3,1
9484,CAB-001002009071,3,,1,1,1
9485,CAB-BARP020020,3,,0,0,1
9486,CAB-BARP030020,3,,0,0,1
9487,CAB-003003000010,3,,0,0,1
9488,CAB-PTBB022501,3,,0,0,1
9489,CAB-VODE050025,3,,0,0,1
9490,CAB-003001006020,3,,0,0,1
9491,CAB-003001009020,3,,0,0,1
9492,CAB-003001016020,3,,0,0,1
9494,CAB-GMTA101001,3,,0,0,1
9495,CAB-002003000013,3,,230,287,1
9496,CAB-002003000009,3,,188,294,1
9497,CAB-002005000009,3,,175,415,1
9498,CAB-002001000013,3,,167,279,1
9499,CAB-002001000009,3,,159,227,1
9500,CAB-002001000019,3,,58,111,1
9501,CAB-002001000025,3,,4,69,1
9502,CAB-012001000013,3,,1,0,1
9503,CAB-007001000015,3,,1,0,1
9504,CAB-100002000001,3,,0,0,1
9505,CAB-NEPE900093,3,,0,0,1
9506,CAB-GMTA067251,3,,0,0,1
9507,CAB-004001000100,3,,0,0,1
9508,CAB-004001000125,3,,0,0,1
9509,CAB-004002000150,3,,0,0,1
9510,CAB-BOXR010016,3,,0,0,1
9511,CAB-RAGP050025,3,,0,0,1
9512,CAB-002001000054,3,,0,0,1
9513,CAB-001002035071,3,,0,0,1
9514,CAB-SSVR050020,3,,0,0,1
9515,CAB-001005060934,3,,0,0,1
9516,CAB-001002009076,3,,0,0,1
9517,CAB-001004008100,3,,0,0,1
9518,CAB-002014019015,3,,128,28,1
9519,CAB-004001000250,3,,0,0,1
9520,CAB-pufc008008,3,,0,0,1
9521,CAB-LOVP025025,3,,0,0,1
9522,CAB-001004009071,3,,9,9,1
9523,CAB-001002022091,3,,0,0,1
9524,CAB-002003000022,3,,239,351,1
9525,CAB-003001022020,3,,0,0,1
9526,CAB-003001035013,3,,0,0,1
9527,CAB-001004009081,3,,0,0,1
9528,CAB-001002013081,3,,1,1,1
9529,CAB-001001009089,3,,0,0,1
9530,CAB-SMED110005,3,,0,0,1
9531,CAB-SMED130005,3,,0,0,1
9532,CAB-SMED120005,3,,0,0,1
9533,CAB-SMED140005,3,,0,0,1
9534,CAB-SMED150005,3,,0,0,1
9535,CAB-ZMED740005,3,,0,0,1
9536,CAB-SMED004103,3,,0,0,1
9537,CAB-SMED002102,3,,0,0,1
9538,CAB-SMED007105,3,,0,0,1
9539,CAB-SMED008105,3,,0,0,1
9540,CAB-SMED005104,3,,0,0,1
9541,CAB-SMED004205,3,,0,0,1
9542,CAB-SMED002207,3,,0,0,1
9543,CAB-SMED007205,3,,0,0,1
9544,CAB-SMED005205,3,,0,0,1
9545,CAB-SMED008205,3,,0,0,1
9546,CAB-003001013013,3,,0,0,1
9547,CAB-003001022025,3,,0,0,1
9548,CAB-003001009025,3,,0,0,1
9549,CAB-003001006009,3,,0,0,1
9550,CAB-001002022114,3,,0,3,1
9551,CAB-003001035009,3,,0,0,1
9552,CAB-001004010100,3,,0,0,1
9553,CAB-RAGA040017,3,,0,0,1
9554,CAB-001002035140,3,,0,0,1
9555,CAB-001004019120,3,,1,1,1
9556,CAB-003001035020,3,,0,0,1
9557,CAB-003001028020,3,,0,0,1
9558,CAB-003001013020,3,,0,0,1
9559,CAB-003001019020,3,,0,0,1
9560,CAB-002003000028,3,,320,379,1
9561,CAB-001002035120,3,,1,3,1
9562,CAB-001004019081,3,,1,2,1
9563,CAB-001002035100,3,,0,0,1
9564,CAB-004001000300,3,,0,0,1
9565,CAB-004001000350,3,,0,0,1
9566,CAB-100001000004,3,,0,0,1
9567,CAB-PTBE022061,3,,0,0,1
9568,CAB-ARCA401004,3,,0,0,1
9569,CAB-HEPB060123,3,,0,0,1
9570,CAB-LOVE040010,3,,0,0,1
9571,CAB-VODE040010,3,,0,0,1
9572,CAB-004002000300,3,,0,0,1
9573,CAB-UBEN003019,3,,0,0,1
9574,CAB-BOXT100004,3,,0,0,1
9575,CAB-001001006071,3,,29,29,1
9576,CAB-001002013051,3,,35,40,1
9577,CAB-001002019051,3,,0,20,1
9578,CAB-LINI010150,3,,0,0,1
9579,CAB-002001000028,3,,141,143,1
9580,CAB-002005000028,3,,160,222,1
9581,CAB-002013028019,3,,0,0,1
9582,CAB-SADA020040,3,,0,0,1
9583,CAB-PTBE016120,3,,0,0,1
9584,CAB-001004006100,3,,0,0,1
9585,CAB-002001000022,3,,6,7,1
9586,CAB-002013022019,3,,6,0,1
9587,CAB-002017019016,3,,0,4,1
9588,CAB-002017016013,3,,0,0,1
9589,CAB-002001000016,3,,227,240,1
9590,CAB-002003000016,3,,499,644,1
9591,CAB-002005000016,3,,234,394,1
9592,CAB-002017016009,3,,76,93,1
9593,CAB-100003000000,3,,0,0,1
9594,CAB-002005000035,3,,53,62,1
9595,CAB-002003000035,3,,109,124,1
9596,CAB-AGAS006030,3,,0,0,1
9597,CAB-BOXY006008,3,,0,0,1
9598,CAB-AGAS006031,3,,0,0,1
9599,CAB-100001000002,3,,0,0,1
9600,CAB-001002019091,3,,1,0,1
9601,CAB-TSPR013009,3,,0,0,1
9602,CAB-003001028009,3,,0,0,1
9603,CAB-003001045025,3,,0,0,1
9604,CAB-RAGS016016,3,,0,0,1
9605,CAB-RAGA035055,3,,0,0,1
9606,CAB-VODB000014,3,,0,0,1
9607,CAB-BOXR016014,3,,0,0,1
9608,CAB-001002013100,3,,13,13,1
9609,CAB-HEPF610305,3,,0,0,1
9610,CAB-001002006061,3,,0,0,1
9611,CAB-002009028025,3,,0,0,1
9612,CAB-007001000025,3,,0,0,1
9613,CAB-008001100110,3,,0,0,1
9614,CAB-100001000003,3,,0,0,1
9615,CAB-PREB120060,3,,0,0,1
9616,CAB-001005060933,3,,1,1,1
9617,CAB-001005061313,3,,0,0,1
9618,CAB-001005061613,3,,1,1,1
9619,CAB-RAGD060060,3,,0,0,1
9620,CAB-PROF140254,3,,0,0,1
9621,CAB-002003000025,3,,70,96,1
9622,CAB-002017025019,3,,46,52,1
9623,CAB-002017019009,3,,0,0,1
9624,CAB-002013019009,3,,6,6,1
9625,CAB-AGAS006032,3,,0,0,1
9626,CAB-003001025025,3,,0,0,1
9627,CAB-001005061633,3,,2,2,1
9628,CAB-001002016081,3,,27,42,1
9629,CAB-003001016013,3,,0,0,1
9630,CAB-003001019013,3,,0,0,1
9631,CAB-RAGA021030,3,,0,0,1
9632,CAB-PACE006012,3,,0,0,1
9633,CAB-PTBE008200,3,,0,0,1
9634,CAB-001004008042,3,,0,0,1
9635,CAB-RAGA140015,3,,0,0,1
9636,CAB-CPSH000140,3,,0,0,1
9637,CAB-VODE055015,3,,0,0,1
9638,CAB-VODE040015,3,,0,0,1
9639,CAB-001002032120,3,,0,0,1
9640,CAB-002003000032,3,,0,0,1
9641,CAB-002005000025,3,,32,81,1
9642,CAB-RAGP150065,3,,0,0,1
9643,CAB-002017019013,3,,5,25,1
9645,CAB-005010030030,3,,0,0,1
9646,CAB-001004009120,3,,6,7,1
9647,CAB-007001000020,3,,0,0,1
9648,CAB-001003019107,3,,0,0,1
9649,CAB-001003016102,3,,0,0,1
9650,CAB-001003013089,3,,0,0,1
9651,CAB-001003009076,3,,0,0,1
9652,CAB-001003025120,3,,0,0,1
9653,CAB-002008016013,3,,0,0,1
9654,CAB-002008019015,3,,0,0,1
9655,CAB-005007003002,3,,0,0,1
9656,CAB-005007001010,3,,11,3,1
9657,CAB-001002028091,3,,0,0,1
9658,CAB-001002042081,3,,0,0,1
9659,CAB-002003000042,3,,25,25,1
9660,CAB-002018000028,3,,36,36,1
9661,CAB-002005000042,3,,26,26,1
9662,CAB-003001042020,3,,0,0,1
9663,CAB-001004016061,3,,1,5,1
9664,CAB-001002022061,3,,25,47,1
9665,CAB-003001022013,3,,0,0,1
9666,CAB-SSVS015009,3,,0,0,1
9667,CAB-002013025019,3,,6,10,1
9668,CAB-001002054091,3,,0,0,1
9669,CAB-001004009056,3,,1,1,1
9670,CAB-003001025013,3,,0,0,1
9671,CAB-003001009013,3,,0,0,1
9672,CAB-RAGA060033,3,,0,0,1
9673,CAB-001004013071,3,,0,0,1
9674,CAB-SAGP080015,3,,0,0,1
9675,CAB-UCIN109009,3,,0,0,1
9680,CAB-001001013120,3,,0,0,1
9682,CAB-001001016120,3,,0,0,1
9684,CAB-001001019120,3,,0,0,1
9686,CAB-001001022167,3,,0,0,1
9688,CAB-001001025150,3,,0,0,1
9690,CAB-001001028167,3,,0,0,1
9691,CAB-001001032120,3,,0,0,1
9693,CAB-001001035167,3,,2,2,1
9694,CAB-001001042152,3,,0,0,1
9695,CAB-001001042167,3,,1,1,1
9696,CAB-001001054178,3,,0,0,1
9697,CAB-001001054211,3,,0,0,1
9698,CAB-001001067203,3,,0,0,1
9699,CAB-001001067241,3,,0,0,1
9700,CAB-001001080229,3,,0,0,1
9701,CAB-001001080279,3,,0,0,1
9703,CAB-001002006071,3,,0,0,1
9704,CAB-001002006081,3,,2,2,1
9705,CAB-001002006100,3,,21,23,1
9706,CAB-001002006101,3,,0,0,1
9707,CAB-001002006120,3,,0,0,1
9708,CAB-001002008071,3,,0,0,1
9709,CAB-001002008081,3,,0,0,1
9710,CAB-001002008100,3,,4,4,1
9711,CAB-001002008120,3,,0,0,1
9712,CAB-001002008150,3,,0,0,1
9713,CAB-001002008200,3,,0,0,1
9714,CAB-001002009051,3,,1,1,1
9715,CAB-001002009061,3,,0,0,1
9718,CAB-001002009081,3,,0,0,1
9719,CAB-001002009088,3,,0,0,1
9720,CAB-001002009089,3,,0,0,1
9721,CAB-001002009100,3,,0,0,1
9722,CAB-001002009120,3,,0,0,1
9723,CAB-001002009150,3,,0,0,1
9724,CAB-001002009200,3,,0,0,1
9725,CAB-001002010100,3,,0,0,1
9726,CAB-001002012100,3,,0,0,1
9728,CAB-001002013061,3,,3,3,1
9730,CAB-001002013089,3,,0,26,1
9731,CAB-0010020130.91,3,,0,0,1
9733,CAB-001002013120,3,,0,0,1
9734,CAB-001002013121,3,,0,0,1
9735,CAB-001002013150,3,,0,0,1
9736,CAB-001002013200,3,,0,0,1
9737,CAB-001002015071,3,,0,0,1
9738,CAB-001002016051,3,,0,0,1
9739,CAB-001002016061,3,,0,0,1
9742,CAB-001002016091,3,,5,5,1
9744,CAB-001002016120,3,,0,6,1
9745,CAB-001002016121,3,,0,0,1
9746,CAB-001002016150,3,,1,1,1
9747,CAB-001002016200,3,,0,0,1
9748,CAB-001002016300,3,,0,0,1
9750,CAB-001002019061,3,,12,15,1
9752,CAB-001002019081,3,,0,1,1
9754,CAB-001002019107,3,,2,2,1
9755,CAB-001002019120,3,,0,0,1
9756,CAB-001002019121,3,,0,0,1
9757,CAB-001002019150,3,,0,0,1
9758,CAB-001002019200,3,,0,0,1
9759,CAB-001002019300,3,,0,0,1
9760,CAB-001002022051,3,,6,6,1
9763,CAB-001002022081,3,,20,21,1
9766,CAB-001002022120,3,,0,0,1
9767,CAB-001002022167,3,,0,0,1
9768,CAB-001002022200,3,,2,7,1
9769,CAB-001002022500,3,,0,0,1
9770,CAB-001002025051,3,,23,23,1
9771,CAB-001002025061,3,,0,0,1
9772,CAB-001002025071,3,,0,10,1
9773,CAB-001002025081,3,,0,0,1
9774,CAB-001002025091,3,,0,0,1
9775,CAB-001002025100,3,,0,0,1
9776,CAB-001002025120,3,,0,0,1
9777,CAB-001002025150,3,,0,0,1
9778,CAB-001002025200,3,,0,0,1
9779,CAB-001002028051,3,,0,0,1
9780,CAB-001002028061,3,,0,0,1
9782,CAB-001002028081,3,,0,0,1
9784,CAB-001002028100,3,,0,0,1
9785,CAB-001002028127,3,,0,0,1
9786,CAB-001002028150,3,,0,0,1
9787,CAB-001002028167,3,,0,0,1
9788,CAB-001002028200,3,,0,0,1
9789,CAB-001002032061,3,,0,0,1
9790,CAB-001002032071,3,,0,0,1
9791,CAB-001002032081,3,,0,0,1
9792,CAB-001002032091,3,,0,0,1
9793,CAB-001002032100,3,,0,0,1
9795,CAB-001002032200,3,,0,0,1
9796,CAB-001002035061,3,,4,4,1
9798,CAB-001002035081,3,,5,5,1
9799,CAB-001002035091,3,,1,1,1
9803,CAB-001002035167,3,,0,0,1
9804,CAB-001002035200,3,,0,0,1
9806,CAB-001002042091,3,,0,0,1
9807,CAB-001002042100,3,,0,0,1
9808,CAB-001002042120,3,,0,2,1
9809,CAB-001002042152,3,,0,0,1
9810,CAB-001002042167,3,,0,0,1
9812,CAB-001002054120,3,,0,0,1
9813,CAB-001002054140,3,,5,5,1
9814,CAB-001002054178,3,,0,0,1
9815,CAB-001002054211,3,,0,0,1
9816,CAB-001002067120,3,,0,0,1
9817,CAB-001002067170,3,,0,0,1
9818,CAB-001002067203,3,,0,0,1
9819,CAB-001002067241,3,,0,0,1
9820,CAB-001002080150,3,,0,0,1
9821,CAB-001002080229,3,,0,0,1
9822,CAB-001002080279,3,,0,0,1
9823,CAB-001002105170,3,,0,0,1
9824,CAB-001002105279,3,,0,0,1
9825,CAB-001002156170,3,,0,0,1
9826,CAB-001002156200,3,,0,0,1
9827,CAB-002001000006,3,,7,5,1
9828,CAB-002001000008,3,,0,0,1
9830,CAB-002001000010,3,,0,0,1
9832,CAB-002001000015,3,,0,0,1
9838,CAB-002001000032,3,,0,0,1
9839,CAB-002001000035,3,,5,9,1
9840,CAB-002001000042,3,,4,4,1
9842,CAB-002001000067,3,,2,2,1
9843,CAB-002001000080,3,,0,0,1
9844,CAB-002001000105,3,,0,0,1
9845,CAB-002001000156,3,,0,0,1
9846,CAB-002003000006,3,,5,5,1
9847,CAB-002003000008,3,,0,0,1
9849,CAB-002003000010,3,,0,0,1
9851,CAB-002003000015,3,,0,0,1
9860,CAB-002003000054,3,,0,0,1
9861,CAB-002003000067,3,,5,5,1
9862,CAB-002003000080,3,,0,0,1
9863,CAB-002003000105,3,,0,0,1
9864,CAB-002003000156,3,,0,0,1
9865,CAB-002005000006,3,,6,13,1
9866,CAB-002005000008,3,,0,0,1
9868,CAB-002005000010,3,,0,0,1
9870,CAB-002005000015,3,,0,0,1
9876,CAB-002005000032,3,,0,0,1
9879,CAB-002005000054,3,,7,7,1
9880,CAB-002005000067,3,,0,0,1
9881,CAB-002005000080,3,,0,0,1
9882,CAB-002005000105,3,,0,0,1
9883,CAB-002005000156,3,,0,0,1
9884,CAB-002002000006,3,,0,0,1
9885,CAB-002002000008,3,,0,0,1
9886,CAB-002002000009,3,,0,6,1
9887,CAB-002002000010,3,,0,0,1
9888,CAB-002002000013,3,,0,0,1
9889,CAB-002002000015,3,,0,0,1
9890,CAB-002002000016,3,,0,5,1
9891,CAB-002002000019,3,,0,0,1
9892,CAB-002002000022,3,,0,0,1
9893,CAB-002002000025,3,,0,0,1
9894,CAB-002002000028,3,,0,0,1
9895,CAB-002002000035,3,,0,0,1
9896,CAB-002002000042,3,,0,0,1
9897,CAB-002002000054,3,,0,0,1
9898,CAB-002002000067,3,,0,0,1
9899,CAB-002002000156,3,,0,0,1
9900,CAB-002004000013,3,,1,11,1
9901,CAB-002004000016,3,,0,7,1
9902,CAB-002004000019,3,,25,25,1
9903,CAB-002004000022,3,,0,0,1
9904,CAB-002004000025,3,,20,20,1
9905,CAB-002004000028,3,,74,74,1
9906,CAB-002004000032,3,,0,0,1
9907,CAB-002004000035,3,,0,0,1
9908,CAB-002004000042,3,,0,0,1
9909,CAB-002004000054,3,,4,4,1
9910,CAB-002004000067,3,,0,0,1
9911,CAB-002004000080,3,,0,0,1
9912,CAB-002004000105,3,,0,0,1
9913,CAB-002004000156,3,,0,0,1
9914,CAB-002014009006,3,,41,41,1
9915,CAB-002014013015,3,,0,0,1
9916,CAB-002014016015,3,,0,0,1
9917,CAB-002014016020,3,,4,123,1
9918,CAB-002014020019,3,,159,159,1
9919,CAB-002014022020,3,,12,37,1
9921,CAB-002014028025,3,,60,60,1
9922,CAB-002014032035,3,,9,13,1
9923,CAB-002014042040,3,,4,11,1
9924,CAB-002014054050,3,,4,7,1
9925,CAB-002014067065,3,,0,0,1
9926,CAB-002014080080,3,,0,0,1
9927,CAB-002015015013,3,,97,97,1
9928,CAB-002015015016,3,,0,1,1
9929,CAB-002015020019,3,,23,42,1
9930,CAB-002015020022,3,,3,3,1
9931,CAB-002015025025,3,,0,0,1
9932,CAB-002015025028,3,,16,14,1
9933,CAB-002015032035,3,,0,0,1
9934,CAB-002015040042,3,,6,6,1
9935,CAB-002015050054,3,,0,0,1
9936,CAB-002015065067,3,,0,0,1
9937,CAB-002017009006,3,,2,2,1
9938,CAB-002017013006,3,,0,0,1
9940,CAB-002017016006,3,,0,0,1
9943,CAB-002017019006,3,,0,0,1
9947,CAB-002017022006,3,,0,0,1
9948,CAB-002017022009,3,,0,0,1
9949,CAB-002017022013,3,,0,6,1
9950,CAB-002017022016,3,,3,7,1
9952,CAB-002017025013,3,,0,0,1
9953,CAB-002017025016,3,,0,0,1
9956,CAB-002017028013,3,,9,13,1
9957,CAB-002017028016,3,,59,59,1
9958,CAB-002017028019,3,,4,6,1
9959,CAB-002017028022,3,,14,14,1
9960,CAB-002017028025,3,,4,6,1
9961,CAB-002017032013,3,,0,0,1
9962,CAB-002017032016,3,,0,0,1
9963,CAB-002017032019,3,,0,0,1
9964,CAB-002017032022,3,,0,0,1
9965,CAB-002017032025,3,,0,0,1
9966,CAB-002017032028,3,,0,0,1
9967,CAB-002017035013,3,,0,0,1
9968,CAB-002017035016,3,,0,0,1
9969,CAB-002017035019,3,,0,1,1
9970,CAB-002017035022,3,,1,1,1
9971,CAB-002017035025,3,,22,22,1
9972,CAB-002017035028,3,,0,0,1
9973,CAB-002017035032,3,,0,0,1
9974,CAB-002017042019,3,,0,0,1
9975,CAB-002017042022,3,,6,6,1
9976,CAB-002017042025,3,,0,0,1
9977,CAB-002017042028,3,,0,0,1
9978,CAB-002017042032,3,,0,0,1
9979,CAB-002017042035,3,,0,0,1
9980,CAB-002017054019,3,,0,0,1
9981,CAB-002017054022,3,,0,0,1
9982,CAB-002017054028,3,,0,0,1
9983,CAB-002017054035,3,,0,4,1
9984,CAB-002017054042,3,,0,6,1
9985,CAB-002017067022,3,,0,0,1
9986,CAB-002017067028,3,,0,0,1
9987,CAB-002017067035,3,,0,0,1
9988,CAB-002017067042,3,,0,0,1
9989,CAB-002017067054,3,,0,0,1
9990,CAB-002017080022,3,,0,0,1
9991,CAB-002017080028,3,,0,0,1
9992,CAB-002017080035,3,,0,0,1
9993,CAB-002017080042,3,,0,0,1
9994,CAB-002017080054,3,,2,2,1
9995,CAB-002017080067,3,,0,0,1
9996,CAB-002017105054,3,,0,0,1
9997,CAB-002017105067,3,,0,0,1
9998,CAB-002017105080,3,,0,0,1
9999,CAB-002013009006,3,,0,0,1
10000,CAB-002013013006,3,,0,0,1
10001,CAB-002013013009,3,,0,0,1
10002,CAB-002013016006,3,,0,0,1
10003,CAB-002013016009,3,,131,161,1
10004,CAB-002013016013,3,,38,77,1
10005,CAB-002013019006,3,,0,0,1
10008,CAB-002013019016,3,,2,32,1
10009,CAB-002013022006,3,,0,0,1
10010,CAB-002013022009,3,,0,0,1
10011,CAB-002013022013,3,,0,3,1
10012,CAB-002013022016,3,,0,0,1
10014,CAB-002013025013,3,,0,0,1
10015,CAB-002013025016,3,,0,0,1
10017,CAB-002013025022,3,,0,0,1
10018,CAB-002013028013,3,,0,0,1
10019,CAB-002013028016,3,,100,100,1
10021,CAB-002013028022,3,,0,0,1
10022,CAB-002013032019,3,,0,0,1
10023,CAB-002013032025,3,,0,0,1
10024,CAB-002013035013,3,,0,0,1
10025,CAB-002013035016,3,,0,0,1
10026,CAB-002013035019,3,,0,0,1
10027,CAB-002013035022,3,,0,0,1
10028,CAB-002013035028,3,,0,0,1
10029,CAB-002013042019,3,,0,0,1
10030,CAB-002013042022,3,,4,4,1
10031,CAB-002013042028,3,,0,0,1
10032,CAB-002013042035,3,,0,0,1
10033,CAB-002013054019,3,,0,0,1
10034,CAB-002013054022,3,,0,0,1
10035,CAB-002013054028,3,,0,0,1
10036,CAB-002013054035,3,,0,0,1
10037,CAB-002013054042,3,,0,0,1
10038,CAB-002013067022,3,,0,0,1
10039,CAB-002013067028,3,,0,0,1
10040,CAB-002013067035,3,,0,0,1
10041,CAB-002013067042,3,,0,0,1
10042,CAB-002013067054,3,,0,0,1
10043,CAB-002013080022,3,,0,0,1
10044,CAB-002013080028,3,,0,0,1
10045,CAB-002013080035,3,,0,0,1
10046,CAB-002013080042,3,,0,0,1
10047,CAB-002013080054,3,,0,0,1
10048,CAB-002013080067,3,,0,0,1
10049,CAB-002013105054,3,,0,0,1
10050,CAB-002013105067,3,,0,0,1
10051,CAB-002013105080,3,,0,0,1
10052,CAB-002008015016,3,,0,0,1
10053,CAB-002008015019,3,,0,0,1
10054,CAB-002008020022,3,,0,0,1
10055,CAB-002008025028,3,,0,0,1
10056,CAB-002008032035,3,,0,0,1
10057,CAB-002008040042,3,,0,0,1
10058,CAB-002008050054,3,,0,0,1
10059,CAB-002008065067,3,,0,0,1
10060,CAB-001004006045,3,,0,0,1
10061,CAB-001004006051,3,,0,0,1
10062,CAB-001004006056,3,,14,28,1
10063,CAB-001004006061,3,,0,0,1
10064,CAB-001004006071,3,,5,6,1
10065,CAB-001004006076,3,,0,0,1
10066,CAB-001004006081,3,,0,0,1
10068,CAB-001004006101,3,,0,0,1
10069,CAB-001004008045,3,,2,12,1
10070,CAB-001004008071,3,,9,13,1
10072,CAB-001004008120,3,,0,0,1
10073,CAB-001004009045,3,,0,0,1
10074,CAB-001004009051,3,,0,0,1
10076,CAB-001004009061,3,,17,30,1
10078,CAB-001004009076,3,,2,2,1
10080,CAB-001004009100,3,,1,4,1
10083,CAB-001004012100,3,,2,2,1
10084,CAB-001004013053,3,,0,0,1
10085,CAB-001004013056,3,,0,0,1
10086,CAB-001004013061,3,,14,19,1
10088,CAB-001004013081,3,,0,0,1
10089,CAB-001004013100,3,,0,0,1
10090,CAB-001004013120,3,,0,0,1
10091,CAB-001004013150,3,,5,0,1
10092,CAB-001004016053,3,,8,11,1
10093,CAB-001004016056,3,,0,4,1
10095,CAB-001004016071,3,,30,31,1
10096,CAB-001004016081,3,,0,0,1
10097,CAB-001004016089,3,,3,5,1
10098,CAB-001004016100,3,,0,0,1
10099,CAB-001004016120,3,,0,0,1
10100,CAB-001004016150,3,,0,0,1
10101,CAB-001004019061,3,,0,0,1
10102,CAB-001004019071,3,,0,0,1
10104,CAB-001004019089,3,,2,27,1
10105,CAB-001004019100,3,,0,0,1
10107,CAB-001004019150,3,,0,0,1
10108,CAB-002006000015,3,,0,0,1
10109,CAB-002006000020,3,,0,0,1
10110,CAB-002006000025,3,,0,0,1
10111,CAB-002006000032,3,,0,0,1
10112,CAB-002006000040,3,,0,0,1
10113,CAB-002006000050,3,,0,0,1
10114,CAB-002009000006,3,,0,0,1
10115,CAB-002009000008,3,,0,0,1
10116,CAB-002009000009,3,,0,0,1
10117,CAB-002009000013,3,,0,0,1
10118,CAB-002009000016,3,,0,0,1
10119,CAB-002009000019,3,,0,0,1
10120,CAB-002009000022,3,,0,0,1
10121,CAB-002009000025,3,,0,0,1
10122,CAB-002009000028,3,,0,0,1
10123,CAB-002009000032,3,,0,0,1
10124,CAB-002009000035,3,,0,0,1
10125,CAB-002009000042,3,,0,0,1
10126,CAB-002009000054,3,,0,0,1
10127,CAB-003001019010,3,,0,0,1
10128,CAB-003001013010,3,,0,0,1
10129,CAB-005001001060,3,,3,3,1
10130,CAB-100004000001,3,,0,0,1
10131,CAB-100007000038,3,,0,0,1
10133,CAB-001006005100,3,,0,720,1
10134,CAB-001006006100,3,,0,0,1
10135,CAB-001006008100,3,,0,0,1
10136,CAB-001006009100,3,,0,0,1
10137,CAB-001006010100,3,,0,0,1
10138,CAB-001006012100,3,,0,0,1
10139,CAB-001006013100,3,,0,0,1
10140,CAB-BOXT012006,3,,0,0,1
10142,CAB-001004004100,3,,0,0,1
10143,CAB-001001019300,3,,0,0,1
10144,CAB-001001006081,3,,0,0,1
10145,CAB-001001105279,3,,0,0,1
10146,CAB-001002005051,3,,0,0,1
10147,CAB-001002006121,3,,0,0,1
10148,CAB-001002008051,3,,0,1,1
10149,CAB-001002009121,3,,10,10,1
10150,CAB-001002010120,3,,0,0,1
10151,CAB-001002010200,3,,0,0,1
10152,CAB-001002012200,3,,0,0,1
10153,CAB-001004005045,3,,1,1,1
10154,CAB-001004019056,3,,0,0,1
10155,CAB-001001016200,3,,3,4,1
10156,CAB-001001016300,3,,0,0,1
10157,CAB-008003001002,3,,0,0,1
10158,CAB-008003001004,3,,0,0,1
10159,CAB-008003001032,3,,0,0,1
10160,CAB-008003001008,3,,0,0,1
10161,CAB-008003001016,3,,0,0,1
10162,CAB-008003001060,3,,0,0,1
10163,CAB-008003001120,3,,0,0,1
10164,CAB-008003001250,3,,0,0,1
10165,CAB-008003002012,3,,0,0,1
10166,CAB-008003003016,3,,0,0,1
10167,CAB-008003003060,3,,0,0,1
10168,CAB-001002006082,3,,10,10,1
10169,CAB-RAGP092092,3,,0,0,1
10170,CAB-001001019201,3,,2,2,1
10171,CAB-001004006120,3,,0,0,1
10172,CAB-002003000076,3,,0,0,1
10173,CAB-002005000076,3,,0,0,1
10174,CAB-00200100108,3,,0,0,1
10175,CAB-002001000038,3,,0,0,1
10176,CAB-002017038032,3,,0,0,1
10177,CAB-002017042016,3,,5,5,1
10178,CAB-002017054016,3,,0,0,1
10179,CAB-002017067016,3,,0,0,1
10180,CAB-002017156080,3,,0,0,1
10181,CAB-002017156104,3,,0,0,1
10182,CAB-002017104035,3,,0,0,1
10183,CAB-002017104042,3,,1,1,1
10184,CAB-002013054016,3,,0,0,1
10185,CAB-002013108076,3,,0,0,1
10186,CAB-002013075042,3,,0,0,1
10187,CAB-002013105035,3,,0,0,1
10188,CAB-002013105042,3,,0,0,1
10189,CAB-002007000009,3,,0,0,1
10190,CAB-002007000013,3,,17,17,1
10191,CAB-002007000016,3,,15,15,1
10192,CAB-002007000019,3,,0,0,1
10193,CAB-002007000022,3,,0,0,1
10194,CAB-002007000025,3,,4,4,1
10195,CAB-002007000028,3,,1,1,1
10196,CAB-002007000032,3,,0,0,1
10197,CAB-002007000035,3,,1,1,1
10198,CAB-002007000038,3,,0,0,1
10199,CAB-002007000042,3,,0,0,1
10200,CAB-002007000054,3,,0,0,1
10201,CAB-002007000067,3,,0,0,1
10202,CAB-002007000080,3,,0,0,1
10203,CAB-002007000105,3,,0,0,1
10204,CAB-002007000159,3,,0,0,1
10205,CAB-002010000013,3,,0,0,1
10206,CAB-002010000016,3,,0,0,1
10207,CAB-002010000019,3,,0,4,1
10208,CAB-002010000022,3,,23,23,1
10209,CAB-002010000025,3,,0,0,1
10210,CAB-002010000028,3,,35,35,1
10211,CAB-002010000035,3,,3,3,1
10212,CAB-002010000042,3,,3,3,1
10213,CAB-002010000054,3,,0,0,1
10214,CAB-002010000067,3,,0,0,1
10215,CAB-005001003000,3,,0,0,1
10216,CAB-005001002001,3,,0,0,1
10217,CAB-005001002002,3,,0,0,1
10218,CAB-005001002004,3,,0,0,1
10219,CAB-005001002006,3,,0,0,1
10220,CAB-005001002010,3,,0,0,1
10221,CAB-005001002016,3,,0,0,1
10222,CAB-005001002025,3,,0,0,1
10223,CAB-005001002040,3,,0,0,1
10224,CAB-005001002060,3,,0,0,1
10225,CAB-005001002100,3,,0,0,1
10226,CAB-005001002250,3,,0,0,1
10227,CAB-005001001001,3,,1,1,1
10228,CAB-005001001002,3,,1,1,1
10229,CAB-005001001004,3,,3,3,1
10230,CAB-005001001006,3,,3,6,1
10232,CAB-005001001016,3,,1,2,1
10233,CAB-005001001025,3,,0,1,1
10234,CAB-005001001040,3,,0,0,1
10235,CAB-005001001251,3,,0,0,1
10236,CAB-005001001250,3,,2,3,1
10237,CAB-005002002001,3,,0,0,1
10238,CAB-005002002002,3,,0,0,1
10239,CAB-005002002004,3,,0,0,1
10240,CAB-005002002006,3,,0,0,1
10241,CAB-0050021002010,3,,0,0,1
10242,CAB-005002002016,3,,0,0,1
10243,CAB-005002002020,3,,0,0,1
10244,CAB-005002002025,3,,0,0,1
10245,CAB-005002002035,3,,0,0,1
10246,CAB-005002002040,3,,0,0,1
10247,CAB-005002002060,3,,0,0,1
10248,CAB-005002002070,3,,2,2,1
10249,CAB-005002002100,3,,0,0,1
10250,CAB-005002002250,3,,0,0,1
10251,CAB-005002001001,3,,0,0,1
10252,CAB-005002001006,3,,9,10,1
10253,CAB-005002001016,3,,8,11,1
10254,CAB-005002001020,3,,1,2,1
10255,CAB-005002001025,3,,1,1,1
10256,CAB-005002001250,3,,0,0,1
10257,CAB-005006001006,3,,0,0,1
10258,CAB-005006001010,3,,0,0,1
10259,CAB-005006001016,3,,1,1,1
10260,CAB-005006001025,3,,0,0,1
10261,CAB-005006001250,3,,0,0,1
10262,CAB-005006002010,3,,0,0,1
10263,CAB-005006002016,3,,0,0,1
10264,CAB-005006002025,3,,0,0,1
10265,CAB-005004001002,3,,0,0,1
10266,CAB-005004001006,3,,0,0,1
10267,CAB-005004001010,3,,0,0,1
10268,CAB-005004001016,3,,0,0,1
10269,CAB-005004002001,3,,0,0,1
10270,CAB-005004002004,3,,0,0,1
10271,CAB-005004002016,3,,0,0,1
10272,CAB-005004002020,3,,0,0,1
10273,CAB-005004002025,3,,0,0,1
10274,CAB-005004002040,3,,0,0,1
10275,CAB-005004002100,3,,0,0,1
10276,CAB-005004002250,3,,0,0,1
10277,CAB-005009002010,3,,0,0,1
10278,CAB-005009002011,3,,0,0,1
10279,CAB-005009002016,3,,0,0,1
10280,CAB-005009003000,3,,0,0,1
10281,CAB-005010003000,3,,0,0,1
10282,CAB-005010002010,3,,0,0,1
10283,CAB-005010002015,3,,0,0,1
10284,CAB-005010002025,3,,0,0,1
10285,CAB-005010002035,3,,0,0,1
10286,CAB-005010001010,3,,0,0,1
10287,CAB-005010001016,3,,1,1,1
10288,CAB-005010001025,3,,0,0,1
10289,CAB-005010001035,3,,0,0,1
10290,CAB-005008003000,3,,0,0,1
10291,CAB-005008001010,3,,5,5,1
10292,CAB-005008002010,3,,0,0,1
10293,CAB-005007003000,3,,0,0,1
10294,CAB-005007003001,3,,0,0,1
10295,CAB-005011001025,3,,0,0,1
10296,CAB-005011001250,3,,0,0,1
10297,CAB-005003002001,3,,0,0,1
10298,CAB-005003002002,3,,0,0,1
10299,CAB-005003002006,3,,0,0,1
10300,CAB-005003002010,3,,0,0,1
10301,CAB-005003002016,3,,0,0,1
10302,CAB-005003002025,3,,0,0,1
10303,CAB-005003001001,3,,2,2,1
10304,CAB-005003001002,3,,0,0,1
10305,CAB-005003001004,3,,0,0,1
10306,CAB-005003001006,3,,0,0,1
10308,CAB-005003001016,3,,0,0,1
10309,CAB-005003001025,3,,0,0,1
10310,CAB-005003001100,3,,0,0,1
10311,CAB-005003001250,3,,0,0,1
10312,CAB-005005002006,3,,0,0,1
10313,CAB-005005002010,3,,0,0,1
10314,CAB-005005002016,3,,0,0,1
10315,CAB-005005002025,3,,0,0,1
10316,CAB-005005002040,3,,0,0,1
10317,CAB-005005002100,3,,0,0,1
10318,CAB-005005002250,3,,0,0,1
10319,CAB-005005001001,3,,1,1,1
10320,CAB-005005001002,3,,1,1,1
10321,CAB-005005001006,3,,0,0,1
10322,CAB-005005001010,3,,0,0,1
10323,CAB-005005001016,3,,0,0,1
10324,CAB-005005001025,3,,0,0,1
10325,CAB-005005001250,3,,0,0,1
10326,CAB-005012060060,3,,0,0,1
10327,CAB-005012030030,3,,0,0,1
10328,CAB-005010030060,3,,0,0,1
10329,CAB-005010030250,3,,0,0,1
10330,CAB-005012000500,3,,0,0,1
10331,CAB-005012000750,3,,0,0,1
10332,CAB-005012001000,3,,0,0,1
10333,CAB-003001028013,3,,0,0,1
10334,CAB-005003001010,3,,0,0,1
10335,CAB-005001001010,3,,17,23,1
10336,CAB-009001050200,3,,7,7,1
10337,CAB-009001050300,3,,1,2,1
10338,CAB-009001050500,3,,0,2,1
10339,CAB-009001080050,3,,0,0,1
10340,CAB-009001080100,3,,0,0,1
10341,CAB-009001080120,3,,8,10,1
10342,CAB-009001080200,3,,1,1,1
10343,CAB-009001080300,3,,1,1,1
10344,CAB-009001080500,3,,0,0,1
10345,CAB-009001100030,3,,0,0,1
10346,CAB-009001100050,3,,0,0,1
10347,CAB-009001100100,3,,0,0,1
10348,CAB-009001100200,3,,0,0,1
10349,CAB-009001100300,3,,1,1,1
10350,CAB-009001100051,3,,0,0,1
10351,CAB-009002100040,3,,0,1,1
10352,CAB-009002100050,3,,0,0,1
10353,CAB-009002100100,3,,0,0,1
10354,CAB-009002100120,3,,0,0,1
10355,CAB-009002100200,3,,0,0,1
10356,CAB-009002100300,3,,0,1,1
10357,CAB-009002100500,3,,0,0,1
10358,CAB-009002100600,3,,0,0,1
10359,CAB-009003100050,3,,15,15,1
10360,CAB-009003100100,3,,0,0,1
10361,CAB-009003100200,3,,0,0,1
10362,CAB-009003100300,3,,0,0,1
10363,CAB-009003100500,3,,0,0,1
10364,CAB-009004030063,3,,0,0,1
10365,CAB-009004050040,3,,0,0,1
10366,CAB-009004050063,3,,0,0,1
10367,CAB-009004050100,3,,0,0,1
10368,CAB-009004100040,3,,11,17,1
10369,CAB-009004100063,3,,0,0,1
10370,CAB-009004100100,3,,0,0,1
10371,CAB-009005050040,3,,0,0,1
10372,CAB-009005050063,3,,0,0,1
10373,CAB-009004060063,3,,0,0,1
10374,CAB-009006050040,3,,0,0,1
10375,CAB-009006050063,3,,0,0,1
10376,CAB-009006050100,3,,0,0,1
10377,CAB-009006050160,3,,0,0,1
10378,CAB-009006050250,3,,0,0,1
10379,CAB-009006100040,3,,0,0,1
10380,CAB-009006100063,3,,0,0,1
10381,CAB-009006100100,3,,0,0,1
10382,CAB-009006100160,3,,0,0,1
10383,CAB-009006120040,3,,0,0,1
10384,CAB-009006120063,3,,0,0,1
10385,CAB-009006120100,3,,0,0,1
10386,CAB-009006160040,3,,0,0,1
10387,CAB-009006160063,3,,0,0,1
10388,CAB-009006200040,3,,0,0,1
10389,CAB-009006200063,3,,0,0,1
10390,CAB-009007050040,3,,0,0,1
10391,CAB-009007050063,3,,0,0,1
10392,CAB-009007050100,3,,0,0,1
10393,CAB-009007050160,3,,0,0,1
10394,CAB-009007100040,3,,0,0,1
10395,CAB-009007100063,3,,0,0,1
10396,CAB-009007100100,3,,0,0,1
10397,CAB-009007100160,3,,0,0,1
10398,CAB-009007120040,3,,0,0,1
10399,CAB-009007120063,3,,0,0,1
10400,CAB-009007160040,3,,0,0,1
10401,CAB-009007160063,3,,0,0,1
10402,CAB-009007200040,3,,0,0,1
10403,CAB-009007200063,3,,0,0,1
10404,CAB-love065030,3,,0,0,1
10405,CAB-002013042016,3,,0,0,1
10406,CAB-005002002000,3,,0,0,1
10407,CAB-005002002011,3,,0,0,1
10408,CAB-010001000009,3,,0,0,1
10409,CAB-010001000013,3,,5,5,1
10410,CAB-010001000016,3,,0,0,1
10411,CAB-010001000017,3,,5,5,1
10412,CAB-010002000006,3,,0,0,1
10413,CAB-010002000009,3,,0,0,1
10414,CAB-010002000013,3,,5,6,1
10415,CAB-010002000016,3,,5,5,1
10416,CAB-010002000019,3,,6,6,1
10417,CAB-010003000006,3,,4,4,1
10418,CAB-010003000009,3,,8,8,1
10419,CAB-010003000013,3,,5,12,1
10420,CAB-010003000016,3,,24,24,1
10421,CAB-010003000019,3,,0,0,1
10422,CAB-010003000020,3,,0,2,1
10423,CAB-010004000006,3,,2,2,1
10424,CAB-010004000009,3,,2,1,1
10425,CAB-010004000013,3,,0,10,1
10426,CAB-010004000016,3,,0,0,1
10427,CAB-010004000019,3,,0,0,1
10428,CAB-010005000013,3,,0,0,1
10429,CAB-010005000016,3,,2,2,1
10430,CAB-010005000019,3,,0,0,1
10431,CAB-010005000022,3,,0,0,1
10432,CAB-010005000028,3,,2,2,1
10433,CAB-010005000035,3,,0,0,1
10434,CAB-010005000042,3,,0,0,1
10435,CAB-010005000054,3,,0,0,1
10436,CAB-010006001015,3,,0,0,1
10437,CAB-010006001020,3,,0,0,1
10438,CAB-010006001025,3,,1,1,1
10439,CAB-010006001050,3,,0,0,1
10440,CAB-010007000001,3,,0,1,1
10441,CAB-010007000002,3,,0,0,1
10442,CAB-010007000003,3,,0,0,1
10443,CAB-010007000004,3,,3,4,1
10444,CAB-010007000005,3,,1,1,1
10445,CAB-010007000006,3,,0,0,1
10446,CAB-010007000007,3,,12,12,1
10447,CAB-010008000013,3,,21,21,1
10448,CAB-010009000001,3,,0,0,1
10449,CAB-010009000002,3,,0,0,1
10450,CAB-010010000001,3,,0,0,1
10451,CAB-010010000002,3,,2,3,1
10452,CAB-010011001013,3,,0,0,1
10453,CAB-010011001020,3,,0,0,1
10454,CAB-010011001025,3,,0,0,1
10458,CAB-010011002050,3,,0,0,1
10459,CAB-010006002015,3,,0,0,1
10460,CAB-010006002020,3,,0,0,1
10461,CAB-010006002025,3,,0,0,1
10462,CAB-010012000020,3,,0,0,1
10463,CAB-010013000001,3,,0,0,1
10464,CAB-011001001006,3,,0,0,1
10465,CAB-011001001009,3,,0,0,1
10466,CAB-011001002009,3,,0,0,1
10467,CAB-011001001015,3,,1,3,1
10468,CAB-011001002015,3,,0,0,1
10469,CAB-011001001020,3,,3,3,1
10470,CAB-011001002020,3,,0,0,1
10471,CAB-011001001025,3,,4,4,1
10472,CAB-011001002025,3,,0,0,1
10473,CAB-011001001032,3,,0,2,1
10474,CAB-011001002032,3,,0,0,1
10475,CAB-011001001040,3,,0,0,1
10476,CAB-011001002040,3,,0,0,1
10477,CAB-011001001050,3,,5,5,1
10478,CAB-011001002050,3,,0,0,1
10479,CAB-011001001065,3,,0,0,1
10480,CAB-011001001080,3,,0,0,1
10481,CAB-011001003015,3,,0,0,1
10482,CAB-011001003020,3,,0,0,1
10483,CAB-011001003025,3,,0,0,1
10484,CAB-011001006025,3,,0,0,1
10485,CAB-011001005015,3,,0,0,1
10486,CAB-011001005020,3,,0,0,1
10487,CAB-011001005025,3,,0,0,1
10488,CAB-011001004015,3,,0,0,1
10489,CAB-011001004020,3,,0,0,1
10490,CAB-011001004025,3,,0,0,1
10491,CAB-010013001006,3,,9,10,1
10497,CAB-010013001025,3,,0,0,1
10501,CAB-010013001054,3,,0,0,1
10502,CAB-010013001067,3,,0,4,1
10503,CAB-010013001080,3,,0,0,1
10504,CAB-005013001000,3,,0,0,1
10505,CAB-005013001025,3,,0,0,1
10506,CAB-005013001060,3,,0,0,1
10507,CAB-005013001250,3,,0,0,1
10508,CAB-012001000020,3,,0,0,1
10510,CAB-008002000101,3,,0,0,1
10511,CAB-008002000103,3,,0,0,1
10512,CAB-008002000106,3,,0,0,1
10513,CAB-008002000110,3,,7,7,1
10514,CAB-008002000120,3,,5,5,1
10515,CAB-008002000130,3,,0,1,1
10516,CAB-008001100101,3,,0,0,1
10517,CAB-008001100103,3,,0,0,1
10518,CAB-008001100106,3,,0,0,1
10520,CAB-008001100120,3,,0,0,1
10521,CAB-008001100130,3,,0,0,1
10522,CAB-003001013025,3,,0,0,1
10523,CAB-006003000028,3,,0,0,1
10524,CAB-030001001040,3,,0,0,1
10525,CAB-alfo000888,3,,0,0,1
10526,CAB-030001001050,3,,0,0,1
10527,CAB-PTBB016201,3,,0,0,1
10528,CAB-010013001009,3,,2,2,1
10529,CAB-010013001013,3,,0,0,1
10530,CAB-010013001016,3,,0,0,1
10531,CAB-010013001019,3,,6,6,1
10532,CAB-010013001022,3,,4,4,1
10533,CAB-010013001028,3,,6,6,1
10534,CAB-010013001035,3,,6,7,1
10535,CAB-0010013001042,3,,0,0,1
10536,CAB-010013002009,3,,0,0,1
10537,CAB-010013002013,3,,0,0,1
10538,CAB-010013002016,3,,0,0,1
10539,CAB-010013002019,3,,1,1,1
10540,CAB-010013002022,3,,0,0,1
10541,CAB-010013002028,3,,0,0,1
10542,CAB-010013002035,3,,0,0,1
10543,CAB-0010013002042,3,,0,0,1
10544,CAB-0010011002015,3,,0,0,1
10545,CAB-0010011002020,3,,0,0,1
10546,CAB-0010011002025,3,,0,3,1
10547,CAB-PTBB013201,3,,2,2,1
10548,CAB-txvd100011,3,,0,0,1
10549,CAB-003001016025,3,,0,0,1
10550,CAB-003001028025,3,,0,0,1
10551,CAB-003001009010,3,,0,0,1
10559,CAB-003001025010,3,,0,0,1
10560,CAB-003001016010,3,,0,0,1
10561,CAB-100005000042,3,,2,2,1
10562,CAB-007001000040,3,,0,0,1
10563,CAB-raga025075,3,,0,0,1
10564,CAB-003001006013,3,,0,0,1
10565,CAB-005001003006,3,,1,3,1
10566,CAB-005001003010,3,,0,0,1
10567,CAB-010007000008,3,,0,0,1
10568,CAB-10007000009,3,,0,0,1
10569,CAB-005001004005,3,,0,0,1
10570,CAB-005001004010,3,,0,0,1
10571,CAB-005001004020,3,,0,0,1
10572,CAB-005014004005,3,,0,0,1
10573,CAB-005014004010,3,,0,0,1
10574,CAB-005014004020,3,,0,0,1
10575,CAB-010007000009,3,,0,0,1
10576,CAB-pufc004008,3,,0,0,1
10577,CAB-agas005030,3,,0,0,1
10578,CAB-004002000100,3,,0,0,1
10579,CAB-BOXR020012,3,,0,0,1
10580,CAB-004002000200,3,,0,0,1
10581,CAB-003002000025,3,,0,0,1
10582,CAB-003001079025,3,,0,0,1
10583,CAB-100006000001,3,,0,0,1
10584,CAB-100006000005,3,,0,0,1
10585,CAB-100006000006,3,,0,0,1
10586,CAB-008001001106,3,,0,0,1
10587,CAB-003001035025,3,,0,0,1
10588,CAB-100001000005,3,,0,0,1
10589,CAB-002018000006,3,,0,0,1
10590,CAB-002018000009,3,,10,16,1
10591,CAB-002018000013,3,,0,0,1
10592,CAB-002018000016,3,,16,94,1
10593,CAB-002018000019,3,,0,0,1
10594,CAB-002018000022,3,,49,53,1
10595,CAB-002018000035,3,,45,45,1
10596,CAB-002018000042,3,,26,26,1
10597,CAB-002018000054,3,,0,0,1
10598,CAB-002018000067,3,,0,0,1
10599,CAB-002018000080,3,,0,0,1
10600,CAB-002018000105,3,,0,0,1
10601,CAB-002022000006,3,,0,0,1
10602,CAB-002022000009,3,,0,0,1
10603,CAB-002022000013,3,,13,13,1
10604,CAB-002022000016,3,,4,4,1
10605,CAB-002022000019,3,,0,0,1
10606,CAB-002022000022,3,,22,22,1
10607,CAB-002022000028,3,,0,0,1
10608,CAB-002022000035,3,,4,4,1
10609,CAB-002022000042,3,,0,0,1
10610,CAB-002022000054,3,,0,0,1
10611,CAB-002022000067,3,,0,0,1
10612,CAB-002022000080,3,,0,0,1
10613,CAB-002022000105,3,,0,0,1
10614,CAB-002021000006,3,,0,0,1
10615,CAB-002021000009,3,,0,0,1
10616,CAB-002021000013,3,,0,0,1
10617,CAB-002021000016,3,,0,0,1
10618,CAB-002021000019,3,,1,1,1
10619,CAB-002021000022,3,,0,0,1
10620,CAB-002021000028,3,,0,1,1
10621,CAB-002021000035,3,,0,0,1
10622,CAB-002021000042,3,,0,0,1
10623,CAB-002021000054,3,,0,0,1
10624,CAB-002021000067,3,,0,0,1
10625,CAB-002021000080,3,,0,0,1
10626,CAB-002021000105,3,,0,0,1
10627,CAB-002020000013,3,,0,0,1
10628,CAB-002020000016,3,,0,0,1
10629,CAB-002020000022,3,,0,0,1
10630,CAB-002020000028,3,,0,0,1
10631,CAB-002020000035,3,,0,29,1
10632,CAB-002020000042,3,,0,0,1
10633,CAB-00202000054,3,,0,0,1
10634,CAB-002020000067,3,,0,0,1
10635,CAB-002020000080,3,,0,0,1
10636,CAB-002019000013,3,,0,0,1
10637,CAB-002019000016,3,,0,0,1
10638,CAB-002019000022,3,,0,0,1
10639,CAB-002019000028,3,,0,0,1
10640,CAB-002019000035,3,,2,2,1
10641,CAB-002019000042,3,,0,0,1
10642,CAB-002019000054,3,,0,0,1
10643,CAB-002019000067,3,,0,0,1
10644,CAB-002019000080,3,,0,0,1
10645,CAB-002019000105,3,,0,0,1
10646,CAB-002024013009,3,,0,0,1
10647,CAB-002024016013,3,,0,2,1
10648,CAB-002024019013,3,,0,0,1
10649,CAB-002024019016,3,,0,0,1
10650,CAB-002024022016,3,,0,0,1
10651,CAB-002024028016,3,,0,0,1
10652,CAB-002024028019,3,,0,0,1
10653,CAB-002024028022,3,,0,0,1
10654,CAB-002024035016,3,,0,0,1
10655,CAB-002024035022,3,,0,0,1
10656,CAB-002024035028,3,,0,0,1
10657,CAB-002024042016,3,,0,0,1
10658,CAB-002024042022,3,,0,0,1
10659,CAB-002024042028,3,,0,0,1
10660,CAB-002024042035,3,,0,0,1
10661,CAB-002024054016,3,,0,0,1
10662,CAB-002024054022,3,,0,0,1
10663,CAB-002024054028,3,,0,0,1
10664,CAB-002024054035,3,,0,0,1
10665,CAB-002024054042,3,,0,0,1
10666,CAB-002024067035,3,,0,0,1
10667,CAB-002024067042,3,,0,0,1
10668,CAB-002024067054,3,,0,0,1
10669,CAB-002024080042,3,,0,0,1
10670,CAB-002024080054,3,,0,0,1
10671,CAB-002024080067,3,,0,0,1
10672,CAB-002024105067,3,,0,0,1
10673,CAB-002024105080,3,,0,0,1
10674,CAB-002023013009,3,,0,0,1
10675,CAB-002023016013,3,,0,0,1
10676,CAB-002023019013,3,,0,0,1
10677,CAB-002023019016,3,,0,0,1
10678,CAB-002023022016,3,,0,0,1
10679,CAB-002023028016,3,,0,0,1
10680,CAB-002023028022,3,,0,0,1
10681,CAB-002023035016,3,,0,0,1
10682,CAB-002023035022,3,,0,0,1
10683,CAB-002023035028,3,,0,0,1
10684,CAB-002023042016,3,,0,0,1
10687,CAB-002023042035,3,,0,0,1
10688,CAB-002023054016,3,,0,0,1
10689,CAB-002023054022,3,,0,0,1
10690,CAB-002023054028,3,,0,0,1
10691,CAB-002023054035,3,,0,0,1
10692,CAB-002023054042,3,,0,0,1
10693,CAB-002023067028,3,,0,0,1
10694,CAB-002023067035,3,,0,0,1
10695,CAB-002023067042,3,,0,0,1
10696,CAB-002023067054,3,,0,0,1
10697,CAB-002023080042,3,,0,0,1
10698,CAB-002023080054,3,,0,0,1
10699,CAB-002023080067,3,,0,0,1
10700,CAB-002023105054,3,,0,0,1
10701,CAB-002023105067,3,,0,0,1
10702,CAB-002023105080,3,,0,0,1
10703,CAB-002023042022,3,,0,0,1
10704,CAB-002023042028,3,,0,0,1
10705,CAB-003001032009,3,,0,0,1
10706,CAB-003001032013,3,,0,0,1
10707,CAB-013002001050,3,,0,0,1
10708,CAB-001005091633,3,,3,3,1
10709,CAB-001005091634,3,,0,0,1
10710,CAB-001005091614,3,,0,0,1
10711,CAB-001005091934,3,,0,0,1
10712,CAB-001005091914,3,,0,0,1
10713,CAB-001005091933,3,,0,0,1
10714,CAB-001005091913,3,,0,0,1
10715,CAB-001005091632,3,,3,3,1
10716,CAB-001005091612,3,,0,0,1
10717,CAB-001005091932,3,,0,0,1
10718,CAB-001005091912,3,,0,0,1
10720,CAB-001005060914,3,,0,0,1
10721,CAB-001005061314,3,,0,0,1
10723,CAB-001005060913,3,,1,2,1
10726,CAB-001005060912,3,,0,0,1
10727,CAB-001005061332,3,,0,0,1
10728,CAB-001005061312,3,,0,0,1
10729,CAB-001005061634,3,,0,0,1
10730,CAB-001005061614,3,,0,0,1
10731,CAB-001005061334,3,,0,0,1
10734,CAB-001005061333,3,,0,0,1
10735,CAB-001005061632,3,,0,0,1
10736,CAB-001005061612,3,,0,0,1
10737,CAB-001005131933,3,,0,0,1
10738,CAB-001005131934,3,,0,0,1
10739,CAB-001005131914,3,,0,0,1
10740,CAB-001005131913,3,,0,0,1
10741,CAB-002025013015,3,,0,0,1
10742,CAB-002025016015,3,,0,0,1
10743,CAB-002025019015,3,,0,0,1
10744,CAB-002025022020,3,,0,0,1
10745,CAB-002025028025,3,,0,0,1
10746,CAB-002025035032,3,,0,0,1
10747,CAB-002025042040,3,,0,0,1
10748,CAB-002025054050,3,,0,0,1
10749,CAB-002026013015,3,,18,18,1
10750,CAB-002026016015,3,,16,37,1
10751,CAB-002026022020,3,,0,0,1
10752,CAB-002026028025,3,,7,102,1
10753,CAB-002026035032,3,,0,0,1
10754,CAB-002026042040,3,,0,0,1
10755,CAB-002026054050,3,,0,0,1
10756,CAB-003002000020,3,,0,0,1
10757,CAB-003001054009,3,,0,0,1
10758,CAB-001005060932,3,,0,0,1
10759,CAB-003001054013,3,,0,0,1
10760,CAB-030001001065,3,,0,0,1
10761,CAB-029007002025,3,,0,0,1
10762,CAB-029005002025,3,,0,0,1
10763,CAB-029010002025,3,,0,0,1
10764,CAB-003001025020,3,,0,0,1
10765,CAB-003001042025,3,,0,0,1
10766,CAB-003001054025,3,,0,0,1
10767,CAB-BOXR021016,3,,0,0,1
10768,CAB-009008050040,3,,0,0,1
10769,CAB-100001000010,3,,0,0,1
10770,CAB-007001002025,3,,0,0,1
10771,CAB-030001001250,3,,0,0,1
10772,CAB-100002000002,3,,0,0,1
10773,CAB-003002000010,3,,0,0,1
10774,CAB-013002016025,3,,0,0,1
10775,CAB-agas005031,3,,0,0,1
10776,CAB-100003003000,3,,0,0,1
10777,CAB-agas005032,3,,0,0,1
10778,CAB-006002000016,3,,0,0,1
10779,CAB-003001042013,3,,0,0,1
10780,CAB-003002000013,3,,0,0,1
10781,CAB-013003000001,3,,0,0,1
10782,CAB-013003000004,3,,0,0,1
10783,CAB-013003000002,3,,0,0,1
10784,CAB-013003000007,3,,0,0,1
10785,CAB-015001010015,3,,8,8,1
10786,CAB-015001010020,3,,3,3,1
10787,CAB-015001010025,3,,6,6,1
10788,CAB-015001010031,3,,0,0,1
10789,CAB-015001010032,3,,0,0,1
10790,CAB-015001010040,3,,0,0,1
10791,CAB-015001010050,3,,0,0,1
10792,CAB-003001060013,3,,0,0,1
10793,CAB-003001048013,3,,0,0,1
10794,CAB-BOXI603004,3,,0,0,1
10795,CAB-013001000002,3,,0,0,1
10796,CAB-VODE220060,3,,0,0,1
10797,CAB-003001042009,3,,0,0,1
10798,CAB-003001019025,3,,0,0,1
10799,CAB-013005001060,3,,0,0,1
10800,CAB-004002000350,3,,0,0,1
10801,CAB-agas202010,3,,0,0,1
10802,CAB-015005016200,3,,0,0,1
10803,CAB-pued008015,3,,0,0,1
10804,CAB-029010001216,3,,0,0,1
10805,CAB-003001054020,3,,0,0,1
10806,CAB-004001000400,3,,0,0,1
10807,CAB-003001022009,3,,0,0,1
10808,CAB-003001032025,3,,0,0,1
10809,CAB-SAGA082028,3,,0,0,1
10810,CAB-013002001080,3,,0,0,1
10811,CAB-009008050063,3,,0,0,1
10812,CAB-030001001125,3,,0,0,1
10813,CAB-0060080000019,3,,0,0,1
10814,CAB-030001001080,3,,0,0,1
10815,CAB-030001002065,3,,0,0,1
10816,CAB-004002000250,3,,0,0,1
10817,CAB-003003000013,3,,0,0,1
10818,CAB-003001060025,3,,0,0,1
10820,CAB-006004000016,3,,0,0,1
10821,CAB-100001000030,3,,0,0,1
10822,CAB-030001002100,3,,0,0,1
10823,CAB-SADA033030,3,,0,0,1
10824,CAB-SADA036015,3,,0,0,1
10825,CAB-SADA051018,3,,0,0,1
10826,CAB-SADA036016,3,,0,0,1
10827,CAB-SADA035014,3,,0,0,1
10828,CAB-SADA037015,3,,0,0,1
10829,CAB-SADA049029,3,,0,0,1
10830,CAB-raga070025,3,,0,0,1
10831,CAB-RAGA059050,3,,0,0,1
10832,CAB-RAGA100065,3,,0,0,1
10833,CAB-RAGP050020,3,,0,0,1
10834,CAB-RAGP055015,3,,0,0,1
10835,CAB-BARG120020,3,,0,0,1
10836,CAB-BOXY114014,3,,0,0,1
10837,CAB-VODE100080,3,,0,0,1
10838,CAB-RAGA035013,3,,0,0,1
10839,CAB-RAGA049013,3,,0,0,1
10840,CAB-RAGA073023,3,,0,0,1
10841,CAB-SAGP080013,3,,0,0,1
10842,CAB-SAGP070013,3,,0,0,1
10843,CAB-RAGP050015,3,,0,0,1
10844,CAB-010010001001,3,,0,0,1
10845,CAB-013002000025,3,,0,0,1
10846,CAB-nepe900099,3,,0,0,1
10847,CAB-ARCA400025,3,,0,0,1
10848,CAB-dtdl001002,3,,250,373,1
10849,CAB-dtnl001002,3,,536,548,1
10850,CAB-PTRB206061,3,,0,0,1
10851,CAB-PTRB206076,3,,0,0,1
10852,CAB-PTRB209061,3,,0,0,1
10853,CAB-PTRB209081,3,,0,0,1
10854,CAB-PTRB213061,3,,0,0,1
10855,CAB-PTRB213081,3,,1,1,1
10856,CAB-PTRB216071,3,,0,0,1
10857,CAB-PTRB216089,3,,0,0,1
10858,CAB-PTRB219071,3,,0,0,1
10859,CAB-PTRB219089,3,,0,0,1
10860,CAB-VODE065025,3,,0,0,1
10861,CAB-SADA031031,3,,0,0,1
10862,CAB-eaga015010,3,,0,0,1
10863,CAB-BOXD015010,3,,0,0,1
10864,CAB-LOVP070050,3,,0,0,1
10865,CAB-ekcc006007,3,,0,0,1
10866,CAB-BOXR003002,3,,0,0,1
10867,CAB-001003013124,3,,0,0,1
10868,CAB-BOXR030008,3,,0,0,1
10869,CAB-030001001200,3,,0,0,1
10870,CAB-VODE511011,3,,0,0,1
10871,CAB-boxt000003,3,,0,0,1
10872,CAB-pupc016015,3,,0,0,1
10873,CAB-030001001150,3,,0,0,1
10874,CAB-BOXE006004,3,,0,0,1
10875,CAB-BOXR029006,3,,0,0,1
10876,CAB-vodp050030,3,,0,0,1
10877,CAB-RAGF040040,3,,0,0,1
10878,CAB-BOXR028006,3,,0,0,1
10879,CAB-vodp040015,3,,0,0,1
10880,CAB-VODP031031,3,,0,0,1
10881,CAB-vodp055015,3,,0,0,1
10882,CAB-DCIN000019,3,,0,15,1
10883,CAB-100001000006,3,,0,0,1
10884,CAB-SAGP100008,3,,0,0,1
10885,CAB-RAGP100008,3,,0,0,1
10886,CAB-BOXD040030,3,,0,0,1
10887,CAB-BOXI403008,3,,0,0,1
10888,CAB-agas10203,3,,0,0,1
10889,CAB-010010000006,3,,20,20,1
10890,CAB-010010000013,3,,0,20,1
10891,CAB-010010000016,3,,0,20,1
10892,CAB-010010000019,3,,77,79,1
10893,CAB-010011006006,3,,15,15,1
10894,CAB-010011009009,3,,1,1,1
10895,CAB-010011013013,3,,11,11,1
10896,CAB-010011016016,3,,11,11,1
10897,CAB-010011019019,3,,36,36,1
10898,CAB-ssvr020010,3,,0,0,1
10899,CAB-BARG116005,3,,0,0,1
10900,CAB-ZMED200001,3,,32,34,1
10901,CAB-ZMED200003,3,,0,1,1
10902,CAB-ZMED200002,3,,1,3,1
10903,CAB-ZMED300001,3,,0,0,1
10904,CAB-ZMED300003,3,,0,0,1
10905,CAB-ZMED300002,3,,0,0,1
10906,CAB-ZMED200006,3,,0,0,1
10907,CAB-BOXT100005,3,,0,0,1
10908,CAB-hone006013,3,,0,0,1
10909,CAB-BARG100010,3,,0,0,1
10910,CAB-ssdn025010,3,,0,0,1
10911,CAB-BOXD040040,3,,0,0,1
10912,CAB-VODE070070,3,,0,0,1
10913,CAB-VODE080080,3,,0,0,1
10914,CAB-VODE090090,3,,0,0,1
10915,CAB-VODE090030,3,,0,0,1
10916,CAB-SAGA080023,3,,0,0,1
10917,CAB-RAGA080023,3,,0,0,1
10918,CAB-RAGA140080,3,,0,0,1
10919,CAB-017001000001,3,,13,13,1
10920,CAB-VODE075045,3,,0,0,1
10921,CAB-006003000042,3,,0,0,1
10922,CAB-0060080000006,3,,40,40,1
10923,CAB-0060080000009,3,,0,0,1
10924,CAB-0060080000013,3,,40,40,1
10925,CAB-LINP010120,3,,0,0,1
10926,CAB-002021000017,3,,0,0,1
10927,CAB-006008000016,3,,0,0,1
10928,CAB-BOXR005003,3,,0,0,1
10929,CAB-100001000007,3,,0,0,1
10930,CAB-MECC003008,3,,0,0,1
10931,CAB-FCCC004008,3,,0,0,1
10932,CAB-boxe025020,3,,0,0,1
10933,CAB-ARCA530053,3,,0,0,1
10934,CAB-ARCA400026,3,,0,0,1
10935,CAB-bvtw000021,3,,0,0,1
10936,CAB-spdc000003,3,,0,0,1
10937,CAB-BOXY103003,3,,0,0,1
10938,CAB-BOXR006003,3,,0,0,1
10939,CAB-HODD020020,3,,0,0,1
10940,CAB-BOXM060060,3,,0,0,1
10941,CAB-RAGF060015,3,,0,0,1
10942,CAB-svhs000050,3,,0,0,1
10943,CAB-BOXR014006,3,,0,0,1
10944,CAB-016001002004,3,,0,0,1
10945,CAB-016001002005,3,,0,0,1
10946,CAB-ZMED200007,3,,0,0,1
10947,CAB-ZMED200004,3,,0,1,1
10948,CAB-ZMED100001,3,,0,0,1
10949,CAB-ZMED100002,3,,0,0,1
10950,CAB-ZMED100004,3,,0,0,1
10951,CAB-agas202001,3,,0,0,1
10952,CAB-ZMED100005,3,,0,0,1
10953,CAB-ZMED100003,3,,0,0,1
10954,CAB-ZMED411001,3,,0,0,1
10955,CAB-ZMED411002,3,,0,0,1
10956,CAB-ZMED411003,3,,0,0,1
10957,CAB-ZMED411004,3,,0,0,1
10958,CAB-ZMED411005,3,,0,0,1
10959,CAB-ZMED200008,3,,0,2,1
10960,CAB-ZMED100008,3,,0,0,1
10961,CAB-ZMED140008,3,,0,0,1
10962,CAB-BOXD020020,3,,0,0,1
10963,CAB-RAGD020020,3,,0,0,1
10964,CAB-ZMED110001,3,,0,8,1
10965,CAB-ZMED110002,3,,0,0,1
10966,CAB-ZMED110003,3,,0,0,1
10967,CAB-ZMED110004,3,,0,0,1
10968,CAB-ZMED110005,3,,0,0,1
10969,CAB-ZMED110008,3,,0,0,1
10970,CAB-ZMED412002,3,,0,0,1
10971,CAB-BOXR016005,3,,0,0,1
10972,CAB-pffd002150,3,,0,0,1
10973,CAB-FAGA060020,3,,0,0,1
10974,CAB-ascr012051,3,,0,0,1
10975,CAB-ascr012052,3,,0,0,1
10976,CAB-ascr009011,3,,0,0,1
10977,CAB-RAGF050030,3,,0,0,1
10978,CAB-ASCR120000,3,,0,0,1
10979,CAB-SANE015030,3,,0,0,1
10980,CAB-SANE015060,3,,0,0,1
10981,CAB-BOXR007004,3,,0,0,1
10982,CAB-RAGA130080,3,,0,0,1
10983,CAB-BOXI027006,3,,0,0,1
10984,CAB-emrs000052,3,,0,0,1
10985,CAB-pffd001150,3,,0,0,1
10986,CAB-besi250020,3,,0,0,1
10987,CAB-BOXR603006,3,,0,0,1
10988,CAB-012001000012,3,,0,0,1
10989,CAB-EAGA060045,3,,0,0,1
10990,CAB-EAGA075065,3,,0,0,1
10991,CAB-LOVE075040,3,,0,0,1
10992,CAB-DCIN000009,3,,10,10,1
10993,CAB-PTBS042120,3,,0,0,1
10994,CAB-RAGA120020,3,,0,0,1
10995,CAB-BOXR010006,3,,0,0,1
10996,CAB-NEPE900011,3,,7,8,1
10997,CAB-tcin004004,3,,0,0,1
10998,CAB-BOXY108006,3,,0,0,1
10999,CAB-nepe900003,3,,0,0,1
11000,CAB-BOXR200180,3,,0,0,1
11001,CAB-pffd001250,3,,0,0,1
11002,CAB-schi045015,3,,0,0,1
11004,CAB-PTBE016051,3,,130,330,1
11005,CAB-1PTBE009051,3,,170,170,1
11006,CAB-PTBE016071,3,,0,0,1
11007,CAB-002027020022,3,,0,0,1
11008,CAB-002027025028,3,,0,0,1
11009,CAB-regb000019,3,,0,0,1
11010,CAB-regb000020,3,,0,0,1
11011,CAB-LOVP040030,3,,0,0,1
11012,CAB-LOVP050030,3,,0,0,1
11013,CAB-freo001404a,3,,0,0,1
11014,CAB-013002080050,3,,0,0,1
11015,CAB-BOXY006012,3,,0,0,1
11016,CAB-ZMED900005,3,,0,0,1
11017,CAB-pffd001300,3,,0,0,1
11018,CAB-LOVE147118,3,,0,0,1
11019,CAB-SADF030030,3,,0,0,1
11020,CAB-PTBE025051,3,,230,230,1
11021,CAB-007001000006,3,,0,0,1
11022,CAB-BOXR032004,3,,0,0,1
11023,CAB-BOXI421606,3,,0,0,1
11024,CAB-BOXR151204,3,,0,0,1
11025,CAB-kitz006065,3,,0,0,1
11026,CAB-VODB000008,3,,0,0,1
11027,CAB-agas012025,3,,0,0,1
11028,CAB-PTBE013071,3,,0,0,1
11029,CAB-SSUC113013,3,,0,0,1
11030,CAB-SAGP037037,3,,0,0,1
11031,CAB-SMED002105,3,,0,0,1
11032,CAB-SMED004105,3,,0,0,1
11033,CAB-VODS060050,3,,0,0,1
11034,CAB-VODS050050,3,,0,0,1
11035,CAB-VODS065050,3,,0,0,1
11036,CAB-VODS040030,3,,0,0,1
11037,CAB-VODS060040,3,,0,0,1
11038,CAB-VODS050030,3,,0,0,1
11039,CAB-RAGA060045,3,,0,0,1
11040,CAB-RAGA075060,3,,0,0,1
11041,CAB-RAGA086073,3,,0,2,1
11042,CAB-BOXR013003,3,,0,0,1
11043,CAB-LOVE146067,3,,0,0,1
11044,CAB-MANH030031,3,,0,5,1
11045,CAB-BOXY110016,3,,0,0,1
11046,CAB-BOXY004010,3,,0,0,1
11047,CAB-PTBE028071,3,,0,0,1
11048,CAB-sspl000003,3,,0,0,1
11049,CAB-ring000011,3,,100,0,1
11050,CAB-fdpu000102,3,,0,0,1
11051,CAB-RAGA080017,3,,0,0,1
11052,CAB-BOXR060006,3,,0,0,1
11053,CAB-RAGP018010,3,,0,0,1
11054,CAB-mecc025028,3,,0,0,1
11055,CAB-PTBE019071,3,,0,0,1
11056,CAB-002024025019,3,,0,0,1
11057,CAB-002023009006,3,,0,0,1
11058,CAB-regb000021,3,,0,0,1
11059,CAB-PTBE009076,3,,0,0,1
11060,CAB-SAGA080017,3,,0,0,1
11061,CAB-BOXR040010,3,,0,0,1
11062,CAB-ACBB060915-DUP2-R11062,3,,0,0,1
11063,CAB-ACBB060916-DUP2-R11063,3,,0,0,1
11064,CAB-ACBB060917-DUP2-R11064,3,,6,0,1
11065,CAB-ACBB060930-DUP2-R11065,3,,0,0,1
11066,CAB-ACBB060932-DUP2-R11066,3,,16,0,1
11067,CAB-ACBB060933-DUP2-R11067,3,,27,0,1
11068,CAB-acbb061315-DUP2-R11068,3,,1,0,1
11069,CAB-ACBB061316-DUP2-R11069,3,,1,0,1
11070,CAB-ACBB061317-DUP2-R11070,3,,0,0,1
11071,CAB-ACBB061330-DUP2-R11071,3,,1,0,1
11072,CAB-ACBB061332-DUP2-R11072,3,,29,0,1
11073,CAB-ACBB061333-DUP2-R11073,3,,73,0,1
11074,CAB-ACBB061615-DUP2-R11074,3,,0,0,1
11075,CAB-ACBB061616-DUP2-R11075,3,,0,0,1
11076,CAB-ACBB061617-DUP2-R11076,3,,5,0,1
11077,CAB-ACBB061630-DUP2-R11077,3,,20,0,1
11078,CAB-ACBB061631-DUP2-R11078,3,,0,2,1
11079,CAB-ACBB061633-DUP2-R11079,3,,0,0,1
11080,CAB-ACBB091615-DUP2-R11080,3,,0,0,1
11081,CAB-ACBB091617-DUP2-R11081,3,,0,0,1
11082,CAB-ACBB091630-DUP2-R11082,3,,0,0,1
11083,CAB-ACBB091631-DUP2-R11083,3,,15,0,1
11084,CAB-ACBB091633-DUP2-R11084,3,,12,0,1
11085,CAB-ACBB091915-DUP2-R11085,3,,0,0,1
11086,CAB-ACBB091916-DUP2-R11086,3,,0,0,1
11087,CAB-ACBB091917-DUP2-R11087,3,,0,0,1
11088,CAB-ACBB091930-DUP2-R11088,3,,0,0,1
11089,CAB-ACBB091931-DUP2-R11089,3,,0,0,1
11090,CAB-ACBB091933-DUP2-R11090,3,,6,0,1
11091,CAB-ACBB106009-DUP2-R11091,3,,0,0,1
11092,CAB-ACBB131915-DUP2-R11092,3,,1,0,1
11093,CAB-ACBB131916-DUP2-R11093,3,,0,0,1
11094,CAB-ACBB131930-DUP2-R11094,3,,6,0,1
11095,CAB-acbb131933-DUP2-R11095,3,,6,0,1
11096,CAB-agas001001-DUP2-R11096,3,,40,0,1
11097,CAB-agas006001-DUP2-R11097,3,,0,0,1
11098,CAB-agas006002-DUP2-R11098,3,,0,0,1
11099,CAB-agas006003-DUP2-R11099,3,,0,0,1
11100,CAB-AGAS006019-DUP2-R11100,3,,1,0,1
11101,CAB-AGAS006025-DUP2-R11101,3,,2,0,1
11102,CAB-alco000048-DUP2-R11102,3,,0,0,1
11103,CAB-alco000148-DUP2-R11103,3,,0,0,1
11104,CAB-alco000163-DUP2-R11104,3,,0,0,1
11105,CAB-alco000164-DUP2-R11105,3,,0,0,1
11106,CAB-alco000305-DUP2-R11106,3,,0,0,1
11107,CAB-alco001013-DUP2-R11107,3,,3,0,1
11108,CAB-alco001016-DUP2-R11108,3,,2,0,1
11109,CAB-alco900035-DUP2-R11109,3,,0,0,1
11110,CAB-alco900070-DUP2-R11110,3,,0,0,1
11111,CAB-alfo000003-DUP2-R11111,3,,4,2,1
11112,CAB-alfo000430-DUP2-R11112,3,,0,0,1
11113,CAB-alfo000705-DUP2-R11113,3,,0,0,1
11114,CAB-alfo000721-DUP2-R11114,3,,0,0,1
11115,CAB-alfo000810-DUP2-R11115,3,,0,0,1
11116,CAB-alfo000820-DUP2-R11116,3,,0,0,1
11117,CAB-alfo000831-DUP2-R11117,3,,0,0,1
11118,CAB-alfo000888-DUP2-R11118,3,,7,0,1
11119,CAB-alfo000905-DUP2-R11119,3,,0,0,1
11120,CAB-alfo000910-DUP2-R11120,3,,0,0,1
11121,CAB-alfo000920-DUP2-R11121,3,,0,0,1
11122,CAB-alfo000921-DUP2-R11122,3,,0,0,1
11123,CAB-alfo000999-DUP2-R11123,3,,7,0,1
11124,CAB-alfo001310-DUP2-R11124,3,,0,0,1
11125,CAB-alfo002001-DUP2-R11125,3,,5,0,1
11126,CAB-alst000035-DUP2-R11126,3,,0,0,1
11127,CAB-alst000040-DUP2-R11127,3,,27,0,1
11128,CAB-alst000050-DUP2-R11128,3,,15,0,1
11129,CAB-alst000060-DUP2-R11129,3,,21,0,1
11130,CAB-alst000080-DUP2-R11130,3,,0,0,1
11131,CAB-alst000100-DUP2-R11131,3,,0,0,1
11132,CAB-alst025080-DUP2-R11132,3,,0,0,1
11133,CAB-alst025100-DUP2-R11133,3,,0,0,1
11134,CAB-alst030050-DUP2-R11134,3,,0,0,1
11135,CAB-alst050040-DUP2-R11135,3,,1,0,1
11136,CAB-alst050050-DUP2-R11136,3,,2,0,1
11137,CAB-alst050060-DUP2-R11137,3,,2,0,1
11138,CAB-alst100050-DUP2-R11138,3,,0,0,1
11139,CAB-alst110040-DUP2-R11139,3,,0,0,1
11140,CAB-anac000013-DUP2-R11140,3,,0,0,1
11141,CAB-ascr000014-DUP2-R11141,3,,6,0,1
11142,CAB-ASCR000025-DUP2-R11142,3,,0,0,1
11143,CAB-ASCR000026-DUP2-R11143,3,,3,0,1
11144,CAB-ASCR000027-DUP2-R11144,3,,10,0,1
11145,CAB-ascr000028-DUP2-R11145,3,,8,0,1
11146,CAB-ascr000033-DUP2-R11146,3,,131,1,1
11147,CAB-ascr000042-DUP2-R11147,3,,0,0,1
11148,CAB-ascr000054-DUP2-R11148,3,,1,0,1
11149,CAB-ascr000061-DUP2-R11149,3,,0,0,1
11150,CAB-ascr000085-DUP2-R11150,3,,5,0,1
11151,CAB-ascr000102-DUP2-R11151,3,,40,0,1
11152,CAB-ascr001006-DUP2-R11152,3,,0,0,1
11153,CAB-ascr002003-DUP2-R11153,3,,7,0,1
11154,CAB-ascr005003-DUP2-R11154,3,,149,112,1
11155,CAB-ascr007001-DUP2-R11155,3,,9,0,1
11156,CAB-ascr007002-DUP2-R11156,3,,50,0,1
11157,CAB-ascr007003-DUP2-R11157,3,,50,0,1
11158,CAB-ascr009001-DUP2-R11158,3,,28,0,1
11159,CAB-ascr009238-DUP2-R11159,3,,4,0,1
11160,CAB-ascr009265-DUP2-R11160,3,,5,0,1
11161,CAB-ascr010004-DUP2-R11161,3,,56,0,1
11162,CAB-ascr013008-DUP2-R11162,3,,0,0,1
11163,CAB-ascr014003-DUP2-R11163,3,,109,0,1
11164,CAB-ascr014005-DUP2-R11164,3,,0,0,1
11165,CAB-ASCR016001-DUP2-R11165,3,,42,0,1
11166,CAB-ASCR016002-DUP2-R11166,3,,37,0,1
11167,CAB-ASCR016003-DUP2-R11167,3,,25,0,1
11168,CAB-ascr017003-DUP2-R11168,3,,0,0,1
11169,CAB-ascr017004-DUP2-R11169,3,,418,0,1
11170,CAB-ascr017005-DUP2-R11170,3,,255,0,1
11171,CAB-ascr017006-DUP2-R11171,3,,48,50,1
11172,CAB-ascr017008-DUP2-R11172,3,,239,30,1
11173,CAB-ascr017014-DUP2-R11173,3,,16250,0,1
11174,CAB-ascr019010-DUP2-R11174,3,,8,0,1
11175,CAB-ascr030015-DUP2-R11175,3,,6,0,1
11176,CAB-besi010025-DUP2-R11176,3,,0,0,1
11177,CAB-besi010050-DUP2-R11177,3,,0,0,1
11178,CAB-besi010065-DUP2-R11178,3,,0,0,1
11179,CAB-besi010080-DUP2-R11179,3,,0,0,1
11180,CAB-besi010100-DUP2-R11180,3,,0,0,1
11181,CAB-besi010150-DUP2-R11181,3,,0,0,1
11182,CAB-besi110015-DUP2-R11182,3,,0,0,1
11183,CAB-besi110020-DUP2-R11183,3,,0,0,1
11184,CAB-besi110025-DUP2-R11184,3,,0,0,1
11185,CAB-besi110040-DUP2-R11185,3,,2,0,1
11186,CAB-besi110050-DUP2-R11186,3,,0,0,1
11187,CAB-besi110065-DUP2-R11187,3,,0,0,1
11188,CAB-besi110080-DUP2-R11188,3,,0,0,1
11189,CAB-besi110100-DUP2-R11189,3,,0,0,1
11190,CAB-besi110120-DUP2-R11190,3,,0,0,1
11191,CAB-besi110150-DUP2-R11191,3,,0,0,1
11192,CAB-besi110200-DUP2-R11192,3,,0,0,1
11193,CAB-besi110250-DUP2-R11193,3,,0,0,1
11194,CAB-besi111025-DUP2-R11194,3,,0,0,1
11195,CAB-besi111080-DUP2-R11195,3,,0,0,1
11196,CAB-besi111125-DUP2-R11196,3,,0,0,1
11197,CAB-besi115100-DUP2-R11197,3,,0,0,1
11198,CAB-besi150020-DUP2-R11198,3,,0,0,1
11199,CAB-besi150050-DUP2-R11199,3,,0,0,1
11200,CAB-besi160080-DUP2-R11200,3,,0,0,1
11201,CAB-besi160100-DUP2-R11201,3,,0,0,1
11202,CAB-besi162040-DUP2-R11202,3,,0,0,1
11203,CAB-besi162050-DUP2-R11203,3,,0,0,1
11204,CAB-besi210050-DUP2-R11204,3,,14,0,1
11205,CAB-besi250020-DUP2-R11205,3,,0,0,1
11206,CAB-besi410040-DUP2-R11206,3,,0,0,1
11207,CAB-bjls001040-DUP2-R11207,3,,18,0,1
11208,CAB-bjls001050-DUP2-R11208,3,,9,0,1
11209,CAB-bjls001060-DUP2-R11209,3,,21,10,1
11210,CAB-bjls001070-DUP2-R11210,3,,0,0,1
11211,CAB-bjls001080-DUP2-R11211,3,,12,0,1
11212,CAB-bjls001100-DUP2-R11212,3,,0,0,1
11213,CAB-bjls001120-DUP2-R11213,3,,0,0,1
11214,CAB-bjls001150-DUP2-R11214,3,,0,0,1
11215,CAB-bjls001300-DUP2-R11215,3,,0,0,1
11216,CAB-bjls020040-DUP2-R11216,3,,4,0,1
11217,CAB-bjls020050-DUP2-R11217,3,,4,0,1
11218,CAB-bjls020060-DUP2-R11218,3,,4,0,1
11219,CAB-bjls020070-DUP2-R11219,3,,1,0,1
11220,CAB-bjls020080-DUP2-R11220,3,,2,0,1
11221,CAB-bjls020100-DUP2-R11221,3,,0,0,1
11222,CAB-BVBS000110-DUP2-R11222,3,,0,0,1
11223,CAB-BVBS000115-DUP2-R11223,3,,437,0,1
11224,CAB-bvbs000120-DUP2-R11224,3,,184,0,1
11225,CAB-bvbs000125-DUP2-R11225,3,,0,0,1
11226,CAB-bvbs000132-DUP2-R11226,3,,0,0,1
11227,CAB-bvbs000140-DUP2-R11227,3,,0,0,1
11228,CAB-bvbs000150-DUP2-R11228,3,,0,0,1
11229,CAB-bvit000006-DUP2-R11229,3,,0,0,1
11230,CAB-bvit000015-DUP2-R11230,3,,0,0,1
11231,CAB-BVIT000016-DUP2-R11231,3,,0,0,1
11232,CAB-bvss000006-DUP2-R11232,3,,4,0,1
11233,CAB-bvss000013-DUP2-R11233,3,,4,0,1
11234,CAB-bvss000025-DUP2-R11234,3,,0,0,1
11235,CAB-bvss000032-DUP2-R11235,3,,0,0,1
11236,CAB-bvss000040-DUP2-R11236,3,,0,0,1
11237,CAB-bvss000050-DUP2-R11237,3,,0,0,1
11238,CAB-BVSS002006-DUP2-R11238,3,,0,0,1
11239,CAB-cast306045-DUP2-R11239,3,,37,0,1
11240,CAB-cast441107-DUP2-R11240,3,,0,0,1
11241,CAB-cast441209-DUP2-R11241,3,,0,0,1
11242,CAB-cast621004-DUP2-R11242,3,,64,0,1
11243,CAB-cast621005-DUP2-R11243,3,,33,0,1
11244,CAB-cast651209-DUP2-R11244,3,,1,0,1
11245,CAB-cast651211-DUP2-R11245,3,,10,0,1
11246,CAB-cast651213-DUP2-R11246,3,,10,0,1
11247,CAB-cast701022-DUP2-R11247,3,,738,0,1
11248,CAB-cast701033-DUP2-R11248,3,,695,0,1
11249,CAB-cast701044-DUP2-R11249,3,,822,0,1
11250,CAB-cast701055-DUP2-R11250,3,,0,0,1
11251,CAB-cast701066-DUP2-R11251,3,,285,0,1
11252,CAB-CAST769005-DUP2-R11252,3,,32,0,1
11253,CAB-CAST769006-DUP2-R11253,3,,37,0,1
11254,CAB-CAST769007-DUP2-R11254,3,,0,0,1
11255,CAB-CAST769009-DUP2-R11255,3,,19,0,1
11256,CAB-CAST769011-DUP2-R11256,3,,64,0,1
11257,CAB-CAST769013-DUP2-R11257,3,,22,0,1
11258,CAB-CAST769017-DUP2-R11258,3,,23,0,1
11259,CAB-CAST769021-DUP2-R11259,3,,9,0,1
11260,CAB-CAST769025-DUP2-R11260,3,,10,0,1
11261,CAB-cpph000021-DUP2-R11261,3,,0,0,1
11262,CAB-cpph000031-DUP2-R11262,3,,0,0,1
11263,CAB-cpph000041-DUP2-R11263,3,,0,0,1
11264,CAB-cpph000601-DUP2-R11264,3,,0,0,1
11265,CAB-cpsm000601-DUP2-R11265,3,,0,0,1
11266,CAB-CSDN006006-DUP2-R11266,3,,0,0,1
11267,CAB-cvss000015-DUP2-R11267,3,,0,0,1
11268,CAB-cvss000025-DUP2-R11268,3,,0,0,1
11269,CAB-cvss000032-DUP2-R11269,3,,0,0,1
11270,CAB-cvss000040-DUP2-R11270,3,,0,0,1
11271,CAB-CVSS002006-DUP2-R11271,3,,0,0,1
11272,CAB-dado004001-DUP2-R11272,3,,25,0,1
11273,CAB-dado004002-DUP2-R11273,3,,0,0,1
11274,CAB-dado004003-DUP2-R11274,3,,0,0,1
11275,CAB-dado004004-DUP2-R11275,3,,24,0,1
11276,CAB-dnac006006-DUP2-R11276,3,,779,0,1
11277,CAB-dnac009009-DUP2-R11277,3,,859,0,1
11278,CAB-dnac013013-DUP2-R11278,3,,147,0,1
11279,CAB-dnac016016-DUP2-R11279,3,,373,0,1
11280,CAB-dnac019019-DUP2-R11280,3,,200,0,1
11281,CAB-dopt000006-DUP2-R11281,3,,0,0,1
11282,CAB-dopt000009-DUP2-R11282,3,,0,0,1
11283,CAB-dopt000013-DUP2-R11283,3,,2,0,1
11284,CAB-dopt000016-DUP2-R11284,3,,120,0,1
11285,CAB-dopt000019-DUP2-R11285,3,,264,0,1
11286,CAB-dopt000022-DUP2-R11286,3,,116,0,1
11287,CAB-dopt000025-DUP2-R11287,3,,42,0,1
11288,CAB-dopt000028-DUP2-R11288,3,,57,0,1
11289,CAB-dopt000032-DUP2-R11289,3,,95,0,1
11290,CAB-dopt000035-DUP2-R11290,3,,71,0,1
11291,CAB-dopt000038-DUP2-R11291,3,,41,0,1
11292,CAB-dopt000042-DUP2-R11292,3,,57,0,1
11293,CAB-dopt000054-DUP2-R11293,3,,118,0,1
11294,CAB-dopt000067-DUP2-R11294,3,,0,0,1
11295,CAB-dopt000080-DUP2-R11295,3,,0,0,1
11296,CAB-dopt000105-DUP2-R11296,3,,0,0,1
11297,CAB-dopt000159-DUP2-R11297,3,,1,0,1
11298,CAB-dtal001001-DUP2-R11298,3,,0,0,1
11299,CAB-dtdl001002-DUP2-R11299,3,,2117,250,1
11300,CAB-dtdl001004-DUP2-R11300,3,,23,0,1
11301,CAB-dtdl002003-DUP2-R11301,3,,13,0,1
11302,CAB-DTMZ001002-DUP2-R11302,3,,2223,0,1
11303,CAB-dtmz001005-DUP2-R11303,3,,982,0,1
11304,CAB-dtnl001002-DUP2-R11304,3,,2246,0,1
11305,CAB-dtnl001003-DUP2-R11305,3,,306,0,1
11306,CAB-emrs000304681344482129-DUP2-R11306,3,,0,0,1
11307,CAB-emrs900010-DUP2-R11307,3,,0,0,1
11308,CAB-etbg000006-DUP2-R11308,3,,0,0,1
11309,CAB-etbg000008-DUP2-R11309,3,,462,0,1
11310,CAB-etbg000009-DUP2-R11310,3,,2719,250,1
11311,CAB-etbg000013-DUP2-R11311,3,,11422,175,1
11312,CAB-etbg000015-DUP2-R11312,3,,73,0,1
11313,CAB-etbg000016-DUP2-R11313,3,,2416,115,1
11314,CAB-etbg000019-DUP2-R11314,3,,1859,338,1
11315,CAB-etbg000021-DUP2-R11315,3,,0,0,1
11316,CAB-etbg000022-DUP2-R11316,3,,4708,188,1
11317,CAB-etbg000025-DUP2-R11317,3,,3568,15,1
11318,CAB-etbg000027-DUP2-R11318,3,,0,0,1
11319,CAB-etbg000028-DUP2-R11319,3,,7976,70,1
11320,CAB-etbg000032-DUP2-R11320,3,,178,0,1
11321,CAB-etbg000035-DUP2-R11321,3,,5238,28,1
11322,CAB-etbg000036-DUP2-R11322,3,,100,0,1
11323,CAB-etbg000038-DUP2-R11323,3,,0,0,1
11324,CAB-etbg000042-DUP2-R11324,3,,3870,21,1
11325,CAB-etbg000053-DUP2-R11325,3,,20,0,1
11326,CAB-etbg000054-DUP2-R11326,3,,507,0,1
11327,CAB-etbg000067-DUP2-R11327,3,,188,0,1
11328,CAB-etbg000076-DUP2-R11328,3,,5,0,1
11329,CAB-etbg000080-DUP2-R11329,3,,138,0,1
11330,CAB-etbg000104-DUP2-R11330,3,,4,0,1
11331,CAB-etbg000108-DUP2-R11331,3,,12,0,1
11332,CAB-etbg000156-DUP2-R11332,3,,4,0,1
11333,CAB-etbg000159-DUP2-R11333,3,,0,0,1
11334,CAB-etbg045013-DUP2-R11334,3,,67,0,1
11335,CAB-etbg045016-DUP2-R11335,3,,16,0,1
11336,CAB-etbg045019-DUP2-R11336,3,,38,0,1
11337,CAB-etbg045022-DUP2-R11337,3,,211,0,1
11338,CAB-etbg045025-DUP2-R11338,3,,7,0,1
11339,CAB-etbg045028-DUP2-R11339,3,,0,10,1
11340,CAB-etbg045032-DUP2-R11340,3,,39,0,1
11341,CAB-etbg045035-DUP2-R11341,3,,425,0,1
11342,CAB-etbg045042-DUP2-R11342,3,,131,0,1
11343,CAB-etbg045054-DUP2-R11343,3,,77,10,1
11344,CAB-etbg045067-DUP2-R11344,3,,0,0,1
11345,CAB-etbg045076-DUP2-R11345,3,,9,0,1
11346,CAB-etbg045080-DUP2-R11346,3,,0,0,1
11347,CAB-etbg045104-DUP2-R11347,3,,5,0,1
11348,CAB-etbg045108-DUP2-R11348,3,,0,0,1
11349,CAB-etbg045153-DUP2-R11349,3,,10,0,1
11350,CAB-etbg045159-DUP2-R11350,3,,0,0,1
11351,CAB-fadp006022-DUP2-R11351,3,,0,0,1
11352,CAB-fadp015013-DUP2-R11352,3,,0,0,1
11353,CAB-fadp015016-DUP2-R11353,3,,0,0,1
11354,CAB-fadp015019-DUP2-R11354,3,,0,0,1
11355,CAB-fadp025025-DUP2-R11355,3,,0,0,1
11356,CAB-fadp065067-DUP2-R11356,3,,0,0,1
11357,CAB-fadp115013-DUP2-R11357,3,,1907,0,1
11358,CAB-fadp115016-DUP2-R11358,3,,371,0,1
11359,CAB-fadp120020-DUP2-R11359,3,,16,0,1
11360,CAB-fadp120022-DUP2-R11360,3,,70,0,1
11361,CAB-fadp125028-DUP2-R11361,3,,104,0,1
11362,CAB-fadp132035-DUP2-R11362,3,,40,0,1
11363,CAB-fadp140042-DUP2-R11363,3,,67,0,1
11364,CAB-fadp150054-DUP2-R11364,3,,63,0,1
11365,CAB-fair115030-DUP2-R11365,3,,0,0,1
11366,CAB-fair115050-DUP2-R11366,3,,2,0,1
11367,CAB-fdpu000101-DUP2-R11367,3,,71,15,1
11368,CAB-fdpu000102-DUP2-R11368,3,,2,0,1
11369,CAB-fdpu000201-DUP2-R11369,3,,80,30,1
11370,CAB-fdpu000202-DUP2-R11370,3,,57,0,1
11371,CAB-fdpu000203-DUP2-R11371,3,,126,30,1
11372,CAB-fdpu000302-DUP2-R11372,3,,22,0,1
11373,CAB-fdpu000303-DUP2-R11373,3,,18,0,1
11374,CAB-fdpu000304-DUP2-R11374,3,,44,8,1
11375,CAB-fdpu000600-DUP2-R11375,3,,0,0,1
11376,CAB-fdpu000601-DUP2-R11376,3,,21,0,1
11377,CAB-fdpu000605-DUP2-R11377,3,,0,0,1
11378,CAB-freo001022-DUP2-R11378,3,,0,0,1
11379,CAB-freo001134-DUP2-R11379,3,,0,0,1
11380,CAB-freo001404-DUP2-R11380,3,,1,0,1
11381,CAB-freo001407-DUP2-R11381,3,,1,0,1
11382,CAB-freo001410-DUP2-R11382,3,,0,0,1
11383,CAB-freo004022-DUP2-R11383,3,,0,0,1
11384,CAB-FREO006001-DUP2-R11384,3,,0,0,1
11385,CAB-fuel000025-DUP2-R11385,3,,0,0,1
11386,CAB-fuel000040-DUP2-R11386,3,,0,0,1
11387,CAB-gald100015-DUP2-R11387,3,,0,0,1
11388,CAB-gald110015-DUP2-R11388,3,,0,0,1
11389,CAB-gald110025-DUP2-R11389,3,,0,0,1
11390,CAB-gald110065-DUP2-R11390,3,,0,0,1
11391,CAB-gald120015-DUP2-R11391,3,,0,0,1
11392,CAB-gald150015-DUP2-R11392,3,,0,0,1
11393,CAB-gald160025-DUP2-R11393,3,,4,0,1
11394,CAB-gald180026-DUP2-R11394,3,,0,0,1
11395,CAB-gald180065-DUP2-R11395,3,,0,0,1
11396,CAB-gald180068-DUP2-R11396,3,,0,0,1
11397,CAB-gald190042-DUP2-R11397,3,,0,0,1
11398,CAB-gald200025-DUP2-R11398,3,,3,0,1
11399,CAB-gald200040-DUP2-R11399,3,,4,0,1
11400,CAB-gald210025-DUP2-R11400,3,,14,0,1
11401,CAB-gald240015-DUP2-R11401,3,,0,0,1
11402,CAB-gald260025-DUP2-R11402,3,,0,0,1
11403,CAB-gald280026-DUP2-R11403,3,,4,0,1
11404,CAB-gald280032-DUP2-R11404,3,,8,0,1
11405,CAB-gald280041-DUP2-R11405,3,,7,0,1
11406,CAB-GALD430050-DUP2-R11406,3,,0,0,1
11407,CAB-gald520015-DUP2-R11407,3,,0,0,1
11408,CAB-GALD525015-DUP2-R11408,3,,0,0,1
11409,CAB-GALV001040-DUP2-R11409,3,,0,0,1
11410,CAB-GALV001050-DUP2-R11410,3,,0,0,1
11411,CAB-GALV001070-DUP2-R11411,3,,0,0,1
11412,CAB-galv001100-DUP2-R11412,3,,0,0,1
11413,CAB-galv001120-DUP2-R11413,3,,0,0,1
11414,CAB-GALV001140-DUP2-R11414,3,,0,0,1
11415,CAB-GALV001150-DUP2-R11415,3,,0,0,1
11416,CAB-glct001000-DUP2-R11416,3,,0,0,1
11417,CAB-glct001001-DUP2-R11417,3,,0,0,1
11418,CAB-glwl000001-DUP2-R11418,3,,13,2,1
11419,CAB-glwl011625-DUP2-R11419,3,,22,0,1
11420,CAB-glwl011650-DUP2-R11420,3,,17,0,1
11421,CAB-glwl012425-DUP2-R11421,3,,22,0,1
11422,CAB-glwl012450-DUP2-R11422,3,,0,0,1
11423,CAB-GLWL012451-DUP2-R11423,3,,14,0,1
11424,CAB-glwl013225-DUP2-R11424,3,,8,0,1
11425,CAB-glwl013250-DUP2-R11425,3,,8,0,1
11426,CAB-glwl014825-DUP2-R11426,3,,0,0,1
11427,CAB-glwl014850-DUP2-R11427,3,,0,0,1
11428,CAB-GMTA000163-DUP2-R11428,3,,1,0,1
11429,CAB-GMTA000164-DUP2-R11429,3,,0,0,1
11430,CAB-GMTA000165-DUP2-R11430,3,,200,0,1
11431,CAB-GMTA000305-DUP2-R11431,3,,19,0,1
11432,CAB-gmta001016-DUP2-R11432,3,,0,0,1
11433,CAB-gmta002009-DUP2-R11433,3,,0,0,1
11434,CAB-gmta002013-DUP2-R11434,3,,145,0,1
11435,CAB-gmta002016-DUP2-R11435,3,,118,0,1
11436,CAB-gmta010020-DUP2-R11436,3,,122,0,1
11437,CAB-GMTA013101-DUP2-R11437,3,,90,0,1
11438,CAB-GMTA013103-DUP2-R11438,3,,238,0,1
11439,CAB-GMTA013106-DUP2-R11439,3,,70,0,1
11440,CAB-GMTA013110-DUP2-R11440,3,,372,0,1
11441,CAB-GMTA013120-DUP2-R11441,3,,318,0,1
11442,CAB-GMTA013130-DUP2-R11442,3,,100,0,1
11443,CAB-GMTA015000-DUP2-R11443,3,,191,0,1
11444,CAB-gmta017001-DUP2-R11444,3,,61,0,1
11445,CAB-GMTA017002-DUP2-R11445,3,,227,0,1
11446,CAB-gmta050000-DUP2-R11446,3,,100,0,1
11447,CAB-gmta065000-DUP2-R11447,3,,0,0,1
11448,CAB-gmta065001-DUP2-R11448,3,,128,0,1
11449,CAB-gmta065002-DUP2-R11449,3,,0,0,1
11450,CAB-gmta065004-DUP2-R11450,3,,1,0,1
11451,CAB-gmta065006-DUP2-R11451,3,,5,0,1
11452,CAB-gmta065010-DUP2-R11452,3,,1,0,1
11453,CAB-gmta065016-DUP2-R11453,3,,18,0,1
11454,CAB-gmta065025-DUP2-R11454,3,,64,0,1
11455,CAB-gmta065040-DUP2-R11455,3,,8,0,1
11456,CAB-gmta065060-DUP2-R11456,3,,0,0,1
11457,CAB-gmta065100-DUP2-R11457,3,,22,0,1
11458,CAB-gmta065250-DUP2-R11458,3,,16,0,1
11459,CAB-gmta066002-DUP2-R11459,3,,0,0,1
11460,CAB-gmta066010-DUP2-R11460,3,,0,0,1
11461,CAB-gmta066016-DUP2-R11461,3,,0,0,1
11462,CAB-gmta066025-DUP2-R11462,3,,0,0,1
11463,CAB-GMTA067001-DUP2-R11463,3,,121,0,1
11464,CAB-GMTA067002-DUP2-R11464,3,,155,0,1
11465,CAB-GMTA067004-DUP2-R11465,3,,303,0,1
11466,CAB-GMTA067006-DUP2-R11466,3,,287,0,1
11467,CAB-GMTA067010-DUP2-R11467,3,,111,10,1
11468,CAB-GMTA067016-DUP2-R11468,3,,218,0,1
11469,CAB-GMTA067025-DUP2-R11469,3,,314,0,1
11470,CAB-GMTA067040-DUP2-R11470,3,,12,0,1
11471,CAB-GMTA067060-DUP2-R11471,3,,253,0,1
11472,CAB-GMTA067250-DUP2-R11472,3,,2,0,1
11473,CAB-GMTA067251-DUP2-R11473,3,,0,0,1
11474,CAB-gmta100000-DUP2-R11474,3,,16,0,1
11475,CAB-gmta100001-DUP2-R11475,3,,43,0,1
11476,CAB-gmta100002-DUP2-R11476,3,,23,0,1
11477,CAB-gmta100004-DUP2-R11477,3,,46,0,1
11478,CAB-gmta100006-DUP2-R11478,3,,0,0,1
11479,CAB-gmta100010-DUP2-R11479,3,,0,0,1
11480,CAB-gmta100011-DUP2-R11480,3,,63,0,1
11481,CAB-gmta100016-DUP2-R11481,3,,17,0,1
11482,CAB-gmta100020-DUP2-R11482,3,,0,0,1
11483,CAB-gmta100025-DUP2-R11483,3,,1,0,1
11484,CAB-gmta100035-DUP2-R11484,3,,49,0,1
11485,CAB-gmta100040-DUP2-R11485,3,,0,0,1
11486,CAB-gmta100060-DUP2-R11486,3,,53,0,1
11487,CAB-gmta100070-DUP2-R11487,3,,18,0,1
11488,CAB-gmta100100-DUP2-R11488,3,,58,0,1
11489,CAB-gmta100250-DUP2-R11489,3,,0,0,1
11490,CAB-GMTA101001-DUP2-R11490,3,,50,0,1
11491,CAB-GMTA101006-DUP2-R11491,3,,1,0,1
11492,CAB-GMTA101010-DUP2-R11492,3,,187,0,1
11493,CAB-GMTA101016-DUP2-R11493,3,,11,0,1
11494,CAB-GMTA101020-DUP2-R11494,3,,1,0,1
11495,CAB-GMTA101025-DUP2-R11495,3,,8,0,1
11496,CAB-GMTA101250-DUP2-R11496,3,,31,0,1
11497,CAB-gmta110001-DUP2-R11497,3,,0,0,1
11498,CAB-gmta110004-DUP2-R11498,3,,0,0,1
11499,CAB-gmta110006-DUP2-R11499,3,,0,0,1
11500,CAB-gmta110016-DUP2-R11500,3,,0,0,1
11501,CAB-gmta110020-DUP2-R11501,3,,0,0,1
11502,CAB-gmta110025-DUP2-R11502,3,,21,0,1
11503,CAB-gmta110040-DUP2-R11503,3,,26,0,1
11504,CAB-gmta110100-DUP2-R11504,3,,32,0,1
11505,CAB-gmta110250-DUP2-R11505,3,,43,0,1
11506,CAB-gmta112006-DUP2-R11506,3,,0,0,1
11507,CAB-gmta112010-DUP2-R11507,3,,0,0,1
11508,CAB-gmta112016-DUP2-R11508,3,,0,0,1
11509,CAB-gmta112025-DUP2-R11509,3,,2,0,1
11510,CAB-GMTA112125-DUP2-R11510,3,,0,0,1
11511,CAB-gmta112250-DUP2-R11511,3,,11,0,1
11512,CAB-gmta114006-DUP2-R11512,3,,11,0,1
11513,CAB-gmta114010-DUP2-R11513,3,,76,0,1
11514,CAB-gmta114016-DUP2-R11514,3,,0,0,1
11515,CAB-GMTA114025-DUP2-R11515,3,,15,0,1
11516,CAB-GMTA114250-DUP2-R11516,3,,13,0,1
11517,CAB-GMTA120002-DUP2-R11517,3,,47,0,1
11518,CAB-GMTA120006-DUP2-R11518,3,,55,0,1
11519,CAB-GMTA120010-DUP2-R11519,3,,95,0,1
11520,CAB-GMTA120016-DUP2-R11520,3,,81,0,1
11521,CAB-gmta120025-DUP2-R11521,3,,1,0,1
11522,CAB-GMTA130016-DUP2-R11522,3,,0,0,1
11523,CAB-GMTA130025-DUP2-R11523,3,,83,0,1
11524,CAB-GMTA150022-DUP2-R11524,3,,7,0,1
11525,CAB-GMTA163010-DUP2-R11525,3,,74,0,1
11526,CAB-gmta165010-DUP2-R11526,3,,0,0,1
11527,CAB-gmta165011-DUP2-R11527,3,,131,0,1
11528,CAB-gmta165016-DUP2-R11528,3,,0,0,1
11529,CAB-gmta165076-DUP2-R11529,3,,46,0,1
11530,CAB-gmta166000-DUP2-R11530,3,,237,0,1
11531,CAB-gmta166010-DUP2-R11531,3,,88,0,1
11532,CAB-gmta166015-DUP2-R11532,3,,0,0,1
11533,CAB-gmta166025-DUP2-R11533,3,,0,0,1
11534,CAB-gmta166035-DUP2-R11534,3,,0,0,1
11535,CAB-GMTA167010-DUP2-R11535,3,,50,0,1
11536,CAB-GMTA167016-DUP2-R11536,3,,31,0,1
11537,CAB-GMTA167025-DUP2-R11537,3,,38,0,1
11538,CAB-GMTA167035-DUP2-R11538,3,,45,0,1
11539,CAB-GMTA168000-DUP2-R11539,3,,36,50,1
11540,CAB-gmta168010-DUP2-R11540,3,,4,50,1
11541,CAB-gmta169010-DUP2-R11541,3,,0,0,1
11542,CAB-gmta169076-DUP2-R11542,3,,43,0,1
11543,CAB-GMTA170000-DUP2-R11543,3,,0,0,1
11544,CAB-GMTA170001-DUP2-R11544,3,,15,0,1
11545,CAB-GMTA170010-DUP2-R11545,3,,25,0,1
11546,CAB-gmta231050-DUP2-R11546,3,,0,0,1
11547,CAB-gmta231100-DUP2-R11547,3,,229,10,1
11548,CAB-gmta231120-DUP2-R11548,3,,187,0,1
11549,CAB-gmta231200-DUP2-R11549,3,,0,0,1
11550,CAB-gmta231300-DUP2-R11550,3,,0,0,1
11551,CAB-gmta231500-DUP2-R11551,3,,0,0,1
11552,CAB-gmta232051-DUP2-R11552,3,,0,0,1
11553,CAB-GMTA233050-DUP2-R11553,3,,6,0,1
11554,CAB-gmta234200-DUP2-R11554,3,,0,0,1
11555,CAB-gmta234300-DUP2-R11555,3,,0,0,1
11556,CAB-gmta234500-DUP2-R11556,3,,0,0,1
11557,CAB-gmta241040-DUP2-R11557,3,,0,0,1
11558,CAB-gmta241050-DUP2-R11558,3,,11,0,1
11559,CAB-gmta241100-DUP2-R11559,3,,9,0,1
11560,CAB-gmta241120-DUP2-R11560,3,,6,0,1
11561,CAB-gmta241200-DUP2-R11561,3,,35,0,1
11562,CAB-gmta241300-DUP2-R11562,3,,9,0,1
11563,CAB-gmta241500-DUP2-R11563,3,,7,0,1
11564,CAB-GMTA241600-DUP2-R11564,3,,5,0,1
11565,CAB-gmta252300-DUP2-R11565,3,,1,0,1
11566,CAB-gmta265060-DUP2-R11566,3,,10,0,1
11567,CAB-gmta265100-DUP2-R11567,3,,146,0,1
11568,CAB-gmta265500-DUP2-R11568,3,,175,0,1
11569,CAB-gmta271300-DUP2-R11569,3,,0,0,1
11570,CAB-gmta300015-DUP2-R11570,3,,17,0,1
11571,CAB-gmta300025-DUP2-R11571,3,,20,0,1
11572,CAB-GMTA310030-DUP2-R11572,3,,120,0,1
11573,CAB-GMTA310060-DUP2-R11573,3,,0,0,1
11574,CAB-gmta360500-DUP2-R11574,3,,26,0,1
11575,CAB-gmta361000-DUP2-R11575,3,,18,0,1
11576,CAB-gmta362000-DUP2-R11576,3,,25,0,1
11577,CAB-gmta362001-DUP2-R11577,3,,0,0,1
11578,CAB-GMTA365025-DUP2-R11578,3,,5,0,1
11579,CAB-GMTA365250-DUP2-R11579,3,,4,0,1
11580,CAB-gmta380500-DUP2-R11580,3,,25,0,1
11581,CAB-gmta381000-DUP2-R11581,3,,14,0,1
11582,CAB-gmta382000-DUP2-R11582,3,,21,0,1
11583,CAB-gmta400006-DUP2-R11583,3,,0,0,1
11584,CAB-gmta400010-DUP2-R11584,3,,17,0,1
11585,CAB-gmta400011-DUP2-R11585,3,,5,0,1
11586,CAB-gmta400015-DUP2-R11586,3,,11,0,1
11587,CAB-GMTA400016-DUP2-R11587,3,,11,0,1
11588,CAB-gmta400020-DUP2-R11588,3,,3,0,1
11589,CAB-GMTA400021-DUP2-R11589,3,,14,0,1
11590,CAB-gmta400025-DUP2-R11590,3,,1,0,1
11591,CAB-gmta400026-DUP2-R11591,3,,12,0,1
11592,CAB-gmta400032-DUP2-R11592,3,,0,0,1
11593,CAB-gmta400033-DUP2-R11593,3,,14,0,1
11594,CAB-gmta400040-DUP2-R11594,3,,1,0,1
11595,CAB-gmta400041-DUP2-R11595,3,,12,0,1
11596,CAB-gmta400051-DUP2-R11596,3,,6,0,1
11597,CAB-GMTA400065-DUP2-R11597,3,,1,0,1
11598,CAB-GMTA400080-DUP2-R11598,3,,1,0,1
11599,CAB-kala000000-DUP2-R11599,3,,13,6,1
11600,CAB-kala000001-DUP2-R11600,3,,202,300,1
11601,CAB-kala000015-DUP2-R11601,3,,0,0,1
11602,CAB-kawa000001-DUP2-R11602,3,,32,0,1
11603,CAB-kitz001006-DUP2-R11603,3,,0,0,1
11604,CAB-kitz001009-DUP2-R11604,3,,0,0,1
11605,CAB-kitz001013-DUP2-R11605,3,,34,0,1
11606,CAB-kitz001020-DUP2-R11606,3,,239,0,1
11607,CAB-kitz001025-DUP2-R11607,3,,81,0,1
11608,CAB-kitz001032-DUP2-R11608,3,,17,0,1
11609,CAB-kitz001040-DUP2-R11609,3,,26,0,1
11610,CAB-kitz001050-DUP2-R11610,3,,18,0,1
11611,CAB-kitz001065-DUP2-R11611,3,,0,0,1
11612,CAB-kitz001080-DUP2-R11612,3,,0,0,1
11613,CAB-kitz002025-DUP2-R11613,3,,0,0,1
11614,CAB-kitz003040-DUP2-R11614,3,,0,0,1
11615,CAB-kitz003050-DUP2-R11615,3,,0,0,1
11616,CAB-kitz003065-DUP2-R11616,3,,0,0,1
11617,CAB-kitz003080-DUP2-R11617,3,,0,0,1
11618,CAB-kitz003100-DUP2-R11618,3,,0,0,1
11619,CAB-kitz003125-DUP2-R11619,3,,0,0,1
11620,CAB-kitz003150-DUP2-R11620,3,,0,0,1
11621,CAB-kitz003200-DUP2-R11621,3,,0,0,1
11622,CAB-kitz003250-DUP2-R11622,3,,0,0,1
11623,CAB-kitz003300-DUP2-R11623,3,,0,0,1
11624,CAB-kitz004006-DUP2-R11624,3,,0,0,1
11625,CAB-kitz004009-DUP2-R11625,3,,55,0,1
11626,CAB-kitz004015-DUP2-R11626,3,,916,6,1
11627,CAB-kitz004020-DUP2-R11627,3,,89,51,1
11628,CAB-kitz004025-DUP2-R11628,3,,44,1,1
11629,CAB-kitz004032-DUP2-R11629,3,,14,12,1
11630,CAB-kitz004040-DUP2-R11630,3,,14,0,1
11631,CAB-kitz004050-DUP2-R11631,3,,15,0,1
11632,CAB-kitz004065-DUP2-R11632,3,,0,0,1
11633,CAB-kitz004080-DUP2-R11633,3,,0,0,1
11634,CAB-kitz004100-DUP2-R11634,3,,0,0,1
11635,CAB-kitz005010-DUP2-R11635,3,,0,0,1
11636,CAB-kitz005015-DUP2-R11636,3,,27,0,1
11637,CAB-kitz005020-DUP2-R11637,3,,11,0,1
11638,CAB-kitz005025-DUP2-R11638,3,,17,0,1
11639,CAB-kitz005032-DUP2-R11639,3,,14,0,1
11640,CAB-kitz005033-DUP2-R11640,3,,0,0,1
11641,CAB-kitz005040-DUP2-R11641,3,,16,0,1
11642,CAB-kitz005050-DUP2-R11642,3,,3,0,1
11643,CAB-kitz005065-DUP2-R11643,3,,0,0,1
11644,CAB-kitz005080-DUP2-R11644,3,,0,0,1
11645,CAB-kitz006080-DUP2-R11645,3,,0,0,1
11646,CAB-kitz006100-DUP2-R11646,3,,0,0,1
11647,CAB-kitz006125-DUP2-R11647,3,,0,0,1
11648,CAB-kitz006150-DUP2-R11648,3,,0,0,1
11649,CAB-kitz007015-DUP2-R11649,3,,38,0,1
11650,CAB-kitz007020-DUP2-R11650,3,,50,0,1
11651,CAB-kitz007025-DUP2-R11651,3,,24,0,1
11652,CAB-kitz007032-DUP2-R11652,3,,5,0,1
11653,CAB-kitz007040-DUP2-R11653,3,,5,0,1
11654,CAB-kitz007050-DUP2-R11654,3,,5,0,1
11655,CAB-kitz007065-DUP2-R11655,3,,0,0,1
11656,CAB-kitz007080-DUP2-R11656,3,,0,0,1
11657,CAB-kitz008050-DUP2-R11657,3,,0,0,1
11658,CAB-kitz008065-DUP2-R11658,3,,0,0,1
11659,CAB-kitz008080-DUP2-R11659,3,,0,0,1
11660,CAB-kitz008100-DUP2-R11660,3,,0,0,1
11661,CAB-kitz008125-DUP2-R11661,3,,0,0,1
11662,CAB-kitz008150-DUP2-R11662,3,,0,0,1
11663,CAB-kitz009015-DUP2-R11663,3,,0,0,1
11664,CAB-kitz009020-DUP2-R11664,3,,0,0,1
11665,CAB-kitz009025-DUP2-R11665,3,,0,0,1
11666,CAB-kitz009040-DUP2-R11666,3,,0,0,1
11667,CAB-kitz009050-DUP2-R11667,3,,0,0,1
11668,CAB-kitz009065-DUP2-R11668,3,,0,0,1
11669,CAB-kitz010050-DUP2-R11669,3,,0,0,1
11670,CAB-kitz010065-DUP2-R11670,3,,0,0,1
11671,CAB-kitz010080-DUP2-R11671,3,,0,0,1
11672,CAB-kitz010100-DUP2-R11672,3,,0,0,1
11673,CAB-kitz010125-DUP2-R11673,3,,0,0,1
11674,CAB-kitz010150-DUP2-R11674,3,,0,0,1
11675,CAB-kitz010200-DUP2-R11675,3,,0,0,1
11676,CAB-kitz010300-DUP2-R11676,3,,0,0,1
11677,CAB-KITZ011040-DUP2-R11677,3,,0,0,1
11678,CAB-kitz011080-DUP2-R11678,3,,0,0,1
11679,CAB-kitz012015-DUP2-R11679,3,,0,0,1
11680,CAB-kitz012020-DUP2-R11680,3,,0,0,1
11681,CAB-kitz013006-DUP2-R11681,3,,0,0,1
11682,CAB-kitz013010-DUP2-R11682,3,,0,0,1
11683,CAB-kitz013015-DUP2-R11683,3,,0,0,1
11684,CAB-kitz013025-DUP2-R11684,3,,0,0,1
11685,CAB-kitz013032-DUP2-R11685,3,,0,0,1
11686,CAB-kitz013040-DUP2-R11686,3,,0,0,1
11687,CAB-kitz013050-DUP2-R11687,3,,0,0,1
11688,CAB-kitz016150-DUP2-R11688,3,,0,0,1
11689,CAB-kitz019015-DUP2-R11689,3,,0,0,1
11690,CAB-kitz019020-DUP2-R11690,3,,0,0,1
11691,CAB-kitz019025-DUP2-R11691,3,,0,0,1
11692,CAB-kitz019032-DUP2-R11692,3,,0,0,1
11693,CAB-kitz019040-DUP2-R11693,3,,0,0,1
11694,CAB-kitz019050-DUP2-R11694,3,,0,0,1
11695,CAB-kitz019065-DUP2-R11695,3,,0,0,1
11696,CAB-kitz020080-DUP2-R11696,3,,0,0,1
11697,CAB-kitz021032-DUP2-R11697,3,,0,0,1
11698,CAB-kitz021050-DUP2-R11698,3,,0,0,1
11699,CAB-kitz021065-DUP2-R11699,3,,0,0,1
11700,CAB-kitz021080-DUP2-R11700,3,,0,0,1
11701,CAB-kitz021150-DUP2-R11701,3,,0,0,1
11702,CAB-kitz022050-DUP2-R11702,3,,0,0,1
11703,CAB-kitz022065-DUP2-R11703,3,,0,0,1
11704,CAB-kitz022080-DUP2-R11704,3,,0,0,1
11705,CAB-kitz022100-DUP2-R11705,3,,0,0,1
11706,CAB-kitz022150-DUP2-R11706,3,,0,0,1
11707,CAB-kitz022250-DUP2-R11707,3,,0,0,1
11708,CAB-kitz023050-DUP2-R11708,3,,0,0,1
11709,CAB-kitz023065-DUP2-R11709,3,,0,0,1
11710,CAB-kitz023080-DUP2-R11710,3,,0,0,1
11711,CAB-kitz023100-DUP2-R11711,3,,0,0,1
11712,CAB-kitz023150-DUP2-R11712,3,,0,0,1
11713,CAB-kitz026015-DUP2-R11713,3,,0,0,1
11714,CAB-kitz026025-DUP2-R11714,3,,0,0,1
11715,CAB-kitz026050-DUP2-R11715,3,,0,0,1
11716,CAB-kitz028065-DUP2-R11716,3,,0,0,1
11717,CAB-kitz125150-DUP2-R11717,3,,0,0,1
11718,CAB-kitz125200-DUP2-R11718,3,,0,0,1
11719,CAB-kitz125300-DUP2-R11719,3,,0,0,1
11720,CAB-kitz126065-DUP2-R11720,3,,0,0,1
11721,CAB-KITZ127100-DUP2-R11721,3,,0,0,1
11722,CAB-KITZ127150-DUP2-R11722,3,,0,0,1
11723,CAB-kitz128065-DUP2-R11723,3,,0,0,1
11724,CAB-kitz128100-DUP2-R11724,3,,0,0,1
11725,CAB-kitz129015-DUP2-R11725,3,,0,0,1
11726,CAB-kitz800025-DUP2-R11726,3,,2,0,1
11727,CAB-kors000001-DUP2-R11727,3,,25,0,1
11728,CAB-kors000002-DUP2-R11728,3,,0,0,1
11729,CAB-kors000003-DUP2-R11729,3,,0,0,1
11730,CAB-kors000004-DUP2-R11730,3,,0,0,1
11731,CAB-kors000007-DUP2-R11731,3,,0,0,1
11732,CAB-kors000008-DUP2-R11732,3,,0,0,1
11733,CAB-kors000020-DUP2-R11733,3,,0,0,1
11734,CAB-kors000025-DUP2-R11734,3,,0,0,1
11735,CAB-ksss000300-DUP2-R11735,3,,4,0,1
11736,CAB-lelb008008-DUP2-R11736,3,,1503,0,1
11737,CAB-lelb009009-DUP2-R11737,3,,616,0,1
11738,CAB-lelb013013-DUP2-R11738,3,,1062,0,1
11739,CAB-lelb016016-DUP2-R11739,3,,1914,0,1
11740,CAB-lelb019019-DUP2-R11740,3,,2140,0,1
11741,CAB-lelb022022-DUP2-R11741,3,,5566,0,1
11742,CAB-lelb028028-DUP2-R11742,3,,2178,0,1
11743,CAB-lelb035035-DUP2-R11743,3,,665,8,1
11744,CAB-lelb042042-DUP2-R11744,3,,690,0,1
11745,CAB-lelb054054-DUP2-R11745,3,,623,0,1
11746,CAB-lelb067067-DUP2-R11746,3,,140,0,1
11747,CAB-lelb076076-DUP2-R11747,3,,0,0,1
11748,CAB-lelb108108-DUP2-R11748,3,,0,0,1
11749,CAB-lelb153153-DUP2-R11749,3,,0,0,1
11750,CAB-LGBH000001-DUP2-R11750,3,,0,0,1
11751,CAB-macu106009-DUP2-R11751,3,,1517,0,1
11752,CAB-macu115013-DUP2-R11752,3,,4490,4,1
11753,CAB-macu115016-DUP2-R11753,3,,0,0,1
11754,CAB-macu115019-DUP2-R11754,3,,0,0,1
11755,CAB-macu120016-DUP2-R11755,3,,22,0,1
11756,CAB-macu120019-DUP2-R11756,3,,0,0,1
11757,CAB-macu120022-DUP2-R11757,3,,66,113,1
11758,CAB-macu125028-DUP2-R11758,3,,0,0,1
11759,CAB-macu132035-DUP2-R11759,3,,243,25,1
11760,CAB-macu140042-DUP2-R11760,3,,14,6,1
11761,CAB-macu150054-DUP2-R11761,3,,21,0,1
11762,CAB-macu165067-DUP2-R11762,3,,32,0,1
11763,CAB-macu180080-DUP2-R11763,3,,1,0,1
11764,CAB-MAGN310030-DUP2-R11764,3,,0,0,1
11765,CAB-MCVT006008-DUP2-R11765,3,,0,0,1
11766,CAB-modu001004-DUP2-R11766,3,,0,0,1
11767,CAB-modu001006-DUP2-R11767,3,,0,0,1
11768,CAB-MRHE110750-DUP2-R11768,3,,260,0,1
11769,CAB-MRHE110850-DUP2-R11769,3,,331,0,1
11770,CAB-MRHE110950-DUP2-R11770,3,,291,0,1
11771,CAB-muni015016-DUP2-R11771,3,,496,50,1
11772,CAB-MUNI015019-DUP2-R11772,3,,214,0,1
11773,CAB-muni015022-DUP2-R11773,3,,0,0,1
11774,CAB-muni020022-DUP2-R11774,3,,355,50,1
11775,CAB-MUNI020023-DUP2-R11775,3,,1,0,1
11776,CAB-MUNI025027-DUP2-R11776,3,,0,0,1
11777,CAB-muni025028-DUP2-R11777,3,,587,50,1
11778,CAB-muni032035-DUP2-R11778,3,,21,10,1
11779,CAB-MUNI032036-DUP2-R11779,3,,0,0,1
11780,CAB-muni040042-DUP2-R11780,3,,201,0,1
11781,CAB-MUNI040043-DUP2-R11781,3,,1,0,1
11782,CAB-muni050054-DUP2-R11782,3,,207,0,1
11783,CAB-MUNI050055-DUP2-R11783,3,,0,0,1
11784,CAB-muni065067-DUP2-R11784,3,,13,0,1
11785,CAB-nepe900003-DUP2-R11785,3,,1000,0,1
11786,CAB-NEPE900011-DUP2-R11786,3,,1945,122,1
11787,CAB-NEPE900031-DUP2-R11787,3,,1414,0,1
11788,CAB-nepe900059-DUP2-R11788,3,,0,0,1
11789,CAB-NEPE900065-DUP2-R11789,3,,0,0,1
11790,CAB-NEPE900089-DUP2-R11790,3,,1,0,1
11791,CAB-NEPE900090-DUP2-R11791,3,,5,0,1
11792,CAB-NEPE901011-DUP2-R11792,3,,0,0,1
11793,CAB-nibc001006-DUP2-R11793,3,,150,0,1
11794,CAB-nibc001009-DUP2-R11794,3,,204,0,1
11795,CAB-nibc001013-DUP2-R11795,3,,0,0,1
11796,CAB-nibc001016-DUP2-R11796,3,,29,0,1
11797,CAB-nibc001019-DUP2-R11797,3,,25,0,1
11798,CAB-nibc001022-DUP2-R11798,3,,28,15,1
11799,CAB-nibc001028-DUP2-R11799,3,,30,0,1
11800,CAB-nibc001035-DUP2-R11800,3,,12,0,1
11801,CAB-nibc001042-DUP2-R11801,3,,6,0,1
11802,CAB-nibc001054-DUP2-R11802,3,,0,0,1
11803,CAB-nibc001067-DUP2-R11803,3,,7,0,1
11804,CAB-nibc001080-DUP2-R11804,3,,7,0,1
11805,CAB-nibc001104-DUP2-R11805,3,,0,0,1
11806,CAB-nibc002013-DUP2-R11806,3,,0,0,1
11807,CAB-nibc002016-DUP2-R11807,3,,56,0,1
11808,CAB-nibc002019-DUP2-R11808,3,,0,0,1
11809,CAB-nibc002022-DUP2-R11809,3,,0,0,1
11810,CAB-nibc002028-DUP2-R11810,3,,0,0,1
11811,CAB-nibc002035-DUP2-R11811,3,,0,0,1
11812,CAB-nibc002042-DUP2-R11812,3,,0,0,1
11813,CAB-nibc002054-DUP2-R11813,3,,0,0,1
11814,CAB-nibc003016-DUP2-R11814,3,,46,0,1
11815,CAB-nibc003028-DUP2-R11815,3,,51,52,1
11816,CAB-nibc003035-DUP2-R11816,3,,0,0,1
11817,CAB-nibc003042-DUP2-R11817,3,,0,0,1
11818,CAB-nibc004022-DUP2-R11818,3,,0,0,1
11819,CAB-nibc004028-DUP2-R11819,3,,0,0,1
11820,CAB-nibc005006-DUP2-R11820,3,,687,0,1
11821,CAB-nibc005009-DUP2-R11821,3,,252,0,1
11822,CAB-nibc005013-DUP2-R11822,3,,74,0,1
11823,CAB-nibc005016-DUP2-R11823,3,,1,0,1
11824,CAB-nibc005019-DUP2-R11824,3,,158,0,1
11825,CAB-nibc005022-DUP2-R11825,3,,23,0,1
11826,CAB-nibc005028-DUP2-R11826,3,,26,0,1
11827,CAB-nibc005035-DUP2-R11827,3,,114,0,1
11828,CAB-nibc005042-DUP2-R11828,3,,2,0,1
11829,CAB-nibc005054-DUP2-R11829,3,,50,0,1
11830,CAB-nibc005067-DUP2-R11830,3,,38,0,1
11831,CAB-nibc005080-DUP2-R11831,3,,17,0,1
11832,CAB-nibc005104-DUP2-R11832,3,,8,0,1
11833,CAB-nibc006006-DUP2-R11833,3,,0,0,1
11834,CAB-nibc006009-DUP2-R11834,3,,122,0,1
11835,CAB-nibc006013-DUP2-R11835,3,,106,0,1
11836,CAB-nibc006016-DUP2-R11836,3,,152,0,1
11837,CAB-nibc006019-DUP2-R11837,3,,94,0,1
11838,CAB-nibc006022-DUP2-R11838,3,,103,0,1
11839,CAB-nibc006028-DUP2-R11839,3,,95,0,1
11840,CAB-nibc006035-DUP2-R11840,3,,108,0,1
11841,CAB-nibc006042-DUP2-R11841,3,,47,0,1
11842,CAB-nibc006054-DUP2-R11842,3,,0,0,1
11843,CAB-nibc006067-DUP2-R11843,3,,11,0,1
11844,CAB-nibc006080-DUP2-R11844,3,,11,0,1
11845,CAB-nibc006104-DUP2-R11845,3,,5,0,1
11846,CAB-nibc007013-DUP2-R11846,3,,121,0,1
11847,CAB-nibc007016-DUP2-R11847,3,,0,0,1
11848,CAB-nibc007022-DUP2-R11848,3,,0,0,1
11849,CAB-nibc007028-DUP2-R11849,3,,0,0,1
11850,CAB-nibc007035-DUP2-R11850,3,,0,0,1
11851,CAB-nibc007042-DUP2-R11851,3,,133,0,1
11852,CAB-nibc007054-DUP2-R11852,3,,44,0,1
11853,CAB-nibc007067-DUP2-R11853,3,,14,0,1
11854,CAB-nibc007080-DUP2-R11854,3,,9,0,1
11855,CAB-nibc008016-DUP2-R11855,3,,0,0,1
11856,CAB-nibc045013-DUP2-R11856,3,,99,0,1
11857,CAB-nibc045016-DUP2-R11857,3,,78,0,1
11858,CAB-nibc045022-DUP2-R11858,3,,0,0,1
11859,CAB-nibc045028-DUP2-R11859,3,,94,0,1
11860,CAB-nibc045035-DUP2-R11860,3,,128,0,1
11861,CAB-nibc045042-DUP2-R11861,3,,183,0,1
11862,CAB-nibc045054-DUP2-R11862,3,,34,0,1
11863,CAB-nibc045067-DUP2-R11863,3,,25,0,1
11864,CAB-nibc045080-DUP2-R11864,3,,5,0,1
11865,CAB-nibc045100-DUP2-R11865,3,,7,0,1
11866,CAB-nibr013009-DUP2-R11866,3,,196,0,1
11867,CAB-nibr016013-DUP2-R11867,3,,24,0,1
11868,CAB-nibr019013-DUP2-R11868,3,,113,0,1
11869,CAB-nibr019016-DUP2-R11869,3,,0,0,1
11870,CAB-nibr022016-DUP2-R11870,3,,150,0,1
11871,CAB-nibr028016-DUP2-R11871,3,,222,0,1
11872,CAB-nibr028019-DUP2-R11872,3,,57,0,1
11873,CAB-nibr028022-DUP2-R11873,3,,220,0,1
11874,CAB-nibr035016-DUP2-R11874,3,,54,0,1
11875,CAB-nibr035022-DUP2-R11875,3,,233,0,1
11876,CAB-nibr035028-DUP2-R11876,3,,73,0,1
11877,CAB-nibr042016-DUP2-R11877,3,,43,0,1
11878,CAB-nibr042022-DUP2-R11878,3,,76,0,1
11879,CAB-nibr042028-DUP2-R11879,3,,0,0,1
11880,CAB-nibr042035-DUP2-R11880,3,,42,0,1
11881,CAB-nibr054016-DUP2-R11881,3,,47,0,1
11882,CAB-nibr054022-DUP2-R11882,3,,17,0,1
11883,CAB-nibr054028-DUP2-R11883,3,,9,0,1
11884,CAB-nibr054035-DUP2-R11884,3,,44,0,1
11885,CAB-nibr054042-DUP2-R11885,3,,1,0,1
11886,CAB-nibr067035-DUP2-R11886,3,,45,0,1
11887,CAB-nibr067042-DUP2-R11887,3,,16,0,1
11888,CAB-nibr067054-DUP2-R11888,3,,0,0,1
11889,CAB-nibr080042-DUP2-R11889,3,,5,0,1
11890,CAB-nibr080054-DUP2-R11890,3,,1,0,1
11891,CAB-nibr080067-DUP2-R11891,3,,0,0,1
11892,CAB-nibr104067-DUP2-R11892,3,,4,0,1
11893,CAB-nibr104080-DUP2-R11893,3,,3,0,1
11894,CAB-nibt013009-DUP2-R11894,3,,0,0,1
11895,CAB-nibt016013-DUP2-R11895,3,,0,0,1
11896,CAB-nibt019013-DUP2-R11896,3,,0,0,1
11897,CAB-nibt019016-DUP2-R11897,3,,0,0,1
11898,CAB-nibt022016-DUP2-R11898,3,,0,0,1
11899,CAB-nibt028016-DUP2-R11899,3,,0,0,1
11900,CAB-nibt028022-DUP2-R11900,3,,0,0,1
11901,CAB-nibt035016-DUP2-R11901,3,,0,0,1
11902,CAB-nibt035022-DUP2-R11902,3,,46,0,1
11903,CAB-nibt035028-DUP2-R11903,3,,0,0,1
11904,CAB-nibt042016-DUP2-R11904,3,,0,0,1
11905,CAB-nibt042022-DUP2-R11905,3,,77,0,1
11906,CAB-nibt042028-DUP2-R11906,3,,0,0,1
11907,CAB-nibt042035-DUP2-R11907,3,,0,0,1
11908,CAB-nibt054016-DUP2-R11908,3,,0,0,1
11909,CAB-nibt054022-DUP2-R11909,3,,0,0,1
11910,CAB-nibt054028-DUP2-R11910,3,,0,0,1
11911,CAB-nibt054035-DUP2-R11911,3,,0,0,1
11912,CAB-nibt054042-DUP2-R11912,3,,0,0,1
11913,CAB-nibt067028-DUP2-R11913,3,,0,0,1
11914,CAB-nibt067035-DUP2-R11914,3,,0,0,1
11915,CAB-nibt067042-DUP2-R11915,3,,0,0,1
11916,CAB-nibt067054-DUP2-R11916,3,,0,0,1
11917,CAB-nibt080042-DUP2-R11917,3,,0,0,1
11918,CAB-nibt080054-DUP2-R11918,3,,0,0,1
11919,CAB-nibt080067-DUP2-R11919,3,,0,0,1
11920,CAB-nibt104054-DUP2-R11920,3,,0,0,1
11921,CAB-nibt104067-DUP2-R11921,3,,0,0,1
11922,CAB-nibt104080-DUP2-R11922,3,,0,0,1
11923,CAB-nuac003006-DUP2-R11923,3,,3785,0,1
11924,CAB-nuac003009-DUP2-R11924,3,,1815,0,1
11925,CAB-nuac003013-DUP2-R11925,3,,1463,0,1
11926,CAB-nuac003016-DUP2-R11926,3,,2739,0,1
11927,CAB-nuac003019-DUP2-R11927,3,,1130,0,1
11928,CAB-olis002003-DUP2-R11928,3,,5,0,1
11929,CAB-olis004005-DUP2-R11929,3,,3,0,1
11930,CAB-peed121615-DUP2-R11930,3,,56,0,1
11931,CAB-peed121620-DUP2-R11931,3,,14,0,1
11932,CAB-peed162015-DUP2-R11932,3,,29,0,1
11933,CAB-peed202516-DUP2-R11933,3,,2,0,1
11934,CAB-peed202520-DUP2-R11934,3,,2,0,1
11935,CAB-peed202525-DUP2-R11935,3,,1,0,1
11936,CAB-peel121615-DUP2-R11936,3,,39,0,1
11937,CAB-peet001216-DUP2-R11937,3,,66,2,1
11938,CAB-peet001620-DUP2-R11938,3,,41,0,1
11939,CAB-peet002025-DUP2-R11939,3,,14,0,1
11940,CAB-pefa121615-DUP2-R11940,3,,21,5,1
11941,CAB-pefa121620-DUP2-R11941,3,,0,0,1
11942,CAB-pefa162015-DUP2-R11942,3,,32,0,1
11943,CAB-pefa162020-DUP2-R11943,3,,29,0,1
11944,CAB-pefa202515-DUP2-R11944,3,,1,0,1
11945,CAB-pefa202520-DUP2-R11945,3,,0,0,1
11946,CAB-pefa202525-DUP2-R11946,3,,0,0,1
11947,CAB-pefa253225-DUP2-R11947,3,,0,0,1
11948,CAB-peft121615-DUP2-R11948,3,,31,0,1
11949,CAB-peft162015-DUP2-R11949,3,,12,0,1
11950,CAB-peft162020-DUP2-R11950,3,,5,0,1
11951,CAB-peft202515-DUP2-R11951,3,,3,0,1
11952,CAB-PEFT202520-DUP2-R11952,3,,3,0,1
11953,CAB-peft202525-DUP2-R11953,3,,5,0,1
11954,CAB-pell001216-DUP2-R11954,3,,83,8,1
11955,CAB-pell001620-DUP2-R11955,3,,79,0,1
11956,CAB-pell002025-DUP2-R11956,3,,26,0,1
11957,CAB-pema121615-DUP2-R11957,3,,37,5,1
11958,CAB-pema162015-DUP2-R11958,3,,41,0,1
11959,CAB-pema162020-DUP2-R11959,3,,9,5,1
11960,CAB-pema202515-DUP2-R11960,3,,0,0,1
11961,CAB-pema202520-DUP2-R11961,3,,3,0,1
11962,CAB-pema202525-DUP2-R11962,3,,13,0,1
11963,CAB-pema253225-DUP2-R11963,3,,0,0,1
11964,CAB-pema253232-DUP2-R11964,3,,0,0,1
11965,CAB-pemt162015-DUP2-R11965,3,,0,0,1
11966,CAB-pepl020015-DUP2-R11966,3,,0,0,1
11967,CAB-pepl025020-DUP2-R11967,3,,0,0,1
11968,CAB-pepp010020-DUP2-R11968,3,,0,0,1
11969,CAB-pepp010025-DUP2-R11969,3,,0,0,1
11970,CAB-pepp010032-DUP2-R11970,3,,0,0,1
11971,CAB-pepp010040-DUP2-R11971,3,,0,0,1
11972,CAB-pepp010050-DUP2-R11972,3,,0,0,1
11973,CAB-pepp010063-DUP2-R11973,3,,0,0,1
11974,CAB-pepp011216-DUP2-R11974,3,,335,0,1
11975,CAB-pepp011620-DUP2-R11975,3,,78,0,1
11976,CAB-PEPP020020-DUP2-R11976,3,,0,0,1
11977,CAB-PEPP020025-DUP2-R11977,3,,0,0,1
11978,CAB-PEPP020032-DUP2-R11978,3,,0,0,1
11979,CAB-PEPP020040-DUP2-R11979,3,,0,0,1
11980,CAB-PEPP020050-DUP2-R11980,3,,0,0,1
11981,CAB-PEPP020063-DUP2-R11981,3,,0,0,1
11982,CAB-pepp021216-DUP2-R11982,3,,344,0,1
11983,CAB-pepp022025-DUP2-R11983,3,,68,0,1
11984,CAB-pepp031216-DUP2-R11984,3,,57,0,1
11985,CAB-pepp031620-DUP2-R11985,3,,0,0,1
11986,CAB-pepp032025-DUP2-R11986,3,,0,0,1
11987,CAB-pere162016-DUP2-R11987,3,,34,5,1
11988,CAB-pere202516-DUP2-R11988,3,,17,0,1
11989,CAB-pere202520-DUP2-R11989,3,,20,0,1
11990,CAB-pere253220-DUP2-R11990,3,,0,0,1
11991,CAB-pert162016-DUP2-R11991,3,,30,0,1
11992,CAB-pert202516-DUP2-R11992,3,,10,0,1
11993,CAB-pert202520-DUP2-R11993,3,,10,0,1
11994,CAB-pert253216-DUP2-R11994,3,,0,0,1
11995,CAB-pert253220-DUP2-R11995,3,,0,0,1
11996,CAB-pert253225-DUP2-R11996,3,,0,0,1
11997,CAB-peso001216-DUP2-R11997,3,,68,10,1
11998,CAB-peso002025-DUP2-R11998,3,,8,0,1
11999,CAB-pibw001015-DUP2-R11999,3,,0,0,1
12000,CAB-pibw001019-DUP2-R12000,3,,0,0,1
12001,CAB-pibw001032-DUP2-R12001,3,,0,0,1
12002,CAB-pibw002040-DUP2-R12002,3,,0,0,1
12003,CAB-pibw002050-DUP2-R12003,3,,0,0,1
12004,CAB-pibw040025-DUP2-R12004,3,,0,0,1
12005,CAB-pibw040040-DUP2-R12005,3,,0,0,1
12006,CAB-pibw040050-DUP2-R12006,3,,0,0,1
12007,CAB-pibw040080-DUP2-R12007,3,,0,0,1
12008,CAB-pibw140032-DUP2-R12008,3,,0,0,1
12009,CAB-pigm001050-DUP2-R12009,3,,0,0,1
12010,CAB-pigm001080-DUP2-R12010,3,,0,0,1
12011,CAB-pigw140015-DUP2-R12011,3,,0,0,1
12012,CAB-pigw140025-DUP2-R12012,3,,0,0,1
12013,CAB-pigw140065-DUP2-R12013,3,,0,0,1
12014,CAB-Piic040015-DUP2-R12014,3,,0,0,1
12015,CAB-PIIC040020-DUP2-R12015,3,,0,0,1
12016,CAB-pott001080-DUP2-R12016,3,,0,0,1
12017,CAB-prof001010-DUP2-R12017,3,,34,0,1
12018,CAB-prof001013-DUP2-R12018,3,,45,0,1
12019,CAB-prof001020-DUP2-R12019,3,,23,0,1
12020,CAB-prof001025-DUP2-R12020,3,,102,0,1
12021,CAB-prof002010-DUP2-R12021,3,,103,0,1
12022,CAB-prof002013-DUP2-R12022,3,,518,0,1
12023,CAB-prof002019-DUP2-R12023,3,,409,0,1
12024,CAB-prof002025-DUP2-R12024,3,,243,0,1
12025,CAB-prof003001-DUP2-R12025,3,,185,0,1
12026,CAB-prof004001-DUP2-R12026,3,,2768,1,1
12027,CAB-prof009006-DUP2-R12027,3,,1030,0,1
12028,CAB-prof009010-DUP2-R12028,3,,3,0,1
12029,CAB-prof009013-DUP2-R12029,3,,870,0,1
12030,CAB-prof009016-DUP2-R12030,3,,1296,0,1
12031,CAB-prof009019-DUP2-R12031,3,,2269,0,1
12032,CAB-prof009022-DUP2-R12032,3,,1135,0,1
12033,CAB-prof009025-DUP2-R12033,3,,226,0,1
12034,CAB-prof009028-DUP2-R12034,3,,895,0,1
12035,CAB-prof009032-DUP2-R12035,3,,970,0,1
12036,CAB-prof009035-DUP2-R12036,3,,723,0,1
12037,CAB-prof009042-DUP2-R12037,3,,773,0,1
12038,CAB-prof009048-DUP2-R12038,3,,276,0,1
12039,CAB-prof009054-DUP2-R12039,3,,450,0,1
12040,CAB-prof009060-DUP2-R12040,3,,180,0,1
12041,CAB-prof009067-DUP2-R12041,3,,230,0,1
12042,CAB-prof009089-DUP2-R12042,3,,250,0,1
12043,CAB-prof013006-DUP2-R12043,3,,1031,0,1
12044,CAB-prof013010-DUP2-R12044,3,,1589,0,1
12045,CAB-prof013013-DUP2-R12045,3,,686,0,1
12046,CAB-prof013016-DUP2-R12046,3,,816,0,1
12047,CAB-prof013019-DUP2-R12047,3,,242,0,1
12048,CAB-prof013022-DUP2-R12048,3,,647,0,1
12049,CAB-prof013025-DUP2-R12049,3,,220,0,1
12050,CAB-prof013028-DUP2-R12050,3,,368,20,1
12051,CAB-prof013032-DUP2-R12051,3,,452,0,1
12052,CAB-prof013035-DUP2-R12052,3,,351,0,1
12053,CAB-prof013042-DUP2-R12053,3,,274,0,1
12054,CAB-prof013048-DUP2-R12054,3,,730,0,1
12055,CAB-prof013054-DUP2-R12055,3,,474,0,1
12056,CAB-prof013060-DUP2-R12056,3,,327,0,1
12057,CAB-prof013067-DUP2-R12057,3,,387,0,1
12058,CAB-prof013080-DUP2-R12058,3,,213,0,1
12059,CAB-prof013089-DUP2-R12059,3,,240,0,1
12060,CAB-prof020006-DUP2-R12060,3,,1068,68,1
12061,CAB-prof020010-DUP2-R12061,3,,66,0,1
12062,CAB-prof020013-DUP2-R12062,3,,301,0,1
12063,CAB-prof020016-DUP2-R12063,3,,514,11,1
12064,CAB-prof020019-DUP2-R12064,3,,461,0,1
12065,CAB-prof020022-DUP2-R12065,3,,570,10,1
12066,CAB-prof020025-DUP2-R12066,3,,668,0,1
12067,CAB-prof020028-DUP2-R12067,3,,418,0,1
12068,CAB-prof020032-DUP2-R12068,3,,433,0,1
12069,CAB-prof020035-DUP2-R12069,3,,130,6,1
12070,CAB-prof020042-DUP2-R12070,3,,174,43,1
12071,CAB-prof020048-DUP2-R12071,3,,205,0,1
12072,CAB-prof020054-DUP2-R12072,3,,63,0,1
12073,CAB-prof020060-DUP2-R12073,3,,130,0,1
12074,CAB-prof020067-DUP2-R12074,3,,288,0,1
12075,CAB-prof020080-DUP2-R12075,3,,176,0,1
12076,CAB-prof020089-DUP2-R12076,3,,104,0,1
12077,CAB-prof025010-DUP2-R12077,3,,379,0,1
12078,CAB-prof025013-DUP2-R12078,3,,347,0,1
12079,CAB-prof025016-DUP2-R12079,3,,382,0,1
12080,CAB-prof025019-DUP2-R12080,3,,650,0,1
12081,CAB-prof025022-DUP2-R12081,3,,349,0,1
12082,CAB-prof025025-DUP2-R12082,3,,404,0,1
12083,CAB-prof025028-DUP2-R12083,3,,601,0,1
12084,CAB-PROF025032-DUP2-R12084,3,,281,0,1
12085,CAB-prof025035-DUP2-R12085,3,,129,0,1
12086,CAB-prof025042-DUP2-R12086,3,,276,0,1
12087,CAB-prof025048-DUP2-R12087,3,,278,0,1
12088,CAB-prof025054-DUP2-R12088,3,,278,0,1
12089,CAB-prof025060-DUP2-R12089,3,,136,0,1
12090,CAB-prof025067-DUP2-R12090,3,,259,0,1
12091,CAB-prof025076-DUP2-R12091,3,,199,0,1
12092,CAB-prof025089-DUP2-R12092,3,,180,0,1
12093,CAB-PROF100102-DUP2-R12093,3,,0,0,1
12094,CAB-PROF100127-DUP2-R12094,3,,0,0,1
12095,CAB-PROF100152-DUP2-R12095,3,,0,0,1
12096,CAB-PROF100203-DUP2-R12096,3,,54,0,1
12097,CAB-PROF100254-DUP2-R12097,3,,62,0,1
12098,CAB-PROF100305-DUP2-R12098,3,,0,0,1
12099,CAB-PROF100356-DUP2-R12099,3,,0,0,1
12100,CAB-PROF100408-DUP2-R12100,3,,26,0,1
12101,CAB-PROF100457-DUP2-R12101,3,,59,0,1
12102,CAB-PROF100508-DUP2-R12102,3,,21,0,1
12103,CAB-PROF110102-DUP2-R12103,3,,23,0,1
12104,CAB-PROF110152-DUP2-R12104,3,,425,0,1
12105,CAB-PROF110203-DUP2-R12105,3,,400,0,1
12106,CAB-PROF110254-DUP2-R12106,3,,172,8,1
12107,CAB-PROF110305-DUP2-R12107,3,,95,0,1
12108,CAB-PROF110356-DUP2-R12108,3,,24,0,1
12109,CAB-PROF110408-DUP2-R12109,3,,7,0,1
12110,CAB-PROF110457-DUP2-R12110,3,,48,0,1
12111,CAB-PROF110508-DUP2-R12111,3,,40,0,1
12112,CAB-PROF120102-DUP2-R12112,3,,0,0,1
12113,CAB-PROF120152-DUP2-R12113,3,,86,0,1
12114,CAB-PROF120203-DUP2-R12114,3,,27,0,1
12115,CAB-PROF120254-DUP2-R12115,3,,30,0,1
12116,CAB-PROF120508-DUP2-R12116,3,,35,0,1
12117,CAB-PROF140102-DUP2-R12117,3,,1,0,1
12118,CAB-PROF140152-DUP2-R12118,3,,0,0,1
12119,CAB-PROF140254-DUP2-R12119,3,,330,0,1
12120,CAB-PROF150152-DUP2-R12120,3,,6,0,1
12121,CAB-PSTG000002-DUP2-R12121,3,,74,0,1
12122,CAB-pstg000004-DUP2-R12122,3,,26,0,1
12123,CAB-pstg000008-DUP2-R12123,3,,155,0,1
12124,CAB-pstg000016-DUP2-R12124,3,,130,0,1
12125,CAB-pstg000032-DUP2-R12125,3,,129,0,1
12126,CAB-pstg000060-DUP2-R12126,3,,89,0,1
12127,CAB-pstg000120-DUP2-R12127,3,,37,0,1
12128,CAB-pstg000250-DUP2-R12128,3,,15,0,1
12129,CAB-PSTG001012-DUP2-R12129,3,,14,0,1
12130,CAB-pstg001016-DUP2-R12130,3,,4,0,1
12131,CAB-pstg001060-DUP2-R12131,3,,5,0,1
12132,CAB-PTBA005100-DUP2-R12132,3,,164,0,1
12133,CAB-PTBA006100-DUP2-R12133,3,,21,0,1
12134,CAB-PTBA008100-DUP2-R12134,3,,295,0,1
12135,CAB-PTBA009100-DUP2-R12135,3,,58,0,1
12136,CAB-PTBA010100-DUP2-R12136,3,,338,0,1
12137,CAB-PTBA012100-DUP2-R12137,3,,180,0,1
12138,CAB-PTBA013100-DUP2-R12138,3,,83,0,1
12139,CAB-ptbb005050-DUP2-R12139,3,,0,0,1
12140,CAB-ptbb006064-DUP2-R12140,3,,220,0,1
12141,CAB-ptbb006071-DUP2-R12141,3,,147,0,1
12142,CAB-PTBB006072-DUP2-R12142,3,,760,55,1
12143,CAB-ptbb006080-DUP2-R12143,3,,0,0,1
12144,CAB-ptbb006081-DUP2-R12144,3,,88,0,1
12145,CAB-PTBB006082-DUP2-R12145,3,,0,0,1
12146,CAB-PTBB006083-DUP2-R12146,3,,6,0,1
12147,CAB-ptbb006089-DUP2-R12147,3,,0,0,1
12148,CAB-ptbb006100-DUP2-R12148,3,,0,0,1
12149,CAB-ptbb006101-DUP2-R12149,3,,354,0,1
12150,CAB-ptbb006120-DUP2-R12150,3,,3,0,1
12151,CAB-ptbb008051-DUP2-R12151,3,,104,0,1
12152,CAB-ptbb008071-DUP2-R12152,3,,190,0,1
12153,CAB-ptbb008081-DUP2-R12153,3,,270,0,1
12154,CAB-ptbb008100-DUP2-R12154,3,,0,0,1
12155,CAB-ptbb008120-DUP2-R12155,3,,190,0,1
12156,CAB-ptbb008150-DUP2-R12156,3,,20,0,1
12157,CAB-ptbb008200-DUP2-R12157,3,,0,0,1
12158,CAB-PTBB008201-DUP2-R12158,3,,247,17,1
12159,CAB-PTBB008202-DUP2-R12159,3,,0,0,1
12160,CAB-ptbb009051-DUP2-R12160,3,,1113,0,1
12161,CAB-ptbb009061-DUP2-R12161,3,,514,0,1
12162,CAB-PTBB009071-DUP2-R12162,3,,0,0,1
12163,CAB-ptbb009075-DUP2-R12163,3,,0,0,1
12164,CAB-ptbb009076-DUP2-R12164,3,,636,139,1
12165,CAB-ptbb009077-DUP2-R12165,3,,0,0,1
12166,CAB-PTBB009086-DUP2-R12166,3,,0,0,1
12167,CAB-PTBB009087-DUP2-R12167,3,,658,0,1
12168,CAB-PTBB009088-DUP2-R12168,3,,255,0,1
12169,CAB-ptbb009089-DUP2-R12169,3,,634,0,1
12170,CAB-ptbb009100-DUP2-R12170,3,,142,0,1
12171,CAB-ptbb009120-DUP2-R12171,3,,174,0,1
12172,CAB-ptbb009121-DUP2-R12172,3,,62,0,1
12173,CAB-PTBB009122-DUP2-R12173,3,,73,0,1
12174,CAB-ptbb009150-DUP2-R12174,3,,1,0,1
12175,CAB-ptbb009200-DUP2-R12175,3,,0,0,1
12176,CAB-PTBB009201-DUP2-R12176,3,,0,0,1
12177,CAB-ptbb009280-DUP2-R12177,3,,0,0,1
12178,CAB-ptbb010100-DUP2-R12178,3,,253,0,1
12179,CAB-ptbb010120-DUP2-R12179,3,,45,0,1
12180,CAB-ptbb010200-DUP2-R12180,3,,9,0,1
12181,CAB-ptbb012100-DUP2-R12181,3,,107,0,1
12182,CAB-ptbb012200-DUP2-R12182,3,,19,0,1
12183,CAB-ptbb013050-DUP2-R12183,3,,383,0,1
12184,CAB-ptbb013061-DUP2-R12184,3,,87,0,1
12185,CAB-ptbb013071-DUP2-R12185,3,,0,0,1
12186,CAB-ptbb013081-DUP2-R12186,3,,2,0,1
12187,CAB-ptbb013087-DUP2-R12187,3,,3,0,1
12188,CAB-ptbb013088-DUP2-R12188,3,,14,0,1
12189,CAB-ptbb013089-DUP2-R12189,3,,2702,25,1
12190,CAB-PTBB013091-DUP2-R12190,3,,0,0,1
12191,CAB-ptbb013100-DUP2-R12191,3,,0,0,1
12192,CAB-ptbb013124-DUP2-R12192,3,,1,4,1
12193,CAB-ptbb013125-DUP2-R12193,3,,0,0,1
12194,CAB-ptbb013126-DUP2-R12194,3,,0,0,1
12195,CAB-ptbb013127-DUP2-R12195,3,,0,0,1
12196,CAB-ptbb013150-DUP2-R12196,3,,44,0,1
12197,CAB-ptbb013200-DUP2-R12197,3,,0,0,1
12198,CAB-PTBB013201-DUP2-R12198,3,,68,0,1
12199,CAB-ptbb015071-DUP2-R12199,3,,32,0,1
12200,CAB-ptbb016050-DUP2-R12200,3,,41,0,1
12201,CAB-ptbb016061-DUP2-R12201,3,,0,0,1
12202,CAB-ptbb016071-DUP2-R12202,3,,286,0,1
12203,CAB-ptbb016081-DUP2-R12203,3,,115,0,1
12204,CAB-ptbb016091-DUP2-R12204,3,,24,0,1
12205,CAB-PTBB016100-DUP2-R12205,3,,0,0,1
12206,CAB-ptbb016101-DUP2-R12206,3,,13,0,1
12207,CAB-ptbb016102-DUP2-R12207,3,,562,7,1
12208,CAB-ptbb016103-DUP2-R12208,3,,0,0,1
12209,CAB-ptbb016123-DUP2-R12209,3,,14,0,1
12210,CAB-ptbb016124-DUP2-R12210,3,,17,0,1
12211,CAB-ptbb016125-DUP2-R12211,3,,0,0,1
12212,CAB-PTBB016126-DUP2-R12212,3,,0,0,1
12213,CAB-ptbb016150-DUP2-R12213,3,,4,0,1
12214,CAB-ptbb016200-DUP2-R12214,3,,2,0,1
12215,CAB-PTBB016201-DUP2-R12215,3,,152,0,1
12216,CAB-ptbb016270-DUP2-R12216,3,,0,0,1
12217,CAB-PTBB016300-DUP2-R12217,3,,25,0,1
12218,CAB-ptbb019051-DUP2-R12218,3,,303,0,1
12219,CAB-ptbb019061-DUP2-R12219,3,,5,0,1
12220,CAB-ptbb019071-DUP2-R12220,3,,202,0,1
12221,CAB-ptbb019081-DUP2-R12221,3,,1,0,1
12222,CAB-ptbb019091-DUP2-R12222,3,,17,0,1
12223,CAB-PTBB019092-DUP2-R12223,3,,0,0,1
12224,CAB-PTBB019100-DUP2-R12224,3,,0,0,1
12225,CAB-PTBB019102-DUP2-R12225,3,,0,0,1
12226,CAB-ptbb019107-DUP2-R12226,3,,2008,82,1
12227,CAB-ptbb019108-DUP2-R12227,3,,1,0,1
12228,CAB-ptbb019109-DUP2-R12228,3,,3,0,1
12229,CAB-ptbb019124-DUP2-R12229,3,,251,0,1
12230,CAB-ptbb019125-DUP2-R12230,3,,24,0,1
12231,CAB-PTBB019126-DUP2-R12231,3,,0,0,1
12232,CAB-PTBB019127-DUP2-R12232,3,,2,0,1
12233,CAB-ptbb019150-DUP2-R12233,3,,0,0,1
12234,CAB-ptbb019200-DUP2-R12234,3,,0,0,1
12235,CAB-PTBB019201-DUP2-R12235,3,,2,0,1
12236,CAB-ptbb019300-DUP2-R12236,3,,0,0,1
12237,CAB-PTBB019301-DUP2-R12237,3,,0,0,1
12238,CAB-ptbb022051-DUP2-R12238,3,,213,0,1
12239,CAB-ptbb022061-DUP2-R12239,3,,136,0,1
12240,CAB-ptbb022071-DUP2-R12240,3,,265,0,1
12241,CAB-ptbb022081-DUP2-R12241,3,,192,0,1
12242,CAB-ptbb022091-DUP2-R12242,3,,371,2,1
12243,CAB-PTBB022100-DUP2-R12243,3,,137,4,1
12244,CAB-PTBB022110-DUP2-R12244,3,,0,0,1
12245,CAB-ptbb022112-DUP2-R12245,3,,0,0,1
12246,CAB-ptbb022113-DUP2-R12246,3,,49,0,1
12247,CAB-ptbb022114-DUP2-R12247,3,,1007,30,1
12248,CAB-ptbb022120-DUP2-R12248,3,,201,0,1
12249,CAB-ptbb022121-DUP2-R12249,3,,0,0,1
12250,CAB-ptbb022167-DUP2-R12250,3,,0,0,1
12251,CAB-ptbb022168-DUP2-R12251,3,,0,0,1
12252,CAB-ptbb022169-DUP2-R12252,3,,46,0,1
12253,CAB-ptbb022200-DUP2-R12253,3,,19,0,1
12254,CAB-ptbb022500-DUP2-R12254,3,,0,0,1
12255,CAB-PTBB022501-DUP2-R12255,3,,4,0,1
12256,CAB-ptbb025051-DUP2-R12256,3,,27,0,1
12257,CAB-ptbb025061-DUP2-R12257,3,,216,0,1
12258,CAB-ptbb025071-DUP2-R12258,3,,447,0,1
12259,CAB-ptbb025081-DUP2-R12259,3,,612,0,1
12260,CAB-ptbb025091-DUP2-R12260,3,,740,0,1
12261,CAB-ptbb025100-DUP2-R12261,3,,244,0,1
12262,CAB-ptbb025120-DUP2-R12262,3,,344,6,1
12263,CAB-ptbb025121-DUP2-R12263,3,,0,0,1
12264,CAB-ptbb025122-DUP2-R12264,3,,1,0,1
12265,CAB-PTBB025123-DUP2-R12265,3,,0,0,1
12266,CAB-ptbb025150-DUP2-R12266,3,,6,0,1
12267,CAB-ptbb025151-DUP2-R12267,3,,0,0,1
12268,CAB-ptbb025152-DUP2-R12268,3,,0,0,1
12269,CAB-PTBB025200-DUP2-R12269,3,,136,0,1
12270,CAB-ptbb028051-DUP2-R12270,3,,0,0,1
12271,CAB-ptbb028061-DUP2-R12271,3,,1,0,1
12272,CAB-ptbb028071-DUP2-R12272,3,,380,0,1
12273,CAB-PTBB028072-DUP2-R12273,3,,0,0,1
12274,CAB-ptbb028081-DUP2-R12274,3,,1,0,1
12275,CAB-ptbb028091-DUP2-R12275,3,,299,0,1
12276,CAB-ptbb028100-DUP2-R12276,3,,150,0,1
12277,CAB-ptbb028126-DUP2-R12277,3,,391,0,1
12278,CAB-ptbb028127-DUP2-R12278,3,,61,10,1
12279,CAB-ptbb028128-DUP2-R12279,3,,18,0,1
12280,CAB-PTBB028150-DUP2-R12280,3,,0,0,1
12281,CAB-ptbb028167-DUP2-R12281,3,,0,0,1
12282,CAB-ptbb028168-DUP2-R12282,3,,11,0,1
12283,CAB-PTBB028169-DUP2-R12283,3,,0,0,1
12284,CAB-ptbb032061-DUP2-R12284,3,,37,0,1
12285,CAB-ptbb032071-DUP2-R12285,3,,351,0,1
12286,CAB-ptbb032081-DUP2-R12286,3,,152,0,1
12287,CAB-ptbb032091-DUP2-R12287,3,,681,0,1
12288,CAB-ptbb032100-DUP2-R12288,3,,37,0,1
12289,CAB-ptbb032120-DUP2-R12289,3,,333,0,1
12290,CAB-ptbb032121-DUP2-R12290,3,,1,0,1
12291,CAB-PTBB032122-DUP2-R12291,3,,0,0,1
12292,CAB-ptbb032200-DUP2-R12292,3,,11,0,1
12293,CAB-ptbb033160-DUP2-R12293,3,,11,0,1
12294,CAB-ptbb035061-DUP2-R12294,3,,194,0,1
12295,CAB-ptbb035071-DUP2-R12295,3,,107,0,1
12296,CAB-ptbb035081-DUP2-R12296,3,,149,0,1
12297,CAB-ptbb035091-DUP2-R12297,3,,288,2,1
12298,CAB-ptbb035100-DUP2-R12298,3,,263,30,1
12299,CAB-ptbb035107-DUP2-R12299,3,,1,0,1
12300,CAB-ptbb035120-DUP2-R12300,3,,108,1,1
12301,CAB-ptbb035140-DUP2-R12301,3,,149,24,1
12302,CAB-ptbb035141-DUP2-R12302,3,,0,0,1
12303,CAB-ptbb035142-DUP2-R12303,3,,17,0,1
12304,CAB-ptbb035167-DUP2-R12304,3,,16,0,1
12305,CAB-ptbb035168-DUP2-R12305,3,,22,0,1
12306,CAB-ptbb035169-DUP2-R12306,3,,0,0,1
12307,CAB-ptbb035200-DUP2-R12307,3,,115,0,1
12308,CAB-ptbb038091-DUP2-R12308,3,,0,0,1
12309,CAB-ptbb042081-DUP2-R12309,3,,170,0,1
12310,CAB-ptbb042091-DUP2-R12310,3,,1,0,1
12311,CAB-ptbb042100-DUP2-R12311,3,,65,0,1
12312,CAB-ptbb042102-DUP2-R12312,3,,0,0,1
12313,CAB-ptbb042107-DUP2-R12313,3,,0,0,1
12314,CAB-ptbb042120-DUP2-R12314,3,,3,0,1
12315,CAB-ptbb042151-DUP2-R12315,3,,0,0,1
12316,CAB-ptbb042152-DUP2-R12316,3,,281,0,1
12317,CAB-ptbb042153-DUP2-R12317,3,,0,0,1
12318,CAB-ptbb042187-DUP2-R12318,3,,0,0,1
12319,CAB-ptbb042188-DUP2-R12319,3,,10,0,1
12320,CAB-PTBB042189-DUP2-R12320,3,,0,0,1
12321,CAB-ptbb054091-DUP2-R12321,3,,67,0,1
12322,CAB-ptbb054100-DUP2-R12322,3,,0,0,1
12323,CAB-ptbb054107-DUP2-R12323,3,,0,0,1
12324,CAB-ptbb054120-DUP2-R12324,3,,1,0,1
12325,CAB-PTBB054121-DUP2-R12325,3,,0,0,1
12326,CAB-ptbb054140-DUP2-R12326,3,,68,0,1
12327,CAB-PTBB054141-DUP2-R12327,3,,3,0,1
12328,CAB-ptbb054177-DUP2-R12328,3,,0,0,1
12329,CAB-ptbb054178-DUP2-R12329,3,,0,0,1
12330,CAB-ptbb054179-DUP2-R12330,3,,32,0,1
12331,CAB-ptbb054211-DUP2-R12331,3,,0,0,1
12332,CAB-ptbb054212-DUP2-R12332,3,,0,0,1
12333,CAB-PTBB054213-DUP2-R12333,3,,0,0,1
12334,CAB-ptbb067122-DUP2-R12334,3,,16,0,1
12335,CAB-ptbb067165-DUP2-R12335,3,,21,0,1
12336,CAB-ptbb067203-DUP2-R12336,3,,17,0,1
12337,CAB-ptbb067204-DUP2-R12337,3,,0,0,1
12338,CAB-PTBB067205-DUP2-R12338,3,,0,0,1
12339,CAB-ptbb067241-DUP2-R12339,3,,3,0,1
12340,CAB-ptbb080140-DUP2-R12340,3,,2,0,1
12341,CAB-PTBB080180-DUP2-R12341,3,,0,0,1
12342,CAB-ptbb080228-DUP2-R12342,3,,0,0,1
12343,CAB-ptbb080229-DUP2-R12343,3,,0,0,1
12344,CAB-ptbb080230-DUP2-R12344,3,,0,0,1
12345,CAB-ptbb080277-DUP2-R12345,3,,0,0,1
12346,CAB-PTBB080278-DUP2-R12346,3,,0,0,1
12347,CAB-ptbb105170-DUP2-R12347,3,,0,0,1
12348,CAB-ptbb105278-DUP2-R12348,3,,2,0,1
12349,CAB-ptbb105279-DUP2-R12349,3,,3,0,1
12350,CAB-ptbb156170-DUP2-R12350,3,,2,0,1
12351,CAB-ptbb156200-DUP2-R12351,3,,3,0,1
12352,CAB-ptbb159230-DUP2-R12352,3,,0,0,1
12353,CAB-PTBE009061-DUP2-R12353,3,,812,0,1
12354,CAB-PTBE019107-DUP2-R12354,3,,801,0,1
12355,CAB-PTBE025071-DUP2-R12355,3,,0,0,1
12356,CAB-2PTBE009051,3,,1489,0,1
12357,CAB-PTBE009076-DUP2-R12357,3,,380,0,1
12358,CAB-PTBE013071-DUP2-R12358,3,,360,0,1
12359,CAB-PTBE016051-DUP2-R12359,3,,870,0,1
12360,CAB-PTBE019071-DUP2-R12360,3,,280,0,1
12361,CAB-PTBE025051-DUP2-R12361,3,,172,0,1
12362,CAB-PTBE028071-DUP2-R12362,3,,130,0,1
12363,CAB-PTBK013071-DUP2-R12363,3,,3,0,1
12364,CAB-PTBS009070-DUP2-R12364,3,,0,0,1
12365,CAB-PTBS013080-DUP2-R12365,3,,0,0,1
12366,CAB-PTBS016091-DUP2-R12366,3,,0,0,1
12367,CAB-PTBS019097-DUP2-R12367,3,,0,0,1
12368,CAB-PTBS022100-DUP2-R12368,3,,410,0,1
12369,CAB-PTBS025110-DUP2-R12369,3,,38,0,1
12370,CAB-PTBS028110-DUP2-R12370,3,,232,0,1
12371,CAB-PTBS035120-DUP2-R12371,3,,110,0,1
12372,CAB-PTBS042120-DUP2-R12372,3,,110,0,1
12373,CAB-ptrb004100-DUP2-R12373,3,,212,0,1
12374,CAB-ptrb005045-DUP2-R12374,3,,75,0,1
12375,CAB-ptrb006040-DUP2-R12375,3,,0,0,1
12376,CAB-ptrb006045-DUP2-R12376,3,,59,0,1
12377,CAB-ptrb006050-DUP2-R12377,3,,0,0,1
12378,CAB-ptrb006056-DUP2-R12378,3,,274,0,1
12379,CAB-ptrb006061-DUP2-R12379,3,,656,0,1
12380,CAB-ptrb006071-DUP2-R12380,3,,175,0,1
12381,CAB-ptrb006076-DUP2-R12381,3,,0,1,1
12382,CAB-ptrb006081-DUP2-R12382,3,,0,0,1
12383,CAB-ptrb006100-DUP2-R12383,3,,48,1,1
12384,CAB-ptrb006101-DUP2-R12384,3,,201,0,1
12385,CAB-ptrb006120-DUP2-R12385,3,,218,0,1
12386,CAB-ptrb008042-DUP2-R12386,3,,0,0,1
12387,CAB-ptrb008050-DUP2-R12387,3,,256,0,1
12388,CAB-ptrb008071-DUP2-R12388,3,,3,0,1
12389,CAB-ptrb008100-DUP2-R12389,3,,415,0,1
12390,CAB-ptrb008120-DUP2-R12390,3,,47,0,1
12391,CAB-ptrb009045-DUP2-R12391,3,,0,0,1
12392,CAB-ptrb009050-DUP2-R12392,3,,0,0,1
12393,CAB-ptrb009056-DUP2-R12393,3,,216,0,1
12394,CAB-ptrb009061-DUP2-R12394,3,,299,0,1
12395,CAB-ptrb009071-DUP2-R12395,3,,250,0,1
12396,CAB-PTRB009076-DUP2-R12396,3,,277,0,1
12397,CAB-ptrb009081-DUP2-R12397,3,,0,0,1
12398,CAB-ptrb009100-DUP2-R12398,3,,329,0,1
12399,CAB-ptrb009120-DUP2-R12399,3,,62,0,1
12400,CAB-ptrb010100-DUP2-R12400,3,,246,0,1
12401,CAB-ptrb012100-DUP2-R12401,3,,84,0,1
12402,CAB-ptrb013050-DUP2-R12402,3,,0,0,1
12403,CAB-ptrb013053-DUP2-R12403,3,,3,0,1
12404,CAB-ptrb013056-DUP2-R12404,3,,23,0,1
12405,CAB-ptrb013061-DUP2-R12405,3,,267,0,1
12406,CAB-ptrb013071-DUP2-R12406,3,,578,0,1
12407,CAB-ptrb013081-DUP2-R12407,3,,342,0,1
12408,CAB-ptrb013100-DUP2-R12408,3,,0,0,1
12409,CAB-ptrb013120-DUP2-R12409,3,,0,0,1
12410,CAB-ptrb013150-DUP2-R12410,3,,12,0,1
12411,CAB-ptrb016053-DUP2-R12411,3,,0,0,1
12412,CAB-ptrb016056-DUP2-R12412,3,,6,0,1
12413,CAB-ptrb016061-DUP2-R12413,3,,493,6,1
12414,CAB-ptrb016071-DUP2-R12414,3,,350,0,1
12415,CAB-PTRB016081-DUP2-R12415,3,,182,0,1
12416,CAB-ptrb016089-DUP2-R12416,3,,0,0,1
12417,CAB-ptrb016100-DUP2-R12417,3,,52,0,1
12418,CAB-ptrb016150-DUP2-R12418,3,,0,0,1
12419,CAB-ptrb019056-DUP2-R12419,3,,71,0,1
12420,CAB-ptrb019061-DUP2-R12420,3,,283,0,1
12421,CAB-ptrb019071-DUP2-R12421,3,,302,0,1
12422,CAB-PTRB019081-DUP2-R12422,3,,207,0,1
12423,CAB-ptrb019089-DUP2-R12423,3,,0,0,1
12424,CAB-ptrb019100-DUP2-R12424,3,,25,0,1
12425,CAB-ptrb019120-DUP2-R12425,3,,5,0,1
12426,CAB-PTRB206061-DUP2-R12426,3,,322,0,1
12427,CAB-PTRB206076-DUP2-R12427,3,,300,0,1
12428,CAB-PTRB209061-DUP2-R12428,3,,212,0,1
12429,CAB-PTRB209081-DUP2-R12429,3,,201,0,1
12430,CAB-PTRB213061-DUP2-R12430,3,,102,0,1
12431,CAB-PTRB213081-DUP2-R12431,3,,240,0,1
12432,CAB-PTRB216071-DUP2-R12432,3,,46,0,1
12433,CAB-PTRB216089-DUP2-R12433,3,,53,0,1
12434,CAB-PTRB219071-DUP2-R12434,3,,87,0,1
12435,CAB-PTRB219089-DUP2-R12435,3,,102,0,1
12436,CAB-pvce001025-DUP2-R12436,3,,0,0,1
12437,CAB-pvcp001100-DUP2-R12437,3,,0,0,1
12438,CAB-RECA942004-DUP2-R12438,3,,4,0,1
12439,CAB-RECA942008-DUP2-R12439,3,,1,0,1
12440,CAB-RECA988024-DUP2-R12440,3,,0,0,1
12441,CAB-redt009006-DUP2-R12441,3,,1316,0,1
12442,CAB-redt013006-DUP2-R12442,3,,1205,1,1
12443,CAB-redt013009-DUP2-R12443,3,,4499,0,1
12444,CAB-redt016006-DUP2-R12444,3,,855,1,1
12445,CAB-redt016009-DUP2-R12445,3,,928,50,1
12446,CAB-redt016013-DUP2-R12446,3,,1787,60,1
12447,CAB-redt019006-DUP2-R12447,3,,163,0,1
12448,CAB-redt019009-DUP2-R12448,3,,408,0,1
12449,CAB-redt019013-DUP2-R12449,3,,108,95,1
12450,CAB-redt019015-DUP2-R12450,3,,102,0,1
12451,CAB-redt019016-DUP2-R12451,3,,81,58,1
12452,CAB-redt022006-DUP2-R12452,3,,297,0,1
12453,CAB-redt022009-DUP2-R12453,3,,23,0,1
12454,CAB-redt022013-DUP2-R12454,3,,756,0,1
12455,CAB-redt022015-DUP2-R12455,3,,0,0,1
12456,CAB-redt022016-DUP2-R12456,3,,469,50,1
12457,CAB-redt022019-DUP2-R12457,3,,24,38,1
12458,CAB-redt025013-DUP2-R12458,3,,728,0,1
12459,CAB-redt025016-DUP2-R12459,3,,476,0,1
12460,CAB-redt025019-DUP2-R12460,3,,81,0,1
12461,CAB-redt025022-DUP2-R12461,3,,399,8,1
12462,CAB-redt028013-DUP2-R12462,3,,576,25,1
12463,CAB-redt028015-DUP2-R12463,3,,0,0,1
12464,CAB-redt028016-DUP2-R12464,3,,904,8,1
12465,CAB-redt028019-DUP2-R12465,3,,586,10,1
12466,CAB-redt028022-DUP2-R12466,3,,31,12,1
12467,CAB-redt028023-DUP2-R12467,3,,0,0,1
12468,CAB-redt028025-DUP2-R12468,3,,116,0,1
12469,CAB-redt032013-DUP2-R12469,3,,170,0,1
12470,CAB-redt032019-DUP2-R12470,3,,177,0,1
12471,CAB-redt032025-DUP2-R12471,3,,151,0,1
12472,CAB-redt032028-DUP2-R12472,3,,251,0,1
12473,CAB-redt035013-DUP2-R12473,3,,444,0,1
12474,CAB-redt035016-DUP2-R12474,3,,293,0,1
12475,CAB-redt035019-DUP2-R12475,3,,232,0,1
12476,CAB-redt035022-DUP2-R12476,3,,280,5,1
12477,CAB-redt035025-DUP2-R12477,3,,0,0,1
12478,CAB-redt035028-DUP2-R12478,3,,52,5,1
12479,CAB-redt035029-DUP2-R12479,3,,0,0,1
12480,CAB-redt035032-DUP2-R12480,3,,125,0,1
12481,CAB-redt038025-DUP2-R12481,3,,102,0,1
12482,CAB-redt038032-DUP2-R12482,3,,37,0,1
12483,CAB-redt042016-DUP2-R12483,3,,164,0,1
12484,CAB-redt042019-DUP2-R12484,3,,9,0,1
12485,CAB-redt042022-DUP2-R12485,3,,177,0,1
12486,CAB-Redt042025-DUP2-R12486,3,,0,0,1
12487,CAB-redt042028-DUP2-R12487,3,,135,0,1
12488,CAB-redt042032-DUP2-R12488,3,,54,0,1
12489,CAB-redt042035-DUP2-R12489,3,,163,0,1
12490,CAB-redt054016-DUP2-R12490,3,,68,0,1
12491,CAB-redt054019-DUP2-R12491,3,,0,0,1
12492,CAB-redt054022-DUP2-R12492,3,,75,0,1
12493,CAB-redt054028-DUP2-R12493,3,,47,0,1
12494,CAB-redt054035-DUP2-R12494,3,,15,0,1
12495,CAB-redt054042-DUP2-R12495,3,,0,0,1
12496,CAB-redt067016-DUP2-R12496,3,,17,0,1
12497,CAB-redt067022-DUP2-R12497,3,,2,0,1
12498,CAB-redt067028-DUP2-R12498,3,,8,0,1
12499,CAB-redt067035-DUP2-R12499,3,,0,0,1
12500,CAB-redt067042-DUP2-R12500,3,,18,0,1
12501,CAB-redt067054-DUP2-R12501,3,,0,0,1
12502,CAB-redt080022-DUP2-R12502,3,,9,0,1
12503,CAB-redt080028-DUP2-R12503,3,,18,0,1
12504,CAB-redt080035-DUP2-R12504,3,,9,0,1
12505,CAB-redt080042-DUP2-R12505,3,,19,0,1
12506,CAB-redt080054-DUP2-R12506,3,,19,0,1
12507,CAB-redt080067-DUP2-R12507,3,,0,0,1
12508,CAB-redt104035-DUP2-R12508,3,,3,0,1
12509,CAB-redt104042-DUP2-R12509,3,,4,0,1
12510,CAB-redt104054-DUP2-R12510,3,,9,0,1
12511,CAB-redt104067-DUP2-R12511,3,,4,0,1
12512,CAB-redt104080-DUP2-R12512,3,,0,0,1
12513,CAB-redt156080-DUP2-R12513,3,,3,0,1
12514,CAB-redt156104-DUP2-R12514,3,,2,0,1
12515,CAB-regb000001-DUP2-R12515,3,,49,0,1
12516,CAB-regb000003-DUP2-R12516,3,,101,0,1
12517,CAB-regb000007-DUP2-R12517,3,,1,0,1
12518,CAB-regb000009-DUP2-R12518,3,,0,0,1
12519,CAB-regb000010-DUP2-R12519,3,,0,0,1
12520,CAB-regb000012-DUP2-R12520,3,,0,0,1
12521,CAB-regb000016-DUP2-R12521,3,,0,0,1
12522,CAB-regb000019-DUP2-R12522,3,,20,0,1
12523,CAB-regb000020-DUP2-R12523,3,,17,0,1
12524,CAB-regb000021-DUP2-R12524,3,,18,0,1
12525,CAB-regh801001-DUP2-R12525,3,,2,0,1
12526,CAB-regh801002-DUP2-R12526,3,,7,0,1
12527,CAB-regh801003-DUP2-R12527,3,,3,0,1
12528,CAB-regh801004-DUP2-R12528,3,,4,0,1
12529,CAB-regh801005-DUP2-R12529,3,,0,0,1
12530,CAB-regh801006-DUP2-R12530,3,,0,0,1
12531,CAB-REGH801102-DUP2-R12531,3,,0,0,1
12532,CAB-REGH801104-DUP2-R12532,3,,0,0,1
12533,CAB-regh825001-DUP2-R12533,3,,4,0,1
12534,CAB-regh825002-DUP2-R12534,3,,4,0,1
12535,CAB-regh825003-DUP2-R12535,3,,6,0,1
12536,CAB-regh825004-DUP2-R12536,3,,0,0,1
12537,CAB-regh825005-DUP2-R12537,3,,6,0,1
12538,CAB-regh825006-DUP2-R12538,3,,0,0,1
12539,CAB-regh825007-DUP2-R12539,3,,0,0,1
12540,CAB-regh825008-DUP2-R12540,3,,0,0,1
12541,CAB-regh825009-DUP2-R12541,3,,0,0,1
12542,CAB-regh825010-DUP2-R12542,3,,3,0,1
12543,CAB-regh825011-DUP2-R12543,3,,0,0,1
12544,CAB-regh825012-DUP2-R12544,3,,0,0,1
12545,CAB-regh825013-DUP2-R12545,3,,0,0,1
12546,CAB-REGH825101-DUP2-R12546,3,,3,0,1
12547,CAB-REGH825103-DUP2-R12547,3,,0,0,1
12548,CAB-regh847001-DUP2-R12548,3,,0,0,1
12549,CAB-REGH847101-DUP2-R12549,3,,0,0,1
12550,CAB-REGH847102-DUP2-R12550,3,,0,0,1
12551,CAB-REGH847103-DUP2-R12551,3,,0,0,1
12552,CAB-RGBH000001-DUP2-R12552,3,,0,0,1
12553,CAB-ring000019-DUP2-R12553,3,,0,0,1
12554,CAB-rock125060-DUP2-R12554,3,,129,0,1
12555,CAB-rock150060-DUP2-R12555,3,,83,0,1
12556,CAB-rock150080-DUP2-R12556,3,,2,0,1
12557,CAB-rock225015-DUP2-R12557,3,,0,0,1
12558,CAB-rock225020-DUP2-R12558,3,,0,0,1
12559,CAB-rock225025-DUP2-R12559,3,,0,0,1
12560,CAB-rock225040-DUP2-R12560,3,,0,0,1
12561,CAB-rock225050-DUP2-R12561,3,,0,0,1
12562,CAB-rock250025-DUP2-R12562,3,,3,0,1
12563,CAB-rock250050-DUP2-R12563,3,,1,0,1
12564,CAB-rock350060-DUP2-R12564,3,,7,0,1
12565,CAB-sagi100030-DUP2-R12565,3,,21,0,1
12566,CAB-sagi100101-DUP2-R12566,3,,78,25,1
12567,CAB-sagi100103-DUP2-R12567,3,,35,0,1
12568,CAB-sagi100106-DUP2-R12568,3,,40,0,1
12569,CAB-sagi100110-DUP2-R12569,3,,393,25,1
12570,CAB-sagi100120-DUP2-R12570,3,,53,0,1
12571,CAB-sagi100130-DUP2-R12571,3,,59,0,1
12572,CAB-sagi110106-DUP2-R12572,3,,14,0,1
12573,CAB-sagi111106-DUP2-R12573,3,,0,0,1
12574,CAB-sagi111110-DUP2-R12574,3,,0,0,1
12575,CAB-sagi111130-DUP2-R12575,3,,0,0,1
12576,CAB-sagi200130-DUP2-R12576,3,,1,0,1
12577,CAB-sagi400106-DUP2-R12577,3,,21,0,1
12578,CAB-sagi500106-DUP2-R12578,3,,12,0,1
12579,CAB-sagi600106-DUP2-R12579,3,,19,0,1
12580,CAB-sagi700130-DUP2-R12580,3,,3,0,1
12581,CAB-sagp040040-DUP2-R12581,3,,0,0,1
12582,CAB-schg100015-DUP2-R12582,3,,0,0,1
12583,CAB-schg100065-DUP2-R12583,3,,0,0,1
12584,CAB-schg100080-DUP2-R12584,3,,0,0,1
12585,CAB-schg180080-DUP2-R12585,3,,0,0,1
12586,CAB-schi045015-DUP2-R12586,3,,0,0,1
12587,CAB-schi100015-DUP2-R12587,3,,0,0,1
12588,CAB-schi100025-DUP2-R12588,3,,0,0,1
12589,CAB-schi100032-DUP2-R12589,3,,0,0,1
12590,CAB-schi100050-DUP2-R12590,3,,0,0,1
12591,CAB-schi100065-DUP2-R12591,3,,0,0,1
12592,CAB-schi100080-DUP2-R12592,3,,0,0,1
12593,CAB-schi110025-DUP2-R12593,3,,0,0,1
12594,CAB-schi110040-DUP2-R12594,3,,0,0,1
12595,CAB-schi110065-DUP2-R12595,3,,0,0,1
12596,CAB-schi170040-DUP2-R12596,3,,0,0,1
12597,CAB-schi170050-DUP2-R12597,3,,0,0,1
12598,CAB-schi170052-DUP2-R12598,3,,0,0,1
12599,CAB-schi170054-DUP2-R12599,3,,0,0,1
12600,CAB-schi170068-DUP2-R12600,3,,0,0,1
12601,CAB-schi180025-DUP2-R12601,3,,0,0,1
12602,CAB-schi180032-DUP2-R12602,3,,0,0,1
12603,CAB-schi180033-DUP2-R12603,3,,0,0,1
12604,CAB-schi180068-DUP2-R12604,3,,0,0,1
12605,CAB-schi180083-DUP2-R12605,3,,0,0,1
12606,CAB-schi180101-DUP2-R12606,3,,0,0,1
12607,CAB-sgpg100080-DUP2-R12607,3,,0,0,1
12608,CAB-sgpg100100-DUP2-R12608,3,,0,0,1
12609,CAB-sgpg180081-DUP2-R12609,3,,0,0,1
12610,CAB-sgpg180100-DUP2-R12610,3,,0,0,1
12611,CAB-sgpi110015-DUP2-R12611,3,,0,0,1
12612,CAB-sgpi110025-DUP2-R12612,3,,0,0,1
12613,CAB-SIGM001001-DUP2-R12613,3,,6,0,1
12614,CAB-SIGM001002-DUP2-R12614,3,,4,0,1
12615,CAB-SIGM001003-DUP2-R12615,3,,0,0,1
12616,CAB-SIGM001004-DUP2-R12616,3,,0,0,1
12617,CAB-SIGM001005-DUP2-R12617,3,,7,0,1
12618,CAB-SIGM001006-DUP2-R12618,3,,12,0,1
12619,CAB-SIGM004001-DUP2-R12619,3,,9,0,1
12620,CAB-SIGM004002-DUP2-R12620,3,,8,1,1
12621,CAB-sika000002-DUP2-R12621,3,,0,0,1
12622,CAB-sika405004-DUP2-R12622,3,,0,0,1
12623,CAB-sika405006-DUP2-R12623,3,,302,0,1
12624,CAB-sika405010-DUP2-R12624,3,,18,0,1
12625,CAB-sika405015-DUP2-R12625,3,,0,0,1
12626,CAB-sika405025-DUP2-R12626,3,,17,0,1
12627,CAB-sika410004-DUP2-R12627,3,,225,0,1
12628,CAB-sika410006-DUP2-R12628,3,,104,0,1
12629,CAB-sika410010-DUP2-R12629,3,,183,0,1
12630,CAB-sika410015-DUP2-R12630,3,,10,0,1
12631,CAB-sika412004-DUP2-R12631,3,,25,0,1
12632,CAB-sika412006-DUP2-R12632,3,,20,0,1
12633,CAB-sika412010-DUP2-R12633,3,,10,0,1
12634,CAB-sika416004-DUP2-R12634,3,,49,0,1
12635,CAB-sika416006-DUP2-R12635,3,,51,0,1
12636,CAB-sika420004-DUP2-R12636,3,,61,0,1
12637,CAB-sika420006-DUP2-R12637,3,,60,0,1
12638,CAB-sika505004-DUP2-R12638,3,,156,0,1
12639,CAB-sika505006-DUP2-R12639,3,,160,0,1
12640,CAB-sika505010-DUP2-R12640,3,,29,0,1
12641,CAB-sika505015-DUP2-R12641,3,,19,0,1
12642,CAB-sika510004-DUP2-R12642,3,,157,0,1
12643,CAB-sika510006-DUP2-R12643,3,,99,0,1
12644,CAB-sika510010-DUP2-R12644,3,,277,0,1
12645,CAB-sika510015-DUP2-R12645,3,,111,0,1
12646,CAB-sika512004-DUP2-R12646,3,,44,0,1
12647,CAB-sika512006-DUP2-R12647,3,,33,0,1
12648,CAB-sika516004-DUP2-R12648,3,,45,0,1
12649,CAB-sika516006-DUP2-R12649,3,,32,0,1
12650,CAB-sika520004-DUP2-R12650,3,,69,0,1
12651,CAB-sika520006-DUP2-R12651,3,,43,0,1
12652,CAB-sika605004-DUP2-R12652,3,,3,0,1
12653,CAB-sika605006-DUP2-R12653,3,,8,0,1
12654,CAB-sika610010-DUP2-R12654,3,,0,0,1
12655,CAB-sika705006-DUP2-R12655,3,,0,0,1
12656,CAB-sika710006-DUP2-R12656,3,,0,0,1
12657,CAB-sika760006-DUP2-R12657,3,,0,0,1
12658,CAB-sika760010-DUP2-R12658,3,,0,0,1
12659,CAB-sika960006-DUP2-R12659,3,,0,0,1
12660,CAB-sika960010-DUP2-R12660,3,,0,0,1
12661,CAB-sipo000009-DUP2-R12661,3,,0,0,1
12662,CAB-sipo100006-DUP2-R12662,3,,0,0,1
12663,CAB-sjcu900016-DUP2-R12663,3,,0,0,1
12664,CAB-SJCU900025-DUP2-R12664,3,,205,0,1
12665,CAB-sjcu900028-DUP2-R12665,3,,137,0,1
12666,CAB-sjcu900035-DUP2-R12666,3,,180,0,1
12667,CAB-sjcu900042-DUP2-R12667,3,,100,0,1
12668,CAB-sjcu900054-DUP2-R12668,3,,186,0,1
12669,CAB-sjcu900067-DUP2-R12669,3,,47,0,1
12670,CAB-sjcu900080-DUP2-R12670,3,,39,0,1
12671,CAB-sjcu900104-DUP2-R12671,3,,0,0,1
12672,CAB-sjcu900159-DUP2-R12672,3,,1,0,1
12673,CAB-ssct025025-DUP2-R12673,3,,0,0,1
12674,CAB-ssdn000006-DUP2-R12674,3,,3,0,1
12675,CAB-ssdn000009-DUP2-R12675,3,,0,0,1
12676,CAB-ssdn000015-DUP2-R12676,3,,36,0,1
12677,CAB-ssdn000020-DUP2-R12677,3,,20,0,1
12678,CAB-ssdn000025-DUP2-R12678,3,,18,0,1
12679,CAB-ssdn000032-DUP2-R12679,3,,4,0,1
12680,CAB-ssdn000040-DUP2-R12680,3,,0,0,1
12681,CAB-ssdn000050-DUP2-R12681,3,,1,0,1
12682,CAB-ssdn000065-DUP2-R12682,3,,0,0,1
12683,CAB-SSDN010006-DUP2-R12683,3,,50,0,1
12684,CAB-SSDN015006-DUP2-R12684,3,,92,0,1
12685,CAB-SSDN020010-DUP2-R12685,3,,0,0,1
12686,CAB-ssdn020015-DUP2-R12686,3,,0,0,1
12687,CAB-ssdn025010-DUP2-R12687,3,,0,0,1
12688,CAB-SSDN025015-DUP2-R12688,3,,2,0,1
12689,CAB-ssdn025020-DUP2-R12689,3,,0,0,1
12690,CAB-SSDN032025-DUP2-R12690,3,,0,0,1
12691,CAB-SSDN040025-DUP2-R12691,3,,0,0,1
12692,CAB-SSDN040032-DUP2-R12692,3,,0,0,1
12693,CAB-SSDN050032-DUP2-R12693,3,,0,0,1
12694,CAB-SSDN050040-DUP2-R12694,3,,0,0,1
12695,CAB-SSDN080080-DUP2-R12695,3,,0,0,1
12696,CAB-SSDN100006-DUP2-R12696,3,,0,0,1
12697,CAB-ssdo000020-DUP2-R12697,3,,0,0,1
12698,CAB-SSDP000015-DUP2-R12698,3,,0,0,1
12699,CAB-ssfl010025-DUP2-R12699,3,,0,0,1
12700,CAB-SSFL010032-DUP2-R12700,3,,0,0,1
12701,CAB-ssfl010050-DUP2-R12701,3,,0,0,1
12702,CAB-ssfl010065-DUP2-R12702,3,,0,0,1
12703,CAB-SSFL011050-DUP2-R12703,3,,0,0,1
12704,CAB-ssks000006-DUP2-R12704,3,,57,0,1
12705,CAB-ssks000009-DUP2-R12705,3,,0,0,1
12706,CAB-ssks000013-DUP2-R12706,3,,10,0,1
12707,CAB-ssks000020-DUP2-R12707,3,,46,0,1
12708,CAB-ssks000025-DUP2-R12708,3,,7,0,1
12709,CAB-ssks000032-DUP2-R12709,3,,14,0,1
12710,CAB-ssks000040-DUP2-R12710,3,,26,0,1
12711,CAB-ssks000050-DUP2-R12711,3,,13,0,1
12712,CAB-ssks000080-DUP2-R12712,3,,0,0,1
12713,CAB-ssks001025-DUP2-R12713,3,,0,0,1
12714,CAB-SSKS100006-DUP2-R12714,3,,0,0,1
12715,CAB-ssns006006-DUP2-R12715,3,,0,0,1
12716,CAB-ssns010009-DUP2-R12716,3,,0,0,1
12717,CAB-SSNS015006-DUP2-R12717,3,,0,0,1
12718,CAB-ssns015009-DUP2-R12718,3,,0,0,1
12719,CAB-ssns015013-DUP2-R12719,3,,1,0,1
12720,CAB-ssns020020-DUP2-R12720,3,,0,0,1
12721,CAB-ssns025020-DUP2-R12721,3,,0,0,1
12722,CAB-SSNS025025-DUP2-R12722,3,,0,0,1
12723,CAB-SSNS032032-DUP2-R12723,3,,0,0,1
12724,CAB-ssns040040-DUP2-R12724,3,,1,0,1
12725,CAB-SSNS050050-DUP2-R12725,3,,0,0,1
12726,CAB-sspl000003-DUP2-R12726,3,,100,0,1
12727,CAB-sspl000006-DUP2-R12727,3,,112,0,1
12728,CAB-sspl000009-DUP2-R12728,3,,29,0,1
12729,CAB-sspl000013-DUP2-R12729,3,,100,0,1
12730,CAB-sspl000025-DUP2-R12730,3,,20,0,1
12731,CAB-sspl000032-DUP2-R12731,3,,0,0,1
12732,CAB-sspl000050-DUP2-R12732,3,,0,0,1
12733,CAB-sspl000080-DUP2-R12733,3,,0,0,1
12734,CAB-sssk000006-DUP2-R12734,3,,69,0,1
12735,CAB-SSSK000010-DUP2-R12735,3,,0,0,1
12736,CAB-sssk000015-DUP2-R12736,3,,35,0,1
12737,CAB-sssk000020-DUP2-R12737,3,,30,0,1
12738,CAB-sssk000025-DUP2-R12738,3,,8,0,1
12739,CAB-sssk000032-DUP2-R12739,3,,0,0,1
12740,CAB-sssk000040-DUP2-R12740,3,,0,0,1
12741,CAB-sssk000050-DUP2-R12741,3,,0,0,1
12742,CAB-sssk000080-DUP2-R12742,3,,0,0,1
12743,CAB-SSTC001006-DUP2-R12743,3,,0,0,1
12744,CAB-sste000006-DUP2-R12744,3,,19,0,1
12745,CAB-sste000009-DUP2-R12745,3,,0,0,1
12746,CAB-sste000015-DUP2-R12746,3,,32,0,1
12747,CAB-sste000020-DUP2-R12747,3,,33,0,1
12748,CAB-sste000025-DUP2-R12748,3,,3,0,1
12749,CAB-sste000032-DUP2-R12749,3,,0,0,1
12750,CAB-sste000040-DUP2-R12750,3,,0,0,1
12751,CAB-sste000050-DUP2-R12751,3,,0,0,1
12752,CAB-sste000080-DUP2-R12752,3,,0,0,1
12753,CAB-SSTE100006-DUP2-R12753,3,,0,0,1
12754,CAB-SSUC113013-DUP2-R12754,3,,0,0,1
12755,CAB-ssvr009006-DUP2-R12755,3,,18,0,1
12756,CAB-ssvr015006-DUP2-R12756,3,,0,0,1
12757,CAB-ssvr015009-DUP2-R12757,3,,0,0,1
12758,CAB-ssvr020006-DUP2-R12758,3,,0,0,1
12759,CAB-ssvr020010-DUP2-R12759,3,,0,0,1
12760,CAB-ssvr020015-DUP2-R12760,3,,0,0,1
12761,CAB-ssvr025006-DUP2-R12761,3,,0,0,1
12762,CAB-ssvr025015-DUP2-R12762,3,,0,0,1
12763,CAB-ssvr025020-DUP2-R12763,3,,0,0,1
12764,CAB-ssvr032015-DUP2-R12764,3,,0,0,1
12765,CAB-ssvr032019-DUP2-R12765,3,,0,0,1
12766,CAB-ssvr032025-DUP2-R12766,3,,0,0,1
12767,CAB-ssvr040015-DUP2-R12767,3,,0,0,1
12768,CAB-ssvr040020-DUP2-R12768,3,,0,0,1
12769,CAB-ssvr040025-DUP2-R12769,3,,0,0,1
12770,CAB-ssvr040032-DUP2-R12770,3,,0,0,1
12771,CAB-ssvr050015-DUP2-R12771,3,,0,0,1
12772,CAB-SSVR050020-DUP2-R12772,3,,0,0,1
12773,CAB-ssvr050025-DUP2-R12773,3,,0,0,1
12774,CAB-ssvr050032-DUP2-R12774,3,,0,0,1
12775,CAB-ssvr050040-DUP2-R12775,3,,0,0,1
12776,CAB-SSVR065025-DUP2-R12776,3,,0,0,1
12777,CAB-SSVR080025-DUP2-R12777,3,,0,0,1
12778,CAB-ssvr080032-DUP2-R12778,3,,0,0,1
12779,CAB-SSVS006009-DUP2-R12779,3,,0,0,1
12780,CAB-ssvs015006-DUP2-R12780,3,,0,0,1
12781,CAB-SSVS015009-DUP2-R12781,3,,0,0,1
12782,CAB-ssvs020015-DUP2-R12782,3,,0,0,1
12783,CAB-ssvs025015-DUP2-R12783,3,,0,0,1
12784,CAB-ssvs025020-DUP2-R12784,3,,0,0,1
12785,CAB-ssvs032015-DUP2-R12785,3,,0,0,1
12786,CAB-ssvs032019-DUP2-R12786,3,,0,0,1
12787,CAB-ssvs032025-DUP2-R12787,3,,0,0,1
12788,CAB-ssvs040020-DUP2-R12788,3,,0,0,1
12789,CAB-ssvs040025-DUP2-R12789,3,,0,0,1
12790,CAB-ssvs040032-DUP2-R12790,3,,0,0,1
12791,CAB-SSVS050020-DUP2-R12791,3,,0,0,1
12792,CAB-ssvs050025-DUP2-R12792,3,,0,0,1
12793,CAB-ssvs050032-DUP2-R12793,3,,0,0,1
12794,CAB-ssvs050040-DUP2-R12794,3,,1,0,1
12795,CAB-SSVS065050-DUP2-R12795,3,,0,0,1
12796,CAB-ssvt015006-DUP2-R12796,3,,0,0,1
12797,CAB-ssvt020015-DUP2-R12797,3,,0,0,1
12798,CAB-ssvt025019-DUP2-R12798,3,,0,0,1
12799,CAB-ssvt050015-DUP2-R12799,3,,0,0,1
12800,CAB-ssvt050025-DUP2-R12800,3,,0,0,1
12801,CAB-sswm000006-DUP2-R12801,3,,0,0,1
12802,CAB-sswm000015-DUP2-R12802,3,,0,0,1
12803,CAB-sswm000020-DUP2-R12803,3,,1,0,1
12804,CAB-sswm000025-DUP2-R12804,3,,4,0,1
12805,CAB-sswm000032-DUP2-R12805,3,,4,0,1
12806,CAB-sswm000040-DUP2-R12806,3,,1,0,1
12807,CAB-sswm000050-DUP2-R12807,3,,0,0,1
12808,CAB-sswm000065-DUP2-R12808,3,,0,0,1
12809,CAB-stbg000006-DUP2-R12809,3,,45,0,1
12810,CAB-stbg000008-DUP2-R12810,3,,270,0,1
12811,CAB-stbg000009-DUP2-R12811,3,,8872,0,1
12812,CAB-stbg000013-DUP2-R12812,3,,5422,253,1
12813,CAB-stbg000015-DUP2-R12813,3,,0,0,1
12814,CAB-stbg000016-DUP2-R12814,3,,2318,118,1
12815,CAB-stbg000019-DUP2-R12815,3,,559,168,1
12816,CAB-stbg000022-DUP2-R12816,3,,1169,113,1
12817,CAB-stbg000023-DUP2-R12817,3,,0,0,1
12818,CAB-stbg000025-DUP2-R12818,3,,142,12,1
12819,CAB-stbg000028-DUP2-R12819,3,,2694,119,1
12820,CAB-stbg000029-DUP2-R12820,3,,0,0,1
12821,CAB-stbg000032-DUP2-R12821,3,,774,0,1
12822,CAB-stbg000035-DUP2-R12822,3,,1557,98,1
12823,CAB-stbg000036-DUP2-R12823,3,,0,0,1
12824,CAB-stbg000038-DUP2-R12824,3,,0,0,1
12825,CAB-stbg000042-DUP2-R12825,3,,286,38,1
12826,CAB-stbg000043-DUP2-R12826,3,,0,0,1
12827,CAB-stbg000054-DUP2-R12827,3,,101,0,1
12828,CAB-stbg000055-DUP2-R12828,3,,0,0,1
12829,CAB-stbg000067-DUP2-R12829,3,,16,0,1
12830,CAB-stbg000068-DUP2-R12830,3,,0,0,1
12831,CAB-stbg000076-DUP2-R12831,3,,0,0,1
12832,CAB-stbg000080-DUP2-R12832,3,,87,0,1
12833,CAB-stbg000105-DUP2-R12833,3,,3,0,1
12834,CAB-stbg000108-DUP2-R12834,3,,6,0,1
12835,CAB-stbg000156-DUP2-R12835,3,,5,0,1
12836,CAB-stbg000159-DUP2-R12836,3,,0,0,1
12837,CAB-stss000025-DUP2-R12837,3,,5,0,1
12838,CAB-stss000040-DUP2-R12838,3,,0,0,1
12839,CAB-styr025015-DUP2-R12839,3,,100,0,1
12840,CAB-styr025020-DUP2-R12840,3,,126,0,1
12841,CAB-styr025025-DUP2-R12841,3,,147,0,1
12842,CAB-styr025032-DUP2-R12842,3,,105,0,1
12843,CAB-styr025040-DUP2-R12843,3,,170,0,1
12844,CAB-styr025050-DUP2-R12844,3,,167,0,1
12845,CAB-styr025065-DUP2-R12845,3,,153,0,1
12846,CAB-styr025080-DUP2-R12846,3,,85,0,1
12847,CAB-styr025100-DUP2-R12847,3,,31,0,1
12848,CAB-styr025125-DUP2-R12848,3,,33,0,1
12849,CAB-styr025150-DUP2-R12849,3,,16,0,1
12850,CAB-styr025200-DUP2-R12850,3,,8,0,1
12851,CAB-styr025250-DUP2-R12851,3,,0,0,1
12852,CAB-styr050020-DUP2-R12852,3,,845,1877,1
12853,CAB-styr050025-DUP2-R12853,3,,107,600,1
12854,CAB-styr050040-DUP2-R12854,3,,394,278,1
12855,CAB-styr050050-DUP2-R12855,3,,383,269,1
12856,CAB-styr050065-DUP2-R12856,3,,391,264,1
12857,CAB-styr050080-DUP2-R12857,3,,746,621,1
12858,CAB-styr050100-DUP2-R12858,3,,834,742,1
12859,CAB-styr050125-DUP2-R12859,3,,30,0,1
12860,CAB-styr050200-DUP2-R12860,3,,187,181,1
12861,CAB-styr050300-DUP2-R12861,3,,100,100,1
12862,CAB-styr100001-DUP2-R12862,3,,33,0,1
12863,CAB-styr100002-DUP2-R12863,3,,22,0,1
12864,CAB-supl002013-DUP2-R12864,3,,0,0,1
12865,CAB-supl003001-DUP2-R12865,3,,0,0,1
12866,CAB-supl003002-DUP2-R12866,3,,0,0,1
12867,CAB-supl003003-DUP2-R12867,3,,0,0,1
12868,CAB-supl009019-DUP2-R12868,3,,3,0,1
12869,CAB-supl009022-DUP2-R12869,3,,39,0,1
12870,CAB-supl009025-DUP2-R12870,3,,0,0,1
12871,CAB-supl009028-DUP2-R12871,3,,0,0,1
12872,CAB-supl009054-DUP2-R12872,3,,9,0,1
12873,CAB-supl020016-DUP2-R12873,3,,0,0,1
12874,CAB-supl020022-DUP2-R12874,3,,3,0,1
12875,CAB-supl025016-DUP2-R12875,3,,0,0,1
12876,CAB-supl025022-DUP2-R12876,3,,1,0,1
12877,CAB-supl025035-DUP2-R12877,3,,0,0,1
12878,CAB-supl025042-DUP2-R12878,3,,3,0,1
12879,CAB-susp003040-DUP2-R12879,3,,0,0,1
12880,CAB-svhs000020-DUP2-R12880,3,,0,0,1
12881,CAB-svhs000032-DUP2-R12881,3,,1,0,1
12882,CAB-svhs000040-DUP2-R12882,3,,8,0,1
12883,CAB-svhs000050-DUP2-R12883,3,,0,0,1
12884,CAB-svtl000032-DUP2-R12884,3,,0,0,1
12885,CAB-svtw000015-DUP2-R12885,3,,349,15,1
12886,CAB-svtw000020-DUP2-R12886,3,,259,13,1
12887,CAB-svtw000025-DUP2-R12887,3,,91,0,1
12888,CAB-svtw000032-DUP2-R12888,3,,50,0,1
12889,CAB-svtw000040-DUP2-R12889,3,,60,0,1
12890,CAB-svtw000050-DUP2-R12890,3,,9,0,1
12891,CAB-svtw020015-DUP2-R12891,3,,0,0,1
12892,CAB-svtw020020-DUP2-R12892,3,,5,0,1
12893,CAB-svtw021015-DUP2-R12893,3,,0,0,1
12894,CAB-svtw022015-DUP2-R12894,3,,19,0,1
12895,CAB-svtw022020-DUP2-R12895,3,,18,0,1
12896,CAB-svtw022025-DUP2-R12896,3,,7,0,1
12897,CAB-svtw022050-DUP2-R12897,3,,10,0,1
12898,CAB-svtw201020-DUP2-R12898,3,,0,0,1
12899,CAB-swmh100025-DUP2-R12899,3,,14,0,1
12900,CAB-toze015050-DUP2-R12900,3,,228,0,1
12901,CAB-toze015100-DUP2-R12901,3,,476,0,1
12902,CAB-toze020100-DUP2-R12902,3,,137,0,1
12903,CAB-toze200050-DUP2-R12903,3,,0,0,1
12904,CAB-toze200065-DUP2-R12904,3,,0,0,1
12905,CAB-toze500032-DUP2-R12905,3,,0,0,1
12906,CAB-toze500042-DUP2-R12906,3,,0,0,1
12907,CAB-toze800050-DUP2-R12907,3,,0,0,1
12908,CAB-tred006005-DUP2-R12908,3,,0,0,1
12909,CAB-tred009006-DUP2-R12909,3,,130,0,1
12910,CAB-tred013006-DUP2-R12910,3,,220,0,1
12911,CAB-tred013009-DUP2-R12911,3,,2305,0,1
12912,CAB-tred016009-DUP2-R12912,3,,651,0,1
12913,CAB-tred016013-DUP2-R12913,3,,660,0,1
12914,CAB-tred019009-DUP2-R12914,3,,0,0,1
12915,CAB-tred019013-DUP2-R12915,3,,2511,50,1
12916,CAB-tred019016-DUP2-R12916,3,,271,0,1
12917,CAB-tred022009-DUP2-R12917,3,,58,0,1
12918,CAB-tred022013-DUP2-R12918,3,,10,0,1
12919,CAB-tred022015-DUP2-R12919,3,,0,0,1
12920,CAB-tred022016-DUP2-R12920,3,,277,25,1
12921,CAB-tred022019-DUP2-R12921,3,,314,0,1
12922,CAB-tred025013-DUP2-R12922,3,,52,0,1
12923,CAB-tred025016-DUP2-R12923,3,,288,0,1
12924,CAB-tred025019-DUP2-R12924,3,,185,0,1
12925,CAB-tred025022-DUP2-R12925,3,,0,0,1
12926,CAB-tred028013-DUP2-R12926,3,,6,0,1
12927,CAB-tred028015-DUP2-R12927,3,,0,0,1
12928,CAB-tred028016-DUP2-R12928,3,,171,0,1
12929,CAB-tred028019-DUP2-R12929,3,,163,0,1
12930,CAB-tred028022-DUP2-R12930,3,,131,0,1
12931,CAB-tred028023-DUP2-R12931,3,,0,0,1
12932,CAB-tred032019-DUP2-R12932,3,,243,0,1
12933,CAB-tred032025-DUP2-R12933,3,,38,0,1
12934,CAB-tred035013-DUP2-R12934,3,,98,0,1
12935,CAB-tred035016-DUP2-R12935,3,,148,0,1
12936,CAB-tred035019-DUP2-R12936,3,,100,0,1
12937,CAB-tred035022-DUP2-R12937,3,,136,0,1
12938,CAB-tred035028-DUP2-R12938,3,,146,0,1
12939,CAB-tred035029-DUP2-R12939,3,,0,0,1
12940,CAB-tred042016-DUP2-R12940,3,,58,0,1
12941,CAB-tred042019-DUP2-R12941,3,,44,0,1
12942,CAB-tred042022-DUP2-R12942,3,,106,0,1
12943,CAB-tred042028-DUP2-R12943,3,,30,0,1
12944,CAB-tred042035-DUP2-R12944,3,,79,0,1
12945,CAB-tred054016-DUP2-R12945,3,,34,0,1
12946,CAB-tred054019-DUP2-R12946,3,,0,0,1
12947,CAB-tred054022-DUP2-R12947,3,,16,0,1
12948,CAB-tred054028-DUP2-R12948,3,,48,0,1
12949,CAB-tred054035-DUP2-R12949,3,,26,0,1
12950,CAB-tred054042-DUP2-R12950,3,,147,0,1
12951,CAB-tred067016-DUP2-R12951,3,,21,0,1
12952,CAB-tred067022-DUP2-R12952,3,,18,0,1
12953,CAB-tred067028-DUP2-R12953,3,,25,0,1
12954,CAB-tred067035-DUP2-R12954,3,,20,0,1
12955,CAB-tred067042-DUP2-R12955,3,,9,0,1
12956,CAB-tred067054-DUP2-R12956,3,,36,0,1
12957,CAB-tred076042-DUP2-R12957,3,,0,0,1
12958,CAB-tred080022-DUP2-R12958,3,,3,0,1
12959,CAB-tred080028-DUP2-R12959,3,,5,0,1
12960,CAB-tred080035-DUP2-R12960,3,,8,0,1
12961,CAB-tred080042-DUP2-R12961,3,,0,0,1
12962,CAB-tred080054-DUP2-R12962,3,,0,0,1
12963,CAB-tred080067-DUP2-R12963,3,,10,0,1
12964,CAB-tred105035-DUP2-R12964,3,,11,0,1
12965,CAB-tred105042-DUP2-R12965,3,,8,0,1
12966,CAB-tred105054-DUP2-R12966,3,,7,0,1
12967,CAB-tred105067-DUP2-R12967,3,,4,0,1
12968,CAB-tred105080-DUP2-R12968,3,,8,0,1
12969,CAB-tred108076-DUP2-R12969,3,,2,0,1
12970,CAB-tred156104-DUP2-R12970,3,,2,0,1
12971,CAB-tspb100020-DUP2-R12971,3,,0,0,1
12972,CAB-tspb100025-DUP2-R12972,3,,0,0,1
12973,CAB-tspb100032-DUP2-R12973,3,,0,0,1
12974,CAB-tspb100040-DUP2-R12974,3,,0,0,1
12975,CAB-tspb100050-DUP2-R12975,3,,0,0,1
12976,CAB-tspb200020-DUP2-R12976,3,,0,0,1
12977,CAB-tspb200025-DUP2-R12977,3,,0,0,1
12978,CAB-tspb200032-DUP2-R12978,3,,0,0,1
12979,CAB-tspb200040-DUP2-R12979,3,,0,0,1
12980,CAB-tspb200050-DUP2-R12980,3,,0,0,1
12981,CAB-tspb300015-DUP2-R12981,3,,1,0,1
12982,CAB-tspb300025-DUP2-R12982,3,,0,0,1
12983,CAB-tspb300050-DUP2-R12983,3,,0,0,1
12984,CAB-tspb400015-DUP2-R12984,3,,0,0,1
12985,CAB-tspb400020-DUP2-R12985,3,,0,0,1
12986,CAB-tspb400025-DUP2-R12986,3,,0,0,1
12987,CAB-tspb400032-DUP2-R12987,3,,0,0,1
12988,CAB-tspb400040-DUP2-R12988,3,,0,0,1
12989,CAB-tspb400050-DUP2-R12989,3,,0,0,1
12990,CAB-tspb500015-DUP2-R12990,3,,0,0,1
12991,CAB-tspb500020-DUP2-R12991,3,,0,0,1
12992,CAB-tspb500025-DUP2-R12992,3,,0,0,1
12993,CAB-tspb500050-DUP2-R12993,3,,0,0,1
12994,CAB-tspb600015-DUP2-R12994,3,,0,0,1
12995,CAB-tspb600020-DUP2-R12995,3,,0,0,1
12996,CAB-tspb600025-DUP2-R12996,3,,0,0,1
12997,CAB-tspb700025-DUP2-R12997,3,,0,0,1
12998,CAB-tspb700032-DUP2-R12998,3,,0,0,1
12999,CAB-tspg100015-DUP2-R12999,3,,0,0,1
13000,CAB-tspg100025-DUP2-R13000,3,,0,0,1
13001,CAB-tspg100050-DUP2-R13001,3,,0,0,1
13002,CAB-tspg300020-DUP2-R13002,3,,0,0,1
13003,CAB-tspg300025-DUP2-R13003,3,,0,0,1
13004,CAB-tspg300040-DUP2-R13004,3,,0,0,1
13005,CAB-tspg300050-DUP2-R13005,3,,0,0,1
13006,CAB-tspg400015-DUP2-R13006,3,,0,0,1
13007,CAB-tspg400025-DUP2-R13007,3,,0,0,1
13008,CAB-tspg400032-DUP2-R13008,3,,0,0,1
13009,CAB-tspg500065-DUP2-R13009,3,,0,0,1
13010,CAB-tspg600015-DUP2-R13010,3,,0,0,1
13011,CAB-tspg700020-DUP2-R13011,3,,0,0,1
13012,CAB-tspg700025-DUP2-R13012,3,,0,0,1
13013,CAB-tspr125015-DUP2-R13013,3,,0,0,1
13014,CAB-tspr140032-DUP2-R13014,3,,0,0,1
13015,CAB-tspt120015-DUP2-R13015,3,,0,0,1
13016,CAB-tspt132015-DUP2-R13016,3,,0,0,1
13017,CAB-tspt132025-DUP2-R13017,3,,0,0,1
13018,CAB-tspt140025-DUP2-R13018,3,,0,0,1
13019,CAB-tspt140032-DUP2-R13019,3,,0,0,1
13020,CAB-tspt150025-DUP2-R13020,3,,0,0,1
13021,CAB-tspt165032-DUP2-R13021,3,,0,0,1
13022,CAB-tspv020015-DUP2-R13022,3,,0,0,1
13023,CAB-tspv025020-DUP2-R13023,3,,0,0,1
13024,CAB-tspv040020-DUP2-R13024,3,,0,0,1
13025,CAB-tspv040032-DUP2-R13025,3,,0,0,1
13026,CAB-tspv050040-DUP2-R13026,3,,0,0,1
13027,CAB-tspv125015-DUP2-R13027,3,,0,0,1
13028,CAB-tspv125020-DUP2-R13028,3,,0,0,1
13029,CAB-tspv132025-DUP2-R13029,3,,0,0,1
13030,CAB-tspv140015-DUP2-R13030,3,,0,0,1
13031,CAB-tspv140025-DUP2-R13031,3,,0,0,1
13032,CAB-tspv140032-DUP2-R13032,3,,0,0,1
13033,CAB-tspv150025-DUP2-R13033,3,,0,0,1
13034,CAB-tspv150032-DUP2-R13034,3,,0,0,1
13035,CAB-ttbg000006-DUP2-R13035,3,,19,0,1
13036,CAB-ttbg000008-DUP2-R13036,3,,0,0,1
13037,CAB-ttbg000009-DUP2-R13037,3,,1165,0,1
13038,CAB-ttbg000013-DUP2-R13038,3,,1108,260,1
13039,CAB-ttbg000015-DUP2-R13039,3,,0,0,1
13040,CAB-ttbg000016-DUP2-R13040,3,,111,177,1
13041,CAB-ttbg000019-DUP2-R13041,3,,2996,158,1
13042,CAB-ttbg000022-DUP2-R13042,3,,1908,122,1
13043,CAB-ttbg000023-DUP2-R13043,3,,0,0,1
13044,CAB-ttbg000025-DUP2-R13044,3,,1324,8,1
13045,CAB-ttbg000028-DUP2-R13045,3,,234,19,1
13046,CAB-ttbg000029-DUP2-R13046,3,,0,0,1
13047,CAB-ttbg000032-DUP2-R13047,3,,47,0,1
13048,CAB-ttbg000035-DUP2-R13048,3,,351,28,1
13049,CAB-ttbg000038-DUP2-R13049,3,,63,0,1
13050,CAB-ttbg000042-DUP2-R13050,3,,219,7,1
13051,CAB-ttbg000054-DUP2-R13051,3,,460,0,1
13052,CAB-ttbg000067-DUP2-R13052,3,,96,0,1
13053,CAB-ttbg000080-DUP2-R13053,3,,50,0,1
13054,CAB-ttbg000104-DUP2-R13054,3,,2,0,1
13055,CAB-ttbg000108-DUP2-R13055,3,,16,0,1
13056,CAB-ttbg000156-DUP2-R13056,3,,5,0,1
13057,CAB-ttbg000159-DUP2-R13057,3,,0,0,1
13058,CAB-TTBG100015-DUP2-R13058,3,,0,0,1
13059,CAB-uben001006-DUP2-R13059,3,,0,0,1
13060,CAB-uben001008-DUP2-R13060,3,,0,0,1
13061,CAB-uben001009-DUP2-R13061,3,,1073,0,1
13062,CAB-UBEN001010-DUP2-R13062,3,,124,0,1
13063,CAB-uben001013-DUP2-R13063,3,,1161,0,1
13064,CAB-uben001016-DUP2-R13064,3,,4165,0,1
13065,CAB-uben001019-DUP2-R13065,3,,483,0,1
13066,CAB-uben001022-DUP2-R13066,3,,261,0,1
13067,CAB-uben001025-DUP2-R13067,3,,210,0,1
13068,CAB-uben001028-DUP2-R13068,3,,264,0,1
13069,CAB-uben001035-DUP2-R13069,3,,246,0,1
13070,CAB-UBEN001042-DUP2-R13070,3,,150,0,1
13071,CAB-UBEN001054-DUP2-R13071,3,,188,0,1
13072,CAB-uben002006-DUP2-R13072,3,,18,0,1
13073,CAB-uben002008-DUP2-R13073,3,,1,0,1
13074,CAB-uben002009-DUP2-R13074,3,,13,0,1
13075,CAB-uben002013-DUP2-R13075,3,,0,0,1
13076,CAB-uben002016-DUP2-R13076,3,,0,0,1
13077,CAB-uben003009-DUP2-R13077,3,,0,0,1
13078,CAB-uben003013-DUP2-R13078,3,,0,0,1
13079,CAB-uben003016-DUP2-R13079,3,,2,0,1
13080,CAB-UBEN003019-DUP2-R13080,3,,500,0,1
13081,CAB-UCIN109009-DUP2-R13081,3,,0,0,1
13082,CAB-unid300015-DUP2-R13082,3,,0,0,1
13083,CAB-wavi001100-DUP2-R13083,3,,0,0,1
13084,CAB-wmtl000013-DUP2-R13084,3,,44,0,1
13085,CAB-wmtl000016-DUP2-R13085,3,,68,0,1
13086,CAB-wmtl000019-DUP2-R13086,3,,40,0,1
13087,CAB-wmtl000022-DUP2-R13087,3,,46,0,1
13088,CAB-wmtl000025-DUP2-R13088,3,,26,0,1
13089,CAB-WMTL000027-DUP2-R13089,3,,5,0,1
13090,CAB-wmtl000028-DUP2-R13090,3,,31,0,1
13091,CAB-wmtl000035-DUP2-R13091,3,,45,0,1
13092,CAB-WMTL000036-DUP2-R13092,3,,2,0,1
13093,CAB-wmtl000042-DUP2-R13093,3,,33,0,1
13094,CAB-WMTL000043-DUP2-R13094,3,,2,0,1
13095,CAB-wmtl000054-DUP2-R13095,3,,23,0,1
13096,CAB-WMTL000055-DUP2-R13096,3,,1,0,1
13097,CAB-wmtl000067-DUP2-R13097,3,,0,0,1
13098,CAB-york200050-DUP2-R13098,3,,0,0,1
13099,CAB-ZMBV000006-DUP2-R13099,3,,0,0,1
13100,CAB-ZMBV000009-DUP2-R13100,3,,189,0,1
13101,CAB-ZMBV000013-DUP2-R13101,3,,80,0,1
13102,CAB-ZMBV000016-DUP2-R13102,3,,145,0,1
13103,CAB-ZMBV000020-DUP2-R13103,3,,81,0,1
13104,CAB-ZMBV000022-DUP2-R13104,3,,186,0,1
13105,CAB-ZMBV000025-DUP2-R13105,3,,0,0,1
13106,CAB-ZMBV000028-DUP2-R13106,3,,46,0,1
13107,CAB-ZMBV000035-DUP2-R13107,3,,50,0,1
13108,CAB-ZMBV000042-DUP2-R13108,3,,24,0,1
13109,CAB-ZMBV000054-DUP2-R13109,3,,22,0,1
13110,CAB-ZMBV000067-DUP2-R13110,3,,14,0,1
13111,CAB-ZMBV000080-DUP2-R13111,3,,1,0,1
13112,CAB-zmbv100009-DUP2-R13112,3,,0,0,1
13113,CAB-ZMBV100013-DUP2-R13113,3,,20,0,1
13114,CAB-ZMBV100016-DUP2-R13114,3,,0,0,1
13115,CAB-ZMBV100020-DUP2-R13115,3,,0,0,1
13116,CAB-ZMBV100022-DUP2-R13116,3,,5,0,1
13117,CAB-ZMBV100028-DUP2-R13117,3,,2,0,1
13118,CAB-ZMBV100035-DUP2-R13118,3,,7,0,1
13119,CAB-ZMBV100042-DUP2-R13119,3,,9,0,1
13120,CAB-ZMED100001-DUP2-R13120,3,,0,0,1
13121,CAB-ZMED100002-DUP2-R13121,3,,0,0,1
13122,CAB-ZMED100003-DUP2-R13122,3,,0,0,1
13123,CAB-ZMED100004-DUP2-R13123,3,,0,0,1
13124,CAB-ZMED100005-DUP2-R13124,3,,0,0,1
13125,CAB-ZMED100008-DUP2-R13125,3,,0,0,1
13126,CAB-ZMED110001-DUP2-R13126,3,,235,0,1
13127,CAB-ZMED110002-DUP2-R13127,3,,183,0,1
13128,CAB-ZMED110003-DUP2-R13128,3,,49,0,1
13129,CAB-ZMED110004-DUP2-R13129,3,,29,0,1
13130,CAB-ZMED110005-DUP2-R13130,3,,10,0,1
13131,CAB-ZMED110008-DUP2-R13131,3,,20,0,1
13132,CAB-ZMED140008-DUP2-R13132,3,,20,0,1
13133,CAB-ZMED200001-DUP2-R13133,3,,192,0,1
13134,CAB-ZMED200002-DUP2-R13134,3,,313,0,1
13135,CAB-ZMED200003-DUP2-R13135,3,,111,0,1
13136,CAB-ZMED200004-DUP2-R13136,3,,18,0,1
13137,CAB-ZMED200006-DUP2-R13137,3,,21,0,1
13138,CAB-ZMED200007-DUP2-R13138,3,,10,0,1
13139,CAB-ZMED200008-DUP2-R13139,3,,28,0,1
13140,CAB-ZMED300001-DUP2-R13140,3,,713,0,1
13141,CAB-ZMED300002-DUP2-R13141,3,,372,0,1
13142,CAB-ZMED300003-DUP2-R13142,3,,111,0,1
13143,CAB-ZMED300004-DUP2-R13143,3,,49,0,1
13144,CAB-ZMED300005-DUP2-R13144,3,,10,0,1
13145,CAB-ZMED411001-DUP2-R13145,3,,270,0,1
13146,CAB-ZMED411002-DUP2-R13146,3,,71,0,1
13147,CAB-ZMED411003-DUP2-R13147,3,,0,0,1
13148,CAB-ZMED411004-DUP2-R13148,3,,10,0,1
13149,CAB-ZMED411005-DUP2-R13149,3,,10,0,1
13150,CAB-ZMED412002-DUP2-R13150,3,,100,0,1
13151,CAB-ZMED500003-DUP2-R13151,3,,69,0,1
13152,CAB-ZMED500005-DUP2-R13152,3,,484,0,1
13153,CAB-ZMED500006-DUP2-R13153,3,,697,0,1
13154,CAB-ZMED600002-DUP2-R13154,3,,305,0,1
13155,CAB-ZMED600007-DUP2-R13155,3,,5,0,1
13156,CAB-ZMED600008-DUP2-R13156,3,,7,0,1
13157,CAB-ZMED600009-DUP2-R13157,3,,3,0,1
13158,CAB-ZMED600012-DUP2-R13158,3,,0,0,1
13159,CAB-adpt116006-DUP2-R13159,3,,0,0,1
13160,CAB-adpt116009-DUP2-R13160,3,,0,0,1
13161,CAB-adpt015016-DUP2-R13161,3,,0,0,1
13162,CAB-adpt113006-DUP2-R13162,3,,0,0,1
13163,CAB-adpt113009-DUP2-R13163,3,,0,0,1
13164,CAB-ADPT115015-DUP2-R13164,3,,0,0,1
13165,CAB-ADPT115006-DUP2-R13165,3,,0,0,1
13166,CAB-adpt015013-DUP2-R13166,3,,0,0,1
13167,CAB-adpt015009-DUP2-R13167,3,,0,0,1
13168,CAB-adpt006004-DUP2-R13168,3,,0,0,1
13169,CAB-ADPT106015-DUP2-R13169,3,,0,0,1
13170,CAB-ADPT106007-DUP2-R13170,3,,0,0,1
13171,CAB-adpt006006-DUP2-R13171,3,,36,0,1
13172,CAB-adpt106006-DUP2-R13172,3,,0,0,1
13173,CAB-adpt003006-DUP2-R13173,3,,60,0,1
13174,CAB-adpt020013-DUP2-R13174,3,,0,0,1
13175,CAB-adpt020019-DUP2-R13175,3,,0,0,1
13176,CAB-adpt020016-DUP2-R13176,3,,0,0,1
13177,CAB-adpt119013-DUP2-R13177,3,,0,0,1
13178,CAB-adpt119006-DUP2-R13178,3,,0,0,1
13179,CAB-adpt119009-DUP2-R13179,3,,0,0,1
13180,CAB-adpt119016-DUP2-R13180,3,,0,0,1
13181,CAB-ADPT009008-DUP2-R13181,3,,0,0,1
13182,CAB-adpt009006-DUP2-R13182,3,,0,0,1
13183,CAB-ADPT009016-DUP2-R13183,3,,0,0,1
13184,CAB-adpt109006-DUP2-R13184,3,,0,0,1
13185,CAB-adpt009009-DUP2-R13185,3,,0,0,1
13186,CAB-adpt008006-DUP2-R13186,3,,0,0,1
13187,CAB-adpt108006-DUP2-R13187,3,,0,0,1
13188,CAB-adpt016020-DUP2-R13188,3,,0,0,1
13189,CAB-adpt116013-DUP2-R13189,3,,0,0,1
13190,CAB-ADPT001006-DUP2-R13190,3,,20,0,1
13191,CAB-NEPE900071-DUP2-R13191,3,,0,0,1
13192,CAB-adpt008005-DUP2-R13192,3,,0,0,1
13193,CAB-ADPT001005-DUP2-R13193,3,,0,0,1
13194,CAB-ADPT001004-DUP2-R13194,3,,0,0,1
13195,CAB-ADPT001008-DUP2-R13195,3,,0,0,1
13196,CAB-ADPT007008-DUP2-R13196,3,,0,0,1
13197,CAB-ZMAV000002-DUP2-R13197,3,,0,0,1
13198,CAB-ADPT001007-DUP2-R13198,3,,0,0,1
13199,CAB-NEPE900018-DUP2-R13199,3,,0,0,1
13200,CAB-NEPE900015-DUP2-R13200,3,,0,0,1
13201,CAB-nepe900023-DUP2-R13201,3,,0,0,1
13202,CAB-NEPE900091-DUP2-R13202,3,,0,0,1
13203,CAB-nepe900019-DUP2-R13203,3,,0,0,1
13204,CAB-agas003003-DUP2-R13204,3,,0,0,1
13205,CAB-agas003004-DUP2-R13205,3,,0,0,1
13206,CAB-agas003008-DUP2-R13206,3,,0,0,1
13207,CAB-agas003002-DUP2-R13207,3,,0,0,1
13208,CAB-010011002025,3,,0,0,1
13209,CAB-010011002015,3,,0,0,1
13210,CAB-010011002050-DUP2-R13210,3,,0,0,1
13211,CAB-010011002020,3,,0,0,1
13212,CAB-010011001025-DUP2-R13212,3,,0,0,1
13213,CAB-010011001013-DUP2-R13213,3,,0,0,1
13214,CAB-010011001020-DUP2-R13214,3,,0,0,1
13215,CAB-alst110070-DUP2-R13215,3,,0,0,1
13216,CAB-alfo222222-DUP2-R13216,3,,0,0,1
13217,CAB-alfo002310-DUP2-R13217,3,,0,0,1
13218,CAB-013001000002-DUP2-R13218,3,,0,0,1
13219,CAB-013001000001-DUP2-R13219,3,,0,0,1
13220,CAB-alfo000777-DUP2-R13220,3,,0,0,1
13221,CAB-alfo001002-DUP2-R13221,3,,0,0,1
13222,CAB-alfo001001-DUP2-R13222,3,,0,0,1
13223,CAB-AGAS004024-DUP2-R13223,3,,0,0,1
13224,CAB-AGAS004018-DUP2-R13224,3,,0,0,1
13225,CAB-AGAS004011-DUP2-R13225,3,,0,0,1
13226,CAB-agas004031-DUP2-R13226,3,,0,0,1
13227,CAB-AGAS004026-DUP2-R13227,3,,0,0,1
13228,CAB-agas004005-DUP2-R13228,3,,0,0,1
13229,CAB-agas004004-DUP2-R13229,3,,0,0,1
13230,CAB-agas004006-DUP2-R13230,3,,0,0,1
13231,CAB-agas004008-DUP2-R13231,3,,0,0,1
13232,CAB-agas004030-DUP2-R13232,3,,0,0,1
13233,CAB-agas004007-DUP2-R13233,3,,0,0,1
13234,CAB-ARCA900001-DUP2-R13234,3,,0,0,1
13235,CAB-010007000005-DUP2-R13235,3,,0,0,1
13236,CAB-010007000004-DUP2-R13236,3,,0,0,1
13237,CAB-010007000006-DUP2-R13237,3,,0,0,1
13238,CAB-ppra000001-DUP2-R13238,3,,0,0,1
13239,CAB-ppra000002-DUP2-R13239,3,,0,0,1
13240,CAB-ascr002021-DUP2-R13240,3,,0,0,1
13241,CAB-fire060035-DUP2-R13241,3,,0,0,1
13242,CAB-fire060060-DUP2-R13242,3,,0,0,1
13243,CAB-ascr030041-DUP2-R13243,3,,0,0,1
13244,CAB-AGAS300002-DUP2-R13244,3,,0,0,1
13245,CAB-AGAS300001-DUP2-R13245,3,,0,0,1
13246,CAB-alco700015-DUP2-R13246,3,,0,0,1
13247,CAB-alco700020-DUP2-R13247,3,,0,0,1
13248,CAB-alco700022-DUP2-R13248,3,,0,0,1
13249,CAB-alco700028-DUP2-R13249,3,,0,0,1
13250,CAB-alco700035-DUP2-R13250,3,,0,0,1
13251,CAB-alco700042-DUP2-R13251,3,,0,0,1
13252,CAB-alco700054-DUP2-R13252,3,,0,0,1
13253,CAB-alco000049-DUP2-R13253,3,,0,0,1
13254,CAB-alco900012-DUP2-R13254,3,,0,0,1
13255,CAB-alco0000524611301450522-DUP2-R13255,3,,0,0,1
13256,CAB-alco000053-DUP2-R13256,3,,0,0,1
13257,CAB-alco000083-681344476083-DUP2-R13257,3,,0,0,1
13258,CAB-alco000165-DUP2-R13258,3,,11,0,1
13259,CAB-alco000304-681344476162-DUP2-R13259,3,,0,0,1
13260,CAB-alco000306-DUP2-R13260,3,,0,0,1
13261,CAB-alco000307-DUP2-R13261,3,,0,0,1
13262,CAB-alco000417-DUP2-R13262,3,,0,0,1
13263,CAB-alco000419-DUP2-R13263,3,,0,0,1
13264,CAB-alco800016-DUP2-R13264,3,,0,0,1
13265,CAB-alco800022-DUP2-R13265,3,,0,0,1
13266,CAB-alco800028-DUP2-R13266,3,,0,0,1
13267,CAB-alco800035-DUP2-R13267,3,,0,0,1
13268,CAB-alco800042-DUP2-R13268,3,,0,0,1
13269,CAB-alco800054-DUP2-R13269,3,,0,0,1
13270,CAB-alco500004-DUP2-R13270,3,,0,0,1
13271,CAB-alco500006-DUP2-R13271,3,,0,0,1
13272,CAB-alco500008-DUP2-R13272,3,,0,0,1
13273,CAB-ascr000112-DUP2-R13273,3,,0,0,1
13274,CAB-ascr000122-DUP2-R13274,3,,0,0,1
13275,CAB-alfo000128-DUP2-R13275,3,,0,0,1
13276,CAB-alfo000001-DUP2-R13276,3,,0,2,1
13277,CAB-100001000003-DUP2-R13277,3,,0,0,1
13278,CAB-013005001060-DUP2-R13278,3,,0,0,1
13279,CAB-arca400003-DUP2-R13279,3,,0,0,1
13280,CAB-arca400004-DUP2-R13280,3,,0,0,1
13281,CAB-ARCA800001-DUP2-R13281,3,,0,0,1
13282,CAB-arca200002-DUP2-R13282,3,,0,0,1
13283,CAB-arca600001-DUP2-R13283,3,,0,0,1
13284,CAB-arca330002-DUP2-R13284,3,,0,0,1
13285,CAB-arca330001-DUP2-R13285,3,,0,0,1
13286,CAB-agas003015-DUP2-R13286,3,,0,0,1
13287,CAB-agas003010-DUP2-R13287,3,,0,0,1
13288,CAB-agas003030-DUP2-R13288,3,,0,0,1
13289,CAB-amic000032-DUP2-R13289,3,,0,0,1
13290,CAB-anac000028-DUP2-R13290,3,,0,0,1
13291,CAB-anac000016-DUP2-R13291,3,,0,0,1
13292,CAB-anac000020-DUP2-R13292,3,,0,0,1
13293,CAB-anac000054-DUP2-R13293,3,,0,0,1
13294,CAB-anac000022-DUP2-R13294,3,,0,0,1
13295,CAB-anac000035-DUP2-R13295,3,,0,0,1
13296,CAB-anac000042-DUP2-R13296,3,,0,0,1
13297,CAB-ascr006000-DUP2-R13297,3,,0,0,1
13298,CAB-agas002007-DUP2-R13298,3,,0,0,1
13299,CAB-ascr000003-DUP2-R13299,3,,0,0,1
13300,CAB-olis004003-DUP2-R13300,3,,0,0,1
13301,CAB-olis004004-DUP2-R13301,3,,0,0,1
13302,CAB-ascr007007-DUP2-R13302,3,,0,0,1
13303,CAB-pgau070010-DUP2-R13303,3,,0,0,1
13304,CAB-ASCR009365-DUP2-R13304,3,,0,0,1
13305,CAB-ascr002015-DUP2-R13305,3,,4,0,1
13306,CAB-ascr003006-DUP2-R13306,3,,0,0,1
13307,CAB-pgau038025-DUP2-R13307,3,,0,0,1
13308,CAB-PGAU038040-DUP2-R13308,3,,0,0,1
13309,CAB-PGAU038004-DUP2-R13309,3,,0,0,1
13310,CAB-pgau038060-DUP2-R13310,3,,0,0,1
13311,CAB-pgau038006-DUP2-R13311,3,,0,0,1
13312,CAB-PGAU037006-DUP2-R13312,3,,0,0,1
13313,CAB-smad402015-DUP2-R13313,3,,0,0,1
13314,CAB-arca200001-DUP2-R13314,3,,0,0,1
13315,CAB-010012000020-DUP2-R13315,3,,0,0,1
13316,CAB-tabv000025-DUP2-R13316,3,,0,0,1
13317,CAB-fdpu000401-DUP2-R13317,3,,0,15,1
13318,CAB-schi181050-DUP2-R13318,3,,0,0,1
13319,CAB-012001000013-DUP2-R13319,3,,0,0,1
13320,CAB-012001000012-DUP2-R13320,3,,0,0,1
13321,CAB-012001000020-DUP2-R13321,3,,0,0,1
13322,CAB-bvit000007-DUP2-R13322,3,,0,0,1
13323,CAB-010013001025-DUP2-R13323,3,,0,0,1
13324,CAB-010013001028-DUP2-R13324,3,,0,0,1
13325,CAB-010013001035-DUP2-R13325,3,,0,0,1
13326,CAB-010013001042,3,,0,0,1
13327,CAB-010013001013-DUP2-R13327,3,,0,0,1
13328,CAB-010013001006-DUP2-R13328,3,,0,0,1
13329,CAB-010013001054-DUP2-R13329,3,,0,0,1
13330,CAB-010013001067-DUP2-R13330,3,,0,0,1
13331,CAB-010013001080-DUP2-R13331,3,,0,0,1
13332,CAB-010013001019-DUP2-R13332,3,,0,0,1
13333,CAB-010013001009-DUP2-R13333,3,,0,0,1
13334,CAB-010013001016-DUP2-R13334,3,,0,0,1
13335,CAB-010013001022-DUP2-R13335,3,,0,0,1
13336,CAB-010013002028-DUP2-R13336,3,,0,0,1
13337,CAB-010013002035-DUP2-R13337,3,,0,0,1
13338,CAB-010013002042,3,,0,0,1
13339,CAB-010013002013-DUP2-R13339,3,,0,0,1
13340,CAB-010013002019-DUP2-R13340,3,,0,0,1
13341,CAB-010013002009-DUP2-R13341,3,,0,0,1
13342,CAB-010013002016-DUP2-R13342,3,,0,0,1
13343,CAB-010013002022-DUP2-R13343,3,,0,0,1
13344,CAB-bvss100050-DUP2-R13344,3,,0,0,1
13345,CAB-bvss100080-DUP2-R13345,3,,0,0,1
13346,CAB-NEPE900095-DUP2-R13346,3,,0,0,1
13347,CAB-barg100014-DUP2-R13347,3,,0,0,1
13348,CAB-BARG114025-DUP2-R13348,3,,0,0,1
13349,CAB-BARG030030-DUP2-R13349,3,,0,0,1
13350,CAB-BARG048048-DUP2-R13350,3,,0,0,1
13351,CAB-BARG495495-DUP2-R13351,3,,0,0,1
13352,CAB-barg050015-DUP2-R13352,3,,0,0,1
13353,CAB-BARG056056-DUP2-R13353,3,,0,0,1
13354,CAB-BARG805009-DUP2-R13354,3,,0,0,1
13355,CAB-barg010060-DUP2-R13355,3,,0,0,1
13356,CAB-BARG100010-DUP2-R13356,3,,0,0,1
13357,CAB-BARG114065-DUP2-R13357,3,,0,0,1
13358,CAB-BARG116005-DUP2-R13358,3,,0,0,1
13359,CAB-BARG120020-DUP2-R13359,3,,0,0,1
13360,CAB-BARG030010-DUP2-R13360,3,,0,0,1
13361,CAB-BARG030022-DUP2-R13361,3,,0,0,1
13362,CAB-BARG030015-DUP2-R13362,3,,0,0,1
13363,CAB-barg039039-DUP2-R13363,3,,0,0,1
13364,CAB-BARG039104-DUP2-R13364,3,,0,0,1
13365,CAB-BARG040020-DUP2-R13365,3,,0,0,1
13366,CAB-BARG041021-DUP2-R13366,3,,0,0,1
13367,CAB-BARG050025-DUP2-R13367,3,,0,0,1
13368,CAB-BARG046046-DUP2-R13368,3,,0,0,1
13369,CAB-BARG056026-DUP2-R13369,3,,0,0,1
13370,CAB-BARG057057-DUP2-R13370,3,,0,0,1
13371,CAB-barg060015-DUP2-R13371,3,,0,0,1
13372,CAB-BARG060014-DUP2-R13372,3,,0,0,1
13373,CAB-BARG060075-DUP2-R13373,3,,0,0,1
13374,CAB-BARG075010-DUP2-R13374,3,,0,0,1
13375,CAB-BARG795075-DUP2-R13375,3,,0,0,1
13376,CAB-barg080010-DUP2-R13376,3,,0,0,1
13377,CAB-BARG076016-DUP2-R13377,3,,0,0,1
13378,CAB-barg000001-DUP2-R13378,3,,0,0,1
13379,CAB-BARG030016-DUP2-R13379,3,,0,0,1
13380,CAB-barg050060-DUP2-R13380,3,,0,0,1
13381,CAB-BARP100005-DUP2-R13381,3,,0,0,1
13382,CAB-BARP010100-DUP2-R13382,3,,0,0,1
13383,CAB-BARP010020-DUP2-R13383,3,,0,0,1
13384,CAB-BARP020020-DUP2-R13384,3,,0,0,1
13385,CAB-BARP025075-DUP2-R13385,3,,0,0,1
13386,CAB-BARP030020-DUP2-R13386,3,,0,0,1
13387,CAB-BARG040030-DUP2-R13387,3,,0,0,1
13388,CAB-BARP060020-DUP2-R13388,3,,0,0,1
13389,CAB-BARG010010-DUP2-R13389,3,,0,0,1
13390,CAB-BARG010090-DUP2-R13390,3,,0,0,1
13391,CAB-GMTA310001-DUP2-R13391,3,,0,0,1
13392,CAB-AGAS012021-DUP2-R13392,3,,0,0,1
13393,CAB-AGAS012002-DUP2-R13393,3,,0,0,1
13394,CAB-AGAS012019-DUP2-R13394,3,,0,0,1
13395,CAB-AGAS012020-DUP2-R13395,3,,0,0,1
13396,CAB-AGAS012014-DUP2-R13396,3,,0,0,1
13397,CAB-AGAS012017-DUP2-R13397,3,,0,0,1
13398,CAB-AGAS012018-DUP2-R13398,3,,0,0,1
13399,CAB-AGAS012015-DUP2-R13399,3,,0,0,1
13400,CAB-AGAS012010-DUP2-R13400,3,,0,0,1
13401,CAB-AGAS012022-DUP2-R13401,3,,0,0,1
13402,CAB-AGAS012016-DUP2-R13402,3,,0,0,1
13403,CAB-AGAS012004-DUP2-R13403,3,,0,0,1
13404,CAB-agas012001-DUP2-R13404,3,,30,29,1
13405,CAB-agas012025-DUP2-R13405,3,,0,0,1
13406,CAB-AGAS012023-DUP2-R13406,3,,0,0,1
13407,CAB-AGAS012006-DUP2-R13407,3,,0,0,1
13408,CAB-AGAS012012-DUP2-R13408,3,,0,0,1
13409,CAB-AGAS012011-DUP2-R13409,3,,0,0,1
13410,CAB-agas012007-DUP2-R13410,3,,0,0,1
13411,CAB-AGAS012005-DUP2-R13411,3,,0,0,1
13412,CAB-agas012008-DUP2-R13412,3,,0,0,1
13413,CAB-AGAS012013-DUP2-R13413,3,,0,0,1
13414,CAB-agas012009-DUP2-R13414,3,,0,0,1
13415,CAB-belg100025-DUP2-R13415,3,,0,0,1
13416,CAB-belg100050-DUP2-R13416,3,,0,0,1
13417,CAB-ascr012051-DUP2-R13417,3,,0,0,1
13418,CAB-ascr012052-DUP2-R13418,3,,0,0,1
13419,CAB-ascr012053-DUP2-R13419,3,,0,0,1
13420,CAB-ascr012033-DUP2-R13420,3,,0,0,1
13421,CAB-ascr012050-DUP2-R13421,3,,0,0,1
13422,CAB-BENE001001-DUP2-R13422,3,,0,0,1
13423,CAB-NEPE900096-DUP2-R13423,3,,0,0,1
13424,CAB-NEPE900080-DUP2-R13424,3,,0,0,1
13425,CAB-NEPE900070-DUP2-R13425,3,,0,0,1
13426,CAB-NEPE900097-DUP2-R13426,3,,0,0,1
13427,CAB-NEPE900076-DUP2-R13427,3,,1,0,1
13428,CAB-NEPE900061-DUP2-R13428,3,,0,0,1
13429,CAB-NEPE900062-DUP2-R13429,3,,0,0,1
13430,CAB-NEPE900088-DUP2-R13430,3,,0,0,1
13431,CAB-NEPE900086-DUP2-R13431,3,,0,0,1
13432,CAB-NEPE900036-DUP2-R13432,3,,0,0,1
13433,CAB-NEPE900087-DUP2-R13433,3,,0,0,1
13434,CAB-nepe900039-DUP2-R13434,3,,0,0,1
13435,CAB-NEPE900092-DUP2-R13435,3,,0,0,1
13436,CAB-nepe900038-DUP2-R13436,3,,0,0,1
13437,CAB-NEPE900035-DUP2-R13437,3,,0,0,1
13438,CAB-NEPE900034-DUP2-R13438,3,,0,0,1
13439,CAB-nepe901008-DUP2-R13439,3,,12,0,1
13440,CAB-nepe901010-DUP2-R13440,3,,8,0,1
13441,CAB-NEPE901012-DUP2-R13441,3,,0,0,1
13442,CAB-nepe900032-DUP2-R13442,3,,0,0,1
13443,CAB-nepe900033-DUP2-R13443,3,,14,0,1
13444,CAB-nepe900042-DUP2-R13444,3,,0,0,1
13445,CAB-fmbw001040-DUP2-R13445,3,,0,0,1
13446,CAB-fmbw001032-DUP2-R13446,3,,0,0,1
13447,CAB-fmbw001025-DUP2-R13447,3,,0,0,1
13448,CAB-fmbw001065-DUP2-R13448,3,,0,0,1
13449,CAB-fmbw001050-DUP2-R13449,3,,0,0,1
13450,CAB-fmbw001080-DUP2-R13450,3,,0,0,1
13451,CAB-fmbw001100-DUP2-R13451,3,,0,0,1
13452,CAB-fmbw001150-DUP2-R13452,3,,0,0,1
13453,CAB-fmbw001200-DUP2-R13453,3,,0,2,1
13454,CAB-AGAS006024-DUP2-R13454,3,,0,0,1
13455,CAB-AGAS006032-DUP2-R13455,3,,0,0,1
13456,CAB-AGAS006031-DUP2-R13456,3,,0,0,1
13457,CAB-BOXI100010-DUP2-R13457,3,,0,0,1
13458,CAB-boxi015004-DUP2-R13458,3,,0,0,1
13459,CAB-boxi015006-DUP2-R13459,3,,0,0,1
13460,CAB-boxi015060-DUP2-R13460,3,,0,0,1
13461,CAB-BOXI015061-DUP2-R13461,3,,0,0,1
13462,CAB-boxi020004-DUP2-R13462,3,,0,0,1
13463,CAB-boxi020006-DUP2-R13463,3,,0,0,1
13464,CAB-boxi020008-DUP2-R13464,3,,0,0,1
13465,CAB-boxi200015-DUP2-R13465,3,,0,0,1
13466,CAB-BOXI020003-DUP2-R13466,3,,0,0,1
13467,CAB-BOXI020005-DUP2-R13467,3,,0,0,1
13468,CAB-boxi022022-DUP2-R13468,3,,0,0,1
13469,CAB-BOXI022023-DUP2-R13469,3,,0,0,1
13470,CAB-boxi025010-DUP2-R13470,3,,0,0,1
13471,CAB-BOXI025004-DUP2-R13471,3,,0,0,1
13472,CAB-boxi025006-DUP2-R13472,3,,0,0,1
13473,CAB-boxi025008-DUP2-R13473,3,,8,0,1
13474,CAB-BOXI025005-DUP2-R13474,3,,0,0,1
13475,CAB-BOXI025040-DUP2-R13475,3,,0,0,1
13476,CAB-BOXI026010-DUP2-R13476,3,,0,0,1
13477,CAB-BOXI026026-DUP2-R13477,3,,0,0,1
13478,CAB-BOXI027006-DUP2-R13478,3,,0,0,1
13479,CAB-BOXI027008-DUP2-R13479,3,,0,0,1
13480,CAB-boxi030010-DUP2-R13480,3,,0,0,1
13481,CAB-boxi030012-DUP2-R13481,3,,0,0,1
13482,CAB-boxi030006-DUP2-R13482,3,,0,0,1
13483,CAB-boxi030008-DUP2-R13483,3,,3,0,1
13484,CAB-BOXI030005-DUP2-R13484,3,,0,0,1
13485,CAB-boxi030004-DUP2-R13485,3,,0,0,1
13486,CAB-boxi035010-DUP2-R13486,3,,0,0,1
13487,CAB-boxi035012-DUP2-R13487,3,,0,0,1
13488,CAB-boxi035014-DUP2-R13488,3,,0,0,1
13489,CAB-boxi035006-DUP2-R13489,3,,0,0,1
13490,CAB-boxi035008-DUP2-R13490,3,,0,0,1
13491,CAB-BOXI039039-DUP2-R13491,3,,0,0,1
13492,CAB-boxi040010-DUP2-R13492,3,,0,0,1
13493,CAB-boxi040012-DUP2-R13493,3,,0,0,1
13494,CAB-boxi040006-DUP2-R13494,3,,0,0,1
13495,CAB-boxi040008-DUP2-R13495,3,,0,0,1
13496,CAB-BOXI403008-DUP2-R13496,3,,0,0,1
13497,CAB-BOXI040016-DUP2-R13497,3,,0,0,1
13498,CAB-BOXI040004-DUP2-R13498,3,,0,0,1
13499,CAB-BOXI421606-DUP2-R13499,3,,0,0,1
13500,CAB-boxi043023-DUP2-R13500,3,,0,0,1
13501,CAB-boxi045008-DUP2-R13501,3,,0,0,1
13502,CAB-BOXI050025-DUP2-R13502,3,,0,0,1
13503,CAB-BOXI050050-DUP2-R13503,3,,0,0,1
13504,CAB-boxi060008-DUP2-R13504,3,,0,0,1
13505,CAB-BOXI060011-DUP2-R13505,3,,0,0,1
13506,CAB-BOXI603004-DUP2-R13506,3,,0,0,1
13507,CAB-BOXI095007-DUP2-R13507,3,,0,0,1
13508,CAB-boxi000000-DUP2-R13508,3,,0,0,1
13509,CAB-BOXP031031-DUP2-R13509,3,,0,0,1
13510,CAB-BOXP061061-DUP2-R13510,3,,0,0,1
13511,CAB-BOXP060060-DUP2-R13511,3,,0,0,1
13512,CAB-BOXC000004-DUP2-R13512,3,,0,0,1
13513,CAB-BOXI024006-DUP2-R13513,3,,0,0,1
13514,CAB-BOXI030030-DUP2-R13514,3,,0,0,1
13515,CAB-BOXI040158-DUP2-R13515,3,,0,0,1
13516,CAB-BOXI040208-DUP2-R13516,3,,0,0,1
13517,CAB-BOXI055055-DUP2-R13517,3,,0,0,1
13518,CAB-BOXI118012-DUP2-R13518,3,,0,0,1
13519,CAB-BOXL020030-DUP2-R13519,3,,0,0,1
13520,CAB-BOXS025025-DUP2-R13520,3,,0,0,1
13521,CAB-AGAS004032-DUP2-R13521,3,,0,0,1
13522,CAB-AGAS004033-DUP2-R13522,3,,0,0,1
13523,CAB-BOXP100015-DUP2-R13523,3,,0,0,1
13524,CAB-BOXI070019-DUP2-R13524,3,,0,0,1
13525,CAB-BOXI705195-DUP2-R13525,3,,0,0,1
13526,CAB-BOXP025075-DUP2-R13526,3,,0,0,1
13527,CAB-BOXP030030-DUP2-R13527,3,,0,0,1
13528,CAB-BOXI015104-DUP2-R13528,3,,0,0,1
13529,CAB-BOXI030104-DUP2-R13529,3,,0,0,1
13530,CAB-BOXI025020-DUP2-R13530,3,,0,0,1
13531,CAB-BOXI035004-DUP2-R13531,3,,0,0,1
13532,CAB-BOXI060010-DUP2-R13532,3,,0,0,1
13533,CAB-BOXI050010-DUP2-R13533,3,,0,0,1
13534,CAB-BOXI024008-DUP2-R13534,3,,0,0,1
13535,CAB-boxi083030-DUP2-R13535,3,,0,0,1
13536,CAB-boxw000000-DUP2-R13536,3,,0,0,1
13537,CAB-BOXI120040-DUP2-R13537,3,,0,0,1
13538,CAB-ARCA530070-DUP2-R13538,3,,0,0,1
13539,CAB-BOXY112008-DUP2-R13539,3,,0,0,1
13540,CAB-ascr004002-DUP2-R13540,3,,0,0,1
13541,CAB-ascr0040010-DUP2-R13541,3,,0,0,1
13542,CAB-ascr004004-DUP2-R13542,3,,0,0,1
13543,CAB-ascr004003-DUP2-R13543,3,,0,0,1
13544,CAB-GMTA310002-DUP2-R13544,3,,13,0,1
13545,CAB-GMTA310003-DUP2-R13545,3,,0,0,1
13546,CAB-ASCR000008-DUP2-R13546,3,,0,0,1
13547,CAB-PTBE005040-DUP2-R13547,3,,285,0,1
13548,CAB-PTBE008201-DUP2-R13548,3,,0,0,1
13549,CAB-agas005003-DUP2-R13549,3,,0,0,1
13550,CAB-agas005008-DUP2-R13550,3,,0,0,1
13551,CAB-agas005006-DUP2-R13551,3,,0,0,1
13552,CAB-agas005002-DUP2-R13552,3,,0,0,1
13553,CAB-burk000000-DUP2-R13553,3,,0,0,1
13554,CAB-burk000001-DUP2-R13554,3,,0,0,1
13555,CAB-burk000002-DUP2-R13555,3,,0,0,1
13556,CAB-burk300040-DUP2-R13556,3,,0,0,1
13557,CAB-burk300032-DUP2-R13557,3,,0,0,1
13558,CAB-burk300025-DUP2-R13558,3,,0,0,1
13559,CAB-burk300015-DUP2-R13559,3,,0,0,1
13560,CAB-burk300050-DUP2-R13560,3,,0,0,1
13561,CAB-burk300020-DUP2-R13561,3,,0,0,1
13562,CAB-burk400015-DUP2-R13562,3,,0,0,1
13563,CAB-agas006006-DUP2-R13563,3,,0,0,1
13564,CAB-agas006005-DUP2-R13564,3,,0,0,1
13565,CAB-agas006004-DUP2-R13565,3,,0,0,1
13566,CAB-agas006007-DUP2-R13566,3,,0,0,1
13567,CAB-NURS000005-DUP2-R13567,3,,0,0,1
13568,CAB-dtmz001004-DUP2-R13568,3,,0,0,1
13569,CAB-ZMED008100-DUP2-R13569,3,,0,0,1
13570,CAB-AGAS010020-DUP2-R13570,3,,0,0,1
13571,CAB-CAST641006-DUP2-R13571,3,,0,0,1
13572,CAB-cast312209-DUP2-R13572,3,,0,0,1
13573,CAB-cast312211-DUP2-R13573,3,,0,0,1
13574,CAB-cast312213-DUP2-R13574,3,,0,0,1
13575,CAB-cast311004-DUP2-R13575,3,,0,0,1
13576,CAB-cast311002-DUP2-R13576,3,,0,0,1
13577,CAB-cast312217-DUP2-R13577,3,,0,0,1
13578,CAB-cast311006-DUP2-R13578,3,,0,0,1
13579,CAB-cast311003-DUP2-R13579,3,,0,0,1
13580,CAB-cast311203-DUP2-R13580,3,,0,0,1
13581,CAB-cast311005-DUP2-R13581,3,,0,0,1
13582,CAB-cast312207-DUP2-R13582,3,,0,0,1
13583,CAB-casu371044-DUP2-R13583,3,,0,0,1
13584,CAB-casu371022-DUP2-R13584,3,,0,0,1
13585,CAB-casu371033-DUP2-R13585,3,,0,0,1
13586,CAB-cast651217-DUP2-R13586,3,,0,0,1
13587,CAB-cast651207-DUP2-R13587,3,,0,0,1
13588,CAB-CASU651207-DUP2-R13588,3,,0,0,1
13589,CAB-cast621006-DUP2-R13589,3,,0,0,1
13590,CAB-cast622006-DUP2-R13590,3,,0,0,1
13591,CAB-cast621003-DUP2-R13591,3,,0,0,1
13592,CAB-cast621002-DUP2-R13592,3,,0,0,1
13593,CAB-cast554009-DUP2-R13593,3,,0,0,1
13594,CAB-cast611043-DUP2-R13594,3,,0,0,1
13595,CAB-cast611044-DUP2-R13595,3,,0,0,1
13596,CAB-cast611022-DUP2-R13596,3,,0,0,1
13597,CAB-cast611023-DUP2-R13597,3,,0,0,1
13598,CAB-cast611066-DUP2-R13598,3,,0,0,1
13599,CAB-cast611033-DUP2-R13599,3,,0,0,1
13600,CAB-cast611032-DUP2-R13600,3,,0,0,1
13601,CAB-cast611045-DUP2-R13601,3,,0,0,1
13602,CAB-cast306052-DUP2-R13602,3,,0,0,1
13603,CAB-cast306033-DUP2-R13603,3,,0,0,1
13604,CAB-cast441211-DUP2-R13604,3,,0,0,1
13605,CAB-cast441213-DUP2-R13605,3,,0,0,1
13606,CAB-cast441217-DUP2-R13606,3,,0,0,1
13607,CAB-cast441207-DUP2-R13607,3,,0,0,1
13608,CAB-cast441109-DUP2-R13608,3,,0,0,1
13609,CAB-cast441111-DUP2-R13609,3,,0,0,1
13610,CAB-cast441113-DUP2-R13610,3,,0,0,1
13611,CAB-cast441117-DUP2-R13611,3,,0,0,1
13612,CAB-cast374009-DUP2-R13612,3,,0,0,1
13613,CAB-cast374011-DUP2-R13613,3,,0,0,1
13614,CAB-cast374013-DUP2-R13614,3,,0,0,1
13615,CAB-CAST381044-DUP2-R13615,3,,0,0,1
13616,CAB-cast371044-DUP2-R13616,3,,0,0,1
13617,CAB-cast371022-DUP2-R13617,3,,15,0,1
13618,CAB-cast374017-DUP2-R13618,3,,0,0,1
13619,CAB-cast371066-DUP2-R13619,3,,0,0,1
13620,CAB-cast371033-DUP2-R13620,3,,0,0,1
13621,CAB-cast371055-DUP2-R13621,3,,10,0,1
13622,CAB-cast374007-DUP2-R13622,3,,0,0,1
13623,CAB-cast109909-DUP2-R13623,3,,0,0,1
13624,CAB-cast109911-DUP2-R13624,3,,0,0,1
13625,CAB-cast109917-DUP2-R13625,3,,0,0,1
13626,CAB-cast102004-DUP2-R13626,3,,0,0,1
13627,CAB-cast102002-DUP2-R13627,3,,0,0,1
13628,CAB-cast106406-DUP2-R13628,3,,0,0,1
13629,CAB-cast109006-DUP2-R13629,3,,0,0,1
13630,CAB-cast102003-DUP2-R13630,3,,0,0,1
13631,CAB-cast102005-DUP2-R13631,3,,0,0,1
13632,CAB-cast105807-DUP2-R13632,3,,0,0,1
13633,CAB-CAST109807-DUP2-R13633,3,,0,0,1
13634,CAB-NURS000007-DUP2-R13634,3,,0,0,1
13635,CAB-cvss000050-DUP2-R13635,3,,0,0,1
13636,CAB-CVSS000020-DUP2-R13636,3,,0,0,1
13637,CAB-cvss001032-DUP2-R13637,3,,0,0,1
13638,CAB-cigr001001-DUP2-R13638,3,,0,0,1
13639,CAB-regl700001-DUP2-R13639,3,,0,0,1
13640,CAB-ring000013-DUP2-R13640,3,,0,0,1
13641,CAB-ring000006-DUP2-R13641,3,,0,0,1
13642,CAB-ring000011-DUP2-R13642,3,,0,0,1
13643,CAB-ring000012-DUP2-R13643,3,,0,0,1
13644,CAB-ring000015-DUP2-R13644,3,,0,0,1
13645,CAB-ring000010-DUP2-R13645,3,,0,0,1
13646,CAB-RING000004-DUP2-R13646,3,,0,0,1
13647,CAB-ring000008-DUP2-R13647,3,,0,0,1
13648,CAB-ring000016-DUP2-R13648,3,,0,0,1
13649,CAB-ring000005-DUP2-R13649,3,,0,0,1
13650,CAB-ascr012012-DUP2-R13650,3,,0,0,1
13651,CAB-002001000022-DUP2-R13651,3,,0,0,1
13652,CAB-002004000025-DUP2-R13652,3,,227,0,1
13653,CAB-002004000032-DUP2-R13653,3,,188,0,1
13654,CAB-002004000028-DUP2-R13654,3,,174,0,1
13655,CAB-002004000035-DUP2-R13655,3,,0,0,1
13656,CAB-002004000042-DUP2-R13656,3,,0,0,1
13657,CAB-002004000013-DUP2-R13657,3,,293,0,1
13658,CAB-002004000054-DUP2-R13658,3,,57,0,1
13659,CAB-002004000067-DUP2-R13659,3,,19,0,1
13660,CAB-002004000080-DUP2-R13660,3,,10,0,1
13661,CAB-002004000019-DUP2-R13661,3,,159,0,1
13662,CAB-002004000105-DUP2-R13662,3,,14,0,1
13663,CAB-002004000016-DUP2-R13663,3,,144,0,1
13664,CAB-002004000156-DUP2-R13664,3,,0,0,1
13665,CAB-002004000022-DUP2-R13665,3,,0,0,1
13666,CAB-002007000025-DUP2-R13666,3,,170,0,1
13667,CAB-002007000038-DUP2-R13667,3,,45,0,1
13668,CAB-002007000032-DUP2-R13668,3,,145,0,1
13669,CAB-002007000028-DUP2-R13669,3,,38,0,1
13670,CAB-002007000035-DUP2-R13670,3,,274,0,1
13671,CAB-002007000042-DUP2-R13671,3,,209,30,1
13672,CAB-002007000013-DUP2-R13672,3,,155,0,1
13673,CAB-002007000054-DUP2-R13673,3,,0,0,1
13674,CAB-002007000067-DUP2-R13674,3,,53,0,1
13675,CAB-002007000080-DUP2-R13675,3,,0,0,1
13676,CAB-002007000019-DUP2-R13676,3,,368,0,1
13677,CAB-002007000009-DUP2-R13677,3,,0,0,1
13678,CAB-002007000105-DUP2-R13678,3,,0,0,1
13679,CAB-002007000016-DUP2-R13679,3,,131,0,1
13680,CAB-002007000159-DUP2-R13680,3,,0,0,1
13681,CAB-002007000022-DUP2-R13681,3,,426,0,1
13682,CAB-002003000032-DUP2-R13682,3,,4118,0,1
13683,CAB-002018000028-DUP2-R13683,3,,0,0,1
13684,CAB-002003000028-DUP2-R13684,3,,4776,40,1
13685,CAB-002018000035-DUP2-R13685,3,,4066,0,1
13686,CAB-002003000035-DUP2-R13686,3,,7551,0,1
13687,CAB-002003000042-DUP2-R13687,3,,327,0,1
13688,CAB-002018000042-DUP2-R13688,3,,38,0,1
13689,CAB-002003000025-DUP2-R13689,3,,0,0,1
13690,CAB-002018000013-DUP2-R13690,3,,0,0,1
13691,CAB-002003000013-DUP2-R13691,3,,3,0,1
13692,CAB-002003000006-DUP2-R13692,3,,0,0,1
13693,CAB-002018000006-DUP2-R13693,3,,150,0,1
13694,CAB-002003000010-DUP2-R13694,3,,0,0,1
13695,CAB-002003000015-DUP2-R13695,3,,0,0,1
13696,CAB-002003000054-DUP2-R13696,3,,0,0,1
13697,CAB-002018000054-DUP2-R13697,3,,0,0,1
13698,CAB-002003000067-DUP2-R13698,3,,144,0,1
13699,CAB-002018000067-DUP2-R13699,3,,64,0,1
13700,CAB-002003000080-DUP2-R13700,3,,0,0,1
13701,CAB-002018000080-DUP2-R13701,3,,0,0,1
13702,CAB-002003000076-DUP2-R13702,3,,6,0,1
13703,CAB-002018000019-DUP2-R13703,3,,0,0,1
13704,CAB-002003000019-DUP2-R13704,3,,13012,0,1
13705,CAB-002018000009-DUP2-R13705,3,,243,0,1
13706,CAB-002003000009-DUP2-R13706,3,,4683,0,1
13707,CAB-002003000105-DUP2-R13707,3,,0,0,1
13708,CAB-002018000105-DUP2-R13708,3,,1,0,1
13709,CAB-002019000028-DUP2-R13709,3,,350,0,1
13710,CAB-002019000035-DUP2-R13710,3,,199,0,1
13711,CAB-002019000042-DUP2-R13711,3,,172,0,1
13712,CAB-002019000013-DUP2-R13712,3,,74,0,1
13713,CAB-002019000054-DUP2-R13713,3,,68,0,1
13714,CAB-002019000067-DUP2-R13714,3,,48,0,1
13715,CAB-002019000080-DUP2-R13715,3,,28,0,1
13716,CAB-002019000105-DUP2-R13716,3,,4,0,1
13717,CAB-002019000016-DUP2-R13717,3,,1000,0,1
13718,CAB-002019000022-DUP2-R13718,3,,0,0,1
13719,CAB-002018000016-DUP2-R13719,3,,7740,0,1
13720,CAB-002003000016-DUP2-R13720,3,,17475,0,1
13721,CAB-002003000156-DUP2-R13721,3,,4,0,1
13722,CAB-002018000022-DUP2-R13722,3,,2953,0,1
13723,CAB-002003000022-DUP2-R13723,3,,6123,0,1
13724,CAB-002003000008-DUP2-R13724,3,,3671,0,1
13725,CAB-002015040042-DUP2-R13725,3,,130,0,1
13726,CAB-002015032035-DUP2-R13726,3,,245,0,1
13727,CAB-002015025025-DUP2-R13727,3,,0,0,1
13728,CAB-002015025028-DUP2-R13728,3,,470,0,1
13729,CAB-002015015013-DUP2-R13729,3,,0,0,1
13730,CAB-002015015016-DUP2-R13730,3,,0,0,1
13731,CAB-002015065067-DUP2-R13731,3,,0,0,1
13732,CAB-002015050054-DUP2-R13732,3,,124,0,1
13733,CAB-002015020019-DUP2-R13733,3,,176,0,1
13734,CAB-002015020022-DUP2-R13734,3,,1090,0,1
13735,CAB-010005000028-DUP2-R13735,3,,3,0,1
13736,CAB-010005000035-DUP2-R13736,3,,6,0,1
13737,CAB-010005000042-DUP2-R13737,3,,6,0,1
13738,CAB-010005000013-DUP2-R13738,3,,0,0,1
13739,CAB-010005000054-DUP2-R13739,3,,0,0,1
13740,CAB-010005000019-DUP2-R13740,3,,0,0,1
13741,CAB-010005000016-DUP2-R13741,3,,25,0,1
13742,CAB-010005000022-DUP2-R13742,3,,25,0,1
13743,CAB-002002000025-DUP2-R13743,3,,0,0,1
13744,CAB-002002000028-DUP2-R13744,3,,0,0,1
13745,CAB-002020000028-DUP2-R13745,3,,0,0,1
13746,CAB-002002000035-DUP2-R13746,3,,0,0,1
13747,CAB-002020000035-DUP2-R13747,3,,112,0,1
13748,CAB-002002000042-DUP2-R13748,3,,0,0,1
13749,CAB-002020000042-DUP2-R13749,3,,198,0,1
13750,CAB-002002000013-DUP2-R13750,3,,0,0,1
13751,CAB-002020000013-DUP2-R13751,3,,0,0,1
13752,CAB-002002000006-DUP2-R13752,3,,0,0,1
13753,CAB-002002000010-DUP2-R13753,3,,0,0,1
13754,CAB-002002000015-DUP2-R13754,3,,0,0,1
13755,CAB-002002000054-DUP2-R13755,3,,0,0,1
13756,CAB-002002000067-DUP2-R13756,3,,0,0,1
13757,CAB-002020000067-DUP2-R13757,3,,68,0,1
13758,CAB-002020000080-DUP2-R13758,3,,10,0,1
13759,CAB-002002000019-DUP2-R13759,3,,0,0,1
13760,CAB-002002000009-DUP2-R13760,3,,0,0,1
13761,CAB-002002000016-DUP2-R13761,3,,0,0,1
13762,CAB-002020000016-DUP2-R13762,3,,0,0,1
13763,CAB-002002000156-DUP2-R13763,3,,0,0,1
13764,CAB-002002000022-DUP2-R13764,3,,0,0,1
13765,CAB-002020000022-DUP2-R13765,3,,0,0,1
13766,CAB-002002000008-DUP2-R13766,3,,0,0,1
13767,CAB-002008040042-DUP2-R13767,3,,227,0,1
13768,CAB-002008032035-DUP2-R13768,3,,207,0,1
13769,CAB-002008025028-DUP2-R13769,3,,0,0,1
13770,CAB-002008015019-DUP2-R13770,3,,491,0,1
13771,CAB-002008015016-DUP2-R13771,3,,759,0,1
13772,CAB-002008065067-DUP2-R13772,3,,15,0,1
13773,CAB-002008050054-DUP2-R13773,3,,0,0,1
13774,CAB-002008020022-DUP2-R13774,3,,466,0,1
13775,CAB-002017038032-DUP2-R13775,3,,0,0,1
13776,CAB-002017032025-DUP2-R13776,3,,313,0,1
13777,CAB-002017032028-DUP2-R13777,3,,50,0,1
13778,CAB-002017032013-DUP2-R13778,3,,247,0,1
13779,CAB-002017032019-DUP2-R13779,3,,276,0,1
13780,CAB-002017032016-DUP2-R13780,3,,0,0,1
13781,CAB-002017032022-DUP2-R13781,3,,0,0,1
13782,CAB-002017028025-DUP2-R13782,3,,265,0,1
13783,CAB-002017028013-DUP2-R13783,3,,942,0,1
13784,CAB-002017028019-DUP2-R13784,3,,1013,0,1
13785,CAB-002024028019-DUP2-R13785,3,,65,0,1
13786,CAB-002017028016-DUP2-R13786,3,,3446,0,1
13787,CAB-002024028016-DUP2-R13787,3,,209,0,1
13788,CAB-002017028022-DUP2-R13788,3,,1678,0,1
13789,CAB-002024028022-DUP2-R13789,3,,132,0,1
13790,CAB-002017035025-DUP2-R13790,3,,200,0,1
13791,CAB-002017035032-DUP2-R13791,3,,0,0,1
13792,CAB-002017035028-DUP2-R13792,3,,0,0,1
13793,CAB-002024035028-DUP2-R13793,3,,0,0,1
13794,CAB-002017035013-DUP2-R13794,3,,275,0,1
13795,CAB-002017035019-DUP2-R13795,3,,219,0,1
13796,CAB-002017035016-DUP2-R13796,3,,365,0,1
13797,CAB-002024035016-DUP2-R13797,3,,276,0,1
13798,CAB-002017035022-DUP2-R13798,3,,96,0,1
13799,CAB-002024035022-DUP2-R13799,3,,250,0,1
13800,CAB-002017042025-DUP2-R13800,3,,6,0,1
13801,CAB-002017042032-DUP2-R13801,3,,56,0,1
13802,CAB-002017042028-DUP2-R13802,3,,0,0,1
13803,CAB-002024042028-DUP2-R13803,3,,140,0,1
13804,CAB-002017042035-DUP2-R13804,3,,0,0,1
13805,CAB-002024042035-DUP2-R13805,3,,181,0,1
13806,CAB-002017042019-DUP2-R13806,3,,85,0,1
13807,CAB-002017042016-DUP2-R13807,3,,158,0,1
13808,CAB-002024042016-DUP2-R13808,3,,75,0,1
13809,CAB-002017042022-DUP2-R13809,3,,22,0,1
13810,CAB-002024042022-DUP2-R13810,3,,60,0,1
13811,CAB-002017025013-DUP2-R13811,3,,1306,0,1
13812,CAB-002024025019-DUP2-R13812,3,,0,0,1
13813,CAB-002017025016-DUP2-R13813,3,,746,0,1
13814,CAB-002017013006-DUP2-R13814,3,,3311,0,1
13815,CAB-002024013009-DUP2-R13815,3,,0,0,1
13816,CAB-002017054028-DUP2-R13816,3,,0,0,1
13817,CAB-002024054028-DUP2-R13817,3,,74,0,1
13818,CAB-002017054035-DUP2-R13818,3,,35,0,1
13819,CAB-002024054035-DUP2-R13819,3,,70,0,1
13820,CAB-002017054042-DUP2-R13820,3,,0,0,1
13821,CAB-002024054042-DUP2-R13821,3,,0,0,1
13822,CAB-002017054019-DUP2-R13822,3,,0,0,1
13823,CAB-002017054016-DUP2-R13823,3,,53,0,1
13824,CAB-002024054016-DUP2-R13824,3,,100,0,1
13825,CAB-002017054022-DUP2-R13825,3,,18,0,1
13826,CAB-002024054022-DUP2-R13826,3,,123,0,1
13827,CAB-002017067028-DUP2-R13827,3,,44,0,1
13828,CAB-002017067035-DUP2-R13828,3,,38,0,1
13829,CAB-002024067035-DUP2-R13829,3,,40,0,1
13830,CAB-002017067042-DUP2-R13830,3,,0,0,1
13831,CAB-002024067042-DUP2-R13831,3,,40,0,1
13832,CAB-002017067054-DUP2-R13832,3,,0,0,1
13833,CAB-002024067054-DUP2-R13833,3,,15,0,1
13834,CAB-002017067016-DUP2-R13834,3,,48,0,1
13835,CAB-002017067022-DUP2-R13835,3,,53,0,1
13836,CAB-002017080028-DUP2-R13836,3,,20,0,1
13837,CAB-002017080035-DUP2-R13837,3,,15,0,1
13838,CAB-002017080042-DUP2-R13838,3,,14,0,1
13839,CAB-002024080042-DUP2-R13839,3,,13,0,1
13840,CAB-002017080054-DUP2-R13840,3,,6,0,1
13841,CAB-002024080054-DUP2-R13841,3,,0,0,1
13842,CAB-002017080067-DUP2-R13842,3,,0,0,1
13843,CAB-002024080067-DUP2-R13843,3,,0,0,1
13844,CAB-002017080022-DUP2-R13844,3,,13,0,1
13845,CAB-002024019013-DUP2-R13845,3,,399,0,1
13846,CAB-002017019006-DUP2-R13846,3,,1240,0,1
13847,CAB-002024019016-DUP2-R13847,3,,0,0,1
13848,CAB-002017009006-DUP2-R13848,3,,2472,0,1
13849,CAB-002017104035-DUP2-R13849,3,,0,0,1
13850,CAB-002017104042-DUP2-R13850,3,,0,0,1
13851,CAB-002017105054-DUP2-R13851,3,,0,0,1
13852,CAB-002017105067-DUP2-R13852,3,,0,0,1
13853,CAB-002024105067-DUP2-R13853,3,,0,0,1
13854,CAB-002017105080-DUP2-R13854,3,,0,0,1
13855,CAB-002024105080-DUP2-R13855,3,,2,0,1
13856,CAB-002024016013-DUP2-R13856,3,,112,0,1
13857,CAB-002017016006-DUP2-R13857,3,,0,0,1
13858,CAB-002017156080-DUP2-R13858,3,,0,0,1
13859,CAB-002017156104-DUP2-R13859,3,,0,0,1
13860,CAB-002017022013-DUP2-R13860,3,,1047,0,1
13861,CAB-002017022006-DUP2-R13861,3,,653,0,1
13862,CAB-002017022009-DUP2-R13862,3,,682,0,1
13863,CAB-002017022016-DUP2-R13863,3,,1848,0,1
13864,CAB-002024022016-DUP2-R13864,3,,291,0,1
13865,CAB-002005000032-DUP2-R13865,3,,1627,0,1
13866,CAB-002005000006-DUP2-R13866,3,,1780,0,1
13867,CAB-002005000010-DUP2-R13867,3,,0,0,1
13868,CAB-002005000015-DUP2-R13868,3,,0,0,1
13869,CAB-002005000054-DUP2-R13869,3,,0,0,1
13870,CAB-002005000067-DUP2-R13870,3,,84,0,1
13871,CAB-002005000080-DUP2-R13871,3,,0,0,1
13872,CAB-002005000076-DUP2-R13872,3,,15,0,1
13873,CAB-002005000105-DUP2-R13873,3,,0,0,1
13874,CAB-002005000156-DUP2-R13874,3,,0,0,1
13875,CAB-002005000008-DUP2-R13875,3,,0,0,1
13876,CAB-002005000025-DUP2-R13876,3,,1983,0,1
13877,CAB-002022000028-DUP2-R13877,3,,2837,0,1
13878,CAB-002005000028-DUP2-R13878,3,,4809,0,1
13879,CAB-002022000035-DUP2-R13879,3,,2441,0,1
13880,CAB-002005000035-DUP2-R13880,3,,5121,0,1
13881,CAB-002022000042-DUP2-R13881,3,,1209,0,1
13882,CAB-002005000042-DUP2-R13882,3,,1429,0,1
13883,CAB-002022000013-DUP2-R13883,3,,4225,0,1
13884,CAB-002005000013-DUP2-R13884,3,,1567,0,1
13885,CAB-002022000006-DUP2-R13885,3,,0,0,1
13886,CAB-002022000054-DUP2-R13886,3,,196,0,1
13887,CAB-002022000067-DUP2-R13887,3,,50,0,1
13888,CAB-002022000080-DUP2-R13888,3,,47,0,1
13889,CAB-002022000019-DUP2-R13889,3,,3732,0,1
13890,CAB-002005000019-DUP2-R13890,3,,7003,0,1
13891,CAB-002022000009-DUP2-R13891,3,,2999,0,1
13892,CAB-002005000009-DUP2-R13892,3,,3746,0,1
13893,CAB-002022000105-DUP2-R13893,3,,13,0,1
13894,CAB-002022000016-DUP2-R13894,3,,3453,0,1
13895,CAB-002005000016-DUP2-R13895,3,,9578,0,1
13896,CAB-002022000022-DUP2-R13896,3,,1790,0,1
13897,CAB-002005000022-DUP2-R13897,3,,13616,0,1
13898,CAB-002025028025-DUP2-R13898,3,,94,0,1
13899,CAB-002025035032-DUP2-R13899,3,,119,0,1
13900,CAB-002025042040-DUP2-R13900,3,,91,0,1
13901,CAB-002025013015-DUP2-R13901,3,,194,0,1
13902,CAB-002025054050-DUP2-R13902,3,,79,0,1
13903,CAB-002025019015-DUP2-R13903,3,,427,0,1
13904,CAB-002025016015-DUP2-R13904,3,,103,0,1
13905,CAB-002025022020-DUP2-R13905,3,,200,0,1
13906,CAB-002026028025-DUP2-R13906,3,,772,0,1
13907,CAB-002026035032-DUP2-R13907,3,,322,0,1
13908,CAB-002026042040-DUP2-R13908,3,,91,0,1
13909,CAB-002026013015-DUP2-R13909,3,,69,0,1
13910,CAB-002026054050-DUP2-R13910,3,,0,0,1
13911,CAB-002026016015-DUP2-R13911,3,,489,0,1
13912,CAB-002026022020-DUP2-R13912,3,,0,0,1
13913,CAB-002014032035-DUP2-R13913,3,,215,0,1
13914,CAB-002014028025-DUP2-R13914,3,,0,0,1
13915,CAB-002014042040-DUP2-R13915,3,,327,0,1
13916,CAB-002014013015-DUP2-R13916,3,,0,0,1
13917,CAB-002014054050-DUP2-R13917,3,,53,0,1
13918,CAB-002014067065-DUP2-R13918,3,,29,0,1
13919,CAB-002014080080-DUP2-R13919,3,,58,0,1
13920,CAB-002014020019-DUP2-R13920,3,,0,0,1
13921,CAB-002014019015-DUP2-R13921,3,,1081,0,1
13922,CAB-002014009006-DUP2-R13922,3,,662,0,1
13923,CAB-002014016015-DUP2-R13923,3,,0,0,1
13924,CAB-002014016020-DUP2-R13924,3,,1106,0,1
13925,CAB-002014022020-DUP2-R13925,3,,630,0,1
13926,CAB-002001000038-DUP2-R13926,3,,30,0,1
13927,CAB-002001000032-DUP2-R13927,3,,179,0,1
13928,CAB-002021000028-DUP2-R13928,3,,552,0,1
13929,CAB-002001000028-DUP2-R13929,3,,340,0,1
13930,CAB-002001000035-DUP2-R13930,3,,410,0,1
13931,CAB-002021000035-DUP2-R13931,3,,240,0,1
13932,CAB-002001000042-DUP2-R13932,3,,135,0,1
13933,CAB-002021000042-DUP2-R13933,3,,132,0,1
13934,CAB-002001000025-DUP2-R13934,3,,307,0,1
13935,CAB-002021000013-DUP2-R13935,3,,974,0,1
13936,CAB-002001000013-DUP2-R13936,3,,3092,0,1
13937,CAB-002001000006-DUP2-R13937,3,,734,0,1
13938,CAB-002021000006-DUP2-R13938,3,,0,0,1
13939,CAB-002001000010-DUP2-R13939,3,,0,0,1
13940,CAB-00200100108-DUP2-R13940,3,,0,0,1
13941,CAB-002001000015-DUP2-R13941,3,,0,0,1
13942,CAB-002021000054-DUP2-R13942,3,,0,0,1
13943,CAB-002001000054-DUP2-R13943,3,,0,0,1
13944,CAB-002001000067-DUP2-R13944,3,,10,0,1
13945,CAB-002021000067-DUP2-R13945,3,,10,0,1
13946,CAB-002001000080-DUP2-R13946,3,,0,0,1
13947,CAB-002021000080-DUP2-R13947,3,,16,0,1
13948,CAB-002021000019-DUP2-R13948,3,,147,0,1
13949,CAB-002001000019-DUP2-R13949,3,,1145,0,1
13950,CAB-002021000009-DUP2-R13950,3,,127,0,1
13951,CAB-002001000009-DUP2-R13951,3,,3198,0,1
13952,CAB-002001000105-DUP2-R13952,3,,0,0,1
13953,CAB-002021000105-DUP2-R13953,3,,7,0,1
13954,CAB-002021000016-DUP2-R13954,3,,1780,0,1
13955,CAB-002001000016-DUP2-R13955,3,,6819,0,1
13956,CAB-002001000156-DUP2-R13956,3,,0,0,1
13957,CAB-002021000022-DUP2-R13957,3,,1162,0,1
13958,CAB-002001000008-DUP2-R13958,3,,0,0,1
13959,CAB-002013032025-DUP2-R13959,3,,212,0,1
13960,CAB-002013032019-DUP2-R13960,3,,52,0,1
13961,CAB-002013028013-DUP2-R13961,3,,351,0,1
13962,CAB-002013028016-DUP2-R13962,3,,165,0,1
13963,CAB-002013028022-DUP2-R13963,3,,149,0,1
13964,CAB-002013035028-DUP2-R13964,3,,0,0,1
13965,CAB-002013035013-DUP2-R13965,3,,0,0,1
13966,CAB-002013035019-DUP2-R13966,3,,0,0,1
13967,CAB-002013035016-DUP2-R13967,3,,0,0,1
13968,CAB-002013035022-DUP2-R13968,3,,0,0,1
13969,CAB-002013042028-DUP2-R13969,3,,2,0,1
13970,CAB-002013042035-DUP2-R13970,3,,0,0,1
13971,CAB-002013042019-DUP2-R13971,3,,0,0,1
13972,CAB-002013042016-DUP2-R13972,3,,0,0,1
13973,CAB-002013042022-DUP2-R13973,3,,2,0,1
13974,CAB-002013025013-DUP2-R13974,3,,356,0,1
13975,CAB-002013025016-DUP2-R13975,3,,3,0,1
13976,CAB-002013025022-DUP2-R13976,3,,0,0,1
13977,CAB-002013013006-DUP2-R13977,3,,495,0,1
13978,CAB-002013013009-DUP2-R13978,3,,1,0,1
13979,CAB-002013108076-DUP2-R13979,3,,0,0,1
13980,CAB-002013054028-DUP2-R13980,3,,3,0,1
13981,CAB-002013054035-DUP2-R13981,3,,0,0,1
13982,CAB-002013054042-DUP2-R13982,3,,16,0,1
13983,CAB-002013054019-DUP2-R13983,3,,0,0,1
13984,CAB-002013054016-DUP2-R13984,3,,24,0,1
13985,CAB-002013054022-DUP2-R13985,3,,0,0,1
13986,CAB-002013067028-DUP2-R13986,3,,0,0,1
13987,CAB-002013067035-DUP2-R13987,3,,5,0,1
13988,CAB-002013067042-DUP2-R13988,3,,0,0,1
13989,CAB-002013067054-DUP2-R13989,3,,0,0,1
13990,CAB-002013067022-DUP2-R13990,3,,18,0,1
13991,CAB-002013080028-DUP2-R13991,3,,0,0,1
13992,CAB-002013080035-DUP2-R13992,3,,0,0,1
13993,CAB-002013080042-DUP2-R13993,3,,0,0,1
13994,CAB-002013080054-DUP2-R13994,3,,0,0,1
13995,CAB-002013080067-DUP2-R13995,3,,0,0,1
13996,CAB-002013080022-DUP2-R13996,3,,0,0,1
13997,CAB-002013075042-DUP2-R13997,3,,0,0,1
13998,CAB-002013019013-DUP2-R13998,3,,0,0,1
13999,CAB-002013019006-DUP2-R13999,3,,0,0,1
14000,CAB-002013019009-DUP2-R14000,3,,0,0,1
14001,CAB-002013019016-DUP2-R14001,3,,296,0,1
14002,CAB-002013009006-DUP2-R14002,3,,673,0,1
14003,CAB-002013105035-DUP2-R14003,3,,0,0,1
14004,CAB-002013105042-DUP2-R14004,3,,0,0,1
14005,CAB-002013105054-DUP2-R14005,3,,0,0,1
14006,CAB-002013105067-DUP2-R14006,3,,0,0,1
14007,CAB-002013105080-DUP2-R14007,3,,0,0,1
14008,CAB-002013016013-DUP2-R14008,3,,43,0,1
14009,CAB-002013016006-DUP2-R14009,3,,0,0,1
14010,CAB-002013016009-DUP2-R14010,3,,373,0,1
14011,CAB-002013022013-DUP2-R14011,3,,678,0,1
14012,CAB-002013022006-DUP2-R14012,3,,0,0,1
14013,CAB-002013022009-DUP2-R14013,3,,175,0,1
14014,CAB-002013022016-DUP2-R14014,3,,2453,0,1
14015,CAB-001001008201-DUP2-R14015,3,,138,0,1
14016,CAB-001002032061-DUP2-R14016,3,,96,0,1
14017,CAB-001002032071-DUP2-R14017,3,,77,0,1
14018,CAB-001002032081-DUP2-R14018,3,,0,0,1
14019,CAB-001002032091-DUP2-R14019,3,,0,0,1
14020,CAB-001002032100-DUP2-R14020,3,,138,0,1
14021,CAB-001002032200-DUP2-R14021,3,,34,0,1
14022,CAB-001002028051-DUP2-R14022,3,,0,0,1
14023,CAB-001002028061-DUP2-R14023,3,,314,0,1
14024,CAB-001002028071-DUP2-R14024,3,,1,0,1
14025,CAB-001002028081-DUP2-R14025,3,,0,0,1
14026,CAB-001002028091-DUP2-R14026,3,,0,0,1
14027,CAB-001002028100-DUP2-R14027,3,,0,0,1
14028,CAB-001002028150-DUP2-R14028,3,,0,0,1
14029,CAB-001002028200-DUP2-R14029,3,,0,0,1
14030,CAB-001002028167-DUP2-R14030,3,,0,0,1
14031,CAB-001002028127-DUP2-R14031,3,,0,0,1
14032,CAB-001002035061-DUP2-R14032,3,,16,0,1
14033,CAB-001002035081-DUP2-R14033,3,,145,0,1
14034,CAB-001002035091-DUP2-R14034,3,,31,0,1
14035,CAB-001002035200-DUP2-R14035,3,,12,0,1
14036,CAB-001002035167-DUP2-R14036,3,,0,0,1
14037,CAB-001002035071-DUP2-R14037,3,,0,0,1
14038,CAB-001002035100-DUP2-R14038,3,,0,0,1
14039,CAB-001002035120-DUP2-R14039,3,,156,0,1
14040,CAB-001002042091-DUP2-R14040,3,,190,0,1
14041,CAB-001002042100-DUP2-R14041,3,,26,0,1
14042,CAB-001002042120-DUP2-R14042,3,,40,0,1
14043,CAB-001002042167-DUP2-R14043,3,,0,0,1
14044,CAB-001002042152-DUP2-R14044,3,,0,0,1
14045,CAB-001002042081-DUP2-R14045,3,,54,0,1
14046,CAB-001002025051-DUP2-R14046,3,,24,0,1
14047,CAB-001002025061-DUP2-R14047,3,,27,0,1
14048,CAB-001002025071-DUP2-R14048,3,,28,0,1
14049,CAB-001002025081-DUP2-R14049,3,,90,0,1
14050,CAB-001002025091-DUP2-R14050,3,,0,0,1
14051,CAB-001002025100-DUP2-R14051,3,,0,0,1
14052,CAB-001002025200-DUP2-R14052,3,,0,0,1
14053,CAB-001002025150-DUP2-R14053,3,,0,0,1
14054,CAB-001002025120-DUP2-R14054,3,,1,0,1
14055,CAB-001002013051-DUP2-R14055,3,,426,0,1
14056,CAB-001002013061-DUP2-R14056,3,,0,0,1
14057,CAB-001002013071-DUP2-R14057,3,,0,0,1
14058,CAB-001002013081-DUP2-R14058,3,,0,0,1
14059,CAB-001002013091,3,,0,0,1
14060,CAB-001002013100-DUP2-R14060,3,,0,0,1
14061,CAB-001002013121-DUP2-R14061,3,,0,0,1
14062,CAB-001002013150-DUP2-R14062,3,,147,0,1
14063,CAB-001002013200-DUP2-R14063,3,,0,0,1
14064,CAB-001002013120-DUP2-R14064,3,,0,0,1
14065,CAB-001002013089-DUP2-R14065,3,,1,0,1
14066,CAB-001002006061-DUP2-R14066,3,,0,0,1
14067,CAB-001002006071-DUP2-R14067,3,,0,0,1
14068,CAB-001002006081-DUP2-R14068,3,,360,0,1
14069,CAB-001002006100-DUP2-R14069,3,,95,0,1
14070,CAB-001002006120-DUP2-R14070,3,,0,0,1
14071,CAB-001002010100-DUP2-R14071,3,,291,0,1
14072,CAB-001002010120-DUP2-R14072,3,,177,0,1
14073,CAB-001002010200-DUP2-R14073,3,,142,0,1
14074,CAB-001002012100-DUP2-R14074,3,,59,0,1
14075,CAB-001002012200-DUP2-R14075,3,,138,0,1
14076,CAB-001002015071-DUP2-R14076,3,,66,0,1
14077,CAB-001002054091-DUP2-R14077,3,,0,0,1
14078,CAB-001002054120-DUP2-R14078,3,,0,0,1
14079,CAB-001002054140-DUP2-R14079,3,,9,0,1
14080,CAB-001002054211-DUP2-R14080,3,,0,0,1
14081,CAB-001002054178-DUP2-R14081,3,,0,0,1
14082,CAB-001002067120-DUP2-R14082,3,,0,0,1
14083,CAB-001002067170-DUP2-R14083,3,,36,0,1
14084,CAB-001002067241-DUP2-R14084,3,,0,0,1
14085,CAB-001002067203-DUP2-R14085,3,,0,0,1
14086,CAB-001002080150-DUP2-R14086,3,,16,0,1
14087,CAB-001002080279-DUP2-R14087,3,,0,0,1
14088,CAB-001002080229-DUP2-R14088,3,,0,0,1
14089,CAB-001002005051-DUP2-R14089,3,,173,0,1
14090,CAB-001002019051-DUP2-R14090,3,,159,0,1
14091,CAB-001002019061-DUP2-R14091,3,,112,83,1
14092,CAB-001002019071-DUP2-R14092,3,,2,0,1
14093,CAB-001002019081-DUP2-R14093,3,,42,0,1
14094,CAB-001002019091-DUP2-R14094,3,,1,0,1
14095,CAB-001002019121-DUP2-R14095,3,,34,0,1
14096,CAB-001002019150-DUP2-R14096,3,,142,0,1
14097,CAB-001002019200-DUP2-R14097,3,,0,0,1
14098,CAB-001002019300-DUP2-R14098,3,,0,0,1
14099,CAB-001002019120-DUP2-R14099,3,,0,0,1
14100,CAB-001002019107-DUP2-R14100,3,,1,0,1
14101,CAB-001002009051-DUP2-R14101,3,,627,0,1
14102,CAB-001002009061-DUP2-R14102,3,,0,0,1
14103,CAB-001002009071-DUP2-R14103,3,,0,0,1
14104,CAB-001002009081-DUP2-R14104,3,,0,0,1
14105,CAB-001002009088-DUP2-R14105,3,,0,0,1
14106,CAB-001002009100-DUP2-R14106,3,,0,0,1
14107,CAB-001002009120-DUP2-R14107,3,,48,0,1
14108,CAB-001002009121-DUP2-R14108,3,,3,0,1
14109,CAB-001002009150-DUP2-R14109,3,,98,0,1
14110,CAB-001002009200-DUP2-R14110,3,,120,0,1
14111,CAB-001002009089-DUP2-R14111,3,,0,0,1
14112,CAB-001002105170-DUP2-R14112,3,,3,0,1
14113,CAB-001002105279-DUP2-R14113,3,,10,0,1
14114,CAB-001002016051-DUP2-R14114,3,,0,0,1
14115,CAB-001002016061-DUP2-R14115,3,,1,0,1
14116,CAB-001002016071-DUP2-R14116,3,,0,0,1
14117,CAB-001002016081-DUP2-R14117,3,,125,0,1
14118,CAB-001002016091-DUP2-R14118,3,,0,0,1
14119,CAB-001002016121-DUP2-R14119,3,,0,0,1
14120,CAB-001002016150-DUP2-R14120,3,,32,0,1
14121,CAB-001002016200-DUP2-R14121,3,,0,0,1
14122,CAB-001002016300-DUP2-R14122,3,,0,0,1
14123,CAB-001002016120-DUP2-R14123,3,,49,0,1
14124,CAB-001002156170-DUP2-R14124,3,,0,0,1
14125,CAB-001002156200-DUP2-R14125,3,,4,0,1
14126,CAB-001002006101-DUP2-R14126,3,,387,0,1
14127,CAB-001002006121-DUP2-R14127,3,,235,0,1
14128,CAB-001002006082-DUP2-R14128,3,,0,0,1
14129,CAB-001002022051-DUP2-R14129,3,,58,0,1
14130,CAB-001002022061-DUP2-R14130,3,,96,0,1
14131,CAB-001002022071-DUP2-R14131,3,,0,0,1
14132,CAB-001002022081-DUP2-R14132,3,,0,0,1
14133,CAB-001002022091-DUP2-R14133,3,,0,0,1
14134,CAB-001002022120-DUP2-R14134,3,,0,0,1
14135,CAB-001002022200-DUP2-R14135,3,,59,0,1
14136,CAB-001002022500-DUP2-R14136,3,,15,0,1
14137,CAB-001002022167-DUP2-R14137,3,,0,0,1
14138,CAB-001002008051-DUP2-R14138,3,,227,0,1
14139,CAB-001002008071-DUP2-R14139,3,,389,0,1
14140,CAB-001002008081-DUP2-R14140,3,,409,0,1
14141,CAB-001002008100-DUP2-R14141,3,,0,0,1
14142,CAB-001002008120-DUP2-R14142,3,,0,0,1
14143,CAB-001002008150-DUP2-R14143,3,,59,0,1
14144,CAB-001002008200-DUP2-R14144,3,,0,0,1
14145,CAB-001004013053-DUP2-R14145,3,,11,0,1
14146,CAB-001004013056-DUP2-R14146,3,,27,0,1
14147,CAB-001004013061-DUP2-R14147,3,,35,0,1
14148,CAB-001004013071-DUP2-R14148,3,,0,0,1
14149,CAB-001004013081-DUP2-R14149,3,,0,0,1
14150,CAB-001004013100-DUP2-R14150,3,,0,0,1
14151,CAB-001004013120-DUP2-R14151,3,,0,0,1
14152,CAB-001004013150-DUP2-R14152,3,,8,0,1
14153,CAB-001004006045-DUP2-R14153,3,,0,0,1
14154,CAB-001004006051-DUP2-R14154,3,,0,0,1
14155,CAB-001004006056-DUP2-R14155,3,,108,0,1
14156,CAB-001004006061-DUP2-R14156,3,,0,0,1
14157,CAB-001004006071-DUP2-R14157,3,,308,0,1
14158,CAB-001004006076-DUP2-R14158,3,,4,0,1
14159,CAB-001004006081-DUP2-R14159,3,,0,0,1
14160,CAB-001004006100-DUP2-R14160,3,,0,0,1
14161,CAB-001004006120-DUP2-R14161,3,,0,0,1
14162,CAB-001004012100-DUP2-R14162,3,,0,0,1
14163,CAB-001004005045-DUP2-R14163,3,,100,0,1
14164,CAB-001004019056-DUP2-R14164,3,,61,0,1
14165,CAB-001004019061-DUP2-R14165,3,,0,0,1
14166,CAB-001004019071-DUP2-R14166,3,,82,0,1
14167,CAB-001004019089-DUP2-R14167,3,,196,0,1
14168,CAB-001004019100-DUP2-R14168,3,,47,0,1
14169,CAB-001004019150-DUP2-R14169,3,,0,0,1
14170,CAB-001004009045-DUP2-R14170,3,,0,0,1
14171,CAB-001004009051-DUP2-R14171,3,,0,0,1
14172,CAB-001004009056-DUP2-R14172,3,,47,0,1
14173,CAB-001004009061-DUP2-R14173,3,,37,0,1
14174,CAB-001004009071-DUP2-R14174,3,,231,0,1
14175,CAB-001004009076-DUP2-R14175,3,,128,0,1
14176,CAB-001004009081-DUP2-R14176,3,,0,0,1
14177,CAB-001004009100-DUP2-R14177,3,,2,0,1
14178,CAB-001004009120-DUP2-R14178,3,,0,0,1
14179,CAB-001004008042-DUP2-R14179,3,,0,0,1
14180,CAB-001004016053-DUP2-R14180,3,,21,0,1
14181,CAB-001004016056-DUP2-R14181,3,,40,0,1
14182,CAB-001004016071-DUP2-R14182,3,,25,0,1
14183,CAB-001004016081-DUP2-R14183,3,,0,0,1
14184,CAB-001004016089-DUP2-R14184,3,,0,0,1
14185,CAB-001004016100-DUP2-R14185,3,,0,0,1
14186,CAB-001004016120-DUP2-R14186,3,,0,0,1
14187,CAB-001004016150-DUP2-R14187,3,,0,0,1
14188,CAB-001004006101-DUP2-R14188,3,,0,0,1
14189,CAB-001004008045-DUP2-R14189,3,,0,0,1
14190,CAB-001004008071-DUP2-R14190,3,,123,0,1
14191,CAB-001004008120-DUP2-R14191,3,,21,0,1
14192,CAB-001004008100-DUP2-R14192,3,,0,0,1
14193,CAB-001002032120-DUP2-R14193,3,,0,0,1
14194,CAB-001002035140-DUP2-R14194,3,,2,0,1
14195,CAB-001002009076-DUP2-R14195,3,,0,0,1
14196,CAB-001002016102-DUP2-R14196,3,,0,0,1
14197,CAB-001002022114-DUP2-R14197,3,,0,0,1
14198,CAB-001001019201-DUP2-R14198,3,,53,0,1
14199,CAB-001001016200-DUP2-R14199,3,,22,0,1
14200,CAB-001001016300-DUP2-R14200,3,,20,0,1
14201,CAB-001001019300-DUP2-R14201,3,,0,0,1
14202,CAB-001001025150-DUP2-R14202,3,,39,0,1
14203,CAB-001001028167-DUP2-R14203,3,,52,0,1
14204,CAB-001001035167-DUP2-R14204,3,,39,0,1
14205,CAB-001001042167-DUP2-R14205,3,,10,0,1
14206,CAB-001001013120-DUP2-R14206,3,,31,0,1
14207,CAB-001001006081-DUP2-R14207,3,,610,0,1
14208,CAB-001001054211-DUP2-R14208,3,,19,0,1
14209,CAB-001001067241-DUP2-R14209,3,,13,0,1
14210,CAB-001001080279-DUP2-R14210,3,,9,0,1
14211,CAB-001001019120-DUP2-R14211,3,,0,0,1
14212,CAB-001001009089-DUP2-R14212,3,,0,0,1
14213,CAB-001001016120-DUP2-R14213,3,,8,0,1
14214,CAB-001001022167-DUP2-R14214,3,,27,0,1
14215,CAB-001001032120-DUP2-R14215,3,,28,0,1
14216,CAB-001001028127-DUP2-R14216,3,,72,0,1
14217,CAB-001001035140-DUP2-R14217,3,,500,0,1
14218,CAB-001001042152-DUP2-R14218,3,,1,0,1
14219,CAB-001001025120-DUP2-R14219,3,,0,0,1
14220,CAB-001001013089-DUP2-R14220,3,,0,0,1
14221,CAB-001001006071-DUP2-R14221,3,,64,0,1
14222,CAB-001001054178-DUP2-R14222,3,,0,0,1
14223,CAB-001001067203-DUP2-R14223,3,,21,0,1
14224,CAB-001001080229-DUP2-R14224,3,,22,0,1
14225,CAB-001001019107-DUP2-R14225,3,,0,0,1
14226,CAB-001001009076-DUP2-R14226,3,,0,0,1
14227,CAB-001001105279-DUP2-R14227,3,,3,0,1
14228,CAB-001001016102-DUP2-R14228,3,,0,0,1
14229,CAB-001001022114-DUP2-R14229,3,,0,0,1
14230,CAB-001003013124-DUP2-R14230,3,,0,0,1
14231,CAB-001003025120-DUP2-R14231,3,,0,0,1
14232,CAB-001003013089-DUP2-R14232,3,,0,0,1
14233,CAB-001003019107-DUP2-R14233,3,,0,0,1
14234,CAB-001003009076-DUP2-R14234,3,,0,0,1
14235,CAB-001003016102-DUP2-R14235,3,,0,0,1
14236,CAB-001004010100-DUP2-R14236,3,,0,0,1
14237,CAB-001006013100-DUP2-R14237,3,,200,0,1
14238,CAB-001006005100-DUP2-R14238,3,,0,0,1
14239,CAB-001006010100-DUP2-R14239,3,,0,0,1
14240,CAB-001006012100-DUP2-R14240,3,,300,0,1
14241,CAB-001006009100-DUP2-R14241,3,,0,0,1
14242,CAB-001006006100-DUP2-R14242,3,,0,0,1
14243,CAB-001006008100-DUP2-R14243,3,,0,0,1
14244,CAB-001004019081-DUP2-R14244,3,,200,0,1
14245,CAB-001004019120-DUP2-R14245,3,,20,0,1
14246,CAB-001004004100-DUP2-R14246,3,,38,0,1
14247,CAB-001004016061-DUP2-R14247,3,,50,0,1
14248,CAB-002009000025-DUP2-R14248,3,,0,0,1
14249,CAB-002009000032-DUP2-R14249,3,,0,0,1
14250,CAB-002009000028-DUP2-R14250,3,,0,0,1
14251,CAB-002009000035-DUP2-R14251,3,,0,0,1
14252,CAB-002009000042-DUP2-R14252,3,,0,0,1
14253,CAB-002009000013-DUP2-R14253,3,,0,0,1
14254,CAB-002009000006-DUP2-R14254,3,,0,0,1
14255,CAB-002009000054-DUP2-R14255,3,,0,0,1
14256,CAB-002009000019-DUP2-R14256,3,,0,0,1
14257,CAB-002009000009-DUP2-R14257,3,,0,0,1
14258,CAB-002009000016-DUP2-R14258,3,,0,0,1
14259,CAB-002009000022-DUP2-R14259,3,,0,0,1
14260,CAB-002009000008-DUP2-R14260,3,,0,0,1
14261,CAB-002010000025-DUP2-R14261,3,,65,0,1
14262,CAB-002010000028-DUP2-R14262,3,,23,0,1
14263,CAB-002010000035-DUP2-R14263,3,,52,0,1
14264,CAB-002010000042-DUP2-R14264,3,,43,0,1
14265,CAB-002010000013-DUP2-R14265,3,,0,0,1
14266,CAB-002010000054-DUP2-R14266,3,,0,0,1
14267,CAB-002010000067-DUP2-R14267,3,,0,0,1
14268,CAB-002010000019-DUP2-R14268,3,,61,0,1
14269,CAB-002010000016-DUP2-R14269,3,,23,0,1
14270,CAB-002010000022-DUP2-R14270,3,,71,0,1
14271,CAB-002023028016-DUP2-R14271,3,,86,0,1
14272,CAB-002023028022-DUP2-R14272,3,,169,0,1
14273,CAB-002023035028-DUP2-R14273,3,,59,0,1
14274,CAB-002023035016-DUP2-R14274,3,,75,0,1
14275,CAB-002023035022-DUP2-R14275,3,,40,0,1
14276,CAB-002023042028-DUP2-R14276,3,,36,0,1
14277,CAB-002023042035-DUP2-R14277,3,,166,0,1
14278,CAB-002023042016-DUP2-R14278,3,,43,0,1
14279,CAB-002023042022-DUP2-R14279,3,,15,0,1
14280,CAB-002023013009-DUP2-R14280,3,,0,0,1
14281,CAB-002023054028-DUP2-R14281,3,,20,0,1
14282,CAB-002023054035-DUP2-R14282,3,,27,0,1
14283,CAB-002023054042-DUP2-R14283,3,,42,0,1
14284,CAB-002023054016-DUP2-R14284,3,,50,0,1
14285,CAB-002023054022-DUP2-R14285,3,,45,0,1
14286,CAB-002023067028-DUP2-R14286,3,,18,0,1
14287,CAB-002023067035-DUP2-R14287,3,,13,0,1
14288,CAB-002023067042-DUP2-R14288,3,,1,0,1
14289,CAB-002023067054-DUP2-R14289,3,,4,0,1
14290,CAB-002023080042-DUP2-R14290,3,,6,0,1
14291,CAB-002023080054-DUP2-R14291,3,,3,0,1
14292,CAB-002023080067-DUP2-R14292,3,,3,0,1
14293,CAB-002023019013-DUP2-R14293,3,,16,0,1
14294,CAB-002023019016-DUP2-R14294,3,,138,0,1
14295,CAB-002023009006-DUP2-R14295,3,,0,0,1
14296,CAB-002023105054-DUP2-R14296,3,,1,0,1
14297,CAB-002023105067-DUP2-R14297,3,,3,0,1
14298,CAB-002023105080-DUP2-R14298,3,,3,0,1
14299,CAB-002023016013-DUP2-R14299,3,,304,0,1
14300,CAB-002023022016-DUP2-R14300,3,,244,0,1
14301,CAB-emrs001048-681344595416-DUP2-R14301,3,,0,0,1
14302,CAB-emrs001148-DUP2-R14302,3,,0,0,1
14303,CAB-ascr017007-DUP2-R14303,3,,0,0,1
14304,CAB-CPPP000020-DUP2-R14304,3,,0,0,1
14305,CAB-cpsm000141-DUP2-R14305,3,,0,0,1
14306,CAB-cpsh000060-DUP2-R14306,3,,0,0,1
14307,CAB-cpsm000800-DUP2-R14307,3,,0,0,1
14308,CAB-cppp000000-DUP2-R14308,3,,0,0,1
14309,CAB-cppf000020-DUP2-R14309,3,,0,0,1
14310,CAB-cppf000030-DUP2-R14310,3,,0,0,1
14311,CAB-cppf000040-DUP2-R14311,3,,0,0,1
14312,CAB-cpph000020-DUP2-R14312,3,,0,0,1
14313,CAB-cpph000030-DUP2-R14313,3,,0,0,1
14314,CAB-cpph000040-DUP2-R14314,3,,0,0,1
14315,CAB-cpph000600-DUP2-R14315,3,,0,0,1
14316,CAB-cpph000800-DUP2-R14316,3,,0,0,1
14317,CAB-cppm000020-DUP2-R14317,3,,0,0,1
14318,CAB-cppm000030-DUP2-R14318,3,,0,0,1
14319,CAB-cppm000040-DUP2-R14319,3,,0,0,1
14320,CAB-cpsf000020-DUP2-R14320,3,,0,0,1
14321,CAB-cpsf000030-DUP2-R14321,3,,0,0,1
14322,CAB-cpsf000040-DUP2-R14322,3,,0,0,1
14323,CAB-cpsh000020-DUP2-R14323,3,,0,0,1
14324,CAB-cpsh000120-DUP2-R14324,3,,0,0,1
14325,CAB-cpsh000030-DUP2-R14325,3,,0,0,1
14326,CAB-cpsh000130-DUP2-R14326,3,,0,0,1
14327,CAB-cpsh000040-DUP2-R14327,3,,0,0,1
14328,CAB-CPSH000140-DUP2-R14328,3,,0,0,1
14329,CAB-cpsm000020-DUP2-R14329,3,,0,0,1
14330,CAB-cpsm000030-DUP2-R14330,3,,0,0,1
14331,CAB-cpsm000040-DUP2-R14331,3,,0,0,1
14332,CAB-cpsm000140-DUP2-R14332,3,,0,0,1
14333,CAB-cpsm000600-DUP2-R14333,3,,0,0,1
14334,CAB-cpsp000020-DUP2-R14334,3,,0,0,1
14335,CAB-fdpu000204-DUP2-R14335,3,,400,80,1
14336,CAB-ptbc042122-DUP2-R14336,3,,0,0,1
14337,CAB-ptbc009076-DUP2-R14337,3,,0,0,1
14338,CAB-PTBC028127-DUP2-R14338,3,,0,0,1
14339,CAB-PTBC035140-DUP2-R14339,3,,0,0,1
14340,CAB-PTBC032071-DUP2-R14340,3,,0,0,1
14341,CAB-ptbc028167-DUP2-R14341,3,,0,0,1
14342,CAB-ptbc028071-DUP2-R14342,3,,0,0,1
14343,CAB-ptbc035081-DUP2-R14343,3,,0,0,1
14344,CAB-ptbc042187-DUP2-R14344,3,,0,0,1
14345,CAB-PTBC025081-DUP2-R14345,3,,0,0,1
14346,CAB-ptbc054091-DUP2-R14346,3,,0,0,1
14347,CAB-ptbc054102-DUP2-R14347,3,,0,0,1
14348,CAB-ptbc054122-DUP2-R14348,3,,0,0,1
14349,CAB-ptbc054145-DUP2-R14349,3,,0,0,1
14350,CAB-PTBC019071-DUP2-R14350,3,,0,0,1
14351,CAB-ptbc009089-DUP2-R14351,3,,0,0,1
14352,CAB-ptrc016056-DUP2-R14352,3,,0,0,1
14353,CAB-ptbc016124-DUP2-R14353,3,,0,0,1
14354,CAB-ptbc022167-DUP2-R14354,3,,0,0,1
14355,CAB-ptbc054178-DUP2-R14355,3,,0,0,1
14356,CAB-PTBC013071-DUP2-R14356,3,,0,0,1
14357,CAB-PTBC035122-DUP2-R14357,3,,0,0,1
14358,CAB-ptrc013071-DUP2-R14358,3,,0,0,1
14359,CAB-buat00002-DUP2-R14359,3,,0,0,1
14360,CAB-buat000002-DUP2-R14360,3,,0,0,1
14361,CAB-NEPE900040-DUP2-R14361,3,,0,0,1
14362,CAB-cuni050210-DUP2-R14362,3,,0,0,1
14363,CAB-100005000042-DUP2-R14363,3,,0,0,1
14364,CAB-tspb300040-DUP2-R14364,3,,0,0,1
14365,CAB-tspb300032-DUP2-R14365,3,,0,0,1
14366,CAB-tspb300065-DUP2-R14366,3,,0,0,1
14367,CAB-tspb300020-DUP2-R14367,3,,0,0,1
14368,CAB-tspg300032-DUP2-R14368,3,,0,0,1
14369,CAB-tspg300015-DUP2-R14369,3,,0,0,1
14370,CAB-tspg300065-DUP2-R14370,3,,0,0,1
14371,CAB-gald120025-DUP2-R14371,3,,0,0,1
14372,CAB-gald120040-DUP2-R14372,3,,0,0,1
14373,CAB-gald120032-DUP2-R14373,3,,0,0,1
14374,CAB-gald120006-DUP2-R14374,3,,0,0,1
14375,CAB-gald120050-DUP2-R14375,3,,0,0,1
14376,CAB-gald120065-DUP2-R14376,3,,0,0,1
14377,CAB-gald120080-DUP2-R14377,3,,0,0,1
14378,CAB-gald120020-DUP2-R14378,3,,0,0,1
14379,CAB-gald120010-DUP2-R14379,3,,0,0,1
14380,CAB-gald120100-DUP2-R14380,3,,0,0,1
14381,CAB-gald120150-DUP2-R14381,3,,0,0,1
14382,CAB-gald330025-DUP2-R14382,3,,0,0,1
14383,CAB-gald330050-DUP2-R14383,3,,0,0,1
14384,CAB-gald330020-DUP2-R14384,3,,0,0,1
14385,CAB-cidn300020-DUP2-R14385,3,,0,0,1
14386,CAB-dait001010-DUP2-R14386,3,,0,0,1
14387,CAB-BOXD015010-DUP2-R14387,3,,0,0,1
14388,CAB-BOXD020020-DUP2-R14388,3,,0,0,1
14389,CAB-BOXD040020-DUP2-R14389,3,,0,0,1
14390,CAB-BOXD040030-DUP2-R14390,3,,0,0,1
14391,CAB-BOXD040040-DUP2-R14391,3,,0,0,1
14392,CAB-BOXD049029-DUP2-R14392,3,,0,0,1
14393,CAB-BOXD055055-DUP2-R14393,3,,0,0,1
14394,CAB-deca201500-DUP2-R14394,3,,0,0,1
14395,CAB-DECA201450-DUP2-R14395,3,,0,0,1
14396,CAB-deca000100-DUP2-R14396,3,,0,0,1
14397,CAB-ascr000080-DUP2-R14397,3,,0,0,1
14398,CAB-ascr000133-DUP2-R14398,3,,0,0,1
14399,CAB-GMTA465250-DUP2-R14399,3,,0,0,1
14400,CAB-GMTA465025-DUP2-R14400,3,,0,0,1
14401,CAB-GMTA465060-DUP2-R14401,3,,0,0,1
14402,CAB-GMTA465000-DUP2-R14402,3,,0,0,1
14403,CAB-gald220040-DUP2-R14403,3,,0,0,1
14404,CAB-gald220032-DUP2-R14404,3,,0,0,1
14405,CAB-gald220025-DUP2-R14405,3,,0,0,1
14406,CAB-gald220015-DUP2-R14406,3,,0,0,1
14407,CAB-gald220006-DUP2-R14407,3,,0,0,1
14408,CAB-gald220065-DUP2-R14408,3,,0,0,1
14409,CAB-gald220050-DUP2-R14409,3,,0,0,1
14410,CAB-gald220080-DUP2-R14410,3,,0,0,1
14411,CAB-gald220020-DUP2-R14411,3,,0,0,1
14412,CAB-gald220021-DUP2-R14412,3,,0,0,1
14413,CAB-gald220009-DUP2-R14413,3,,0,0,1
14414,CAB-cidn300032-DUP2-R14414,3,,0,0,1
14415,CAB-gald115010-DUP2-R14415,3,,0,0,1
14416,CAB-dnac013019-DUP2-R14416,3,,0,0,1
14417,CAB-dnac013016-DUP2-R14417,3,,0,0,1
14418,CAB-dnac006013-DUP2-R14418,3,,0,0,1
14419,CAB-dnac006009-DUP2-R14419,3,,0,0,1
14420,CAB-dnac006019-DUP2-R14420,3,,0,0,1
14421,CAB-dnac006016-DUP2-R14421,3,,0,0,1
14422,CAB-dnac009013-DUP2-R14422,3,,0,0,1
14423,CAB-dnac009019-DUP2-R14423,3,,0,0,1
14424,CAB-dnac009016-DUP2-R14424,3,,0,0,1
14425,CAB-dnac016019-DUP2-R14425,3,,0,0,1
14426,CAB-010011019019-DUP2-R14426,3,,0,0,1
14427,CAB-dncr000015-DUP2-R14427,3,,0,0,1
14428,CAB-010011013013-DUP2-R14428,3,,0,0,1
14429,CAB-010011006006-DUP2-R14429,3,,0,0,1
14430,CAB-010011009009-DUP2-R14430,3,,0,0,1
14431,CAB-010011016016-DUP2-R14431,3,,0,0,1
14432,CAB-dnkn040040-DUP2-R14432,3,,25,0,1
14433,CAB-dnkn040019-DUP2-R14433,3,,0,0,1
14434,CAB-dnkn032032-DUP2-R14434,3,,86,0,1
14435,CAB-dnkn032025-DUP2-R14435,3,,0,0,1
14436,CAB-dnkn025025-DUP2-R14436,3,,0,0,1
14437,CAB-dnkn025015-DUP2-R14437,3,,5,0,1
14438,CAB-dnkn025019-DUP2-R14438,3,,0,0,1
14439,CAB-dnki025025-DUP2-R14439,3,,59,0,1
14440,CAB-dnki040040-DUP2-R14440,3,,50,0,1
14441,CAB-dnki032032-DUP2-R14441,3,,145,0,1
14442,CAB-dnkn015009-DUP2-R14442,3,,0,0,1
14443,CAB-dnkn015015-DUP2-R14443,3,,342,0,1
14444,CAB-dnkn015006-DUP2-R14444,3,,17,0,1
14445,CAB-dnkn015003-DUP2-R14445,3,,0,0,1
14446,CAB-dnki015015-DUP2-R14446,3,,2,0,1
14447,CAB-dnki015006-DUP2-R14447,3,,0,0,1
14448,CAB-dnki015009-DUP2-R14448,3,,66,0,1
14449,CAB-dnkn006003-DUP2-R14449,3,,53,0,1
14450,CAB-dnkn006007-DUP2-R14450,3,,0,0,1
14451,CAB-dnkn006006-DUP2-R14451,3,,0,0,1
14452,CAB-dnki006006-DUP2-R14452,3,,97,0,1
14453,CAB-dnkn003003-DUP2-R14453,3,,51,0,1
14454,CAB-dnkn065065-DUP2-R14454,3,,0,0,1
14455,CAB-dnkn050050-DUP2-R14455,3,,11,0,1
14456,CAB-dnki050050-DUP2-R14456,3,,73,0,1
14457,CAB-dnkn019015-DUP2-R14457,3,,82,0,1
14458,CAB-dnkn019006-DUP2-R14458,3,,0,0,1
14459,CAB-dnkn019019-DUP2-R14459,3,,96,0,1
14460,CAB-dnkn019009-DUP2-R14460,3,,0,0,1
14461,CAB-dnkn019016-DUP2-R14461,3,,0,0,1
14462,CAB-dnki019015-DUP2-R14462,3,,56,0,1
14463,CAB-dnki019006-DUP2-R14463,3,,61,0,1
14464,CAB-dnki019019-DUP2-R14464,3,,81,0,1
14465,CAB-dnki019009-DUP2-R14465,3,,106,0,1
14466,CAB-dnkn009009-DUP2-R14466,3,,24,0,1
14467,CAB-dnkn009006-DUP2-R14467,3,,14,0,1
14468,CAB-dnki009009-DUP2-R14468,3,,114,0,1
14469,CAB-dnkn115006-DUP2-R14469,3,,76,0,1
14470,CAB-dnkn119006-DUP2-R14470,3,,0,0,1
14471,CAB-dnkn119009-DUP2-R14471,3,,16,0,1
14472,CAB-NEPE900081-DUP2-R14472,3,,0,0,1
14473,CAB-schi181032-DUP2-R14473,3,,0,0,1
14474,CAB-dnss000015-DUP2-R14474,3,,0,0,1
14475,CAB-nepe003001-DUP2-R14475,3,,0,0,1
14476,CAB-nepe900099-DUP2-R14476,3,,0,0,1
14477,CAB-SSDN015009-DUP2-R14477,3,,0,0,1
14478,CAB-schi210040-DUP2-R14478,3,,0,0,1
14479,CAB-schi210032-DUP2-R14479,3,,0,0,1
14480,CAB-gald370025-DUP2-R14480,3,,0,0,1
14481,CAB-schi210025-DUP2-R14481,3,,0,0,1
14482,CAB-schi210015-DUP2-R14482,3,,0,0,1
14483,CAB-schi210065-DUP2-R14483,3,,0,0,1
14484,CAB-schi210050-DUP2-R14484,3,,0,0,1
14485,CAB-schi210080-DUP2-R14485,3,,0,0,1
14486,CAB-schi210020-DUP2-R14486,3,,0,0,1
14487,CAB-SCHI210100-DUP2-R14487,3,,0,0,1
14488,CAB-schi210150-DUP2-R14488,3,,0,0,1
14489,CAB-schi210200-DUP2-R14489,3,,0,0,1
14490,CAB-gald240040-DUP2-R14490,3,,0,0,1
14491,CAB-gald240032-DUP2-R14491,3,,0,0,1
14492,CAB-gald240025-DUP2-R14492,3,,0,0,1
14493,CAB-gald240065-DUP2-R14493,3,,0,0,1
14494,CAB-gald240050-DUP2-R14494,3,,0,0,1
14495,CAB-gald240080-DUP2-R14495,3,,0,0,1
14496,CAB-gald240020-DUP2-R14496,3,,0,0,1
14497,CAB-tspb500040-DUP2-R14497,3,,0,0,1
14498,CAB-tspb500032-DUP2-R14498,3,,0,0,1
14499,CAB-tspb500065-DUP2-R14499,3,,0,0,1
14500,CAB-DCIN000019-DUP2-R14500,3,,0,0,1
14501,CAB-DCIN000009-DUP2-R14501,3,,0,0,1
14502,CAB-BOXD000004-DUP2-R14502,3,,0,0,1
14503,CAB-gald140040-DUP2-R14503,3,,0,0,1
14504,CAB-gald140032-DUP2-R14504,3,,0,0,1
14505,CAB-gald140025-DUP2-R14505,3,,0,0,1
14506,CAB-gald140015-DUP2-R14506,3,,0,0,1
14507,CAB-gald140006-DUP2-R14507,3,,0,0,1
14508,CAB-gald140065-DUP2-R14508,3,,0,0,1
14509,CAB-gald140050-DUP2-R14509,3,,0,0,1
14510,CAB-gald140080-DUP2-R14510,3,,0,0,1
14511,CAB-gald140020-DUP2-R14511,3,,0,0,1
14512,CAB-gald140100-DUP2-R14512,3,,0,0,1
14513,CAB-tspg500040-DUP2-R14513,3,,0,0,1
14514,CAB-tspg500032-DUP2-R14514,3,,0,0,1
14515,CAB-tspg500025-DUP2-R14515,3,,0,0,1
14516,CAB-tspg500015-DUP2-R14516,3,,0,0,1
14517,CAB-tspg500050-DUP2-R14517,3,,0,0,1
14518,CAB-tspg500020-DUP2-R14518,3,,0,0,1
14519,CAB-tspg500100-DUP2-R14519,3,,0,0,1
14520,CAB-NEPE900069-DUP2-R14520,3,,0,0,1
14521,CAB-NEPE900077-DUP2-R14521,3,,0,0,1
14522,CAB-dokn015015-DUP2-R14522,3,,0,0,1
14523,CAB-DOKN006006-DUP2-R14523,3,,0,0,1
14524,CAB-sgpi200065-DUP2-R14524,3,,0,0,1
14525,CAB-sgpi200080-DUP2-R14525,3,,0,0,1
14526,CAB-sgpi200100-DUP2-R14526,3,,0,0,1
14527,CAB-ZMDP500250-DUP2-R14527,3,,0,0,1
14528,CAB-sgpi200040-DUP2-R14528,3,,0,0,1
14529,CAB-sgpi200025-DUP2-R14529,3,,0,0,1
14530,CAB-sgpi200150-DUP2-R14530,3,,0,0,1
14531,CAB-sgpi200200-DUP2-R14531,3,,0,0,1
14532,CAB-ssdo000040-DUP2-R14532,3,,0,0,1
14533,CAB-ssdo000032-DUP2-R14533,3,,0,0,1
14534,CAB-ssdo000025-DUP2-R14534,3,,0,0,1
14535,CAB-ssdo000015-DUP2-R14535,3,,0,0,1
14536,CAB-ssdo000050-DUP2-R14536,3,,0,0,1
14537,CAB-DNKN003004-DUP2-R14537,3,,3,0,1
14538,CAB-NEPE800002-DUP2-R14538,3,,0,0,1
14539,CAB-dnac008008-DUP2-R14539,3,,0,0,1
14540,CAB-DNKN215015-DUP2-R14540,3,,0,0,1
14541,CAB-DNKN215006-DUP2-R14541,3,,0,0,1
14542,CAB-DNKN012008-DUP2-R14542,3,,0,0,1
14543,CAB-ARCA400014-DUP2-R14543,3,,0,0,1
14544,CAB-ARCA400015-DUP2-R14544,3,,0,0,1
14545,CAB-ARCA400013-DUP2-R14545,3,,0,0,0
14546,CAB-ARCA400001-DUP2-R14546,3,,3,0,0
14547,CAB-ARCA400017-DUP2-R14547,3,,0,0,0
14548,CAB-ARCA400010-DUP2-R14548,3,,0,0,0
14549,CAB-ARCA401001-DUP2-R14549,3,,0,0,0
14550,CAB-ARCA402001-DUP2-R14550,3,,0,0,0
14551,CAB-ARCA400016-DUP2-R14551,3,,0,0,0
14552,CAB-ARCA401003-DUP2-R14552,3,,0,0,0
14553,CAB-arca400002-DUP2-R14553,3,,0,0,0
14554,CAB-ARCA401004-DUP2-R14554,3,,0,0,0
14555,CAB-ARCA401002-DUP2-R14555,3,,0,0,0
14556,CAB-ARCA400012-DUP2-R14556,3,,0,0,0
14557,CAB-ARCA400020-DUP2-R14557,3,,0,0,0
14558,CAB-ARCA400008-DUP2-R14558,3,,0,0,0
14559,CAB-ARCA400019-DUP2-R14559,3,,0,0,0
14560,CAB-ARCA400025-DUP2-R14560,3,,0,0,0
14561,CAB-ARCA400011-DUP2-R14561,3,,0,0,0
14562,CAB-ARCA400023-DUP2-R14562,3,,0,0,0
14563,CAB-ARCA400024-DUP2-R14563,3,,0,0,0
14564,CAB-ARCA400006-DUP2-R14564,3,,0,0,0
14565,CAB-ARCA400005-DUP2-R14565,3,,2,0,0
14566,CAB-ARCA400021-DUP2-R14566,3,,0,0,0
14567,CAB-ARCA400022-DUP2-R14567,3,,0,0,0
14568,CAB-ARCA400018-DUP2-R14568,3,,0,0,0
14569,CAB-ARCA400026-DUP2-R14569,3,,0,0,0
14570,CAB-ARCA400009-DUP2-R14570,3,,0,0,0
14571,CAB-ARCA400007-DUP2-R14571,3,,0,0,0
14572,CAB-ARCA530009-DUP2-R14572,3,,0,0,0
14573,CAB-ARCA530013-DUP2-R14573,3,,0,0,0
14574,CAB-ARCA530011-DUP2-R14574,3,,0,0,0
14575,CAB-ARCA530012-DUP2-R14575,3,,0,0,0
14576,CAB-ARCA530010-DUP2-R14576,3,,5,0,0
14577,CAB-ARCA530021-DUP2-R14577,3,,0,0,0
14578,CAB-ARCA530020-DUP2-R14578,3,,4,0,0
14579,CAB-ARCA530023-DUP2-R14579,3,,0,0,0
14580,CAB-ARCA530022-DUP2-R14580,3,,0,0,0
14581,CAB-ARCA530030-DUP2-R14581,3,,0,0,0
14582,CAB-ARCA530032-DUP2-R14582,3,,0,0,0
14583,CAB-ARCA530031-DUP2-R14583,3,,0,0,0
14584,CAB-arca530042-DUP2-R14584,3,,0,0,0
14585,CAB-ARCA530040-DUP2-R14585,3,,0,0,0
14586,CAB-ARCA530041-DUP2-R14586,3,,0,0,0
14587,CAB-ARCA530052-DUP2-R14587,3,,0,0,0
14588,CAB-ARCA530050-DUP2-R14588,3,,0,0,0
14589,CAB-ARCA530051-DUP2-R14589,3,,0,0,0
14590,CAB-ARCA530053-DUP2-R14590,3,,0,0,0
14591,CAB-ARCA530061-DUP2-R14591,3,,0,0,0
14592,CAB-ARCA530062-DUP2-R14592,3,,0,0,0
14593,CAB-ARCA530060-DUP2-R14593,3,,0,0,0
14594,CAB-ARCA530063-DUP2-R14594,3,,0,0,0
14595,CAB-ARCA540003-DUP2-R14595,3,,0,0,0
14596,CAB-ARCA540006-DUP2-R14596,3,,0,0,0
14597,CAB-hone011002-DUP2-R14597,3,,0,0,0
14598,CAB-dtbn001001-DUP2-R14598,3,,0,0,0
14599,CAB-dtbn001002-DUP2-R14599,3,,0,0,0
14600,CAB-dtdl001003-DUP2-R14600,3,,0,0,0
14601,CAB-dtdl002005-DUP2-R14601,3,,0,0,0
14602,CAB-dtdl001001-DUP2-R14602,3,,0,0,0
14603,CAB-dtdl002004-DUP2-R14603,3,,0,0,0
14604,CAB-100001000006-DUP2-R14604,3,,0,0,0
14605,CAB-dtmz001003-DUP2-R14605,3,,0,0,0
14606,CAB-dtmz001001-DUP2-R14606,3,,0,0,0
14607,CAB-dtnl001006-DUP2-R14607,3,,0,0,0
14608,CAB-dtnl001001-DUP2-R14608,3,,0,0,0
14609,CAB-dtnl002001-DUP2-R14609,3,,0,0,0
14610,CAB-dtnl001004-DUP2-R14610,3,,0,0,0
14611,CAB-dtnl001005-DUP2-R14611,3,,0,0,0
14612,CAB-100001000007-DUP2-R14612,3,,0,0,0
14613,CAB-BOXC008006-DUP2-R14613,3,,0,0,0
14614,CAB-BOXC006008-DUP2-R14614,3,,0,0,0
14615,CAB-DTPU040040-DUP2-R14615,3,,0,0,0
14616,CAB-freo005022-DUP2-R14616,3,,1,0,0
14617,CAB-freo001404a-DUP2-R14617,3,,0,0,0
14618,CAB-dura003001-DUP2-R14618,3,,0,0,0
14619,CAB-DURA003002-DUP2-R14619,3,,0,0,0
14620,CAB-EADA015015-DUP2-R14620,3,,0,0,0
14621,CAB-eaga015010-DUP2-R14621,3,,0,0,0
14622,CAB-eaga015015-DUP2-R14622,3,,0,0,0
14623,CAB-EAGA020020-DUP2-R14623,3,,0,0,0
14624,CAB-eaga021021-DUP2-R14624,3,,0,0,0
14625,CAB-eaga025125-DUP2-R14625,3,,0,0,0
14626,CAB-EAGA025025-DUP2-R14626,3,,0,0,0
14627,CAB-EAGA030020-DUP2-R14627,3,,0,0,0
14628,CAB-EAGA030030-DUP2-R14628,3,,0,0,0
14629,CAB-EAGA030060-DUP2-R14629,3,,0,0,0
14630,CAB-eaga036020-DUP2-R14630,3,,0,0,0
14631,CAB-EAGA040020-DUP2-R14631,3,,0,0,0
14632,CAB-EAGA040030-DUP2-R14632,3,,0,0,0
14633,CAB-eaga050125-DUP2-R14633,3,,0,0,0
14634,CAB-EAGA060015-DUP2-R14634,3,,0,0,0
14635,CAB-EAGA060045-DUP2-R14635,3,,0,0,0
14636,CAB-EAGA063063-DUP2-R14636,3,,0,0,0
14637,CAB-EAGA075065-DUP2-R14637,3,,0,0,0
14638,CAB-eaga000000-DUP2-R14638,3,,0,0,0
14639,CAB-EAGF060120-DUP2-R14639,3,,0,0,0
14640,CAB-EAGP030030-DUP2-R14640,3,,0,0,0
14641,CAB-EAGP040020-DUP2-R14641,3,,0,0,0
14642,CAB-PTBE025100-DUP2-R14642,3,,0,0,0
14643,CAB-PTBE008051-DUP2-R14643,3,,0,0,0
14644,CAB-PTBE024061-DUP2-R14644,3,,291,0,0
14645,CAB-PTBE028061-DUP2-R14645,3,,280,0,0
14646,CAB-PTBE035061-DUP2-R14646,3,,1905,0,0
14647,CAB-PTBE035081-DUP2-R14647,3,,0,0,0
14648,CAB-PTBE035140-DUP2-R14648,3,,1022,0,0
14649,CAB-PTBE042081-DUP2-R14649,3,,412,0,0
14650,CAB-PTBE042152-DUP2-R14650,3,,573,0,0
14651,CAB-PTBE025120-DUP2-R14651,3,,34,0,0
14652,CAB-PTBE013051-DUP2-R14652,3,,619,0,0
14653,CAB-PTBE013081-DUP2-R14653,3,,0,0,0
14654,CAB-PTBE013100-DUP2-R14654,3,,0,0,0
14655,CAB-PTBE013089-DUP2-R14655,3,,290,0,0
14656,CAB-PTBE006051-DUP2-R14656,3,,79,0,0
14657,CAB-1PTBE006071-DUP2-R14657,3,,266,0,0
14658,CAB-PTBE054091-DUP2-R14658,3,,215,0,0
14659,CAB-PTBE067120-DUP2-R14659,3,,0,0,0
14660,CAB-PTBE019051-DUP2-R14660,3,,270,0,0
14661,CAB-PTBE009071-DUP2-R14661,3,,0,0,0
14662,CAB-PTBE016061-DUP2-R14662,3,,634,0,0
14663,CAB-PTBE016071-DUP2-R14663,3,,260,0,0
14664,CAB-PTBE016102-DUP2-R14664,3,,400,0,0
14665,CAB-PTBE016120-DUP2-R14665,3,,0,0,0
14666,CAB-PTBE022114-DUP2-R14666,3,,181,0,0
14667,CAB-PTBE022051-DUP2-R14667,3,,336,0,0
14668,CAB-PTBE022061-DUP2-R14668,3,,0,0,0
14669,CAB-PTBE022071-DUP2-R14669,3,,370,0,0
14670,CAB-PTBE028120-DUP2-R14670,3,,109,0,0
14671,CAB-PTRE006056-DUP2-R14671,3,,0,0,0
14672,CAB-PTRE019071-DUP2-R14672,3,,11,0,0
14673,CAB-PTRE009045-DUP2-R14673,3,,4,0,0
14674,CAB-PTRE016056-DUP2-R14674,3,,6,0,0
14675,CAB-PTRE013081-DUP2-R14675,3,,58,0,0
14676,CAB-PTRE006071-DUP2-R14676,3,,1,0,0
14677,CAB-PTRE009081-DUP2-R14677,3,,240,0,0
14678,CAB-PTRE016089-DUP2-R14678,3,,1,0,0
14679,CAB-PTBE009100-DUP2-R14679,3,,0,0,0
14680,CAB-glwl031625-DUP2-R14680,3,,0,0,0
14681,CAB-glwl032425-DUP2-R14681,3,,0,0,0
14682,CAB-glwl031650-DUP2-R14682,3,,0,0,0
14683,CAB-glwl032450-DUP2-R14683,3,,0,0,0
14684,CAB-ascr000047-DUP2-R14684,3,,0,0,0
14685,CAB-ascr000048-DUP2-R14685,3,,0,0,0
14686,CAB-gald340025-DUP2-R14686,3,,0,0,0
14687,CAB-ciel300040-DUP2-R14687,3,,0,0,0
14688,CAB-ciel300032-DUP2-R14688,3,,0,0,0
14689,CAB-ciel300025-DUP2-R14689,3,,0,0,0
14690,CAB-ciel300015-DUP2-R14690,3,,0,0,0
14691,CAB-ciel300020-DUP2-R14691,3,,0,0,0
14692,CAB-EKCC112012-DUP2-R14692,3,,0,0,0
14693,CAB-EKCC109009-DUP2-R14693,3,,0,0,0
14694,CAB-BOXE000160-DUP2-R14694,3,,0,0,0
14695,CAB-BOXE000011-DUP2-R14695,3,,0,0,0
14696,CAB-BOXE045190-DUP2-R14696,3,,0,0,0
14697,CAB-BOXE045220-DUP2-R14697,3,,0,0,0
14698,CAB-BOXE006004-DUP2-R14698,3,,0,0,0
14699,CAB-BOXE001160-DUP2-R14699,3,,0,0,0
14700,CAB-ekfl000015-DUP2-R14700,3,,0,0,0
14701,CAB-EKFL113013-DUP2-R14701,3,,0,0,0
14702,CAB-GALD100006-DUP2-R14702,3,,0,0,0
14703,CAB-gald100010-DUP2-R14703,3,,0,0,0
14704,CAB-schg045350-DUP2-R14704,3,,0,0,0
14705,CAB-NEPE900083-DUP2-R14705,3,,0,0,0
14706,CAB-NEPE900093-DUP2-R14706,3,,0,0,0
14707,CAB-NEPE900082-DUP2-R14707,3,,0,1,0
14708,CAB-nepe900043-DUP2-R14708,3,,0,0,0
14709,CAB-sgpi101050-DUP2-R14709,3,,0,0,0
14710,CAB-sgpi101100-DUP2-R14710,3,,0,0,0
14711,CAB-sgpi101200-DUP2-R14711,3,,0,0,0
14712,CAB-ssch100040-DUP2-R14712,3,,0,0,0
14713,CAB-ssch100025-DUP2-R14713,3,,0,0,0
14714,CAB-ssch100050-DUP2-R14714,3,,0,0,0
14715,CAB-ssch100080-DUP2-R14715,3,,0,0,0
14716,CAB-ssch100020-DUP2-R14716,3,,0,0,0
14717,CAB-sgpi100040-DUP2-R14717,3,,0,0,0
14718,CAB-sgpi100032-DUP2-R14718,3,,0,0,0
14719,CAB-sgpi100025-DUP2-R14719,3,,0,0,0
14720,CAB-sgpi100015-DUP2-R14720,3,,0,0,0
14721,CAB-sgpi100250-DUP2-R14721,3,,0,0,0
14722,CAB-sgpi100300-DUP2-R14722,3,,0,0,0
14723,CAB-sgpi100350-DUP2-R14723,3,,0,0,0
14724,CAB-sgpi100400-DUP2-R14724,3,,0,0,0
14725,CAB-sgpi100450-DUP2-R14725,3,,0,0,0
14726,CAB-sgpi100065-DUP2-R14726,3,,0,0,0
14727,CAB-sgpi100500-DUP2-R14727,3,,0,0,0
14728,CAB-sgpi100080-DUP2-R14728,3,,0,0,0
14729,CAB-sgpi100020-DUP2-R14729,3,,0,0,0
14730,CAB-sgpi100100-DUP2-R14730,3,,0,0,0
14731,CAB-sgpi100125-DUP2-R14731,3,,0,0,0
14732,CAB-sgpi100150-DUP2-R14732,3,,0,0,0
14733,CAB-sgpi100200-DUP2-R14733,3,,0,0,0
14734,CAB-sgpg100040-DUP2-R14734,3,,0,0,0
14735,CAB-sgpg100032-DUP2-R14735,3,,0,0,0
14736,CAB-SGPG100025-DUP2-R14736,3,,0,0,0
14737,CAB-sgpg100015-DUP2-R14737,3,,0,0,0
14738,CAB-sgpg100250-DUP2-R14738,3,,0,0,0
14739,CAB-sgpg100300-DUP2-R14739,3,,0,0,0
14740,CAB-sgpg100350-DUP2-R14740,3,,0,0,0
14741,CAB-sgpg100400-DUP2-R14741,3,,0,0,0
14742,CAB-sgpg100450-DUP2-R14742,3,,0,0,0
14743,CAB-sgpg100065-DUP2-R14743,3,,0,0,0
14744,CAB-sgpg100050-DUP2-R14744,3,,0,0,0
14745,CAB-sgpg100500-DUP2-R14745,3,,0,0,0
14746,CAB-sgpg100020-DUP2-R14746,3,,0,0,0
14747,CAB-sgpg100125-DUP2-R14747,3,,0,0,0
14748,CAB-sgpg100150-DUP2-R14748,3,,0,0,0
14749,CAB-sgpg100200-DUP2-R14749,3,,0,0,0
14750,CAB-ssch100015-DUP2-R14750,3,,0,0,0
14751,CAB-pell201216-DUP2-R14751,3,,0,0,0
14752,CAB-schs100100-DUP2-R14752,3,,0,0,0
14753,CAB-schs100150-DUP2-R14753,3,,0,0,0
14754,CAB-schg100040-DUP2-R14754,3,,0,0,0
14755,CAB-schg100032-DUP2-R14755,3,,0,0,0
14756,CAB-schg100025-DUP2-R14756,3,,0,0,0
14757,CAB-schg100250-DUP2-R14757,3,,0,0,0
14758,CAB-schg100300-DUP2-R14758,3,,0,0,0
14759,CAB-schg100350-DUP2-R14759,3,,0,0,0
14760,CAB-schg100400-DUP2-R14760,3,,0,0,0
14761,CAB-schg100450-DUP2-R14761,3,,0,0,0
14762,CAB-schg100050-DUP2-R14762,3,,0,0,0
14763,CAB-schg100500-DUP2-R14763,3,,0,0,0
14764,CAB-schg100020-DUP2-R14764,3,,0,0,0
14765,CAB-schg100100-DUP2-R14765,3,,0,0,0
14766,CAB-schg100125-DUP2-R14766,3,,0,0,0
14767,CAB-schg100150-DUP2-R14767,3,,0,0,0
14768,CAB-schg100200-DUP2-R14768,3,,0,0,0
14769,CAB-sgpi100050-DUP2-R14769,3,,0,0,0
14770,CAB-sgpg101200-DUP2-R14770,3,,0,0,0
14771,CAB-ssch510040-DUP2-R14771,3,,0,0,0
14772,CAB-ssch510015-DUP2-R14772,3,,0,0,0
14773,CAB-ssch510065-DUP2-R14773,3,,0,0,0
14774,CAB-ssch510050-DUP2-R14774,3,,0,0,0
14775,CAB-ssch510080-DUP2-R14775,3,,0,0,0
14776,CAB-boxe000010-DUP2-R14776,3,,0,0,0
14777,CAB-BOXE000315-DUP2-R14777,3,,0,0,0
14778,CAB-ekcc013013-DUP2-R14778,3,,0,0,0
14779,CAB-ekcc006006-DUP2-R14779,3,,0,0,0
14780,CAB-ekcc006007-DUP2-R14780,3,,0,0,0
14781,CAB-ekcd006006-DUP2-R14781,3,,0,0,0
14782,CAB-EKCC010010-DUP2-R14782,3,,0,0,0
14783,CAB-ekcc012012-DUP2-R14783,3,,0,0,0
14784,CAB-ekcc009009-DUP2-R14784,3,,0,0,0
14785,CAB-ekcc008008-DUP2-R14785,3,,0,0,0
14786,CAB-ekcc016016-DUP2-R14786,3,,0,0,0
14787,CAB-EKCC022022-DUP2-R14787,3,,0,0,0
14788,CAB-eddt032035-DUP2-R14788,3,,0,0,0
14789,CAB-eddt025032-DUP2-R14789,3,,0,0,0
14790,CAB-eddt025028-DUP2-R14790,3,,0,0,0
14791,CAB-eddt015013-DUP2-R14791,3,,30,0,0
14792,CAB-eddt015019-DUP2-R14792,3,,0,0,0
14793,CAB-eddt015016-DUP2-R14793,3,,0,0,0
14794,CAB-eddt020019-DUP2-R14794,3,,0,0,0
14795,CAB-eddt020022-DUP2-R14795,3,,0,0,0
14796,CAB-edds015016-DUP2-R14796,3,,0,0,0
14797,CAB-ekcc015016-DUP2-R14797,3,,0,0,0
14798,CAB-edll005006-DUP2-R14798,3,,0,0,0
14799,CAB-eddt000010-DUP2-R14799,3,,0,0,0
14800,CAB-eddt000013-DUP2-R14800,3,,0,0,0
14801,CAB-edsl015016-DUP2-R14801,3,,0,0,0
14802,CAB-BOXE000012-DUP2-R14802,3,,0,0,0
14803,CAB-boxe000014-DUP2-R14803,3,,0,0,0
14804,CAB-boxe000018-DUP2-R14804,3,,0,0,0
14805,CAB-BOXE000190-DUP2-R14805,3,,0,0,0
14806,CAB-BOXE000220-DUP2-R14806,3,,0,0,0
14807,CAB-boxe025020-DUP2-R14807,3,,0,0,0
14808,CAB-BOXE000003-DUP2-R14808,3,,0,0,0
14809,CAB-BOXE000004-DUP2-R14809,3,,5,0,0
14810,CAB-BOXP000004-DUP2-R14810,3,,0,0,0
14811,CAB-BOXE045012-DUP2-R14811,3,,0,0,0
14812,CAB-BOXE045160-DUP2-R14812,3,,0,0,0
14813,CAB-boxe045006-DUP2-R14813,3,,0,0,0
14814,CAB-BOXE045008-DUP2-R14814,3,,0,0,0
14815,CAB-BOXE000005-DUP2-R14815,3,,0,0,0
14816,CAB-boxe000006-DUP2-R14816,3,,0,0,0
14817,CAB-boxe000008-DUP2-R14817,3,,0,0,0
14818,CAB-BOXE185030-DUP2-R14818,3,,0,0,0
14819,CAB-ekfl000007-DUP2-R14819,3,,0,0,0
14820,CAB-EKFL006008-DUP2-R14820,3,,0,0,0
14821,CAB-ekfl000006-DUP2-R14821,3,,0,0,0
14822,CAB-ekfl000009-DUP2-R14822,3,,0,0,0
14823,CAB-ekfl000016-DUP2-R14823,3,,0,0,0
14824,CAB-sgpi145050-DUP2-R14824,3,,0,0,0
14825,CAB-sgpi145040-DUP2-R14825,3,,0,0,0
14826,CAB-sgpg145065-DUP2-R14826,3,,0,0,0
14827,CAB-sgpg145050-DUP2-R14827,3,,0,0,0
14828,CAB-sgpg145020-DUP2-R14828,3,,0,0,0
14829,CAB-schi100040-DUP2-R14829,3,,0,0,0
14830,CAB-schi100250-DUP2-R14830,3,,0,0,0
14831,CAB-schi100300-DUP2-R14831,3,,0,0,0
14832,CAB-schi100350-DUP2-R14832,3,,0,0,0
14833,CAB-schi100400-DUP2-R14833,3,,0,0,0
14834,CAB-schi100450-DUP2-R14834,3,,0,0,0
14835,CAB-schi100500-DUP2-R14835,3,,0,0,0
14836,CAB-schi100020-DUP2-R14836,3,,0,0,0
14837,CAB-schi100100-DUP2-R14837,3,,0,0,0
14838,CAB-schi045032-DUP2-R14838,3,,0,0,0
14839,CAB-schi045250-DUP2-R14839,3,,0,0,0
14840,CAB-schi045350-DUP2-R14840,3,,0,0,0
14841,CAB-schi045050-DUP2-R14841,3,,0,0,0
14842,CAB-schi045065-DUP2-R14842,3,,0,0,0
14843,CAB-schi045080-DUP2-R14843,3,,0,0,0
14844,CAB-schi045100-DUP2-R14844,3,,0,0,0
14845,CAB-schi045150-DUP2-R14845,3,,0,0,0
14846,CAB-schi045200-DUP2-R14846,3,,0,0,0
14847,CAB-schi100125-DUP2-R14847,3,,0,0,0
14848,CAB-schi100150-DUP2-R14848,3,,0,0,0
14849,CAB-schi100200-DUP2-R14849,3,,0,0,0
14850,CAB-schi045040-DUP2-R14850,3,,0,0,0
14851,CAB-schi101100-DUP2-R14851,3,,0,0,0
14852,CAB-sgpi145020-DUP2-R14852,3,,0,0,0
14853,CAB-sgpi145025-DUP2-R14853,3,,0,0,0
14854,CAB-sgpi145300-DUP2-R14854,3,,0,0,0
14855,CAB-sgpi145065-DUP2-R14855,3,,0,0,0
14856,CAB-sgpi145080-DUP2-R14856,3,,0,0,0
14857,CAB-sgpi145100-DUP2-R14857,3,,0,0,0
14858,CAB-sgpi145125-DUP2-R14858,3,,0,0,0
14859,CAB-sgpi145150-DUP2-R14859,3,,0,0,0
14860,CAB-sgpg145040-DUP2-R14860,3,,0,0,0
14861,CAB-sgpg145032-DUP2-R14861,3,,0,0,0
14862,CAB-sgpg145300-DUP2-R14862,3,,0,0,0
14863,CAB-sgpg145080-DUP2-R14863,3,,0,0,0
14864,CAB-sgpg145100-DUP2-R14864,3,,0,0,0
14865,CAB-ascr020003-DUP2-R14865,3,,0,0,0
14866,CAB-ascr020026-DUP2-R14866,3,,0,0,0
14867,CAB-ascr020004-DUP2-R14867,3,,0,0,0
14868,CAB-ascr020008-DUP2-R14868,3,,0,0,0
14869,CAB-agas003012-DUP2-R14869,3,,0,0,0
14870,CAB-agas003011-DUP2-R14870,3,,0,0,0
14871,CAB-agas003000-DUP2-R14871,3,,0,0,0
14872,CAB-NURS000004-DUP2-R14872,3,,0,0,0
14873,CAB-emrs700028-DUP2-R14873,3,,0,0,0
14874,CAB-emrs000048-DUP2-R14874,3,,0,0,0
14875,CAB-emrs000148-DUP2-R14875,3,,0,0,0
14876,CAB-emrs000052-DUP2-R14876,3,,0,0,0
14877,CAB-emrs000083681344476074-DUP2-R14877,3,,0,0,0
14878,CAB-emrs000163-DUP2-R14878,3,,0,0,0
14879,CAB-emrs000164681344476159-DUP2-R14879,3,,0,0,0
14880,CAB-emrs000165681344476173-DUP2-R14880,3,,0,0,0
14881,CAB-emrs000305681344482143-DUP2-R14881,3,,0,0,0
14882,CAB-emrs000306681344486684-DUP2-R14882,3,,0,0,0
14883,CAB-emrs900100-DUP2-R14883,3,,0,0,0
14884,CAB-emrs900012-DUP2-R14884,3,,0,0,0
14885,CAB-emrs900014-DUP2-R14885,3,,0,0,0
14886,CAB-emrs900015-DUP2-R14886,3,,0,0,0
14887,CAB-emrs900018-DUP2-R14887,3,,0,0,0
14888,CAB-emrs900020-DUP2-R14888,3,,0,0,0
14889,CAB-emrs900022-DUP2-R14889,3,,0,0,0
14890,CAB-emrs900025-DUP2-R14890,3,,0,0,0
14891,CAB-emrs900026-DUP2-R14891,3,,0,0,0
14892,CAB-emrs900030-DUP2-R14892,3,,0,0,0
14893,CAB-emrs900035-DUP2-R14893,3,,0,0,0
14894,CAB-emrs900003-DUP2-R14894,3,,0,0,0
14895,CAB-emrs900040-DUP2-R14895,3,,0,0,0
14896,CAB-emrs900045-DUP2-R14896,3,,0,0,0
14897,CAB-emrs900050-DUP2-R14897,3,,0,0,0
14898,CAB-emrs900055-DUP2-R14898,3,,0,0,0
14899,CAB-emrs900005-DUP2-R14899,3,,0,0,0
14900,CAB-emrs900060-DUP2-R14900,3,,0,0,0
14901,CAB-emrs900007-DUP2-R14901,3,,0,0,0
14902,CAB-emrs900070-DUP2-R14902,3,,0,0,0
14903,CAB-emrs800028-DUP2-R14903,3,,0,0,0
14904,CAB-emrs800042-DUP2-R14904,3,,0,0,0
14905,CAB-EPCE001019-DUP2-R14905,3,,0,0,0
14906,CAB-FAGA025020-DUP2-R14906,3,,0,0,0
14907,CAB-FAGA025025-DUP2-R14907,3,,0,0,0
14908,CAB-faga030020-DUP2-R14908,3,,0,0,0
14909,CAB-faga030030-DUP2-R14909,3,,0,0,0
14910,CAB-FAGA036036-DUP2-R14910,3,,0,0,0
14911,CAB-faga035035-DUP2-R14911,3,,0,0,0
14912,CAB-FAGA040020-DUP2-R14912,3,,0,0,0
14913,CAB-fag040025-DUP2-R14913,3,,0,0,0
14914,CAB-FAGA040030-DUP2-R14914,3,,0,0,0
14915,CAB-FAGA045035-DUP2-R14915,3,,0,0,0
14916,CAB-fag050015-DUP2-R14916,3,,0,0,0
14917,CAB-faga050020-DUP2-R14917,3,,0,0,0
14918,CAB-FAGA060040-DUP2-R14918,3,,0,0,0
14919,CAB-FAGA060020-DUP2-R14919,3,,0,0,0
14920,CAB-FAGA070010-DUP2-R14920,3,,0,0,0
14921,CAB-faga079079-DUP2-R14921,3,,0,0,0
14922,CAB-FAGF060120-DUP2-R14922,3,,0,0,0
14923,CAB-FAGP015030-DUP2-R14923,3,,0,0,0
14924,CAB-besi160032-DUP2-R14924,3,,0,0,0
14925,CAB-besi302080-DUP2-R14925,3,,0,0,0
14926,CAB-psfg000032-DUP2-R14926,3,,0,0,0
14927,CAB-psfg000008-DUP2-R14927,3,,0,0,0
14928,CAB-fadp040042-DUP2-R14928,3,,0,0,0
14929,CAB-fadp032035-DUP2-R14929,3,,0,0,0
14930,CAB-fadp025028-DUP2-R14930,3,,0,0,0
14931,CAB-fadp050054-DUP2-R14931,3,,0,0,0
14932,CAB-fadp020019-DUP2-R14932,3,,0,0,0
14933,CAB-fadp020022-DUP2-R14933,3,,0,0,0
14934,CAB-fcfl003009-DUP2-R14934,3,,0,0,0
14935,CAB-fcfl015016-DUP2-R14935,3,,0,0,0
14936,CAB-FCCC006007-DUP2-R14936,3,,0,0,0
14937,CAB-FCCC004008-DUP2-R14937,3,,0,0,0
14938,CAB-FCCC015022-DUP2-R14938,3,,0,0,0
14939,CAB-FCCC015013-DUP2-R14939,3,,0,0,0
14940,CAB-FCCC015006-DUP2-R14940,3,,0,0,0
14941,CAB-FCCC015009-DUP2-R14941,3,,0,0,0
14942,CAB-fccc006010-DUP2-R14942,3,,0,0,0
14943,CAB-FCCC006006-DUP2-R14943,3,,0,0,0
14944,CAB-fccc009009-DUP2-R14944,3,,0,0,0
14945,CAB-FTFL006013-DUP2-R14945,3,,0,0,0
14946,CAB-besi161250-DUP2-R14946,3,,0,0,0
14947,CAB-PGAU069010-DUP2-R14947,3,,0,0,0
14948,CAB-PGAU069015-DUP2-R14948,3,,0,0,0
14949,CAB-PGAU069025-DUP2-R14949,3,,0,0,0
14950,CAB-010001000013-DUP2-R14950,3,,0,0,0
14951,CAB-010001000009-DUP2-R14951,3,,0,0,0
14952,CAB-010001000016-DUP2-R14952,3,,0,0,0
14953,CAB-010001000017-DUP2-R14953,3,,6,0,0
14954,CAB-filt105250-DUP2-R14954,3,,0,0,0
14955,CAB-filt750250-DUP2-R14955,3,,0,0,0
14956,CAB-filt090015-DUP2-R14956,3,,0,0,0
14957,CAB-filt090018-DUP2-R14957,3,,0,0,0
14958,CAB-filt090017-DUP2-R14958,3,,0,0,0
14959,CAB-FILI012087-DUP2-R14959,3,,0,0,0
14960,CAB-FILI155025-DUP2-R14960,3,,0,0,0
14961,CAB-FILI015087-DUP2-R14961,3,,0,0,0
14962,CAB-FILT160050-DUP2-R14962,3,,0,0,0
14963,CAB-filt169055-DUP2-R14963,3,,0,0,0
14964,CAB-FILI025025-DUP2-R14964,3,,0,0,0
14965,CAB-FILT030030-DUP2-R14965,3,,0,0,0
14966,CAB-FILI054047-DUP2-R14966,3,,0,0,0
14967,CAB-FILIT062043-DUP2-R14967,3,,0,0,0
14968,CAB-FILI073059-DUP2-R14968,3,,0,0,0
14969,CAB-ascr000034-DUP2-R14969,3,,0,0,0
14970,CAB-ascr000035-DUP2-R14970,3,,0,0,0
14971,CAB-ascr001062-DUP2-R14971,3,,0,0,0
14972,CAB-ascr000036-DUP2-R14972,3,,0,0,0
14973,CAB-ascr000037-DUP2-R14973,3,,0,0,0
14974,CAB-ascr000038-DUP2-R14974,3,,0,0,0
14975,CAB-ascr000075-DUP2-R14975,3,,0,0,0
14976,CAB-ascr000110-DUP2-R14976,3,,0,0,0
14977,CAB-FILSA113035-DUP2-R14977,3,,0,0,0
14978,CAB-fide030025-DUP2-R14978,3,,0,0,0
14979,CAB-regf054627-DUP2-R14979,3,,0,0,0
14980,CAB-regf054630-DUP2-R14980,3,,0,0,0
14981,CAB-regf400040-DUP2-R14981,3,,0,0,0
14982,CAB-regf400032-DUP2-R14982,3,,0,0,0
14983,CAB-regf400050-DUP2-R14983,3,,0,0,0
14984,CAB-regf001025-DUP2-R14984,3,,0,0,0
14985,CAB-regf001026-DUP2-R14985,3,,0,0,0
14986,CAB-regf000632-DUP2-R14986,3,,0,0,0
14987,CAB-regf000067-DUP2-R14987,3,,0,0,0
14988,CAB-regf001626-DUP2-R14988,3,,0,0,0
14989,CAB-regf001624-DUP2-R14989,3,,0,0,0
14990,CAB-regf001625-DUP2-R14990,3,,0,0,0
14991,CAB-regf001302-DUP2-R14991,3,,0,0,0
14992,CAB-regf001303-DUP2-R14992,3,,0,0,0
14993,CAB-regf001222-DUP2-R14993,3,,0,0,0
14994,CAB-regf001622-DUP2-R14994,3,,0,0,0
14995,CAB-regf001623-DUP2-R14995,3,,0,0,0
14996,CAB-regf002627-DUP2-R14996,3,,0,0,0
14997,CAB-regf001627-DUP2-R14997,3,,0,0,0
14998,CAB-regf006435-DUP2-R14998,3,,0,0,0
14999,CAB-regf002743-DUP2-R14999,3,,0,0,0
15000,CAB-FIXG120018-DUP2-R15000,3,,0,0,0
15001,CAB-besi116040-DUP2-R15001,3,,0,0,0
15002,CAB-besi116080-DUP2-R15002,3,,0,0,0
15003,CAB-flkn002040-DUP2-R15003,3,,0,0,0
15004,CAB-flkn003040-DUP2-R15004,3,,0,0,0
15005,CAB-flkn003025-DUP2-R15005,3,,0,0,0
15006,CAB-flkn003050-DUP2-R15006,3,,0,0,0
15007,CAB-besi110400-DUP2-R15007,3,,0,0,0
15008,CAB-besi115250-DUP2-R15008,3,,0,0,0
15009,CAB-besi115065-DUP2-R15009,3,,0,0,0
15010,CAB-besi115050-DUP2-R15010,3,,0,0,0
15011,CAB-besi115080-DUP2-R15011,3,,0,0,0
15012,CAB-besi115150-DUP2-R15012,3,,0,0,0
15013,CAB-besi115200-DUP2-R15013,3,,0,0,0
15014,CAB-besi116025-DUP2-R15014,3,,0,0,0
15015,CAB-BESI116015-DUP2-R15015,3,,0,0,0
15016,CAB-besi116250-DUP2-R15016,3,,0,0,0
15017,CAB-besi116300-DUP2-R15017,3,,0,0,0
15018,CAB-besi116050-DUP2-R15018,3,,0,0,0
15019,CAB-besi116065-DUP2-R15019,3,,0,0,0
15020,CAB-besi116020-DUP2-R15020,3,,0,0,0
15021,CAB-besi116100-DUP2-R15021,3,,0,0,0
15022,CAB-besi116125-DUP2-R15022,3,,0,0,0
15023,CAB-besi116150-DUP2-R15023,3,,0,0,0
15024,CAB-besi116200-DUP2-R15024,3,,0,0,0
15025,CAB-besi025200-DUP2-R15025,3,,0,0,0
15026,CAB-besi105200-DUP2-R15026,3,,0,0,0
15027,CAB-besi150025-DUP2-R15027,3,,0,0,0
15028,CAB-besi150040-DUP2-R15028,3,,0,0,0
15029,CAB-besi150032-DUP2-R15029,3,,0,0,0
15030,CAB-besi150250-DUP2-R15030,3,,0,0,0
15031,CAB-besi150300-DUP2-R15031,3,,0,0,0
15032,CAB-besi150350-DUP2-R15032,3,,0,0,0
15033,CAB-besi150065-DUP2-R15033,3,,0,0,0
15034,CAB-besi150080-DUP2-R15034,3,,0,0,0
15035,CAB-besi150100-DUP2-R15035,3,,0,0,0
15036,CAB-besi150125-DUP2-R15036,3,,0,0,0
15037,CAB-besi150150-DUP2-R15037,3,,0,0,0
15038,CAB-besi150200-DUP2-R15038,3,,0,0,0
15039,CAB-besi301040-DUP2-R15039,3,,0,0,0
15040,CAB-BESI301032-DUP2-R15040,3,,0,0,0
15041,CAB-BESI301025-DUP2-R15041,3,,0,0,0
15042,CAB-besi301065-DUP2-R15042,3,,0,0,0
15043,CAB-besi301080-DUP2-R15043,3,,0,0,0
15044,CAB-besi301100-DUP2-R15044,3,,0,0,0
15045,CAB-besi301125-DUP2-R15045,3,,0,0,0
15046,CAB-besi301150-DUP2-R15046,3,,0,0,0
15047,CAB-besi301200-DUP2-R15047,3,,0,0,0
15048,CAB-besi110032-DUP2-R15048,3,,0,0,0
15049,CAB-besi110300-DUP2-R15049,3,,0,0,0
15050,CAB-besi110350-DUP2-R15050,3,,0,0,0
15051,CAB-besi110450-DUP2-R15051,3,,0,0,0
15052,CAB-besi110500-DUP2-R15052,3,,0,0,0
15053,CAB-besi015065-DUP2-R15053,3,,0,0,0
15054,CAB-BESI015200-DUP2-R15054,3,,0,0,0
15055,CAB-besi400250-DUP2-R15055,3,,0,0,0
15056,CAB-besi400300-DUP2-R15056,3,,0,0,0
15057,CAB-besi400150-DUP2-R15057,3,,0,0,0
15058,CAB-BESI210025-DUP2-R15058,3,,0,0,0
15059,CAB-BESI106040-DUP2-R15059,3,,0,0,0
15060,CAB-besi016040-DUP2-R15060,3,,0,0,0
15061,CAB-besi016025-DUP2-R15061,3,,0,0,0
15062,CAB-besi016250-DUP2-R15062,3,,0,0,0
15063,CAB-besi016300-DUP2-R15063,3,,0,0,0
15064,CAB-besi016050-DUP2-R15064,3,,0,0,0
15065,CAB-besi016065-DUP2-R15065,3,,0,0,0
15066,CAB-besi016080-DUP2-R15066,3,,0,0,0
15067,CAB-besi016020-DUP2-R15067,3,,0,0,0
15068,CAB-besi016100-DUP2-R15068,3,,0,0,0
15069,CAB-besi016125-DUP2-R15069,3,,0,0,0
15070,CAB-besi016150-DUP2-R15070,3,,0,0,0
15071,CAB-besi016200-DUP2-R15071,3,,0,0,0
15072,CAB-besi250032-DUP2-R15072,3,,0,0,0
15073,CAB-besi250250-DUP2-R15073,3,,0,0,0
15074,CAB-besi250350-DUP2-R15074,3,,0,0,0
15075,CAB-besi250065-DUP2-R15075,3,,0,0,0
15076,CAB-besi250080-DUP2-R15076,3,,0,0,0
15077,CAB-besi250100-DUP2-R15077,3,,0,0,0
15078,CAB-besi250125-DUP2-R15078,3,,0,0,0
15079,CAB-besi250150-DUP2-R15079,3,,0,0,0
15080,CAB-besi250200-DUP2-R15080,3,,0,0,0
15081,CAB-besi302040-DUP2-R15081,3,,0,0,0
15082,CAB-besi302050-DUP2-R15082,3,,0,0,0
15083,CAB-besi010040-DUP2-R15083,3,,0,0,0
15084,CAB-besi010032-DUP2-R15084,3,,0,0,0
15085,CAB-besi010015-DUP2-R15085,3,,0,0,0
15086,CAB-besi010250-DUP2-R15086,3,,0,0,0
15087,CAB-besi010300-DUP2-R15087,3,,0,0,0
15088,CAB-besi010350-DUP2-R15088,3,,0,0,0
15089,CAB-besi010400-DUP2-R15089,3,,0,0,0
15090,CAB-besi010450-DUP2-R15090,3,,0,0,0
15091,CAB-besi010500-DUP2-R15091,3,,0,0,0
15092,CAB-besi010020-DUP2-R15092,3,,0,0,0
15093,CAB-besi010125-DUP2-R15093,3,,0,0,0
15094,CAB-besi010200-DUP2-R15094,3,,0,0,0
15095,CAB-besi510250-DUP2-R15095,3,,0,0,0
15096,CAB-besi610150-DUP2-R15096,3,,0,0,0
15097,CAB-besi510300-DUP2-R15097,3,,0,0,0
15098,CAB-besi510350-DUP2-R15098,3,,0,0,0
15099,CAB-besi510450-DUP2-R15099,3,,0,0,0
15100,CAB-besi510050-DUP2-R15100,3,,0,0,0
15101,CAB-besi510065-DUP2-R15101,3,,0,0,0
15102,CAB-besi510500-DUP2-R15102,3,,0,0,0
15103,CAB-besi710100-DUP2-R15103,3,,0,0,0
15104,CAB-besi510080-DUP2-R15104,3,,0,0,0
15105,CAB-besi510100-DUP2-R15105,3,,0,0,0
15106,CAB-besi510150-DUP2-R15106,3,,0,0,0
15107,CAB-besi510200-DUP2-R15107,3,,0,0,0
15108,CAB-besi810080-DUP2-R15108,3,,0,0,0
15109,CAB-besi810100-DUP2-R15109,3,,0,0,0
15110,CAB-besi810150-DUP2-R15110,3,,0,0,0
15111,CAB-besi261400-DUP2-R15111,3,,0,0,0
15112,CAB-besi261150-DUP2-R15112,3,,0,0,0
15113,CAB-besi261200-DUP2-R15113,3,,0,0,0
15114,CAB-030001002065-DUP2-R15114,3,,0,0,0
15115,CAB-030001002100-DUP2-R15115,3,,0,0,0
15116,CAB-besi164065-DUP2-R15116,3,,0,0,0
15117,CAB-besi164050-DUP2-R15117,3,,0,0,0
15118,CAB-besi164080-DUP2-R15118,3,,0,0,0
15119,CAB-besi164100-DUP2-R15119,3,,0,0,0
15120,CAB-BESI164125-DUP2-R15120,3,,0,0,0
15121,CAB-besi164150-DUP2-R15121,3,,0,0,0
15122,CAB-BESI164200-DUP2-R15122,3,,0,0,0
15123,CAB-BESI262015-DUP2-R15123,3,,0,0,0
15124,CAB-besi262250-DUP2-R15124,3,,0,0,0
15125,CAB-besi262300-DUP2-R15125,3,,0,0,0
15126,CAB-besi262400-DUP2-R15126,3,,0,0,0
15127,CAB-besi262065-DUP2-R15127,3,,0,0,0
15128,CAB-besi262100-DUP2-R15128,3,,0,0,0
15129,CAB-besi262150-DUP2-R15129,3,,0,0,0
15130,CAB-besi262200-DUP2-R15130,3,,0,0,0
15131,CAB-besi164250-DUP2-R15131,3,,0,0,0
15132,CAB-besi262350-DUP2-R15132,3,,0,0,0
15133,CAB-besi262050-DUP2-R15133,3,,0,0,0
15134,CAB-besi262080-DUP2-R15134,3,,0,0,0
15135,CAB-besi262120-DUP2-R15135,3,,0,0,0
15136,CAB-ssfl011100-DUP2-R15136,3,,0,0,0
15137,CAB-ssfl011080-DUP2-R15137,3,,0,0,0
15138,CAB-ssfl011020-DUP2-R15138,3,,0,0,0
15139,CAB-ssfl011125-DUP2-R15139,3,,0,0,0
15140,CAB-besi011040-DUP2-R15140,3,,0,0,0
15141,CAB-besi011250-DUP2-R15141,3,,0,0,0
15142,CAB-besi011300-DUP2-R15142,3,,0,0,0
15143,CAB-besi011050-DUP2-R15143,3,,0,0,0
15144,CAB-besi011065-DUP2-R15144,3,,0,0,0
15145,CAB-besi011080-DUP2-R15145,3,,0,0,0
15146,CAB-besi011100-DUP2-R15146,3,,0,0,0
15147,CAB-besi011200-DUP2-R15147,3,,0,0,0
15148,CAB-flkn000040-DUP2-R15148,3,,0,0,0
15149,CAB-flkn000065-DUP2-R15149,3,,0,0,0
15150,CAB-flkn000050-DUP2-R15150,3,,0,0,0
15151,CAB-flkn00080-DUP2-R15151,3,,0,0,0
15152,CAB-flkn000108-DUP2-R15152,3,,0,0,0
15153,CAB-BESI017080-DUP2-R15153,3,,0,0,0
15154,CAB-besi301026-DUP2-R15154,3,,0,0,0
15155,CAB-besi220032-DUP2-R15155,3,,0,0,0
15156,CAB-besi210040-DUP2-R15156,3,,0,0,0
15157,CAB-besi210032-DUP2-R15157,3,,0,0,0
15158,CAB-besi210015-DUP2-R15158,3,,0,0,0
15159,CAB-besi210080-DUP2-R15159,3,,0,0,0
15160,CAB-besi210100-DUP2-R15160,3,,0,0,0
15161,CAB-besi210065-DUP2-R15161,3,,0,0,0
15162,CAB-besi410025-DUP2-R15162,3,,0,0,0
15163,CAB-besi410032-DUP2-R15163,3,,0,0,0
15164,CAB-besi410350-DUP2-R15164,3,,0,0,0
15165,CAB-besi410080-DUP2-R15165,3,,0,0,0
15166,CAB-besi410020-DUP2-R15166,3,,0,0,0
15167,CAB-besi410100-DUP2-R15167,3,,0,0,0
15168,CAB-besi410120-DUP2-R15168,3,,0,0,0
15169,CAB-besi410150-DUP2-R15169,3,,0,0,0
15170,CAB-besi410200-DUP2-R15170,3,,0,0,0
15171,CAB-besi152080-DUP2-R15171,3,,0,0,0
15172,CAB-besi152100-DUP2-R15172,3,,0,0,0
15173,CAB-besi152125-DUP2-R15173,3,,0,0,0
15174,CAB-besi152150-DUP2-R15174,3,,0,0,0
15175,CAB-besi510040-DUP2-R15175,3,,0,0,0
15176,CAB-besi510032-DUP2-R15176,3,,0,0,0
15177,CAB-besi163080-DUP2-R15177,3,,0,0,0
15178,CAB-besi163100-DUP2-R15178,3,,0,0,0
15179,CAB-besi420080-DUP2-R15179,3,,0,0,0
15180,CAB-besi161100-DUP2-R15180,3,,0,0,0
15181,CAB-besi161040-DUP2-R15181,3,,0,0,0
15182,CAB-besi161065-DUP2-R15182,3,,0,0,0
15183,CAB-besi161080-DUP2-R15183,3,,0,0,0
15184,CAB-besi161150-DUP2-R15184,3,,0,0,0
15185,CAB-besi161200-DUP2-R15185,3,,0,0,0
15186,CAB-besi161400-DUP2-R15186,3,,0,0,0
15187,CAB-besi410250-DUP2-R15187,3,,0,0,0
15188,CAB-besi410450-DUP2-R15188,3,,0,0,0
15189,CAB-besi410050-DUP2-R15189,3,,0,0,0
15190,CAB-030001001040-DUP2-R15190,3,,0,0,0
15191,CAB-030001001250-DUP2-R15191,3,,0,0,0
15192,CAB-030001001050-DUP2-R15192,3,,0,0,0
15193,CAB-030001001065-DUP2-R15193,3,,0,0,0
15194,CAB-030001001080-DUP2-R15194,3,,0,0,0
15195,CAB-030001001125-DUP2-R15195,3,,0,0,0
15196,CAB-030001001150-DUP2-R15196,3,,0,0,0
15197,CAB-030001001200-DUP2-R15197,3,,0,0,0
15198,CAB-besi810200-DUP2-R15198,3,,0,0,0
15199,CAB-BESI165040-DUP2-R15199,3,,0,0,0
15200,CAB-besi165250-DUP2-R15200,3,,0,0,0
15201,CAB-besi165050-DUP2-R15201,3,,0,0,0
15202,CAB-besi165080-DUP2-R15202,3,,0,0,0
15203,CAB-besi165150-DUP2-R15203,3,,0,0,0
15204,CAB-besi162250-DUP2-R15204,3,,0,0,0
15205,CAB-besi162300-DUP2-R15205,3,,0,0,0
15206,CAB-besi162065-DUP2-R15206,3,,0,0,0
15207,CAB-besi162080-DUP2-R15207,3,,0,0,0
15208,CAB-besi162100-DUP2-R15208,3,,0,0,0
15209,CAB-besi162125-DUP2-R15209,3,,0,0,0
15210,CAB-besi162150-DUP2-R15210,3,,0,0,0
15211,CAB-besi162200-DUP2-R15211,3,,0,0,0
15212,CAB-besi160040-DUP2-R15212,3,,0,0,0
15213,CAB-besi160025-DUP2-R15213,3,,0,0,0
15214,CAB-besi160250-DUP2-R15214,3,,0,0,0
15215,CAB-besi160300-DUP2-R15215,3,,0,0,0
15216,CAB-besi160350-DUP2-R15216,3,,0,0,0
15217,CAB-besi160050-DUP2-R15217,3,,0,0,0
15218,CAB-besi160065-DUP2-R15218,3,,0,0,0
15219,CAB-besi160500-DUP2-R15219,3,,0,0,0
15220,CAB-besi160125-DUP2-R15220,3,,0,0,0
15221,CAB-besi160150-DUP2-R15221,3,,0,0,0
15222,CAB-besi160200-DUP2-R15222,3,,0,0,0
15223,CAB-besi167250-DUP2-R15223,3,,0,0,0
15224,CAB-besi167300-DUP2-R15224,3,,0,0,0
15225,CAB-besi167065-DUP2-R15225,3,,0,0,0
15226,CAB-besi167080-DUP2-R15226,3,,0,0,0
15227,CAB-besi167100-DUP2-R15227,3,,0,0,0
15228,CAB-besi167125-DUP2-R15228,3,,0,0,0
15229,CAB-besi167150-DUP2-R15229,3,,0,0,0
15230,CAB-besi167200-DUP2-R15230,3,,0,0,0
15231,CAB-besi160400-DUP2-R15231,3,,0,0,0
15232,CAB-pprf001040-DUP2-R15232,3,,0,0,0
15233,CAB-pprf001032-DUP2-R15233,3,,0,0,0
15234,CAB-pprf001065-DUP2-R15234,3,,0,0,0
15235,CAB-pprf001050-DUP2-R15235,3,,0,0,0
15236,CAB-pprf001100-DUP2-R15236,3,,0,0,0
15237,CAB-ssfl020040-DUP2-R15237,3,,0,0,0
15238,CAB-ssfl020025-DUP2-R15238,3,,0,0,0
15239,CAB-ssfl010100-DUP2-R15239,3,,0,0,0
15240,CAB-ssfl010040-DUP2-R15240,3,,0,0,0
15241,CAB-ssfl010080-DUP2-R15241,3,,0,0,0
15242,CAB-ssfl010020-DUP2-R15242,3,,0,0,0
15243,CAB-ssus150025-DUP2-R15243,3,,0,0,0
15244,CAB-besi106200-DUP2-R15244,3,,0,0,0
15245,CAB-flkn003065-DUP2-R15245,3,,0,0,0
15246,CAB-flkn003080-DUP2-R15246,3,,0,0,0
15247,CAB-flkn003108-DUP2-R15247,3,,0,0,0
15248,CAB-flkn003159-DUP2-R15248,3,,0,0,0
15249,CAB-flkn001040-DUP2-R15249,3,,0,0,0
15250,CAB-flkn001028-DUP2-R15250,3,,0,0,0
15251,CAB-flkn001032-DUP2-R15251,3,,0,0,0
15252,CAB-flkn001025-DUP2-R15252,3,,0,0,0
15253,CAB-flkn002035-DUP2-R15253,3,,0,0,0
15254,CAB-flkn001065-DUP2-R15254,3,,0,0,0
15255,CAB-flkn001050-DUP2-R15255,3,,0,0,0
15256,CAB-flkn001080-DUP2-R15256,3,,0,0,0
15257,CAB-flkn001019-DUP2-R15257,3,,0,0,0
15258,CAB-flkn001108-DUP2-R15258,3,,0,0,0
15259,CAB-flkn001016-DUP2-R15259,3,,0,0,0
15260,CAB-flkn001159-DUP2-R15260,3,,0,0,0
15261,CAB-flkn001022-DUP2-R15261,3,,0,0,0
15262,CAB-flkn001208-DUP2-R15262,3,,0,0,0
15263,CAB-flkn001081-DUP2-R15263,3,,0,0,0
15264,CAB-flkn002065-DUP2-R15264,3,,0,0,0
15265,CAB-flkn002080-DUP2-R15265,3,,0,0,0
15266,CAB-flkn002100-DUP2-R15266,3,,0,0,0
15267,CAB-flkn002050-DUP2-R15267,3,,0,0,0
15268,CAB-besi199065-DUP2-R15268,3,,0,0,0
15269,CAB-besi199080-DUP2-R15269,3,,0,0,0
15270,CAB-besi199150-DUP2-R15270,3,,0,0,0
15271,CAB-besi299080-DUP2-R15271,3,,0,0,0
15272,CAB-0060080000013-DUP2-R15272,3,,0,0,0
15273,CAB-0060080000006-DUP2-R15273,3,,0,0,0
15274,CAB-0060080000019-DUP2-R15274,3,,0,0,0
15275,CAB-0060080000009-DUP2-R15275,3,,0,0,0
15276,CAB-006008000016-DUP2-R15276,3,,0,0,0
15277,CAB-ascr002023-DUP2-R15277,3,,0,0,0
15278,CAB-ascr002012-DUP2-R15278,3,,0,0,0
15279,CAB-ascr002024-DUP2-R15279,3,,0,0,0
15280,CAB-ascr002013-DUP2-R15280,3,,0,0,0
15281,CAB-100006000005-DUP2-R15281,3,,0,0,0
15282,CAB-100006000006-DUP2-R15282,3,,0,0,0
15283,CAB-fwss020050-DUP2-R15283,3,,0,0,0
15284,CAB-besi011450-DUP2-R15284,3,,0,0,0
15285,CAB-besi011150-DUP2-R15285,3,,0,0,0
15286,CAB-besi410065-DUP2-R15286,3,,0,0,0
15287,CAB-besi163065-DUP2-R15287,3,,0,0,0
15288,CAB-besi111040-DUP2-R15288,3,,0,0,0
15289,CAB-besi111032-DUP2-R15289,3,,0,0,0
15290,CAB-besi111250-DUP2-R15290,3,,0,0,0
15291,CAB-besi111300-DUP2-R15291,3,,0,0,0
15292,CAB-besi111350-DUP2-R15292,3,,0,0,0
15293,CAB-besi111450-DUP2-R15293,3,,0,0,0
15294,CAB-besi111050-DUP2-R15294,3,,0,0,0
15295,CAB-besi111065-DUP2-R15295,3,,0,0,0
15296,CAB-besi111100-DUP2-R15296,3,,0,0,0
15297,CAB-besi111150-DUP2-R15297,3,,0,0,0
15298,CAB-besi111200-DUP2-R15298,3,,0,0,0
15299,CAB-fair015200-DUP2-R15299,3,,0,0,0
15300,CAB-fair015020-DUP2-R15300,3,,0,0,0
15301,CAB-fair015150-DUP2-R15301,3,,0,0,0
15302,CAB-fair015130-DUP2-R15302,3,,0,0,0
15303,CAB-fair020030-DUP2-R15303,3,,0,0,0
15304,CAB-fair020050-DUP2-R15304,3,,0,0,0
15305,CAB-ascr000032-DUP2-R15305,3,,0,0,0
15306,CAB-deca101250-DUP2-R15306,3,,0,0,0
15307,CAB-deca101200-DUP2-R15307,3,,0,0,0
15308,CAB-deca100100-DUP2-R15308,3,,0,0,0
15309,CAB-deca101018-DUP2-R15309,3,,0,0,0
15310,CAB-deca101500-DUP2-R15310,3,,0,0,0
15311,CAB-deca101006-DUP2-R15311,3,,0,0,0
15312,CAB-deca101008-DUP2-R15312,3,,0,0,0
15313,CAB-deca200400-DUP2-R15313,3,,0,0,0
15314,CAB-004002000250-DUP2-R15314,3,,0,0,0
15315,CAB-004002000300-DUP2-R15315,3,,0,0,0
15316,CAB-004002000350-DUP2-R15316,3,,0,0,0
15317,CAB-004002000100-DUP2-R15317,3,,0,0,0
15318,CAB-004002000150-DUP2-R15318,3,,0,0,0
15319,CAB-deca200200-DUP2-R15319,3,,0,0,0
15320,CAB-fdec001010-DUP2-R15320,3,,0,0,0
15321,CAB-fdec001004-DUP2-R15321,3,,0,0,0
15322,CAB-fdec001005-DUP2-R15322,3,,0,0,0
15323,CAB-fdec001006-DUP2-R15323,3,,0,0,0
15324,CAB-fdec001008-DUP2-R15324,3,,0,0,0
15325,CAB-004001000250-DUP2-R15325,3,,0,0,0
15326,CAB-004001000300-DUP2-R15326,3,,0,0,0
15327,CAB-004001000350-DUP2-R15327,3,,0,0,0
15328,CAB-004001000400-DUP2-R15328,3,,0,0,0
15329,CAB-004001000100-DUP2-R15329,3,,0,0,0
15330,CAB-004001000125-DUP2-R15330,3,,0,0,0
15331,CAB-004001000150-DUP2-R15331,3,,0,0,0
15332,CAB-004001000200-DUP2-R15332,3,,0,0,0
15333,CAB-toze600040-DUP2-R15333,3,,0,0,0
15334,CAB-toze600050-DUP2-R15334,3,,0,0,0
15335,CAB-toze600065-DUP2-R15335,3,,0,0,0
15336,CAB-toze600080-DUP2-R15336,3,,0,0,0
15337,CAB-toze600150-DUP2-R15337,3,,0,0,0
15338,CAB-toze600100-DUP2-R15338,3,,0,0,0
15339,CAB-toze600200-DUP2-R15339,3,,0,0,0
15340,CAB-fwss320030-DUP2-R15340,3,,0,0,0
15341,CAB-fwss308030-DUP2-R15341,3,,0,0,0
15342,CAB-fwss315030-DUP2-R15342,3,,0,0,0
15343,CAB-SANE015030-DUP2-R15343,3,,0,0,0
15344,CAB-SANE015060-DUP2-R15344,3,,0,0,0
15345,CAB-tofg080030-DUP2-R15345,3,,0,0,0
15346,CAB-tofg150022-DUP2-R15346,3,,0,0,0
15347,CAB-tofg200030-DUP2-R15347,3,,0,0,0
15348,CAB-TOFL025050-DUP2-R15348,3,,0,0,0
15349,CAB-TOFL050050-DUP2-R15349,3,,0,0,0
15350,CAB-TOFL020025-DUP2-R15350,3,,0,0,0
15351,CAB-TOFL020035-DUP2-R15351,3,,0,0,0
15352,CAB-toff065030-DUP2-R15352,3,,0,0,0
15353,CAB-toff065050-DUP2-R15353,3,,0,0,0
15354,CAB-toff050030-DUP2-R15354,3,,0,0,0
15355,CAB-toff050050-DUP2-R15355,3,,0,0,0
15356,CAB-toff080030-DUP2-R15356,3,,0,0,0
15357,CAB-toff080050-DUP2-R15357,3,,0,0,0
15358,CAB-toff100030-DUP2-R15358,3,,0,0,0
15359,CAB-toff100050-DUP2-R15359,3,,0,0,0
15360,CAB-toff150030-DUP2-R15360,3,,0,0,0
15361,CAB-toff150050-DUP2-R15361,3,,0,0,0
15362,CAB-toff200030-DUP2-R15362,3,,0,0,0
15363,CAB-toff200050-DUP2-R15363,3,,0,0,0
15364,CAB-tofl040030-DUP2-R15364,3,,9,0,0
15365,CAB-tofl032020-DUP2-R15365,3,,0,0,0
15366,CAB-tofl032030-DUP2-R15366,3,,1,0,0
15367,CAB-tofl025030-DUP2-R15367,3,,0,0,0
15368,CAB-tofl015100-DUP2-R15368,3,,0,0,0
15369,CAB-tofl015030-DUP2-R15369,3,,15,0,0
15370,CAB-tofl015050-DUP2-R15370,3,,24,0,0
15371,CAB-tofl050030-DUP2-R15371,3,,17,0,0
15372,CAB-tofl020020-DUP2-R15372,3,,1,0,0
15373,CAB-tofl020030-DUP2-R15373,3,,92,0,0
15374,CAB-tofl020050-DUP2-R15374,3,,27,0,0
15375,CAB-fwss020030-DUP2-R15375,3,,0,0,0
15376,CAB-fwss025035-DUP2-R15376,3,,0,0,0
15377,CAB-fwss040030-DUP2-R15377,3,,0,0,0
15378,CAB-fwss040050-DUP2-R15378,3,,0,0,0
15379,CAB-fwss025150-DUP2-R15379,3,,0,0,0
15380,CAB-fwss025030-DUP2-R15380,3,,0,0,0
15381,CAB-fwss025050-DUP2-R15381,3,,0,0,0
15382,CAB-fwss015030-DUP2-R15382,3,,0,0,0
15383,CAB-fwss015040-DUP2-R15383,3,,0,0,0
15384,CAB-fwss015050-DUP2-R15384,3,,0,0,0
15385,CAB-fwss015060-DUP2-R15385,3,,0,0,0
15386,CAB-fwss015020-DUP2-R15386,3,,0,0,0
15387,CAB-fwss050030-DUP2-R15387,3,,0,0,0
15388,CAB-fwss050050-DUP2-R15388,3,,0,0,0
15389,CAB-fwss050060-DUP2-R15389,3,,0,0,0
15390,CAB-fwss050150-DUP2-R15390,3,,0,0,0
15391,CAB-fwss050040-DUP2-R15391,3,,0,0,0
15392,CAB-fwss020035-DUP2-R15392,3,,0,0,0
15393,CAB-fwss020055-DUP2-R15393,3,,0,0,0
15394,CAB-fwss020020-DUP2-R15394,3,,0,0,0
15395,CAB-fwss026035-DUP2-R15395,3,,0,0,0
15396,CAB-fwss100120-DUP2-R15396,3,,0,0,0
15397,CAB-fwss032030-DUP2-R15397,3,,0,0,0
15398,CAB-fwss032050-DUP2-R15398,3,,0,0,0
15399,CAB-fair215050-DUP2-R15399,3,,0,0,0
15400,CAB-flex001015-DUP2-R15400,3,,0,0,0
15401,CAB-pepp041216-DUP2-R15401,3,,0,0,0
15402,CAB-pepp041620-DUP2-R15402,3,,0,0,0
15403,CAB-ascr000055-DUP2-R15403,3,,0,0,0
15404,CAB-filt000000-DUP2-R15404,3,,0,0,0
15405,CAB-fwss050015-DUP2-R15405,3,,0,0,0
15406,CAB-010010001001-DUP2-R15406,3,,0,0,0
15407,CAB-010010000002-DUP2-R15407,3,,0,0,0
15408,CAB-010010000001-DUP2-R15408,3,,0,0,0
15409,CAB-100001000004-DUP2-R15409,3,,0,0,0
15410,CAB-york200040-DUP2-R15410,3,,0,0,0
15411,CAB-york200032-DUP2-R15411,3,,0,0,0
15412,CAB-york200025-DUP2-R15412,3,,0,0,0
15413,CAB-york200015-DUP2-R15413,3,,0,0,0
15414,CAB-york200065-DUP2-R15414,3,,0,0,0
15415,CAB-york200020-DUP2-R15415,3,,0,0,0
15416,CAB-york200100-DUP2-R15416,3,,0,0,0
15417,CAB-freo003032-DUP2-R15417,3,,0,0,0
15418,CAB-ascr008002-DUP2-R15418,3,,0,0,0
15419,CAB-REGF000008-DUP2-R15419,3,,0,0,0
15420,CAB-REGF210083-DUP2-R15420,3,,0,0,0
15421,CAB-regf100033-DUP2-R15421,3,,0,0,0
15422,CAB-regf100050-DUP2-R15422,3,,0,0,0
15423,CAB-regf101020-DUP2-R15423,3,,0,0,0
15424,CAB-regf101033-DUP2-R15424,3,,0,0,0
15425,CAB-regf101004-DUP2-R15425,3,,0,0,0
15426,CAB-regf101006-DUP2-R15426,3,,0,0,0
15427,CAB-regf101007-DUP2-R15427,3,,10,0,0
15428,CAB-regf101070-DUP2-R15428,3,,0,0,0
15429,CAB-regf200020-DUP2-R15429,3,,0,0,0
15430,CAB-regf200033-DUP2-R15430,3,,0,0,0
15431,CAB-regf200050-DUP2-R15431,3,,0,0,0
15432,CAB-regf200070-DUP2-R15432,3,,0,0,0
15433,CAB-REGF300022-DUP2-R15433,3,,0,0,0
15434,CAB-regf300033-DUP2-R15434,3,,0,0,0
15435,CAB-regf300070-DUP2-R15435,3,,0,0,0
15436,CAB-regf300008-DUP2-R15436,3,,0,0,0
15437,CAB-regf100005-DUP2-R15437,3,,0,0,0
15438,CAB-fdpu000602-DUP2-R15438,3,,0,0,0
15439,CAB-fdpu000603-DUP2-R15439,3,,3,0,0
15440,CAB-FDPU000607-DUP2-R15440,3,,0,0,0
15441,CAB-FDPU000606-DUP2-R15441,3,,0,0,0
15442,CAB-gala010040-DUP2-R15442,3,,0,0,0
15443,CAB-gala010050-DUP2-R15443,3,,0,0,0
15444,CAB-gala003200-DUP2-R15444,3,,0,0,0
15445,CAB-gvss000025-DUP2-R15445,3,,0,0,0
15446,CAB-gvss000020-DUP2-R15446,3,,0,0,0
15447,CAB-gvtw000065-DUP2-R15447,3,,0,0,0
15448,CAB-gvtw000100-DUP2-R15448,3,,0,0,0
15449,CAB-gvss000032-DUP2-R15449,3,,0,0,0
15450,CAB-gvss000015-DUP2-R15450,3,,0,0,0
15451,CAB-gvss200050-DUP2-R15451,3,,0,0,0
15452,CAB-freo002022-DUP2-R15452,3,,0,0,0
15453,CAB-glwl022450-DUP2-R15453,3,,0,0,0
15454,CAB-006003000028-DUP2-R15454,3,,0,0,0
15455,CAB-006003000042-DUP2-R15455,3,,0,0,0
15456,CAB-ascr002002-DUP2-R15456,3,,5,0,0
15457,CAB-gmta020050-DUP2-R15457,3,,0,0,0
15458,CAB-gmta020100-DUP2-R15458,3,,0,0,0
15459,CAB-gmta003015-DUP2-R15459,3,,0,0,0
15460,CAB-GMTA160028-DUP2-R15460,3,,0,0,0
15461,CAB-GMTA160042-DUP2-R15461,3,,0,0,0
15462,CAB-gmta005200-DUP2-R15462,3,,0,0,0
15463,CAB-gmta007200-DUP2-R15463,3,,0,0,0
15464,CAB-ZMAV000001-DUP2-R15464,3,,0,0,0
15465,CAB-ZMAV000003-DUP2-R15465,3,,0,0,0
15466,CAB-smac500010-DUP2-R15466,3,,0,0,0
15467,CAB-smac400006-DUP2-R15467,3,,0,0,0
15468,CAB-SMAR400004-DUP2-R15468,3,,0,0,0
15469,CAB-SMAR400006-DUP2-R15469,3,,0,0,0
15470,CAB-SMAR500010-DUP2-R15470,3,,0,0,0
15471,CAB-SMBR400004-DUP2-R15471,3,,0,0,0
15472,CAB-smaw200002-DUP2-R15472,3,,0,0,0
15473,CAB-smaw400004-DUP2-R15473,3,,0,0,0
15474,CAB-smaw400006-DUP2-R15474,3,,0,0,0
15475,CAB-smaw500010-DUP2-R15475,3,,0,0,0
15476,CAB-gmta018025-DUP2-R15476,3,,0,0,0
15477,CAB-gmta018015-DUP2-R15477,3,,0,0,0
15478,CAB-gmta018020-DUP2-R15478,3,,0,0,0
15479,CAB-gmta019025-DUP2-R15479,3,,0,0,0
15480,CAB-gmta019013-DUP2-R15480,3,,0,0,0
15481,CAB-gmta019020-DUP2-R15481,3,,0,0,0
15482,CAB-GMTA019050-DUP2-R15482,3,,0,0,0
15483,CAB-gmta012001-DUP2-R15483,3,,0,0,0
15484,CAB-gmta040020-DUP2-R15484,3,,0,0,0
15485,CAB-GMTA163001-DUP2-R15485,3,,0,0,0
15486,CAB-gmta162010-DUP2-R15486,3,,0,0,0
15487,CAB-gmta162100-DUP2-R15487,3,,0,0,0
15488,CAB-GMTA163016-DUP2-R15488,3,,0,0,0
15489,CAB-gmta162016-DUP2-R15489,3,,0,0,0
15490,CAB-GMTA163002-DUP2-R15490,3,,0,0,0
15491,CAB-GMTA163025-DUP2-R15491,3,,0,0,0
15492,CAB-gmta162025-DUP2-R15492,3,,1,0,0
15493,CAB-GMTA163250-DUP2-R15493,3,,0,0,0
15494,CAB-gmta162250-DUP2-R15494,3,,0,0,0
15495,CAB-gmta162040-DUP2-R15495,3,,0,0,0
15496,CAB-GMTA163006-DUP2-R15496,3,,0,0,0
15497,CAB-gmta162006-DUP2-R15497,3,,0,0,0
15498,CAB-gmta113006-DUP2-R15498,3,,97,0,0
15499,CAB-gmta113010-DUP2-R15499,3,,199,0,0
15500,CAB-gmta113016-DUP2-R15500,3,,78,0,0
15501,CAB-gmta160001-DUP2-R15501,3,,0,0,0
15502,CAB-gmta160010-DUP2-R15502,3,,0,0,0
15503,CAB-gmta160016-DUP2-R15503,3,,0,0,0
15504,CAB-gmta160002-DUP2-R15504,3,,0,0,0
15505,CAB-gmta160006-DUP2-R15505,3,,0,0,0
15506,CAB-gmta160025-DUP2-R15506,3,,0,0,0
15507,CAB-GMTA161001-DUP2-R15507,3,,0,0,0
15508,CAB-GMTA161010-DUP2-R15508,3,,85,0,0
15509,CAB-GMTA161100-DUP2-R15509,3,,0,0,0
15510,CAB-GMTA161016-DUP2-R15510,3,,0,0,0
15511,CAB-GMTA161002-DUP2-R15511,3,,0,0,0
15512,CAB-GMTA161025-DUP2-R15512,3,,0,0,0
15513,CAB-GMTA161250-DUP2-R15513,3,,0,0,0
15514,CAB-GMTA161004-DUP2-R15514,3,,0,0,0
15515,CAB-GMTA161006-DUP2-R15515,3,,0,0,0
15516,CAB-agas010002-DUP2-R15516,3,,0,0,0
15517,CAB-agas010004-DUP2-R15517,3,,0,0,0
15518,CAB-agas010001-DUP2-R15518,3,,0,0,0
15519,CAB-agas010003-DUP2-R15519,3,,0,0,0
15520,CAB-agas010007-DUP2-R15520,3,,0,0,0
15521,CAB-agas010008-DUP2-R15521,3,,0,0,0
15522,CAB-agas010005-DUP2-R15522,3,,0,0,0
15523,CAB-agas010006-DUP2-R15523,3,,0,0,0
15524,CAB-CVKA000006-DUP2-R15524,3,,0,0,0
15525,CAB-CVKA000008-DUP2-R15525,3,,0,0,0
15526,CAB-CVKA000010-DUP2-R15526,3,,0,0,0
15527,CAB-CVKA000015-DUP2-R15527,3,,0,0,0
15528,CAB-CVKA000020-DUP2-R15528,3,,0,0,0
15529,CAB-CVKA000025-DUP2-R15529,3,,0,0,0
15530,CAB-CVKA000032-DUP2-R15530,3,,0,0,0
15531,CAB-CVKA000040-DUP2-R15531,3,,0,0,0
15532,CAB-CVKA000050-DUP2-R15532,3,,0,0,0
15533,CAB-gmtr004000-DUP2-R15533,3,,0,0,0
15534,CAB-ascr001004-DUP2-R15534,3,,0,0,0
15535,CAB-smaf400004-DUP2-R15535,3,,0,0,0
15536,CAB-smaf400006-DUP2-R15536,3,,0,0,0
15537,CAB-smaf400010-DUP2-R15537,3,,0,0,0
15538,CAB-smac400004-DUP2-R15538,3,,0,0,0
15539,CAB-gmta012006-DUP2-R15539,3,,0,0,0
15540,CAB-gmta012004-DUP2-R15540,3,,0,0,0
15541,CAB-gmta012007-DUP2-R15541,3,,0,0,0
15542,CAB-gmta004028-DUP2-R15542,3,,0,0,0
15543,CAB-gmta004035-DUP2-R15543,3,,0,0,0
15544,CAB-gmta004042-DUP2-R15544,3,,0,0,0
15545,CAB-gmta004013-DUP2-R15545,3,,0,0,0
15546,CAB-gmta004054-DUP2-R15546,3,,0,0,0
15547,CAB-gmta004019-DUP2-R15547,3,,0,0,0
15548,CAB-gmta004016-DUP2-R15548,3,,0,0,0
15549,CAB-gmta004022-DUP2-R15549,3,,0,0,0
15550,CAB-gmta002025-DUP2-R15550,3,,0,0,0
15551,CAB-ecoV651209-DUP2-R15551,3,,0,0,0
15552,CAB-gmta002028-DUP2-R15552,3,,0,0,0
15553,CAB-gmta002035-DUP2-R15553,3,,0,0,0
15554,CAB-gmta002042-DUP2-R15554,3,,0,0,0
15555,CAB-gmta002022-DUP2-R15555,3,,0,0,0
15556,CAB-gmta002006-DUP2-R15556,3,,0,0,0
15557,CAB-gmta002019-DUP2-R15557,3,,0,0,0
15558,CAB-gmta002020-DUP2-R15558,3,,0,0,0
15559,CAB-gmta070000-DUP2-R15559,3,,0,0,0
15560,CAB-gmta003013-DUP2-R15560,3,,0,0,0
15561,CAB-gmta003006-DUP2-R15561,3,,0,0,0
15562,CAB-gmta003019-DUP2-R15562,3,,0,0,0
15563,CAB-gmta003009-DUP2-R15563,3,,0,0,0
15564,CAB-gmta003016-DUP2-R15564,3,,0,0,0
15565,CAB-gmta310000-DUP2-R15565,3,,0,0,0
15566,CAB-GMTA311000-DUP2-R15566,3,,0,0,0
15567,CAB-GMTA310250-DUP2-R15567,3,,0,0,0
15568,CAB-GMTA310500-DUP2-R15568,3,,0,0,0
15569,CAB-GMTA310750-DUP2-R15569,3,,0,0,0
15570,CAB-ascr006005-DUP2-R15570,3,,0,0,0
15571,CAB-ascr006010-DUP2-R15571,3,,0,0,0
15572,CAB-ascr006007-DUP2-R15572,3,,0,0,0
15573,CAB-ascr006011-DUP2-R15573,3,,0,0,0
15574,CAB-ascr006013-DUP2-R15574,3,,0,0,0
15575,CAB-ASCR006015-DUP2-R15575,3,,0,0,0
15576,CAB-ascr001000-DUP2-R15576,3,,0,0,0
15577,CAB-gmta010025-DUP2-R15577,3,,0,0,0
15578,CAB-gmta010015-DUP2-R15578,3,,0,0,0
15579,CAB-gmta010050-DUP2-R15579,3,,0,0,0
15580,CAB-gmta030025-DUP2-R15580,3,,0,0,0
15581,CAB-GMTA030015-DUP2-R15581,3,,0,0,0
15582,CAB-gmta030020-DUP2-R15582,3,,0,0,0
15583,CAB-100008900003-DUP2-R15583,3,,0,0,0
15584,CAB-GMTA150028-DUP2-R15584,3,,0,0,0
15585,CAB-GMTA150042-DUP2-R15585,3,,0,0,0
15586,CAB-gmta015040-DUP2-R15586,3,,0,0,0
15587,CAB-AGAS005025-DUP2-R15587,3,,0,0,0
15588,CAB-agas005030-DUP2-R15588,3,,0,0,0
15589,CAB-agas005004-DUP2-R15589,3,,41,0,0
15590,CAB-AGAS005022-DUP2-R15590,3,,0,0,0
15591,CAB-agas005001-DUP2-R15591,3,,152,0,0
15592,CAB-AGAS005800-DUP2-R15592,3,,0,0,0
15593,CAB-agas005011-DUP2-R15593,3,,0,0,0
15594,CAB-PRESS006501-DUP2-R15594,3,,0,0,0
15595,CAB-press006100-DUP2-R15595,3,,64,1,0
15596,CAB-Agas005028-DUP2-R15596,3,,0,0,0
15597,CAB-Agas005029-DUP2-R15597,3,,0,0,0
15598,CAB-AGAS005027-DUP2-R15598,3,,0,0,0
15599,CAB-PRESS015200-DUP2-R15599,3,,0,0,0
15600,CAB-PRESS015500-DUP2-R15600,3,,0,0,0
15601,CAB-PRESS015600-DUP2-R15601,3,,0,0,0
15602,CAB-gmta382001-DUP2-R15602,3,,0,0,0
15603,CAB-gmta160004-DUP2-R15603,3,,0,0,0
15604,CAB-gmta160100-DUP2-R15604,3,,0,0,0
15605,CAB-gmta160040-DUP2-R15605,3,,0,0,0
15606,CAB-gmta160060-DUP2-R15606,3,,0,0,0
15607,CAB-gmta111010-DUP2-R15607,3,,0,0,0
15608,CAB-gmta111016-DUP2-R15608,3,,0,0,0
15609,CAB-gmta111025-DUP2-R15609,3,,0,0,0
15610,CAB-gmta111006-DUP2-R15610,3,,0,0,0
15611,CAB-gmta012003-DUP2-R15611,3,,0,0,0
15612,CAB-gmta012002-DUP2-R15612,3,,0,0,0
15613,CAB-GMTA012009-DUP2-R15613,3,,0,0,0
15614,CAB-gmta012110-DUP2-R15614,3,,31,0,0
15615,CAB-gmta012120-DUP2-R15615,3,,76,0,0
15616,CAB-gmta012130-DUP2-R15616,3,,69,0,0
15617,CAB-gmta012103-DUP2-R15617,3,,0,0,0
15618,CAB-gmta012106-DUP2-R15618,3,,0,0,0
15619,CAB-SMYH000015-DUP2-R15619,3,,0,0,0
15620,CAB-SMYH000025-DUP2-R15620,3,,0,0,0
15621,CAB-ALAG200597-DUP2-R15621,3,,1,0,0
15622,CAB-ascr006012-DUP2-R15622,3,,0,0,0
15623,CAB-gmta011001-DUP2-R15623,3,,0,0,0
15624,CAB-gmta001013-DUP2-R15624,3,,0,0,0
15625,CAB-gmta001006-DUP2-R15625,3,,0,0,0
15626,CAB-gmta001019-DUP2-R15626,3,,0,0,0
15627,CAB-gmta001009-DUP2-R15627,3,,0,0,0
15628,CAB-gmta500025-DUP2-R15628,3,,0,0,0
15629,CAB-gmta500015-DUP2-R15629,3,,0,0,0
15630,CAB-gmta500020-DUP2-R15630,3,,0,0,0
15631,CAB-gmta600025-DUP2-R15631,3,,0,0,0
15632,CAB-GMTA910015-DUP2-R15632,3,,0,0,0
15633,CAB-GMTA910020-DUP2-R15633,3,,0,0,0
15634,CAB-GMTA910025-DUP2-R15634,3,,0,0,0
15635,CAB-gmta700025-DUP2-R15635,3,,0,0,0
15636,CAB-GMTA700015-DUP2-R15636,3,,0,0,0
15637,CAB-gmta700020-DUP2-R15637,3,,0,0,0
15638,CAB-gmta400050-DUP2-R15638,3,,0,0,0
15639,CAB-gmta009000-DUP2-R15639,3,,20,0,0
15640,CAB-gmta200012-DUP2-R15640,3,,0,0,0
15641,CAB-gmta200010-DUP2-R15641,3,,0,0,0
15642,CAB-gmta200011-DUP2-R15642,3,,0,0,0
15643,CAB-gmta200009-DUP2-R15643,3,,0,0,0
15644,CAB-gmta200007-DUP2-R15644,3,,0,0,0
15645,CAB-gmta200008-DUP2-R15645,3,,0,0,0
15646,CAB-gmta200000-DUP2-R15646,3,,0,0,0
15647,CAB-gmta200006-DUP2-R15647,3,,0,0,0
15648,CAB-gmta200004-DUP2-R15648,3,,0,0,0
15649,CAB-gmta200005-DUP2-R15649,3,,0,0,0
15650,CAB-gmta200003-DUP2-R15650,3,,0,0,0
15651,CAB-gmta200001-DUP2-R15651,3,,0,0,0
15652,CAB-gmta200002-DUP2-R15652,3,,0,0,0
15653,CAB-gmta200013-DUP2-R15653,3,,0,0,0
15654,CAB-gmta234050-DUP2-R15654,3,,0,0,0
15655,CAB-gmta231051-DUP2-R15655,3,,0,0,0
15656,CAB-gmta232050-DUP2-R15656,3,,0,0,0
15657,CAB-gmta232100-DUP2-R15657,3,,0,0,0
15658,CAB-gmta232200-DUP2-R15658,3,,0,0,0
15659,CAB-gmta232300-DUP2-R15659,3,,0,0,0
15660,CAB-gmta221100-DUP2-R15660,3,,0,0,0
15661,CAB-gmta221200-DUP2-R15661,3,,0,0,0
15662,CAB-gmta221300-DUP2-R15662,3,,0,0,0
15663,CAB-gmta221500-DUP2-R15663,3,,0,0,0
15664,CAB-gmta221050-DUP2-R15664,3,,0,0,0
15665,CAB-gmta011000-DUP2-R15665,3,,0,0,0
15666,CAB-gmta016002-DUP2-R15666,3,,0,0,0
15667,CAB-gmta016001-DUP2-R15667,3,,0,0,0
15668,CAB-ascr012025-DUP2-R15668,3,,0,0,0
15669,CAB-ascr012013-DUP2-R15669,3,,0,0,0
15670,CAB-ascr012006-DUP2-R15670,3,,0,0,0
15671,CAB-ascr012019-DUP2-R15671,3,,0,0,0
15672,CAB-ascr012009-DUP2-R15672,3,,0,0,0
15673,CAB-ascr012008-DUP2-R15673,3,,0,0,0
15674,CAB-ascr012016-DUP2-R15674,3,,0,0,0
15675,CAB-ascr012022-DUP2-R15675,3,,0,0,0
15676,CAB-ascr001008-DUP2-R15676,3,,9,0,0
15677,CAB-ascr001010-DUP2-R15677,3,,0,0,0
15678,CAB-ascr001011-DUP2-R15678,3,,0,0,0
15679,CAB-GRAF050050-DUP2-R15679,3,,0,0,0
15680,CAB-RAGA080040-DUP2-R15680,3,,0,0,0
15681,CAB-RAGA060030-DUP2-R15681,3,,0,0,0
15682,CAB-RAGA090030-DUP2-R15682,3,,0,0,0
15683,CAB-RAGA100020-DUP2-R15683,3,,0,0,0
15684,CAB-raga015012-DUP2-R15684,3,,0,0,0
15685,CAB-saga074034-DUP2-R15685,3,,0,0,0
15686,CAB-RAGD060060-DUP2-R15686,3,,0,0,0
15687,CAB-RAGD100100-DUP2-R15687,3,,0,0,0
15688,CAB-RAGD100075-DUP2-R15688,3,,0,0,0
15689,CAB-RAGD130075-DUP2-R15689,3,,0,0,0
15690,CAB-RAGD080100-DUP2-R15690,3,,0,0,0
15691,CAB-ascr000021-DUP2-R15691,3,,0,0,0
15692,CAB-ascr000022-DUP2-R15692,3,,0,0,0
15693,CAB-ascr000023-DUP2-R15693,3,,0,0,0
15694,CAB-013003000007-DUP2-R15694,3,,0,0,0
15695,CAB-013003000004-DUP2-R15695,3,,0,0,0
15696,CAB-ascr002004-DUP2-R15696,3,,0,0,0
15697,CAB-ascr002027-DUP2-R15697,3,,1,0,0
15698,CAB-010003000013-DUP2-R15698,3,,0,0,0
15699,CAB-010003000006-DUP2-R15699,3,,0,0,0
15700,CAB-010003000020-DUP2-R15700,3,,0,0,0
15701,CAB-010003000019-DUP2-R15701,3,,0,0,0
15702,CAB-010003000009-DUP2-R15702,3,,0,0,0
15703,CAB-006002000016-DUP2-R15703,3,,0,0,0
15704,CAB-010003000016-DUP2-R15704,3,,0,0,0
15705,CAB-agas002008-DUP2-R15705,3,,0,0,0
15706,CAB-AGAS002010-DUP2-R15706,3,,0,0,0
15707,CAB-agas004002-DUP2-R15707,3,,0,0,0
15708,CAB-agas004003-DUP2-R15708,3,,0,0,0
15709,CAB-agas004025-DUP2-R15709,3,,0,0,0
15710,CAB-ascr009011-DUP2-R15710,3,,0,0,0
15711,CAB-ascr000018-DUP2-R15711,3,,0,0,0
15712,CAB-gmta012005-DUP2-R15712,3,,0,0,0
15713,CAB-HEPF060060-DUP2-R15713,3,,0,0,0
15714,CAB-HEPF025025-DUP2-R15714,3,,0,0,0
15715,CAB-HEPF035030-DUP2-R15715,3,,0,0,0
15716,CAB-HEPB606035-DUP2-R15716,3,,0,0,0
15717,CAB-HEPB607025-DUP2-R15717,3,,0,0,0
15718,CAB-HEPB060121-DUP2-R15718,3,,0,0,0
15719,CAB-HEPF610305-DUP2-R15719,3,,0,0,0
15720,CAB-HEPF060030-DUP2-R15720,3,,0,0,0
15721,CAB-HEPF060120-DUP2-R15721,3,,0,0,0
15722,CAB-pgau100010-DUP2-R15722,3,,0,0,0
15723,CAB-pgau100005-DUP2-R15723,3,,0,0,0
15724,CAB-PGAU036006-DUP2-R15724,3,,0,0,0
15725,CAB-ascr000001-DUP2-R15725,3,,0,0,0
15726,CAB-hone003040-DUP2-R15726,3,,0,0,0
15727,CAB-hone003032-DUP2-R15727,3,,0,0,0
15728,CAB-hone003025-DUP2-R15728,3,,0,0,0
15729,CAB-hone003015-DUP2-R15729,3,,0,0,0
15730,CAB-hone003050-DUP2-R15730,3,,0,0,0
15731,CAB-hone003065-DUP2-R15731,3,,0,0,0
15732,CAB-hone003020-DUP2-R15732,3,,0,0,0
15733,CAB-hone003100-DUP2-R15733,3,,0,0,0
15734,CAB-hone003080-DUP2-R15734,3,,0,0,0
15735,CAB-hone007420-DUP2-R15735,3,,0,0,0
15736,CAB-hone006420-DUP2-R15736,3,,0,0,0
15737,CAB-hone006013-DUP2-R15737,3,,0,0,0
15738,CAB-hone002025-DUP2-R15738,3,,0,0,0
15739,CAB-hone002250-DUP2-R15739,3,,0,0,0
15740,CAB-hone002040-DUP2-R15740,3,,0,0,0
15741,CAB-hone002015-DUP2-R15741,3,,0,0,0
15742,CAB-hone002050-DUP2-R15742,3,,0,0,0
15743,CAB-hone002065-DUP2-R15743,3,,0,0,0
15744,CAB-hone002080-DUP2-R15744,3,,0,0,0
15745,CAB-hone002020-DUP2-R15745,3,,0,0,0
15746,CAB-hone002100-DUP2-R15746,3,,0,0,0
15747,CAB-hone002125-DUP2-R15747,3,,0,0,0
15748,CAB-hone002150-DUP2-R15748,3,,0,0,0
15749,CAB-hone002032-DUP2-R15749,3,,0,0,0
15750,CAB-hone006050-DUP2-R15750,3,,0,0,0
15751,CAB-hone005000-DUP2-R15751,3,,0,0,0
15752,CAB-hone004000-DUP2-R15752,3,,0,0,0
15753,CAB-HONE013050-DUP2-R15753,3,,0,0,0
15754,CAB-hone017982-DUP2-R15754,3,,0,0,0
15755,CAB-hone009001-DUP2-R15755,3,,0,0,0
15756,CAB-hone009000-DUP2-R15756,3,,0,0,0
15757,CAB-hone001050-DUP2-R15757,3,,0,0,0
15758,CAB-hone001200-DUP2-R15758,3,,0,0,0
15759,CAB-hone001125-DUP2-R15759,3,,0,0,0
15760,CAB-hone001025-DUP2-R15760,3,,0,0,0
15761,CAB-hone001040-DUP2-R15761,3,,0,0,0
15762,CAB-hone001032-DUP2-R15762,3,,0,0,0
15763,CAB-hone001015-DUP2-R15763,3,,0,0,0
15764,CAB-hone001250-DUP2-R15764,3,,0,0,0
15765,CAB-hone001065-DUP2-R15765,3,,0,0,0
15766,CAB-hone001080-DUP2-R15766,3,,0,0,0
15767,CAB-hone001020-DUP2-R15767,3,,0,0,0
15768,CAB-hone001100-DUP2-R15768,3,,0,0,0
15769,CAB-hone718100-DUP2-R15769,3,,0,0,0
15770,CAB-hone717001-DUP2-R15770,3,,0,0,0
15771,CAB-hone010015-DUP2-R15771,3,,0,0,0
15772,CAB-hone008025-DUP2-R15772,3,,0,0,0
15773,CAB-hone011001-DUP2-R15773,3,,0,0,0
15774,CAB-hone007001-DUP2-R15774,3,,0,0,0
15775,CAB-hone007002-DUP2-R15775,3,,0,0,0
15776,CAB-hone006360-DUP2-R15776,3,,0,0,0
15777,CAB-hone016373-DUP2-R15777,3,,0,0,0
15778,CAB-hone011000-DUP2-R15778,3,,0,0,0
15779,CAB-hone012025-DUP2-R15779,3,,0,0,0
15780,CAB-HODD025025-DUP2-R15780,3,,0,0,0
15781,CAB-HODD020020-DUP2-R15781,3,,0,0,0
15782,CAB-HEPB060120-DUP2-R15782,3,,0,0,0
15783,CAB-HEPB060123-DUP2-R15783,3,,0,0,0
15784,CAB-HEPB060030-DUP2-R15784,3,,0,0,0
15785,CAB-PREB120060-DUP2-R15785,3,,0,0,0
15786,CAB-PREB060060-DUP2-R15786,3,,0,0,0
15787,CAB-PREB060030-DUP2-R15787,3,,0,0,0
15788,CAB-regh003006-DUP2-R15788,3,,0,0,0
15789,CAB-regh003015-DUP2-R15789,3,,0,0,0
15790,CAB-regh003008-DUP2-R15790,3,,0,0,0
15791,CAB-regh003050-DUP2-R15791,3,,0,0,0
15792,CAB-regh003035-DUP2-R15792,3,,0,0,0
15793,CAB-REGH001220-DUP2-R15793,3,,0,0,0
15794,CAB-regh001012-DUP2-R15794,3,,0,0,0
15795,CAB-regh001020-DUP2-R15795,3,,0,0,0
15796,CAB-regh001005-DUP2-R15796,3,,20,0,0
15797,CAB-regh001207-DUP2-R15797,3,,0,0,0
15798,CAB-regh001007-DUP2-R15798,3,,20,0,0
15799,CAB-regh001112-DUP2-R15799,3,,0,0,0
15800,CAB-regh002200-DUP2-R15800,3,,0,0,0
15801,CAB-regh001006-DUP2-R15801,3,,0,0,0
15802,CAB-regh001008-DUP2-R15802,3,,0,0,0
15803,CAB-regh001004-DUP2-R15803,3,,0,0,0
15804,CAB-regh001060-DUP2-R15804,3,,0,0,0
15805,CAB-regh001200-DUP2-R15805,3,,0,0,0
15806,CAB-regh001235-DUP2-R15806,3,,0,0,0
15807,CAB-regh001035-DUP2-R15807,3,,0,0,0
15808,CAB-regh002035-DUP2-R15808,3,,0,0,0
15809,CAB-REGH004015-DUP2-R15809,3,,0,0,0
15810,CAB-ascr007396-DUP2-R15810,3,,0,0,0
15811,CAB-ascr001002-DUP2-R15811,3,,0,0,0
15812,CAB-imta100025-DUP2-R15812,3,,0,0,0
15813,CAB-imta065250-DUP2-R15813,3,,0,0,0
15814,CAB-IMTA100100-DUP2-R15814,3,,0,0,0
15815,CAB-imta100010-DUP2-R15815,3,,0,0,0
15816,CAB-imta100001-DUP2-R15816,3,,0,0,0
15817,CAB-IMTA101100-DUP2-R15817,3,,0,0,0
15818,CAB-imta100006-DUP2-R15818,3,,0,0,0
15819,CAB-IMTA065001-DUP2-R15819,3,,0,0,0
15820,CAB-IMTA065025-DUP2-R15820,3,,0,0,0
15821,CAB-IMTA065000-DUP2-R15821,3,,0,0,0
15822,CAB-indo002012-DUP2-R15822,3,,0,0,0
15823,CAB-indo002014-DUP2-R15823,3,,0,0,0
15824,CAB-indo002016-DUP2-R15824,3,,0,0,0
15825,CAB-indo003010-DUP2-R15825,3,,0,0,0
15826,CAB-indo003012-DUP2-R15826,3,,0,0,0
15827,CAB-indo003014-DUP2-R15827,3,,0,0,0
15828,CAB-indo003004-DUP2-R15828,3,,0,0,0
15829,CAB-indo003006-DUP2-R15829,3,,0,0,0
15830,CAB-indo003008-DUP2-R15830,3,,0,0,0
15831,CAB-indo002004-DUP2-R15831,3,,0,0,0
15832,CAB-indo002006-DUP2-R15832,3,,0,0,0
15833,CAB-indo002008-DUP2-R15833,3,,0,0,0
15834,CAB-indo002009-DUP2-R15834,3,,0,0,0
15835,CAB-indo002010-DUP2-R15835,3,,0,0,0
15836,CAB-indo001010-DUP2-R15836,3,,0,0,0
15837,CAB-indo001012-DUP2-R15837,3,,0,0,0
15838,CAB-indo001014-DUP2-R15838,3,,0,0,0
15839,CAB-indo001016-DUP2-R15839,3,,0,0,0
15840,CAB-indo001004-DUP2-R15840,3,,0,0,0
15841,CAB-indo001003-DUP2-R15841,3,,0,0,0
15842,CAB-indo001005-DUP2-R15842,3,,0,0,0
15843,CAB-indo001006-DUP2-R15843,3,,0,0,0
15844,CAB-indo001007-DUP2-R15844,3,,0,0,0
15845,CAB-indo001008-DUP2-R15845,3,,0,0,0
15846,CAB-indo001009-DUP2-R15846,3,,0,0,0
15847,CAB-insu009028-DUP2-R15847,3,,0,0,0
15848,CAB-insu009013-DUP2-R15848,3,,0,0,0
15849,CAB-JETD016016-DUP2-R15849,3,,0,0,0
15850,CAB-JETD008008-DUP2-R15850,3,,0,0,0
15851,CAB-jetn020020-DUP2-R15851,3,,0,0,0
15852,CAB-jetn000012-DUP2-R15852,3,,0,0,0
15853,CAB-ASCR000053-DUP2-R15853,3,,0,0,0
15854,CAB-avjk000020-DUP2-R15854,3,,0,0,0
15855,CAB-JUMO065006-DUP2-R15855,3,,0,0,0
15856,CAB-agas003009-DUP2-R15856,3,,0,0,0
15857,CAB-ascr018026-DUP2-R15857,3,,0,0,0
15858,CAB-ascr018028-DUP2-R15858,3,,0,0,0
15859,CAB-ascr018031-DUP2-R15859,3,,0,0,0
15860,CAB-ascr018036-DUP2-R15860,3,,0,0,0
15861,CAB-ascr018042-DUP2-R15861,3,,0,0,0
15862,CAB-ascr018054-DUP2-R15862,3,,0,0,0
15863,CAB-ascr018007-DUP2-R15863,3,,0,0,0
15864,CAB-ascr018008-DUP2-R15864,3,,2,0,0
15865,CAB-ASCR111112-DUP2-R15865,3,,0,0,0
15866,CAB-ASCR111113-DUP2-R15866,3,,0,0,0
15867,CAB-ascr111111-DUP2-R15867,3,,0,0,0
15868,CAB-kawa000004-DUP2-R15868,3,,0,0,0
15869,CAB-kawa000003-DUP2-R15869,3,,0,0,0
15870,CAB-kala002002-DUP2-R15870,3,,0,0,0
15871,CAB-kala001003-DUP2-R15871,3,,0,0,0
15872,CAB-kala002003-DUP2-R15872,3,,0,0,0
15873,CAB-kala000002-DUP2-R15873,3,,0,0,0
15874,CAB-kala100002-DUP2-R15874,3,,0,0,0
15875,CAB-kala001002-DUP2-R15875,3,,0,0,0
15876,CAB-kala000003-DUP2-R15876,3,,0,0,0
15877,CAB-kala000035-DUP2-R15877,3,,0,0,0
15878,CAB-kala000005-DUP2-R15878,3,,0,0,0
15879,CAB-kala100005-DUP2-R15879,3,,0,0,0
15880,CAB-kawa000002-DUP2-R15880,3,,0,0,0
15881,CAB-kawa000005-DUP2-R15881,3,,0,0,0
15882,CAB-REGL900001-DUP2-R15882,3,,1,0,0
15883,CAB-ptrk006071-DUP2-R15883,3,,0,0,0
15884,CAB-ptrk009056-DUP2-R15884,3,,0,0,0
15885,CAB-ptrk016071-DUP2-R15885,3,,0,0,0
15886,CAB-002021000017-DUP2-R15886,3,,0,0,0
15887,CAB-kitz013020-DUP2-R15887,3,,0,0,0
15888,CAB-kitz010250-DUP2-R15888,3,,0,0,0
15889,CAB-kitz006065-DUP2-R15889,3,,0,0,0
15890,CAB-kitz006050-DUP2-R15890,3,,0,0,0
15891,CAB-kitz016065-DUP2-R15891,3,,0,0,0
15892,CAB-kitz016080-DUP2-R15892,3,,0,0,0
15893,CAB-kitz016100-DUP2-R15893,3,,0,0,0
15894,CAB-kitz012025-DUP2-R15894,3,,0,0,0
15895,CAB-kitz012040-DUP2-R15895,3,,0,0,0
15896,CAB-kitz012032-DUP2-R15896,3,,0,0,0
15897,CAB-kitz012050-DUP2-R15897,3,,0,0,0
15898,CAB-kitz035080-DUP2-R15898,3,,0,0,0
15899,CAB-kitz125065-DUP2-R15899,3,,0,0,0
15900,CAB-kitz125050-DUP2-R15900,3,,0,0,0
15901,CAB-kitz125080-DUP2-R15901,3,,0,0,0
15902,CAB-kitz125100-DUP2-R15902,3,,0,0,0
15903,CAB-kitz125125-DUP2-R15903,3,,0,0,0
15904,CAB-kitz126080-DUP2-R15904,3,,0,0,0
15905,CAB-kitz126100-DUP2-R15905,3,,0,0,0
15906,CAB-kitz126125-DUP2-R15906,3,,0,0,0
15907,CAB-kitz126150-DUP2-R15907,3,,0,0,0
15908,CAB-ksss000025-DUP2-R15908,3,,0,0,0
15909,CAB-ksss000040-DUP2-R15909,3,,100,0,0
15910,CAB-ksss000032-DUP2-R15910,3,,100,0,0
15911,CAB-ksss000013-DUP2-R15911,3,,0,0,0
15912,CAB-ksss000250-DUP2-R15912,3,,0,0,0
15913,CAB-ksss000050-DUP2-R15913,3,,100,0,0
15914,CAB-ksss000065-DUP2-R15914,3,,100,0,0
15915,CAB-ksss000089-DUP2-R15915,3,,100,0,0
15916,CAB-ksss000080-DUP2-R15916,3,,1,0,0
15917,CAB-ksss000020-DUP2-R15917,3,,0,0,0
15918,CAB-ksss000112-DUP2-R15918,3,,167,0,0
15919,CAB-ksss000125-DUP2-R15919,3,,24,0,0
15920,CAB-ksss000016-DUP2-R15920,3,,300,0,0
15921,CAB-ksss000165-DUP2-R15921,3,,33,0,0
15922,CAB-ksss000175-DUP2-R15922,3,,1,0,0
15923,CAB-ksss000022-DUP2-R15923,3,,0,0,0
15924,CAB-ksss000200-DUP2-R15924,3,,0,0,0
15925,CAB-ksss000225-DUP2-R15925,3,,0,0,0
15926,CAB-susf010022-DUP2-R15926,3,,0,0,0
15927,CAB-kmto002016-DUP2-R15927,3,,0,0,0
15928,CAB-kmto002020-DUP2-R15928,3,,0,0,0
15929,CAB-kmto001016-DUP2-R15929,3,,0,0,0
15930,CAB-kmto001020-DUP2-R15930,3,,0,0,0
15931,CAB-kmto004016-DUP2-R15931,3,,0,0,0
15932,CAB-kmto004020-DUP2-R15932,3,,0,0,0
15933,CAB-kmto005016-DUP2-R15933,3,,0,0,0
15934,CAB-kmto005025-DUP2-R15934,3,,0,0,0
15935,CAB-pepp051215-DUP2-R15935,3,,0,0,0
15936,CAB-pepp051620-DUP2-R15936,3,,0,0,0
15937,CAB-kmtr162016-DUP2-R15937,3,,0,0,0
15938,CAB-kmta915020-DUP2-R15938,3,,0,0,0
15939,CAB-kmto006016-DUP2-R15939,3,,0,0,0
15940,CAB-kmto006020-DUP2-R15940,3,,0,0,0
15941,CAB-kmto003016-DUP2-R15941,3,,0,0,0
15942,CAB-kmto003020-DUP2-R15942,3,,0,0,0
15943,CAB-kmto003025-DUP2-R15943,3,,0,0,0
15944,CAB-kmto121616-DUP2-R15944,3,,0,0,0
15945,CAB-kmto162016-DUP2-R15945,3,,0,0,0
15946,CAB-kmto121615-DUP2-R15946,3,,0,0,0
15947,CAB-kmtt162016-DUP2-R15947,3,,0,0,0
15948,CAB-gald300040-DUP2-R15948,3,,0,0,0
15949,CAB-gald310025-DUP2-R15949,3,,0,0,0
15950,CAB-gald300025-DUP2-R15950,3,,0,0,0
15951,CAB-gald300015-DUP2-R15951,3,,0,0,0
15952,CAB-gald320040-DUP2-R15952,3,,0,0,0
15953,CAB-gald320032-DUP2-R15953,3,,0,0,0
15954,CAB-gald320100-DUP2-R15954,3,,0,0,0
15955,CAB-gald320150-DUP2-R15955,3,,0,0,0
15956,CAB-gald320200-DUP2-R15956,3,,0,0,0
15957,CAB-gald200032-DUP2-R15957,3,,0,0,0
15958,CAB-gald200015-DUP2-R15958,3,,0,0,0
15959,CAB-gald200006-DUP2-R15959,3,,0,0,0
15960,CAB-gald200065-DUP2-R15960,3,,0,0,0
15961,CAB-gald200050-DUP2-R15961,3,,0,0,0
15962,CAB-gald200080-DUP2-R15962,3,,0,0,0
15963,CAB-gald200020-DUP2-R15963,3,,0,0,0
15964,CAB-gald200100-DUP2-R15964,3,,0,0,0
15965,CAB-gald200150-DUP2-R15965,3,,0,0,0
15966,CAB-tspb100015-DUP2-R15966,3,,0,0,0
15967,CAB-tspb100065-DUP2-R15967,3,,0,0,0
15968,CAB-ssks001006-DUP2-R15968,3,,0,0,0
15969,CAB-gald100080-DUP2-R15969,3,,0,0,0
15970,CAB-gald045025-DUP2-R15970,3,,0,0,0
15971,CAB-gald045040-DUP2-R15971,3,,0,0,0
15972,CAB-gald045032-DUP2-R15972,3,,0,0,0
15973,CAB-gald045015-DUP2-R15973,3,,0,0,0
15974,CAB-gald045065-DUP2-R15974,3,,0,0,0
15975,CAB-gald045050-DUP2-R15975,3,,0,0,0
15976,CAB-gald045080-DUP2-R15976,3,,0,0,0
15977,CAB-gald100025-DUP2-R15977,3,,0,0,0
15978,CAB-gald100040-DUP2-R15978,3,,0,0,0
15979,CAB-gald100032-DUP2-R15979,3,,0,0,0
15980,CAB-gald100065-DUP2-R15980,3,,0,0,0
15981,CAB-gald100050-DUP2-R15981,3,,0,0,0
15982,CAB-gald100020-DUP2-R15982,3,,0,0,0
15983,CAB-gald100100-DUP2-R15983,3,,0,0,0
15984,CAB-tspg100040-DUP2-R15984,3,,0,0,0
15985,CAB-tspg100032-DUP2-R15985,3,,0,0,0
15986,CAB-tspg100065-DUP2-R15986,3,,0,0,0
15987,CAB-tspg100020-DUP2-R15987,3,,0,0,0
15988,CAB-kkkn000040-DUP2-R15988,3,,0,0,0
15989,CAB-kkkn000032-DUP2-R15989,3,,0,0,0
15990,CAB-kkkn000025-DUP2-R15990,3,,0,0,0
15991,CAB-kkkn000015-DUP2-R15991,3,,0,0,0
15992,CAB-kkkn000006-DUP2-R15992,3,,0,0,0
15993,CAB-kkkn000003-DUP2-R15993,3,,0,0,0
15994,CAB-kkkn000050-DUP2-R15994,3,,0,0,0
15995,CAB-kkkn000020-DUP2-R15995,3,,0,0,0
15996,CAB-kkkn000009-DUP2-R15996,3,,0,0,0
15997,CAB-kkkn000080-DUP2-R15997,3,,0,0,0
15998,CAB-kkdd000006-DUP2-R15998,3,,0,0,0
15999,CAB-kkkn000022-DUP2-R15999,3,,0,0,0
16000,CAB-AGAS006022-DUP2-R16000,3,,0,0,0
16001,CAB-KOIK003001-DUP2-R16001,3,,0,0,0
16002,CAB-koik001001-DUP2-R16002,3,,0,0,0
16003,CAB-agas009001-DUP2-R16003,3,,0,0,0
16004,CAB-cpcb000003-DUP2-R16004,3,,0,0,0
16005,CAB-nepe900047-DUP2-R16005,3,,0,0,0
16006,CAB-NSKN201006-DUP2-R16006,3,,0,0,0
16007,CAB-nkop000003-DUP2-R16007,3,,0,0,0
16008,CAB-kome022015-DUP2-R16008,3,,0,0,0
16009,CAB-kome040032-DUP2-R16009,3,,0,0,0
16010,CAB-kome032025-DUP2-R16010,3,,0,0,0
16011,CAB-kome025020-DUP2-R16011,3,,0,0,0
16012,CAB-KOME025013-DUP2-R16012,3,,0,0,0
16013,CAB-kome050040-DUP2-R16013,3,,0,0,0
16014,CAB-kome020015-DUP2-R16014,3,,0,0,0
16015,CAB-nkop000008-DUP2-R16015,3,,0,0,0
16016,CAB-nkop000025-DUP2-R16016,3,,0,0,0
16017,CAB-nkop000015-DUP2-R16017,3,,0,0,0
16018,CAB-nkop000006-DUP2-R16018,3,,0,0,0
16019,CAB-nkop000020-DUP2-R16019,3,,0,0,0
16020,CAB-nkop000009-DUP2-R16020,3,,0,0,0
16021,CAB-nkop000007-DUP2-R16021,3,,0,0,0
16022,CAB-kors000013-DUP2-R16022,3,,0,0,0
16023,CAB-kors000019-DUP2-R16023,3,,0,0,0
16024,CAB-kors000009-DUP2-R16024,3,,0,0,0
16025,CAB-kors000016-DUP2-R16025,3,,0,0,0
16026,CAB-kors013009-DUP2-R16026,3,,0,0,0
16027,CAB-kors006013-DUP2-R16027,3,,0,0,0
16028,CAB-kors006009-DUP2-R16028,3,,0,0,0
16029,CAB-kors006016-DUP2-R16029,3,,0,0,0
16030,CAB-ZMED500009-DUP2-R16030,3,,0,0,0
16031,CAB-017001000001-DUP2-R16031,3,,0,0,0
16032,CAB-010004000013-DUP2-R16032,3,,0,0,0
16033,CAB-010004000006-DUP2-R16033,3,,0,0,0
16034,CAB-010004000019-DUP2-R16034,3,,0,0,0
16035,CAB-010004000009-DUP2-R16035,3,,0,0,0
16036,CAB-010004000016-DUP2-R16036,3,,0,0,0
16037,CAB-ascr011001-DUP2-R16037,3,,0,0,0
16038,CAB-ascr011005-DUP2-R16038,3,,0,0,0
16039,CAB-ascr008003-DUP2-R16039,3,,0,0,0
16040,CAB-ascr008004-DUP2-R16040,3,,0,0,0
16041,CAB-ascr008007-DUP2-R16041,3,,0,0,0
16042,CAB-ascr008005-DUP2-R16042,3,,0,0,0
16043,CAB-ascr000004-DUP2-R16043,3,,0,0,0
16044,CAB-fdpu000501-DUP2-R16044,3,,2,0,0
16045,CAB-fdpu000502-DUP2-R16045,3,,8,0,0
16046,CAB-100001000005-DUP2-R16046,3,,0,0,0
16047,CAB-ascr009010-DUP2-R16047,3,,0,0,0
16048,CAB-pprd063063-DUP2-R16048,3,,0,0,0
16049,CAB-pprl063063-DUP2-R16049,3,,0,0,0
16050,CAB-pprw100110-DUP2-R16050,3,,0,0,0
16051,CAB-lini015200-DUP2-R16051,3,,0,0,0
16052,CAB-lini022026-DUP2-R16052,3,,0,0,0
16053,CAB-lini004100-DUP2-R16053,3,,0,0,0
16054,CAB-lini004120-DUP2-R16054,3,,0,0,0
16055,CAB-lini004060-DUP2-R16055,3,,0,0,0
16056,CAB-lini004090-DUP2-R16056,3,,0,0,0
16057,CAB-LINP010120-DUP2-R16057,3,,0,0,0
16058,CAB-LINI010080-DUP2-R16058,3,,0,0,0
16059,CAB-LINI010150-DUP2-R16059,3,,0,0,0
16060,CAB-lini008100-DUP2-R16060,3,,0,0,0
16061,CAB-LINP008100-DUP2-R16061,3,,0,0,0
16062,CAB-lini008120-DUP2-R16062,3,,0,0,0
16063,CAB-lini008060-DUP2-R16063,3,,0,0,0
16064,CAB-lini008080-DUP2-R16064,3,,0,0,0
16065,CAB-lini008090-DUP2-R16065,3,,0,0,0
16066,CAB-LINI100020-DUP2-R16066,3,,0,0,0
16067,CAB-LINI118012-DUP2-R16067,3,,0,0,0
16068,CAB-LINP006058-DUP2-R16068,3,,0,0,0
16069,CAB-LINP006059-DUP2-R16069,3,,0,0,0
16070,CAB-LINP006061-DUP2-R16070,3,,0,0,0
16071,CAB-LINP007060-DUP2-R16071,3,,0,0,0
16072,CAB-LINP007062-DUP2-R16072,3,,0,0,0
16073,CAB-LINP007063-DUP2-R16073,3,,0,0,0
16074,CAB-lini000000-DUP2-R16074,3,,0,0,0
16075,CAB-lini004450-DUP2-R16075,3,,0,0,0
16076,CAB-lini125995-DUP2-R16076,3,,0,0,0
16077,CAB-LINB120010-DUP2-R16077,3,,0,0,0
16078,CAB-LINI015120-DUP2-R16078,3,,0,0,0
16079,CAB-lini020030-DUP2-R16079,3,,0,0,0
16080,CAB-LINP100005-DUP2-R16080,3,,0,0,0
16081,CAB-LINB117010-DUP2-R16081,3,,0,0,0
16082,CAB-LINB120012-DUP2-R16082,3,,0,0,0
16083,CAB-LINP120012-DUP2-R16083,3,,0,0,0
16084,CAB-ZMED030003-DUP2-R16084,3,,2,0,0
16085,CAB-ASCR006008-DUP2-R16085,3,,0,0,0
16086,CAB-love120050-DUP2-R16086,3,,0,0,0
16087,CAB-love020010-DUP2-R16087,3,,0,0,0
16088,CAB-love020020-DUP2-R16088,3,,0,0,0
16089,CAB-love021090-DUP2-R16089,3,,0,0,0
16090,CAB-love025025-DUP2-R16090,3,,0,0,0
16091,CAB-love030020-DUP2-R16091,3,,0,0,0
16092,CAB-love030025-DUP2-R16092,3,,0,0,0
16093,CAB-love030030-DUP2-R16093,3,,0,0,0
16094,CAB-LOVE030015-DUP2-R16094,3,,0,0,0
16095,CAB-LOVE030090-DUP2-R16095,3,,0,0,0
16096,CAB-LOVE031119-DUP2-R16096,3,,0,0,0
16097,CAB-LOVE032046-DUP2-R16097,3,,0,0,0
16098,CAB-love035035-DUP2-R16098,3,,0,0,0
16099,CAB-love035050-DUP2-R16099,3,,0,0,0
16100,CAB-love040020-DUP2-R16100,3,,0,0,0
16101,CAB-love040025-DUP2-R16101,3,,0,0,0
16102,CAB-love040035-DUP2-R16102,3,,0,0,0
16103,CAB-love040040-DUP2-R16103,3,,0,0,0
16104,CAB-love045035-DUP2-R16104,3,,0,0,0
16105,CAB-love045045-DUP2-R16105,3,,0,0,0
16106,CAB-love050020-DUP2-R16106,3,,0,0,0
16107,CAB-love050025-DUP2-R16107,3,,0,0,0
16108,CAB-LOVE050030-DUP2-R16108,3,,0,0,0
16109,CAB-LOVE050040-DUP2-R16109,3,,0,0,0
16110,CAB-love055040-DUP2-R16110,3,,0,0,0
16111,CAB-LOVE055035-DUP2-R16111,3,,0,0,0
16112,CAB-love060025-DUP2-R16112,3,,0,0,0
16113,CAB-love060060-DUP2-R16113,3,,0,0,0
16114,CAB-love065030-DUP2-R16114,3,,0,0,0
16115,CAB-LOVE075040-DUP2-R16115,3,,0,0,0
16116,CAB-love000000-DUP2-R16116,3,,0,0,0
16117,CAB-LOVE146067-DUP2-R16117,3,,0,0,0
16118,CAB-LOVE147118-DUP2-R16118,3,,0,0,0
16119,CAB-LOVP015015-DUP2-R16119,3,,0,0,0
16120,CAB-LOVP019019-DUP2-R16120,3,,0,0,0
16121,CAB-LOVP025025-DUP2-R16121,3,,0,0,0
16122,CAB-LOVP040030-DUP2-R16122,3,,0,0,0
16123,CAB-LOVP060020-DUP2-R16123,3,,0,0,0
16124,CAB-LOVP060030-DUP2-R16124,3,,0,0,0
16125,CAB-LOVP070050-DUP2-R16125,3,,0,0,0
16126,CAB-love120030-DUP2-R16126,3,,0,0,0
16127,CAB-love045020-DUP2-R16127,3,,0,0,0
16128,CAB-love055020-DUP2-R16128,3,,0,0,0
16129,CAB-LOVE060030-DUP2-R16129,3,,0,0,0
16130,CAB-LOVP055055-DUP2-R16130,3,,0,0,0
16131,CAB-LOVE100020-DUP2-R16131,3,,0,0,0
16132,CAB-LOVP100030-DUP2-R16132,3,,0,0,0
16133,CAB-LOVE100030-DUP2-R16133,3,,0,0,0
16134,CAB-LOVE100050-DUP2-R16134,3,,0,0,0
16135,CAB-LOVE120045-DUP2-R16135,3,,0,0,0
16136,CAB-LOVE015015-DUP2-R16136,3,,0,0,0
16137,CAB-LOVE020015-DUP2-R16137,3,,0,0,0
16138,CAB-LOVE200050-DUP2-R16138,3,,0,0,0
16139,CAB-LOVE025015-DUP2-R16139,3,,0,0,0
16140,CAB-LOVE025020-DUP2-R16140,3,,0,0,0
16141,CAB-love030040-DUP2-R16141,3,,0,0,0
16142,CAB-LOVE040010-DUP2-R16142,3,,0,0,0
16143,CAB-LOVE045025-DUP2-R16143,3,,0,0,0
16144,CAB-LOVE048050-DUP2-R16144,3,,0,0,0
16145,CAB-LOVE050015-DUP2-R16145,3,,0,0,0
16146,CAB-LOVE050050-DUP2-R16146,3,,0,0,0
16147,CAB-love060040-DUP2-R16147,3,,0,0,0
16148,CAB-LOVE060031-DUP2-R16148,3,,0,0,0
16149,CAB-LOVE070040-DUP2-R16149,3,,0,0,0
16150,CAB-LOVE080020-DUP2-R16150,3,,0,0,0
16151,CAB-LOVE080040-DUP2-R16151,3,,0,0,0
16152,CAB-LOVP020015-DUP2-R16152,3,,0,0,0
16153,CAB-LOVP020020-DUP2-R16153,3,,0,0,0
16154,CAB-LOVP030020-DUP2-R16154,3,,0,0,0
16155,CAB-LOVP030030-DUP2-R16155,3,,0,0,0
16156,CAB-LOVP040020-DUP2-R16156,3,,0,0,0
16157,CAB-LOVP040040-DUP2-R16157,3,,0,0,0
16158,CAB-LOVP050025-DUP2-R16158,3,,0,0,0
16159,CAB-LOVP050030-DUP2-R16159,3,,0,0,0
16160,CAB-LOVP050050-DUP2-R16160,3,,0,0,0
16161,CAB-LOVP080030-DUP2-R16161,3,,0,0,0
16162,CAB-love057056-DUP2-R16162,3,,0,0,0
16163,CAB-ascr002020-DUP2-R16163,3,,0,0,0
16164,CAB-LVPS001032-DUP2-R16164,3,,0,0,0
16165,CAB-LVPS001015-DUP2-R16165,3,,0,0,0
16166,CAB-LVPS001020-DUP2-R16166,3,,0,0,0
16167,CAB-agas011003-DUP2-R16167,3,,0,0,0
16168,CAB-agas011001-DUP2-R16168,3,,0,0,0
16169,CAB-agas011002-DUP2-R16169,3,,0,0,0
16170,CAB-005010030061,3,,0,0,0
16171,CAB-0050100301000,3,,0,0,0
16172,CAB-005010030250-DUP2-R16172,3,,0,0,0
16173,CAB-005010030500,3,,0,0,0
16174,CAB-005010030060-DUP2-R16174,3,,0,0,0
16175,CAB-ascr000060-DUP2-R16175,3,,0,0,0
16176,CAB-005010030750,3,,0,0,0
16177,CAB-macu040042-DUP2-R16177,3,,0,0,0
16178,CAB-macu032035-DUP2-R16178,3,,0,0,0
16179,CAB-macu025025-DUP2-R16179,3,,0,0,0
16180,CAB-macu025028-DUP2-R16180,3,,0,0,0
16181,CAB-macu065067-DUP2-R16181,3,,0,0,0
16182,CAB-macu050054-DUP2-R16182,3,,0,0,0
16183,CAB-macu080080-DUP2-R16183,3,,0,0,0
16184,CAB-macu040022-DUP2-R16184,3,,0,0,0
16185,CAB-macu032022-DUP2-R16185,3,,0,0,0
16186,CAB-macu032032-DUP2-R16186,3,,0,0,0
16187,CAB-macu032028-DUP2-R16187,3,,0,0,0
16188,CAB-macu025032-DUP2-R16188,3,,0,0,0
16189,CAB-macu025035-DUP2-R16189,3,,0,0,0
16190,CAB-macu025022-DUP2-R16190,3,,0,0,0
16191,CAB-macu015013-DUP2-R16191,3,,0,0,0
16192,CAB-macu015019-DUP2-R16192,3,,0,0,0
16193,CAB-macu015016-DUP2-R16193,3,,0,0,0
16194,CAB-macu050042-DUP2-R16194,3,,0,0,0
16195,CAB-macu050022-DUP2-R16195,3,,0,0,0
16196,CAB-macu020022-DUP2-R16196,3,,0,0,0
16197,CAB-macu020025-DUP2-R16197,3,,0,0,0
16198,CAB-macu020019-DUP2-R16198,3,,0,0,0
16199,CAB-macu020016-DUP2-R16199,3,,0,0,0
16200,CAB-macu100100-DUP2-R16200,3,,0,0,0
16201,CAB-MCCC115009-DUP2-R16201,3,,0,0,0
16202,CAB-mccc040042-DUP2-R16202,3,,0,0,0
16203,CAB-mccc032035-DUP2-R16203,3,,0,0,0
16204,CAB-mccc025028-DUP2-R16204,3,,0,0,0
16205,CAB-mccc015008-DUP2-R16205,3,,0,0,0
16206,CAB-mccc015013-DUP2-R16206,3,,0,0,0
16207,CAB-mccc015006-DUP2-R16207,3,,0,0,0
16208,CAB-mccc015012-DUP2-R16208,3,,0,0,0
16209,CAB-mccc015019-DUP2-R16209,3,,0,0,0
16210,CAB-mccc015009-DUP2-R16210,3,,0,0,0
16211,CAB-mccc015016-DUP2-R16211,3,,0,0,0
16212,CAB-mccc015005-DUP2-R16212,3,,0,0,0
16213,CAB-mccc015010-DUP2-R16213,3,,0,0,0
16214,CAB-mccc006013-DUP2-R16214,3,,0,0,0
16215,CAB-mccc006006-DUP2-R16215,3,,120,120,0
16216,CAB-mccc006011-DUP2-R16216,3,,0,0,0
16217,CAB-MCCC006012-DUP2-R16217,3,,0,0,0
16218,CAB-mccc006010-DUP2-R16218,3,,4,0,0
16219,CAB-mccc006016-DUP2-R16219,3,,0,0,0
16220,CAB-mccc006005-DUP2-R16220,3,,0,0,0
16221,CAB-mccc006008-DUP2-R16221,3,,0,0,0
16222,CAB-mccc006008-1-DUP2-R16222,3,,0,0,0
16223,CAB-mccc003006-DUP2-R16223,3,,0,0,0
16224,CAB-mccc003009-DUP2-R16224,3,,0,0,0
16225,CAB-mccc003005-DUP2-R16225,3,,0,0,0
16226,CAB-mccc003008-DUP2-R16226,3,,0,0,0
16227,CAB-mccc050054-DUP2-R16227,3,,0,0,0
16228,CAB-mccc020013-DUP2-R16228,3,,0,0,0
16229,CAB-mccc020010-DUP2-R16229,3,,0,0,0
16230,CAB-mccc020019-DUP2-R16230,3,,0,0,0
16231,CAB-mccc020016-DUP2-R16231,3,,0,0,0
16232,CAB-mccc020022-DUP2-R16232,3,,0,0,0
16233,CAB-mccc009013-DUP2-R16233,3,,0,0,0
16234,CAB-mccc009006-DUP2-R16234,3,,0,0,0
16235,CAB-mccc009010-DUP2-R16235,3,,0,0,0
16236,CAB-mccc009009-DUP2-R16236,3,,0,0,0
16237,CAB-mccc009016-DUP2-R16237,3,,0,0,0
16238,CAB-mccc009005-DUP2-R16238,3,,0,0,0
16239,CAB-mccc009008-DUP2-R16239,3,,0,0,0
16240,CAB-mcfl006005-DUP2-R16240,3,,0,0,0
16241,CAB-mcfl005008-DUP2-R16241,3,,0,0,0
16242,CAB-mcfl006008-DUP2-R16242,3,,50,0,0
16243,CAB-mcfl015008-DUP2-R16243,3,,0,0,0
16244,CAB-mcfl020008-DUP2-R16244,3,,0,0,0
16245,CAB-mccc015022-DUP2-R16245,3,,0,0,0
16246,CAB-mcfl015013-DUP2-R16246,3,,40,0,0
16247,CAB-mcfl015006-DUP2-R16247,3,,45,0,0
16248,CAB-mcfl015019-DUP2-R16248,3,,0,0,0
16249,CAB-mcfl015009-DUP2-R16249,3,,0,0,0
16250,CAB-mcfl015016-DUP2-R16250,3,,0,0,0
16251,CAB-mcfl006013-DUP2-R16251,3,,0,0,0
16252,CAB-mcfl006006-DUP2-R16252,3,,0,0,0
16253,CAB-mcfl006009-DUP2-R16253,3,,0,0,0
16254,CAB-mcfl003006-DUP2-R16254,3,,0,0,0
16255,CAB-mcfl003009-DUP2-R16255,3,,0,0,0
16256,CAB-mcfl003008-DUP2-R16256,3,,0,0,0
16257,CAB-mcfl020013-DUP2-R16257,3,,0,0,0
16258,CAB-mcfl020019-DUP2-R16258,3,,0,0,0
16259,CAB-mcfl020016-DUP2-R16259,3,,0,0,0
16260,CAB-mcfl009013-DUP2-R16260,3,,0,0,0
16261,CAB-mcfl009006-DUP2-R16261,3,,0,0,0
16262,CAB-mcfl009009-DUP2-R16262,3,,0,0,0
16263,CAB-MALE040042-DUP2-R16263,3,,0,0,0
16264,CAB-mecc025028-DUP2-R16264,3,,0,0,0
16265,CAB-mecc015009-DUP2-R16265,3,,0,0,0
16266,CAB-mecc008009-DUP2-R16266,3,,0,0,0
16267,CAB-mecc013015-DUP2-R16267,3,,0,0,0
16268,CAB-mecc006006-DUP2-R16268,3,,0,0,0
16269,CAB-mecc009009-DUP2-R16269,3,,0,0,0
16270,CAB-MECC006008-DUP2-R16270,3,,0,0,0
16271,CAB-mecc005006-DUP2-R16271,3,,0,0,0
16272,CAB-MECC003005-DUP2-R16272,3,,0,0,0
16273,CAB-MEFL006008-DUP2-R16273,3,,0,0,0
16274,CAB-mefl005006-DUP2-R16274,3,,0,0,0
16275,CAB-MECC003008-DUP2-R16275,3,,0,0,0
16276,CAB-MTCC003005-DUP2-R16276,3,,0,0,0
16277,CAB-MTCC006008-DUP2-R16277,3,,0,0,0
16278,CAB-MTFL006008-DUP2-R16278,3,,0,0,0
16279,CAB-MTFL005006-DUP2-R16279,3,,0,0,0
16280,CAB-mcfl006007-DUP2-R16280,3,,0,0,0
16281,CAB-MANH140050-DUP2-R16281,3,,0,0,0
16282,CAB-MANH030031-DUP2-R16282,3,,0,0,0
16283,CAB-MANH045045-DUP2-R16283,3,,0,0,0
16284,CAB-MANH060060-DUP2-R16284,3,,0,0,0
16285,CAB-BOXM060060-DUP2-R16285,3,,0,0,0
16286,CAB-ARCA200004-DUP2-R16286,3,,0,0,0
16287,CAB-ARCA200003-DUP2-R16287,3,,0,0,0
16288,CAB-ascr010022-DUP2-R16288,3,,0,0,0
16289,CAB-100004000001-DUP2-R16289,3,,0,0,0
16290,CAB-005002002011-DUP2-R16290,3,,0,0,0
16291,CAB-005013001000-DUP2-R16291,3,,0,0,0
16292,CAB-005013001025-DUP2-R16292,3,,0,0,0
16293,CAB-005013001250-DUP2-R16293,3,,0,0,0
16294,CAB-005013001060-DUP2-R16294,3,,0,0,0
16295,CAB-005007003000-DUP2-R16295,3,,0,0,0
16296,CAB-005007003001-DUP2-R16296,3,,0,0,0
16297,CAB-005008002010-DUP2-R16297,3,,0,0,0
16298,CAB-005009002010-DUP2-R16298,3,,0,0,0
16299,CAB-005009002016-DUP2-R16299,3,,0,0,0
16300,CAB-005009002011-DUP2-R16300,3,,0,0,0
16301,CAB-005008003000-DUP2-R16301,3,,0,0,0
16302,CAB-005008001010-DUP2-R16302,3,,0,0,0
16303,CAB-005010003000-DUP2-R16303,3,,0,0,0
16304,CAB-005010001010-DUP2-R16304,3,,0,0,0
16305,CAB-005010002010-DUP2-R16305,3,,0,0,0
16306,CAB-005010002015-DUP2-R16306,3,,0,0,0
16307,CAB-005010001016-DUP2-R16307,3,,0,0,0
16308,CAB-005010001025-DUP2-R16308,3,,0,0,0
16309,CAB-005010002025-DUP2-R16309,3,,0,0,0
16310,CAB-005010001035-DUP2-R16310,3,,0,0,0
16311,CAB-005010002035-DUP2-R16311,3,,0,0,0
16312,CAB-005011001250-DUP2-R16312,3,,0,0,0
16313,CAB-005011001025-DUP2-R16313,3,,0,0,0
16314,CAB-005009003000-DUP2-R16314,3,,0,0,0
16315,CAB-005001001060-DUP2-R16315,3,,4,0,0
16316,CAB-005007003002-DUP2-R16316,3,,0,0,0
16317,CAB-005007001010-DUP2-R16317,3,,0,0,0
16318,CAB-005001003010-DUP2-R16318,3,,0,0,0
16319,CAB-005001004010-DUP2-R16319,3,,0,0,0
16320,CAB-005001002100-DUP2-R16320,3,,0,0,0
16321,CAB-005001002010-DUP2-R16321,3,,0,0,0
16322,CAB-005001002016-DUP2-R16322,3,,0,0,0
16323,CAB-005001002001-DUP2-R16323,3,,0,0,0
16324,CAB-005001002002-DUP2-R16324,3,,0,0,0
16325,CAB-005001004020-DUP2-R16325,3,,0,0,0
16326,CAB-005001002250-DUP2-R16326,3,,0,0,0
16327,CAB-005001002025-DUP2-R16327,3,,0,0,0
16328,CAB-005001002040-DUP2-R16328,3,,0,0,0
16329,CAB-005001002004-DUP2-R16329,3,,0,0,0
16330,CAB-005001004005-DUP2-R16330,3,,0,0,0
16331,CAB-005001002060-DUP2-R16331,3,,0,0,0
16332,CAB-005001002006-DUP2-R16332,3,,0,0,0
16333,CAB-005014004010-DUP2-R16333,3,,0,0,0
16334,CAB-005014004020-DUP2-R16334,3,,0,0,0
16335,CAB-005014004005-DUP2-R16335,3,,0,0,0
16336,CAB-005001003006-DUP2-R16336,3,,0,0,0
16337,CAB-005001001001-DUP2-R16337,3,,10,0,0
16338,CAB-005001001010-DUP2-R16338,3,,24,0,0
16339,CAB-005001001016-DUP2-R16339,3,,0,0,0
16340,CAB-005001001002-DUP2-R16340,3,,0,0,0
16341,CAB-005001001025-DUP2-R16341,3,,28,0,0
16342,CAB-005001001250-DUP2-R16342,3,,0,0,0
16343,CAB-005001001251-DUP2-R16343,3,,0,0,0
16344,CAB-005001001004-DUP2-R16344,3,,14,0,0
16345,CAB-005001001040-DUP2-R16345,3,,0,0,0
16346,CAB-005001001006-DUP2-R16346,3,,30,0,0
16347,CAB-005006001010-DUP2-R16347,3,,0,0,0
16348,CAB-005006002010-DUP2-R16348,3,,0,0,0
16349,CAB-005006001016-DUP2-R16349,3,,0,0,0
16350,CAB-005006002016-DUP2-R16350,3,,0,0,0
16351,CAB-005006001250-DUP2-R16351,3,,0,0,0
16352,CAB-005006001025-DUP2-R16352,3,,0,0,0
16353,CAB-005006002025-DUP2-R16353,3,,0,0,0
16354,CAB-005006001006-DUP2-R16354,3,,0,0,0
16355,CAB-005005001001-DUP2-R16355,3,,0,0,0
16356,CAB-005005001010-DUP2-R16356,3,,3,0,0
16357,CAB-005005002010-DUP2-R16357,3,,0,0,0
16358,CAB-005005002100-DUP2-R16358,3,,0,0,0
16359,CAB-005005001016-DUP2-R16359,3,,0,0,0
16360,CAB-005005002016-DUP2-R16360,3,,0,0,0
16361,CAB-005005001002-DUP2-R16361,3,,0,0,0
16362,CAB-005005001025-DUP2-R16362,3,,0,0,0
16363,CAB-005005002025-DUP2-R16363,3,,0,0,0
16364,CAB-005005001250-DUP2-R16364,3,,0,0,0
16365,CAB-005005002250-DUP2-R16365,3,,0,0,0
16366,CAB-005005002040-DUP2-R16366,3,,0,0,0
16367,CAB-005005001006-DUP2-R16367,3,,0,0,0
16368,CAB-005005002006-DUP2-R16368,3,,0,0,0
16369,CAB-005002002001-DUP2-R16369,3,,0,0,0
16370,CAB-005002002010,3,,0,0,0
16371,CAB-005002002100-DUP2-R16371,3,,0,0,0
16372,CAB-005002001016-DUP2-R16372,3,,7,0,0
16373,CAB-005002002016-DUP2-R16373,3,,0,0,0
16374,CAB-005002001001-DUP2-R16374,3,,10,0,0
16375,CAB-005002002002-DUP2-R16375,3,,0,0,0
16376,CAB-005002001020-DUP2-R16376,3,,10,0,0
16377,CAB-005002002020-DUP2-R16377,3,,0,0,0
16378,CAB-005002002025-DUP2-R16378,3,,0,0,0
16379,CAB-005002002250-DUP2-R16379,3,,0,0,0
16380,CAB-005002001250-DUP2-R16380,3,,5,0,0
16381,CAB-005002001025-DUP2-R16381,3,,13,0,0
16382,CAB-005002002035-DUP2-R16382,3,,0,0,0
16383,CAB-005002002004-DUP2-R16383,3,,0,0,0
16384,CAB-005002002040-DUP2-R16384,3,,0,0,0
16385,CAB-005002001006-DUP2-R16385,3,,19,0,0
16386,CAB-005002002006-DUP2-R16386,3,,0,0,0
16387,CAB-005002002060-DUP2-R16387,3,,0,0,0
16388,CAB-005002002070-DUP2-R16388,3,,0,0,0
16389,CAB-005002001010-DUP2-R16389,3,,0,0,0
16390,CAB-010007000008-DUP2-R16390,3,,0,0,0
16391,CAB-010007000009-DUP2-R16391,3,,0,0,0
16393,CAB-005004002100-DUP2-R16393,3,,0,0,0
16394,CAB-005004001010-DUP2-R16394,3,,0,0,0
16395,CAB-005004001016-DUP2-R16395,3,,0,0,0
16396,CAB-005004002016-DUP2-R16396,3,,0,0,0
16397,CAB-005004002001-DUP2-R16397,3,,0,0,0
16398,CAB-005004001002-DUP2-R16398,3,,0,0,0
16399,CAB-005004002020-DUP2-R16399,3,,0,0,0
16400,CAB-005004002250-DUP2-R16400,3,,0,0,0
16401,CAB-005004002025-DUP2-R16401,3,,0,0,0
16402,CAB-005004002040-DUP2-R16402,3,,0,0,0
16403,CAB-005004002004-DUP2-R16403,3,,0,0,0
16404,CAB-005004001006-DUP2-R16404,3,,0,0,0
16405,CAB-005003002001-DUP2-R16405,3,,0,0,0
16406,CAB-005003002010-DUP2-R16406,3,,0,0,0
16407,CAB-005003002016-DUP2-R16407,3,,0,0,0
16408,CAB-005003002002-DUP2-R16408,3,,0,0,0
16409,CAB-005003002006-DUP2-R16409,3,,0,0,0
16410,CAB-005003002025-DUP2-R16410,3,,0,0,0
16411,CAB-005003001001-DUP2-R16411,3,,0,0,0
16412,CAB-005003001010-DUP2-R16412,3,,0,0,0
16413,CAB-005003001100-DUP2-R16413,3,,0,0,0
16414,CAB-005003001016-DUP2-R16414,3,,0,0,0
16415,CAB-005003001002-DUP2-R16415,3,,0,0,0
16416,CAB-005003001025-DUP2-R16416,3,,0,0,0
16417,CAB-005003001250-DUP2-R16417,3,,0,0,0
16418,CAB-005003001004-DUP2-R16418,3,,0,0,0
16419,CAB-005003001006-DUP2-R16419,3,,0,0,0
16420,CAB-010007000003-DUP2-R16420,3,,0,0,0
16421,CAB-010007000002-DUP2-R16421,3,,0,0,0
16422,CAB-010007000007-DUP2-R16422,3,,0,0,0
16423,CAB-005002002000-DUP2-R16423,3,,0,0,0
16424,CAB-MANO001500-DUP2-R16424,3,,0,0,0
16425,CAB-ARCA700001-DUP2-R16425,3,,0,0,0
16426,CAB-mast002010-DUP2-R16426,3,,0,0,0
16427,CAB-mast002006-DUP2-R16427,3,,0,0,0
16428,CAB-mast002008-DUP2-R16428,3,,0,0,0
16429,CAB-NURS000001-DUP2-R16429,3,,0,0,0
16430,CAB-ascr002030-DUP2-R16430,3,,0,0,0
16431,CAB-ascr002014-DUP2-R16431,3,,0,0,0
16432,CAB-ascr002025-DUP2-R16432,3,,0,0,0
16433,CAB-ascr002032-DUP2-R16433,3,,0,0,0
16434,CAB-ASCR002031-DUP2-R16434,3,,0,0,0
16435,CAB-agas010015-DUP2-R16435,3,,0,0,0
16436,CAB-agas010011-DUP2-R16436,3,,0,0,0
16437,CAB-agas010013-DUP2-R16437,3,,0,0,0
16438,CAB-agas010014-DUP2-R16438,3,,0,0,0
16439,CAB-agas010012-DUP2-R16439,3,,0,0,0
16440,CAB-agas013001-DUP2-R16440,3,,0,0,0
16441,CAB-MEDF060060-DUP2-R16441,3,,0,0,0
16442,CAB-MEDF060030-DUP2-R16442,3,,0,0,0
16443,CAB-agas005009-DUP2-R16443,3,,0,0,0
16444,CAB-100001000002-DUP2-R16444,3,,0,0,0
16445,CAB-100001000001-DUP2-R16445,3,,0,0,0
16446,CAB-fill000025-DUP2-R16446,3,,0,0,0
16447,CAB-MIGI065005-DUP2-R16447,3,,0,0,0
16448,CAB-ascr009008-DUP2-R16448,3,,18,0,0
16449,CAB-mitz001040-DUP2-R16449,3,,0,0,0
16450,CAB-mitz001065-DUP2-R16450,3,,0,0,0
16451,CAB-mitz002065-DUP2-R16451,3,,0,0,0
16452,CAB-mitz001050-DUP2-R16452,3,,0,0,0
16453,CAB-mitz002080-DUP2-R16453,3,,0,0,0
16454,CAB-mitz001080-DUP2-R16454,3,,0,0,0
16455,CAB-mitz002100-DUP2-R16455,3,,0,0,0
16456,CAB-mitz001100-DUP2-R16456,3,,0,0,0
16457,CAB-mitz002125-DUP2-R16457,3,,0,0,0
16458,CAB-mitz002150-DUP2-R16458,3,,0,0,0
16459,CAB-mitz002200-DUP2-R16459,3,,0,0,0
16460,CAB-mizu001040-DUP2-R16460,3,,0,0,0
16461,CAB-mizu001032-DUP2-R16461,3,,0,0,0
16462,CAB-mizu001065-DUP2-R16462,3,,0,0,0
16463,CAB-mizu001050-DUP2-R16463,3,,0,0,0
16464,CAB-mizu001100-DUP2-R16464,3,,0,0,0
16465,CAB-mizu003040-DUP2-R16465,3,,0,0,0
16466,CAB-mizu003065-DUP2-R16466,3,,0,0,0
16467,CAB-mizu003050-DUP2-R16467,3,,0,0,0
16468,CAB-mizu003080-DUP2-R16468,3,,0,0,0
16469,CAB-mizu003100-DUP2-R16469,3,,0,0,0
16470,CAB-mizu002250-DUP2-R16470,3,,0,0,0
16471,CAB-mizu002300-DUP2-R16471,3,,0,0,0
16472,CAB-mizu002065-DUP2-R16472,3,,0,0,0
16473,CAB-mizu002080-DUP2-R16473,3,,0,0,0
16474,CAB-mizu002100-DUP2-R16474,3,,0,0,0
16475,CAB-mizu002125-DUP2-R16475,3,,0,0,0
16476,CAB-mizu002150-DUP2-R16476,3,,0,0,0
16477,CAB-mizu002200-DUP2-R16477,3,,0,0,0
16478,CAB-mizu004250-DUP2-R16478,3,,0,0,0
16479,CAB-mizu004300-DUP2-R16479,3,,0,0,0
16480,CAB-mizu004065-DUP2-R16480,3,,0,0,0
16481,CAB-mizu004080-DUP2-R16481,3,,0,0,0
16482,CAB-mizu004100-DUP2-R16482,3,,0,0,0
16483,CAB-mizu004125-DUP2-R16483,3,,0,0,0
16484,CAB-mizu004150-DUP2-R16484,3,,0,0,0
16485,CAB-mizu004200-DUP2-R16485,3,,0,0,0
16486,CAB-NUAC004009-DUP2-R16486,3,,0,0,0
16487,CAB-dtal001003-DUP2-R16487,3,,0,0,0
16488,CAB-modu001010-DUP2-R16488,3,,0,0,0
16489,CAB-modu001012-DUP2-R16489,3,,0,0,0
16490,CAB-modu001014-DUP2-R16490,3,,0,0,0
16491,CAB-modu001016-DUP2-R16491,3,,0,0,0
16492,CAB-modu001018-DUP2-R16492,3,,0,0,0
16493,CAB-modu001005-DUP2-R16493,3,,0,0,0
16494,CAB-modu001007-DUP2-R16494,3,,0,0,0
16495,CAB-modu001008-DUP2-R16495,3,,0,0,0
16496,CAB-modu002010-DUP2-R16496,3,,0,0,0
16497,CAB-modu002012-DUP2-R16497,3,,0,0,0
16498,CAB-modu002014-DUP2-R16498,3,,0,0,0
16499,CAB-modu002016-DUP2-R16499,3,,0,0,0
16500,CAB-modu002018-DUP2-R16500,3,,0,0,0
16501,CAB-MODU002020-DUP2-R16501,3,,0,0,0
16502,CAB-modu003010-DUP2-R16502,3,,0,0,0
16503,CAB-modu003012-DUP2-R16503,3,,0,0,0
16504,CAB-modu003014-DUP2-R16504,3,,0,0,0
16505,CAB-modu003016-DUP2-R16505,3,,0,0,0
16506,CAB-modu003004-DUP2-R16506,3,,0,0,0
16507,CAB-modu003006-DUP2-R16507,3,,0,0,0
16508,CAB-modu003008-DUP2-R16508,3,,0,0,0
16509,CAB-modu002004-DUP2-R16509,3,,0,0,0
16510,CAB-modu002005-DUP2-R16510,3,,0,0,0
16511,CAB-modu002006-DUP2-R16511,3,,0,0,0
16512,CAB-modu002008-DUP2-R16512,3,,0,0,0
16513,CAB-modu002009-DUP2-R16513,3,,0,0,0
16514,CAB-modu004004-DUP2-R16514,3,,0,0,0
16515,CAB-regl800001-DUP2-R16515,3,,0,0,0
16516,CAB-MODE080080-DUP2-R16516,3,,0,0,0
16517,CAB-msdu165015-DUP2-R16517,3,,0,0,0
16518,CAB-msdu165076-DUP2-R16518,3,,0,0,0
16519,CAB-NEPE901004-DUP2-R16519,3,,0,0,0
16520,CAB-ascr000013-DUP2-R16520,3,,0,0,0
16521,CAB-nepe901013-DUP2-R16521,3,,9,0,0
16522,CAB-nepe901006-DUP2-R16522,3,,79,0,0
16523,CAB-nepe901005-DUP2-R16523,3,,57,0,0
16524,CAB-NEPE900074-DUP2-R16524,3,,0,0,0
16525,CAB-NEPE900079-DUP2-R16525,3,,0,0,0
16526,CAB-nepe900004-DUP2-R16526,3,,0,0,0
16527,CAB-NEPE901014-DUP2-R16527,3,,0,0,0
16528,CAB-nepe002040-DUP2-R16528,3,,23,0,0
16529,CAB-nepe002032-DUP2-R16529,3,,14,0,0
16530,CAB-nepe002025-DUP2-R16530,3,,52,0,0
16531,CAB-nepe002013-DUP2-R16531,3,,73,0,0
16532,CAB-nepe002006-DUP2-R16532,3,,241,0,0
16533,CAB-nepe002050-DUP2-R16533,3,,3,0,0
16534,CAB-nepe002019-DUP2-R16534,3,,113,0,0
16535,CAB-nepe002010-DUP2-R16535,3,,160,0,0
16536,CAB-mura400050-DUP2-R16536,3,,0,0,0
16537,CAB-mura400100-DUP2-R16537,3,,0,0,0
16538,CAB-mura300100-DUP2-R16538,3,,0,0,0
16539,CAB-regl500002-DUP2-R16539,3,,0,0,0
16540,CAB-regl500001-DUP2-R16540,3,,0,0,0
16541,CAB-nepe004006-DUP2-R16541,3,,0,0,0
16542,CAB-pgnt100015-DUP2-R16542,3,,0,0,0
16543,CAB-pgnt100035-DUP2-R16543,3,,0,0,0
16544,CAB-PGNJ067006-DUP2-R16544,3,,0,0,0
16545,CAB-pgnj066006-DUP2-R16545,3,,0,0,0
16546,CAB-pgnj066100-DUP2-R16546,3,,0,0,0
16547,CAB-pgnj100035-DUP2-R16547,3,,0,0,0
16548,CAB-pgnj100006-DUP2-R16548,3,,0,0,0
16549,CAB-pgnj100000-DUP2-R16549,3,,0,0,0
16550,CAB-pgnt100006-DUP2-R16550,3,,0,0,0
16551,CAB-pgnj100011-DUP2-R16551,3,,0,0,0
16552,CAB-pgnj066010-DUP2-R16552,3,,0,0,0
16553,CAB-pgnj065035-DUP2-R16553,3,,0,0,0
16554,CAB-pgnj066025-DUP2-R16554,3,,0,0,0
16555,CAB-pgnj066015-DUP2-R16555,3,,0,0,0
16556,CAB-pgnj065010-DUP2-R16556,3,,0,0,0
16557,CAB-pgnj065015-DUP2-R16557,3,,0,0,0
16558,CAB-pgnj065020-DUP2-R16558,3,,0,0,0
16559,CAB-pgnj065025-DUP2-R16559,3,,0,0,0
16560,CAB-pgnj065006-DUP2-R16560,3,,0,0,0
16561,CAB-pgnj065003-DUP2-R16561,3,,0,0,0
16562,CAB-pgnj110010-DUP2-R16562,3,,0,0,0
16563,CAB-pgnj110015-DUP2-R16563,3,,0,0,0
16564,CAB-pgnj110020-DUP2-R16564,3,,0,0,0
16565,CAB-pgnj110025-DUP2-R16565,3,,0,0,0
16566,CAB-pgnj110035-DUP2-R16566,3,,0,0,0
16567,CAB-pgnj110006-DUP2-R16567,3,,0,0,0
16568,CAB-pgnj100100-DUP2-R16568,3,,0,0,0
16569,CAB-pgnj100250-DUP2-R16569,3,,0,0,0
16570,CAB-pgnj100070-DUP2-R16570,3,,0,0,0
16571,CAB-pgnt100010-DUP2-R16571,3,,0,0,0
16572,CAB-pgnt100020-DUP2-R16572,3,,0,0,0
16573,CAB-pgnt100025-DUP2-R16573,3,,0,0,0
16574,CAB-pgnj110100-DUP2-R16574,3,,0,0,0
16575,CAB-pgnj110250-DUP2-R16575,3,,0,0,0
16576,CAB-pgnj110070-DUP2-R16576,3,,0,0,0
16577,CAB-pgnj100010-DUP2-R16577,3,,0,0,0
16578,CAB-pgnj100015-DUP2-R16578,3,,0,0,0
16579,CAB-pgnj100020-DUP2-R16579,3,,0,0,0
16580,CAB-pgnj100025-DUP2-R16580,3,,0,0,0
16581,CAB-pgnj081006-DUP2-R16581,3,,0,0,0
16582,CAB-pgnj065000-DUP2-R16582,3,,0,0,0
16583,CAB-NASA000001-DUP2-R16583,3,,0,0,0
16584,CAB-ndvc005015-DUP2-R16584,3,,0,0,0
16585,CAB-ascr030025-DUP2-R16585,3,,0,0,0
16586,CAB-ascr030020-DUP2-R16586,3,,0,0,0
16587,CAB-nspc010003-DUP2-R16587,3,,0,0,0
16588,CAB-nepe900054-DUP2-R16588,3,,0,0,0
16589,CAB-nepe900056-DUP2-R16589,3,,0,0,0
16590,CAB-ADPT001001-DUP2-R16590,3,,0,0,0
16591,CAB-ADPT001000-DUP2-R16591,3,,0,0,0
16592,CAB-ADPT020606-DUP2-R16592,3,,0,0,0
16593,CAB-ADPT020608-DUP2-R16593,3,,0,0,0
16594,CAB-nepe900008-DUP2-R16594,3,,0,0,0
16595,CAB-NBCR000001-DUP2-R16595,3,,0,0,0
16596,CAB-NEPE900057-DUP2-R16596,3,,0,0,0
16597,CAB-nepe900058-DUP2-R16597,3,,0,0,0
16598,CAB-NEPE900029-DUP2-R16598,3,,0,0,0
16599,CAB-NEPE900037-DUP2-R16599,3,,0,0,0
16600,CAB-nepe900010-DUP2-R16600,3,,0,0,0
16601,CAB-NEPE900005-DUP2-R16601,3,,0,0,0
16602,CAB-nepe900001-DUP2-R16602,3,,0,0,0
16603,CAB-nepe900002-DUP2-R16603,3,,0,0,0
16604,CAB-nskn103009-DUP2-R16604,3,,392,0,0
16605,CAB-NEPE006001-DUP2-R16605,3,,0,0,0
16606,CAB-NEPE006002-DUP2-R16606,3,,0,0,0
16607,CAB-npac000013-DUP2-R16607,3,,0,0,0
16608,CAB-npac000006-DUP2-R16608,3,,0,0,0
16609,CAB-npac000019-DUP2-R16609,3,,0,0,0
16610,CAB-npac000009-DUP2-R16610,3,,0,0,0
16611,CAB-npac000016-DUP2-R16611,3,,0,0,0
16612,CAB-nepe900041-DUP2-R16612,3,,0,0,0
16613,CAB-nepe900044-DUP2-R16613,3,,0,0,0
16614,CAB-nepe900024-DUP2-R16614,3,,0,0,0
16615,CAB-pacr121616-DUP2-R16615,3,,0,0,0
16616,CAB-pacr091220-DUP2-R16616,3,,0,0,0
16617,CAB-pacr162015-DUP2-R16617,3,,0,0,0
16618,CAB-pacr091218-DUP2-R16618,3,,0,0,0
16619,CAB-pacr091216-DUP2-R16619,3,,0,0,0
16620,CAB-pacr162014-DUP2-R16620,3,,0,0,0
16621,CAB-nepe900020-DUP2-R16621,3,,87,0,0
16622,CAB-nepe900021-DUP2-R16622,3,,0,0,0
16623,CAB-nspc006015-DUP2-R16623,3,,0,0,0
16624,CAB-nspc006006-DUP2-R16624,3,,0,0,0
16625,CAB-nspc006003-DUP2-R16625,3,,0,0,0
16626,CAB-nspc006009-DUP2-R16626,3,,0,0,0
16627,CAB-nspc008015-DUP2-R16627,3,,0,0,0
16628,CAB-nspc008006-DUP2-R16628,3,,0,0,0
16629,CAB-nspc008003-DUP2-R16629,3,,0,0,0
16630,CAB-nspc008009-DUP2-R16630,3,,0,0,0
16631,CAB-nspc010015-DUP2-R16631,3,,0,0,0
16632,CAB-nspc010009-DUP2-R16632,3,,0,0,0
16633,CAB-nspc012015-DUP2-R16633,3,,0,0,0
16634,CAB-nspc012006-DUP2-R16634,3,,0,0,0
16635,CAB-nspc012009-DUP2-R16635,3,,0,0,0
16636,CAB-sptu000006-DUP2-R16636,3,,0,0,0
16637,CAB-sptu000008-DUP2-R16637,3,,0,0,0
16638,CAB-nspy001006-DUP2-R16638,3,,0,0,0
16639,CAB-NEPE004002-DUP2-R16639,3,,0,0,0
16640,CAB-nsbs040040-DUP2-R16640,3,,0,0,0
16641,CAB-nsbs032032-DUP2-R16641,3,,0,0,0
16642,CAB-nsbs025025-DUP2-R16642,3,,0,0,0
16643,CAB-nsbs065065-DUP2-R16643,3,,0,0,0
16644,CAB-nsbs080080-DUP2-R16644,3,,0,0,0
16645,CAB-nsbs100100-DUP2-R16645,3,,0,0,0
16646,CAB-nsbs050050-DUP2-R16646,3,,0,0,0
16647,CAB-nepe001013-DUP2-R16647,3,,0,0,0
16648,CAB-nepe001006-DUP2-R16648,3,,2,0,0
16649,CAB-nepe001019-DUP2-R16649,3,,0,0,0
16650,CAB-nepe001009-DUP2-R16650,3,,144,0,0
16651,CAB-nepe001008-DUP2-R16651,3,,0,0,0
16652,CAB-nepe001016-DUP2-R16652,3,,14,0,0
16653,CAB-NSCR003008-DUP2-R16653,3,,0,0,0
16654,CAB-nscr040040-DUP2-R16654,3,,0,0,0
16655,CAB-nscr065065-DUP2-R16655,3,,0,0,0
16656,CAB-nscr050050-DUP2-R16656,3,,0,0,0
16657,CAB-nscr080080-DUP2-R16657,3,,0,0,0
16658,CAB-nskn115013-DUP2-R16658,3,,0,0,0
16659,CAB-NSKN103003-DUP2-R16659,3,,0,0,0
16660,CAB-nskn120016-DUP2-R16660,3,,0,0,0
16661,CAB-nskn120013-DUP2-R16661,3,,0,0,0
16662,CAB-NSKN006007-DUP2-R16662,3,,9,0,0
16663,CAB-nskn040040-DUP2-R16663,3,,0,0,0
16664,CAB-nskn040015-DUP2-R16664,3,,0,0,0
16665,CAB-nskn040032-DUP2-R16665,3,,0,0,0
16666,CAB-nskn040025-DUP2-R16666,3,,0,0,0
16667,CAB-nskn032032-DUP2-R16667,3,,1,0,0
16668,CAB-nskn032040-DUP2-R16668,3,,0,0,0
16669,CAB-nskn032025-DUP2-R16669,3,,0,0,0
16670,CAB-nskn025025-DUP2-R16670,3,,0,0,0
16671,CAB-nskn025015-DUP2-R16671,3,,10,0,0
16672,CAB-nskn025032-DUP2-R16672,3,,0,0,0
16673,CAB-nskn025019-DUP2-R16673,3,,0,0,0
16674,CAB-nskn025009-DUP2-R16674,3,,0,0,0
16675,CAB-nskn025016-DUP2-R16675,3,,0,0,0
16676,CAB-nskn015013-DUP2-R16676,3,,79,0,0
16677,CAB-nskn015006-DUP2-R16677,3,,178,0,0
16678,CAB-nskn015019-DUP2-R16678,3,,14,0,0
16679,CAB-nskn015009-DUP2-R16679,3,,186,20,0
16680,CAB-nskn015008-DUP2-R16680,3,,0,0,0
16681,CAB-nskn015016-DUP2-R16681,3,,0,0,0
16682,CAB-nskn006006-DUP2-R16682,3,,86,0,0
16683,CAB-nskn006009-DUP2-R16683,3,,142,0,0
16684,CAB-nskn006008-DUP2-R16684,3,,0,0,0
16685,CAB-nskn006013-DUP2-R16685,3,,0,0,0
16686,CAB-nskn006003-DUP2-R16686,3,,0,0,0
16687,CAB-nskn003003-DUP2-R16687,3,,148,0,0
16688,CAB-nskn003013-DUP2-R16688,3,,0,0,0
16689,CAB-nskn003006-DUP2-R16689,3,,0,0,0
16690,CAB-nskn050050-DUP2-R16690,3,,1,0,0
16691,CAB-nskn050040-DUP2-R16691,3,,0,0,0
16692,CAB-nskn050032-DUP2-R16692,3,,0,0,0
16693,CAB-nskn050025-DUP2-R16693,3,,0,0,0
16694,CAB-nskn020006-DUP2-R16694,3,,48,0,0
16695,CAB-nskn020019-DUP2-R16695,3,,0,0,0
16696,CAB-nskn020009-DUP2-R16696,3,,0,0,0
16697,CAB-nskn020016-DUP2-R16697,3,,0,0,0
16698,CAB-nskn020025-DUP2-R16698,3,,0,0,0
16699,CAB-nskn020013-DUP2-R16699,3,,2,0,0
16700,CAB-nskn020008-DUP2-R16700,3,,0,0,0
16701,CAB-nskn009009-DUP2-R16701,3,,171,0,0
16702,CAB-nskn009013-DUP2-R16702,3,,0,0,0
16703,CAB-nskn009006-DUP2-R16703,3,,0,0,0
16704,CAB-nskn009008-DUP2-R16704,3,,0,0,0
16705,CAB-nskn009016-DUP2-R16705,3,,0,0,0
16706,CAB-nskn003008-DUP2-R16706,3,,0,0,0
16707,CAB-nskn006002-DUP2-R16707,3,,0,0,0
16708,CAB-nskn003009-DUP2-R16708,3,,0,0,0
16709,CAB-nepe900050-DUP2-R16709,3,,0,0,0
16710,CAB-nepe900048-DUP2-R16710,3,,0,0,0
16711,CAB-nepe900051-DUP2-R16711,3,,0,0,0
16712,CAB-nepe900049-DUP2-R16712,3,,0,0,0
16713,CAB-nepe900046-DUP2-R16713,3,,0,0,0
16714,CAB-NEPE900098-DUP2-R16714,3,,0,0,0
16715,CAB-buat000004-DUP2-R16715,3,,0,0,0
16716,CAB-nepe900022-DUP2-R16716,3,,0,0,0
16717,CAB-nepe900052-DUP2-R16717,3,,0,0,0
16718,CAB-nspc010006-DUP2-R16718,3,,0,0,0
16719,CAB-AGAS006017-DUP2-R16719,3,,0,0,0
16720,CAB-nibc004016-DUP2-R16720,3,,0,0,0
16721,CAB-nibc003013-DUP2-R16721,3,,0,0,0
16722,CAB-nibc003054-DUP2-R16722,3,,0,0,0
16723,CAB-nibc003022-DUP2-R16723,3,,0,0,0
16724,CAB-ascr008001-DUP2-R16724,3,,0,0,0
16725,CAB-buat000003-DUP2-R16725,3,,0,0,0
16726,CAB-ascr000056-DUP2-R16726,3,,0,0,0
16727,CAB-NRDA030030-DUP2-R16727,3,,0,0,0
16728,CAB-NRDA037037-DUP2-R16728,3,,0,0,0
16729,CAB-ascr013002-DUP2-R16729,3,,0,0,0
16730,CAB-pgau075016-DUP2-R16730,3,,0,0,0
16731,CAB-nuac001013-DUP2-R16731,3,,0,0,0
16732,CAB-nuac001006-DUP2-R16732,3,,0,0,0
16733,CAB-nuac001019-DUP2-R16733,3,,0,0,0
16734,CAB-nuac001009-DUP2-R16734,3,,0,0,0
16735,CAB-NUAC001008-DUP2-R16735,3,,0,0,0
16736,CAB-nuac001016-DUP2-R16736,3,,0,0,0
16737,CAB-nuac002013-DUP2-R16737,3,,0,0,0
16738,CAB-nuac002006-DUP2-R16738,3,,0,0,0
16739,CAB-nuac002019-DUP2-R16739,3,,0,0,0
16740,CAB-nuac002009-DUP2-R16740,3,,0,0,0
16741,CAB-nuac002016-DUP2-R16741,3,,0,0,0
16742,CAB-OBDG030020-DUP2-R16742,3,,0,0,0
16743,CAB-agas001005-DUP2-R16743,3,,0,0,0
16744,CAB-agas001006-DUP2-R16744,3,,0,0,0
16745,CAB-olis003002-DUP2-R16745,3,,0,0,0
16746,CAB-olis003004-DUP2-R16746,3,,0,0,0
16747,CAB-olis003006-DUP2-R16747,3,,0,0,0
16748,CAB-agas006013-DUP2-R16748,3,,0,0,0
16749,CAB-agas006012-DUP2-R16749,3,,0,0,0
16750,CAB-onda004025-DUP2-R16750,3,,0,0,0
16751,CAB-onda004015-DUP2-R16751,3,,0,0,0
16752,CAB-onda004050-DUP2-R16752,3,,0,0,0
16753,CAB-onda004020-DUP2-R16753,3,,0,0,0
16754,CAB-onda008050-DUP2-R16754,3,,0,0,0
16755,CAB-onda001065-DUP2-R16755,3,,0,0,0
16756,CAB-onda001050-DUP2-R16756,3,,0,0,0
16757,CAB-onda001100-DUP2-R16757,3,,0,0,0
16758,CAB-onda001150-DUP2-R16758,3,,0,0,0
16759,CAB-onda003150-DUP2-R16759,3,,0,0,0
16760,CAB-onda002040-DUP2-R16760,3,,0,0,0
16761,CAB-onda002032-DUP2-R16761,3,,0,0,0
16762,CAB-onda002025-DUP2-R16762,3,,0,0,0
16763,CAB-onda002015-DUP2-R16763,3,,0,0,0
16764,CAB-onda002065-DUP2-R16764,3,,0,0,0
16765,CAB-onda002050-DUP2-R16765,3,,0,0,0
16766,CAB-onda002080-DUP2-R16766,3,,0,0,0
16767,CAB-onda002100-DUP2-R16767,3,,0,0,0
16768,CAB-onda005015-DUP2-R16768,3,,0,0,0
16769,CAB-onda006020-DUP2-R16769,3,,0,0,0
16770,CAB-onda007032-DUP2-R16770,3,,0,0,0
16771,CAB-onda007015-DUP2-R16771,3,,0,0,0
16772,CAB-onda007020-DUP2-R16772,3,,0,0,0
16773,CAB-danf002001-DUP2-R16773,3,,0,0,0
16774,CAB-pgau101010-DUP2-R16774,3,,0,0,0
16775,CAB-pgau101000-DUP2-R16775,3,,0,0,0
16776,CAB-agas006014-DUP2-R16776,3,,0,0,0
16777,CAB-agas004014-DUP2-R16777,3,,0,0,0
16778,CAB-agas004010-DUP2-R16778,3,,0,0,0
16779,CAB-agas004009-DUP2-R16779,3,,0,0,0
16780,CAB-agas004027-DUP2-R16780,3,,0,0,0
16781,CAB-agas004015-DUP2-R16781,3,,0,0,0
16782,CAB-agas004017-DUP2-R16782,3,,0,0,0
16783,CAB-ascr020011-DUP2-R16783,3,,0,0,0
16784,CAB-PEFT121715-DUP2-R16784,3,,0,0,0
16785,CAB-onda006025-DUP2-R16785,3,,0,0,0
16786,CAB-ascr015020-DUP2-R16786,3,,0,0,0
16787,CAB-penk000100-DUP2-R16787,3,,0,0,0
16788,CAB-regb000005-DUP2-R16788,3,,0,0,0
16789,CAB-regb000013-DUP2-R16789,3,,0,0,0
16790,CAB-100002000001-DUP2-R16790,3,,0,0,0
16791,CAB-100002000002-DUP2-R16791,3,,0,0,0
16792,CAB-agas005014-DUP2-R16792,3,,0,0,0
16793,CAB-agas005018-DUP2-R16793,3,,0,0,0
16794,CAB-AGAS005019-DUP2-R16794,3,,0,0,0
16795,CAB-agas005013-DUP2-R16795,3,,0,0,0
16796,CAB-agas005012-DUP2-R16796,3,,0,0,0
16797,CAB-agas005010-DUP2-R16797,3,,0,0,0
16798,CAB-agas005015-DUP2-R16798,3,,0,0,0
16799,CAB-AGAS005020-DUP2-R16799,3,,0,0,0
16800,CAB-AGAS005021-DUP2-R16800,3,,0,0,0
16801,CAB-AGAS005023-DUP2-R16801,3,,0,0,0
16802,CAB-AGAS005024-DUP2-R16802,3,,0,0,0
16803,CAB-agas005031-DUP2-R16803,3,,0,0,0
16804,CAB-agas005032-DUP2-R16804,3,,0,0,0
16805,CAB-agas005016-DUP2-R16805,3,,0,0,0
16806,CAB-agas005017-DUP2-R16806,3,,0,0,0
16807,CAB-agas005005-DUP2-R16807,3,,0,0,0
16808,CAB-AGAS005026-DUP2-R16808,3,,0,0,0
16809,CAB-pace213019-DUP2-R16809,3,,0,0,0
16810,CAB-pace213119-DUP2-R16810,3,,0,0,0
16811,CAB-pace006013-DUP2-R16811,3,,0,0,0
16812,CAB-pace106013-DUP2-R16812,3,,0,0,0
16813,CAB-PACE206013-DUP2-R16813,3,,0,0,0
16814,CAB-pace106009-DUP2-R16814,3,,0,0,0
16815,CAB-PACE206009-DUP2-R16815,3,,0,0,0
16816,CAB-pace106016-DUP2-R16816,3,,0,0,0
16817,CAB-pace206016-DUP2-R16817,3,,0,0,0
16818,CAB-PACE006012-DUP2-R16818,3,,0,0,0
16819,CAB-pace006009-DUP2-R16819,3,,0,0,0
16820,CAB-pace006016-DUP2-R16820,3,,0,0,0
16821,CAB-pace109013-DUP2-R16821,3,,0,0,0
16822,CAB-pace109019-DUP2-R16822,3,,0,0,0
16823,CAB-pace209019-DUP2-R16823,3,,0,0,0
16824,CAB-pace009016-DUP2-R16824,3,,0,0,0
16825,CAB-pace109016-DUP2-R16825,3,,0,0,0
16826,CAB-pace209016-DUP2-R16826,3,,0,0,0
16827,CAB-ascr000015-DUP2-R16827,3,,0,0,0
16828,CAB-ascr000012-DUP2-R16828,3,,0,0,0
16829,CAB-pibm001040-DUP2-R16829,3,,0,0,0
16830,CAB-pibm001032-DUP2-R16830,3,,0,0,0
16831,CAB-pibm001025-DUP2-R16831,3,,0,0,0
16832,CAB-pibm001015-DUP2-R16832,3,,0,0,0
16833,CAB-pibm001065-DUP2-R16833,3,,0,0,0
16834,CAB-pibm001050-DUP2-R16834,3,,0,0,0
16835,CAB-pibm001080-DUP2-R16835,3,,0,0,0
16836,CAB-pibm001020-DUP2-R16836,3,,0,0,0
16837,CAB-pibm001100-DUP2-R16837,3,,0,0,0
16838,CAB-pibm001125-DUP2-R16838,3,,0,0,0
16839,CAB-pibm001150-DUP2-R16839,3,,0,0,0
16840,CAB-pibm001200-DUP2-R16840,3,,0,0,0
16841,CAB-pibw140040-DUP2-R16841,3,,0,0,0
16842,CAB-pibw140025-DUP2-R16842,3,,0,0,0
16843,CAB-pibw140015-DUP2-R16843,3,,0,0,0
16844,CAB-pibw140006-DUP2-R16844,3,,0,0,0
16845,CAB-pibw140300-DUP2-R16845,3,,0,0,0
16846,CAB-pibw140065-DUP2-R16846,3,,0,0,0
16847,CAB-pibw140050-DUP2-R16847,3,,0,0,0
16848,CAB-pibw140080-DUP2-R16848,3,,0,0,0
16849,CAB-pibw140020-DUP2-R16849,3,,0,0,0
16850,CAB-pibw140010-DUP2-R16850,3,,0,0,0
16851,CAB-pibw140100-DUP2-R16851,3,,0,0,0
16852,CAB-pibw140125-DUP2-R16852,3,,0,0,0
16853,CAB-pibw140200-DUP2-R16853,3,,0,0,0
16854,CAB-pibw040250-DUP2-R16854,3,,0,0,0
16855,CAB-pibw040300-DUP2-R16855,3,,0,0,0
16856,CAB-pibw040400-DUP2-R16856,3,,0,0,0
16857,CAB-pibw040450-DUP2-R16857,3,,0,0,0
16858,CAB-pibw040065-DUP2-R16858,3,,0,0,0
16859,CAB-pibw001010-DUP2-R16859,3,,0,0,0
16860,CAB-pibw040100-DUP2-R16860,3,,0,0,0
16861,CAB-pibw040125-DUP2-R16861,3,,0,0,0
16862,CAB-pibw040150-DUP2-R16862,3,,0,0,0
16863,CAB-pibw040200-DUP2-R16863,3,,0,0,0
16864,CAB-pibw080025-DUP2-R16864,3,,0,0,0
16865,CAB-pibw080020-DUP2-R16865,3,,0,0,0
16866,CAB-cuni016120-DUP2-R16866,3,,0,0,0
16867,CAB-buat000001-DUP2-R16867,3,,0,0,0
16868,CAB-PTBE028091-DUP2-R16868,3,,581,0,0
16869,CAB-PTBE013150-DUP2-R16869,3,,0,0,0
16870,CAB-PTBE015071-DUP2-R16870,3,,4321,0,0
16871,CAB-pigm001032-DUP2-R16871,3,,0,0,0
16872,CAB-PIIC040025-DUP2-R16872,3,,0,0,0
16873,CAB-piic040006-DUP2-R16873,3,,0,0,0
16874,CAB-piic040040-DUP2-R16874,3,,0,0,0
16875,CAB-piic040080-DUP2-R16875,3,,0,0,0
16876,CAB-piic040032-DUP2-R16876,3,,0,0,0
16877,CAB-piic040050-DUP2-R16877,3,,0,0,0
16878,CAB-ascr000011-DUP2-R16878,3,,0,0,0
16879,CAB-ascr021054-DUP2-R16879,3,,0,0,0
16880,CAB-ascr021007-DUP2-R16880,3,,0,0,0
16881,CAB-ascr021008-DUP2-R16881,3,,0,0,0
16882,CAB-pacr009006-DUP2-R16882,3,,0,0,0
16883,CAB-pacr713019-DUP2-R16883,3,,0,0,0
16884,CAB-pacr009012-DUP2-R16884,3,,0,0,0
16885,CAB-pacr016020-DUP2-R16885,3,,0,0,0
16886,CAB-pacr009010-DUP2-R16886,3,,0,0,0
16887,CAB-pacr012016-DUP2-R16887,3,,0,0,0
16888,CAB-001005131913-DUP2-R16888,3,,0,0,0
16889,CAB-001005131933-DUP2-R16889,3,,0,0,0
16890,CAB-001005131914-DUP2-R16890,3,,0,0,0
16891,CAB-001005131934-DUP2-R16891,3,,0,0,0
16892,CAB-001005061312-DUP2-R16892,3,,0,0,0
16893,CAB-001005061332-DUP2-R16893,3,,0,0,0
16894,CAB-001005060912-DUP2-R16894,3,,0,0,0
16895,CAB-001005060932-DUP2-R16895,3,,0,0,0
16896,CAB-001005061612-DUP2-R16896,3,,0,0,0
16897,CAB-001005061632-DUP2-R16897,3,,0,0,0
16898,CAB-001005061333-DUP2-R16898,3,,0,0,0
16899,CAB-001005060913-DUP2-R16899,3,,0,0,0
16900,CAB-001005060933-DUP2-R16900,3,,0,0,0
16901,CAB-001005061613-DUP2-R16901,3,,0,0,0
16902,CAB-001005061633-DUP2-R16902,3,,0,0,0
16903,CAB-001005061314-DUP2-R16903,3,,0,0,0
16904,CAB-001005061334-DUP2-R16904,3,,0,0,0
16905,CAB-001005060914-DUP2-R16905,3,,0,0,0
16906,CAB-001005060934-DUP2-R16906,3,,0,0,0
16907,CAB-001005061614-DUP2-R16907,3,,0,0,0
16908,CAB-001005061634-DUP2-R16908,3,,0,0,0
16909,CAB-001005061313-DUP2-R16909,3,,0,0,0
16910,CAB-001005091912-DUP2-R16910,3,,0,0,0
16911,CAB-001005091932-DUP2-R16911,3,,0,0,0
16912,CAB-001005091612-DUP2-R16912,3,,0,0,0
16913,CAB-001005091632-DUP2-R16913,3,,0,0,0
16914,CAB-001005091913-DUP2-R16914,3,,0,0,0
16915,CAB-001005091933-DUP2-R16915,3,,0,0,0
16916,CAB-001005091633-DUP2-R16916,3,,0,0,0
16917,CAB-001005091914-DUP2-R16917,3,,0,0,0
16918,CAB-001005091934-DUP2-R16918,3,,0,0,0
16919,CAB-001005091614-DUP2-R16919,3,,0,0,0
16920,CAB-001005091634-DUP2-R16920,3,,0,0,0
16921,CAB-piss010015-DUP2-R16921,3,,0,0,0
16922,CAB-piss040015-DUP2-R16922,3,,0,0,0
16923,CAB-piss010032-DUP2-R16923,3,,0,0,0
16924,CAB-piss010010-DUP2-R16924,3,,0,0,0
16925,CAB-PTRE013056-DUP2-R16925,3,,11,0,0
16926,CAB-PTBE028100-DUP2-R16926,3,,0,0,0
16927,CAB-PTBE019300-DUP2-R16927,3,,0,0,0
16928,CAB-PTRE008045-DUP2-R16928,3,,4,0,0
16929,CAB-PTBE008200-DUP2-R16929,3,,280,0,0
16930,CAB-ascr000006-DUP2-R16930,3,,0,0,0
16931,CAB-ascr000005-DUP2-R16931,3,,0,0,0
16932,CAB-susp001003-DUP2-R16932,3,,0,0,0
16933,CAB-susp001040-DUP2-R16933,3,,0,0,0
16934,CAB-susp001050-DUP2-R16934,3,,0,0,0
16935,CAB-susp001080-DUP2-R16935,3,,0,0,0
16936,CAB-susp002050-DUP2-R16936,3,,0,0,0
16937,CAB-ascr022013-DUP2-R16937,3,,0,0,0
16938,CAB-susp000080-DUP2-R16938,3,,0,0,0
16939,CAB-gald250015-DUP2-R16939,3,,0,0,0
16940,CAB-gald250040-DUP2-R16940,3,,0,0,0
16941,CAB-gald250032-DUP2-R16941,3,,0,0,0
16942,CAB-gald250025-DUP2-R16942,3,,0,0,0
16943,CAB-gald250065-DUP2-R16943,3,,0,0,0
16944,CAB-gald250050-DUP2-R16944,3,,0,0,0
16945,CAB-gald250080-DUP2-R16945,3,,0,0,0
16946,CAB-gald250020-DUP2-R16946,3,,0,0,0
16947,CAB-tspb600040-DUP2-R16947,3,,0,0,0
16948,CAB-tspb600032-DUP2-R16948,3,,0,0,0
16949,CAB-tspb600065-DUP2-R16949,3,,0,0,0
16950,CAB-tspb600050-DUP2-R16950,3,,0,0,0
16951,CAB-gald150040-DUP2-R16951,3,,0,0,0
16952,CAB-gald150032-DUP2-R16952,3,,0,0,0
16953,CAB-gald150025-DUP2-R16953,3,,0,0,0
16954,CAB-gald150050-DUP2-R16954,3,,0,0,0
16955,CAB-gald150065-DUP2-R16955,3,,0,0,0
16956,CAB-gald150080-DUP2-R16956,3,,0,0,0
16957,CAB-gald150020-DUP2-R16957,3,,0,0,0
16958,CAB-tspg600040-DUP2-R16958,3,,0,0,0
16959,CAB-tspg600032-DUP2-R16959,3,,0,0,0
16960,CAB-tspg600025-DUP2-R16960,3,,0,0,0
16961,CAB-tspg600065-DUP2-R16961,3,,0,0,0
16962,CAB-tspg600050-DUP2-R16962,3,,0,0,0
16963,CAB-tspg600020-DUP2-R16963,3,,0,0,0
16964,CAB-pdkn100025-DUP2-R16964,3,,0,0,0
16965,CAB-pdkn100015-DUP2-R16965,3,,0,0,0
16966,CAB-pdkn100006-DUP2-R16966,3,,0,0,0
16967,CAB-pdkn100003-DUP2-R16967,3,,0,0,0
16968,CAB-pdkn100020-DUP2-R16968,3,,0,0,0
16969,CAB-pdkn100009-DUP2-R16969,3,,0,0,0
16970,CAB-PDKN200006-DUP2-R16970,3,,0,0,0
16971,CAB-ascr000058-DUP2-R16971,3,,0,0,0
16972,CAB-poly000004-DUP2-R16972,3,,0,0,0
16973,CAB-POLY000006-DUP2-R16973,3,,0,0,0
16974,CAB-poly002010-DUP2-R16974,3,,0,0,0
16975,CAB-poly001010-DUP2-R16975,3,,0,0,0
16976,CAB-poly001012-DUP2-R16976,3,,0,0,0
16977,CAB-poly001014-DUP2-R16977,3,,0,0,0
16978,CAB-poly001004-DUP2-R16978,3,,0,0,0
16979,CAB-poly001006-DUP2-R16979,3,,0,0,0
16980,CAB-poly001008-DUP2-R16980,3,,0,0,0
16981,CAB-poly002004-DUP2-R16981,3,,0,0,0
16982,CAB-poly002012-DUP2-R16982,3,,0,0,0
16983,CAB-poly002014-DUP2-R16983,3,,0,0,0
16984,CAB-poly002006-DUP2-R16984,3,,0,0,0
16985,CAB-poly002008-DUP2-R16985,3,,0,0,0
16986,CAB-pffd001250-DUP2-R16986,3,,0,0,0
16987,CAB-pffd001300-DUP2-R16987,3,,5,5,0
16988,CAB-pffd001100-DUP2-R16988,3,,103,50,0
16989,CAB-pffd002150-DUP2-R16989,3,,0,0,0
16990,CAB-pffd001150-DUP2-R16990,3,,0,0,0
16991,CAB-pott001065-DUP2-R16991,3,,0,0,0
16992,CAB-pott001100-DUP2-R16992,3,,0,0,0
16993,CAB-pott001150-DUP2-R16993,3,,0,0,0
16994,CAB-pott001050-DUP2-R16994,3,,0,0,0
16995,CAB-POTT003100-DUP2-R16995,3,,0,0,0
16996,CAB-PREF060060-DUP2-R16996,3,,0,0,0
16997,CAB-PREF060030-DUP2-R16997,3,,0,0,0
16998,CAB-pres020030-DUP2-R16998,3,,0,0,0
16999,CAB-pres015400-DUP2-R16999,3,,0,0,0
17000,CAB-PRES015500-DUP2-R17000,3,,0,0,0
17001,CAB-PAGA070080-DUP2-R17001,3,,0,0,0
17002,CAB-pgfa065040-DUP2-R17002,3,,0,0,0
17003,CAB-pgfa065004-DUP2-R17003,3,,0,0,0
17004,CAB-pgfa100002-DUP2-R17004,3,,0,0,0
17005,CAB-pgfa100040-DUP2-R17005,3,,0,0,0
17006,CAB-pgfa100004-DUP2-R17006,3,,0,0,0
17007,CAB-pgfa100060-DUP2-R17007,3,,0,0,0
17008,CAB-pgfa100006-DUP2-R17008,3,,0,0,0
17009,CAB-pgmk001000-DUP2-R17009,3,,0,0,0
17010,CAB-pgmk002000-DUP2-R17010,3,,0,0,0
17011,CAB-pgmk000500-DUP2-R17011,3,,0,0,0
17012,CAB-ascr010005-DUP2-R17012,3,,0,0,0
17013,CAB-008002000101-DUP2-R17013,3,,0,0,0
17014,CAB-008002000103-DUP2-R17014,3,,0,0,0
17015,CAB-008002000106-DUP2-R17015,3,,0,0,0
17016,CAB-008002000110-DUP2-R17016,3,,0,0,0
17017,CAB-008002000120-DUP2-R17017,3,,0,0,0
17018,CAB-008002000130-DUP2-R17018,3,,0,0,0
17019,CAB-008001100110-DUP2-R17019,3,,0,0,0
17020,CAB-008001100101-DUP2-R17020,3,,0,0,0
17021,CAB-008001100103-DUP2-R17021,3,,0,0,0
17022,CAB-008001100106-DUP2-R17022,3,,0,0,0
17023,CAB-008001100120-DUP2-R17023,3,,0,0,0
17024,CAB-008001100130-DUP2-R17024,3,,0,0,0
17025,CAB-agas012003-DUP2-R17025,3,,0,0,0
17026,CAB-pgau067025-DUP2-R17026,3,,0,0,0
17027,CAB-pgau067100-DUP2-R17027,3,,0,0,0
17028,CAB-pgau067010-DUP2-R17028,3,,0,0,0
17029,CAB-PGAU100007-DUP2-R17029,3,,0,0,0
17030,CAB-SMED006001-DUP2-R17030,3,,0,0,0
17031,CAB-regl400002-DUP2-R17031,3,,0,0,0
17032,CAB-regl400005-DUP2-R17032,3,,0,0,0
17033,CAB-regl400006-DUP2-R17033,3,,0,0,0
17034,CAB-regl400003-DUP2-R17034,3,,0,0,0
17035,CAB-regl400004-DUP2-R17035,3,,0,0,0
17036,CAB-regl400001-DUP2-R17036,3,,0,0,0
17037,CAB-prvt000032-DUP2-R17037,3,,0,0,0
17038,CAB-prvt000033-DUP2-R17038,3,,0,0,0
17039,CAB-prvt000040-DUP2-R17039,3,,0,0,0
17040,CAB-prvt001040-DUP2-R17040,3,,0,0,0
17041,CAB-prvt001025-DUP2-R17041,3,,0,0,0
17042,CAB-prvt702040-DUP2-R17042,3,,0,0,0
17043,CAB-prvt702065-DUP2-R17043,3,,0,0,0
17044,CAB-prvt702050-DUP2-R17044,3,,0,0,0
17045,CAB-prvt702080-DUP2-R17045,3,,0,0,0
17046,CAB-prvt702100-DUP2-R17046,3,,0,0,0
17047,CAB-prvt702150-DUP2-R17047,3,,0,0,0
17048,CAB-prvt702200-DUP2-R17048,3,,0,0,0
17049,CAB-prvt001020-DUP2-R17049,3,,0,0,0
17050,CAB-prvt001100-DUP2-R17050,3,,0,0,0
17051,CAB-prsy006025-DUP2-R17051,3,,0,0,0
17052,CAB-prvt000041-DUP2-R17052,3,,0,0,0
17053,CAB-prvt000025-DUP2-R17053,3,,0,0,0
17054,CAB-prvt000026-DUP2-R17054,3,,0,0,0
17055,CAB-prvt000065-DUP2-R17055,3,,0,0,0
17056,CAB-prvt000051-DUP2-R17056,3,,0,0,0
17057,CAB-prvt000020-DUP2-R17057,3,,0,0,0
17058,CAB-prvt000050-DUP2-R17058,3,,0,0,0
17059,CAB-prvt016065-DUP2-R17059,3,,0,0,0
17060,CAB-prvt016050-DUP2-R17060,3,,0,0,0
17061,CAB-prvt016080-DUP2-R17061,3,,0,0,0
17062,CAB-prvt016100-DUP2-R17062,3,,0,0,0
17063,CAB-prvt016150-DUP2-R17063,3,,0,0,0
17064,CAB-prvt000080-DUP2-R17064,3,,0,0,0
17065,CAB-prvt000100-DUP2-R17065,3,,0,0,0
17066,CAB-prvt000015-DUP2-R17066,3,,0,0,0
17067,CAB-prvt000150-DUP2-R17067,3,,0,0,0
17068,CAB-TRED054041-DUP2-R17068,3,,0,0,0
17069,CAB-010010000013-DUP2-R17069,3,,0,0,0
17070,CAB-010010000006-DUP2-R17070,3,,0,0,0
17071,CAB-010010000019-DUP2-R17071,3,,0,0,0
17072,CAB-010010000016-DUP2-R17072,3,,0,0,0
17073,CAB-013003000001-DUP2-R17073,3,,0,0,0
17074,CAB-PUED110015-DUP2-R17074,3,,0,0,0
17075,CAB-PUED112015-DUP2-R17075,3,,0,0,0
17076,CAB-PUED112009-DUP2-R17076,3,,0,0,0
17077,CAB-PUED106009-DUP2-R17077,3,,0,0,0
17078,CAB-PUED108009-DUP2-R17078,3,,0,0,0
17079,CAB-NPUE012012-DUP2-R17079,3,,0,0,0
17080,CAB-NPUE106106-DUP2-R17080,3,,0,0,0
17081,CAB-NPUE008008-DUP2-R17081,3,,0,0,0
17082,CAB-NPUS306006-DUP2-R17082,3,,0,0,0
17083,CAB-NPUS308008-DUP2-R17083,3,,0,0,0
17084,CAB-NPUS410015-DUP2-R17084,3,,0,0,0
17085,CAB-NPUS410006-DUP2-R17085,3,,0,0,0
17086,CAB-NPUS408006-DUP2-R17086,3,,0,0,0
17087,CAB-NPUS410009-DUP2-R17087,3,,0,0,0
17088,CAB-NPUS408009-DUP2-R17088,3,,0,0,0
17089,CAB-putb000010-DUP2-R17089,3,,0,0,0
17090,CAB-putb000012-DUP2-R17090,3,,0,0,0
17091,CAB-putb000006-DUP2-R17091,3,,0,0,0
17092,CAB-putb000008-DUP2-R17092,3,,0,0,0
17093,CAB-NSPY001004-DUP2-R17093,3,,0,0,0
17094,CAB-ascr000024-DUP2-R17094,3,,0,0,0
17095,CAB-RAGD010025-DUP2-R17095,3,,0,0,0
17096,CAB-RAGA510010-DUP2-R17096,3,,0,0,0
17097,CAB-RAGA010010-DUP2-R17097,3,,0,0,0
17098,CAB-raga010020-DUP2-R17098,3,,0,0,0
17099,CAB-RAGA100010-DUP2-R17099,3,,0,0,0
17100,CAB-raga100015-DUP2-R17100,3,,0,0,0
17101,CAB-raga100025-DUP2-R17101,3,,0,0,0
17102,CAB-RAGA100030-DUP2-R17102,3,,0,0,0
17103,CAB-raga100035-DUP2-R17103,3,,0,0,0
17104,CAB-raga101041-DUP2-R17104,3,,0,0,0
17105,CAB-raga100050-DUP2-R17105,3,,0,0,0
17106,CAB-RAGA100040-DUP2-R17106,3,,0,0,0
17107,CAB-RAGA100065-DUP2-R17107,3,,0,0,0
17108,CAB-RAGA102024-DUP2-R17108,3,,0,0,0
17109,CAB-RAGA103026-DUP2-R17109,3,,0,0,0
17110,CAB-raga109145-DUP2-R17110,3,,0,0,0
17111,CAB-raga110015-DUP2-R17111,3,,0,0,0
17112,CAB-raga114019-DUP2-R17112,3,,0,0,0
17113,CAB-raga115012-DUP2-R17113,3,,0,0,0
17114,CAB-raga119145-DUP2-R17114,3,,0,0,0
17115,CAB-RAGA512012-DUP2-R17115,3,,0,0,0
17116,CAB-raga012012-DUP2-R17116,3,,0,0,0
17117,CAB-raga125125-DUP2-R17117,3,,0,0,0
17118,CAB-RAGA120010-DUP2-R17118,3,,0,0,0
17119,CAB-raga120040-DUP2-R17119,3,,0,0,0
17120,CAB-RAGA120030-DUP2-R17120,3,,0,0,0
17121,CAB-RAGA120050-DUP2-R17121,3,,0,0,0
17122,CAB-RAGA120060-DUP2-R17122,3,,0,0,0
17123,CAB-raga130120-DUP2-R17123,3,,0,0,0
17124,CAB-RAGA130045-DUP2-R17124,3,,0,0,0
17125,CAB-RAGA130080-DUP2-R17125,3,,0,0,0
17126,CAB-RAGA134084-DUP2-R17126,3,,0,0,0
17127,CAB-RAGA514014-DUP2-R17127,3,,0,0,0
17128,CAB-raga014014-DUP2-R17128,3,,0,0,0
17129,CAB-raga140030-DUP2-R17129,3,,0,0,0
17130,CAB-RAGA140015-DUP2-R17130,3,,0,0,0
17131,CAB-RAGA140024-DUP2-R17131,3,,0,0,0
17132,CAB-RAGA140025-DUP2-R17132,3,,0,0,0
17133,CAB-RAGA140080-DUP2-R17133,3,,0,0,0
17134,CAB-raga015120-DUP2-R17134,3,,0,0,0
17135,CAB-raga015015-DUP2-R17135,3,,0,0,0
17136,CAB-raga015020-DUP2-R17136,3,,0,0,0
17137,CAB-raga015030-DUP2-R17137,3,,0,0,0
17138,CAB-raga015060-DUP2-R17138,3,,0,0,0
17139,CAB-raga015600-DUP2-R17139,3,,0,0,0
17140,CAB-raga150010-DUP2-R17140,3,,0,0,0
17141,CAB-RAGA150030-DUP2-R17141,3,,0,0,0
17142,CAB-RAGA150065-DUP2-R17142,3,,0,0,0
17143,CAB-RAGA015065-DUP2-R17143,3,,0,0,0
17144,CAB-RAGA015008-DUP2-R17144,3,,0,0,0
17145,CAB-RAGA016016-DUP2-R17145,3,,0,0,0
17146,CAB-RAGA518018-DUP2-R17146,3,,0,0,0
17147,CAB-RAGA018018-DUP2-R17147,3,,0,0,0
17148,CAB-raga020020-DUP2-R17148,3,,0,0,0
17149,CAB-raga020030-DUP2-R17149,3,,0,0,0
17150,CAB-RAGD020020-DUP2-R17150,3,,0,0,0
17151,CAB-RAGA021102-DUP2-R17151,3,,0,0,0
17152,CAB-RAGA022022-DUP2-R17152,3,,0,0,0
17153,CAB-RAGA022027-DUP2-R17153,3,,0,0,0
17154,CAB-raga023023-DUP2-R17154,3,,0,0,0
17155,CAB-raga023033-DUP2-R17155,3,,0,0,0
17156,CAB-RAGA225045-DUP2-R17156,3,,0,0,0
17157,CAB-raga024024-DUP2-R17157,3,,0,0,0
17158,CAB-raga024039-DUP2-R17158,3,,0,0,0
17159,CAB-RAGA024019-DUP2-R17159,3,,0,0,0
17160,CAB-RAGA024025-DUP2-R17160,3,,0,0,0
17161,CAB-RAGA025015-DUP2-R17161,3,,0,0,0
17162,CAB-raga025025-DUP2-R17162,3,,1,0,0
17163,CAB-ragp025025-DUP2-R17163,3,,0,0,0
17164,CAB-raga025050-DUP2-R17164,3,,0,0,0
17165,CAB-raga025075-DUP2-R17165,3,,0,0,0
17166,CAB-raga025095-DUP2-R17166,3,,0,0,0
17167,CAB-RAGA025030-DUP2-R17167,3,,0,0,0
17168,CAB-RAGA020031-DUP2-R17168,3,,0,0,0
17169,CAB-RAGA026040-DUP2-R17169,3,,0,0,0
17170,CAB-RAGA027027-DUP2-R17170,3,,0,0,0
17171,CAB-RAGA028022-DUP2-R17171,3,,0,0,0
17172,CAB-RAGA028008-DUP2-R17172,3,,0,0,0
17173,CAB-raga029029-DUP2-R17173,3,,0,0,0
17174,CAB-RAGA029087-DUP2-R17174,3,,0,0,0
17175,CAB-RAGA029015-DUP2-R17175,3,,0,0,0
17176,CAB-RAGA030015-DUP2-R17176,3,,0,0,0
17177,CAB-raga030019-DUP2-R17177,3,,0,0,0
17178,CAB-raga030020-DUP2-R17178,3,,0,0,0
17179,CAB-raga030025-DUP2-R17179,3,,0,0,0
17180,CAB-raga030030-DUP2-R17180,3,,0,0,0
17181,CAB-ragl030030-DUP2-R17181,3,,0,0,0
17182,CAB-ragp030030-DUP2-R17182,3,,0,0,0
17183,CAB-raga030050-DUP2-R17183,3,,0,0,0
17184,CAB-RAGA030010-DUP2-R17184,3,,0,0,0
17185,CAB-RAGA030021-DUP2-R17185,3,,0,0,0
17186,CAB-RAGA030031-DUP2-R17186,3,,0,0,0
17187,CAB-raga032032-DUP2-R17187,3,,0,0,0
17188,CAB-RAGA032060-DUP2-R17188,3,,0,0,0
17189,CAB-raga033045-DUP2-R17189,3,,0,0,0
17190,CAB-RAGA033093-DUP2-R17190,3,,0,0,0
17191,CAB-RAGA035013-DUP2-R17191,3,,0,0,0
17192,CAB-RAGA034014-DUP2-R17192,3,,0,0,0
17193,CAB-RAGA034029-DUP2-R17193,3,,0,0,0
17194,CAB-RAGA035015-DUP2-R17194,3,,0,0,0
17195,CAB-raga035025-DUP2-R17195,3,,0,0,0
17196,CAB-raga035035-DUP2-R17196,3,,0,0,0
17197,CAB-RAGA035005-DUP2-R17197,3,,0,0,0
17198,CAB-RAGA035120-DUP2-R17198,3,,0,0,0
17199,CAB-RAGA035033-DUP2-R17199,3,,0,0,0
17200,CAB-RAGA035055-DUP2-R17200,3,,0,0,0
17201,CAB-RAGA036026-DUP2-R17201,3,,0,0,0
17202,CAB-RAGA037028-DUP2-R17202,3,,0,0,0
17203,CAB-RAGA037050-DUP2-R17203,3,,0,0,0
17204,CAB-raga039145-DUP2-R17204,3,,0,0,0
17205,CAB-raga039019-DUP2-R17205,3,,0,0,0
17206,CAB-RAGA039024-DUP2-R17206,3,,0,0,0
17207,CAB-RAGA039035-DUP2-R17207,3,,0,0,0
17208,CAB-RAGA039039-DUP2-R17208,3,,0,0,0
17209,CAB-RAGA040015-DUP2-R17209,3,,0,0,0
17210,CAB-raga040010-DUP2-R17210,3,,0,0,0
17211,CAB-raga040020-DUP2-R17211,3,,0,0,0
17212,CAB-RAGP040020-DUP2-R17212,3,,0,0,0
17213,CAB-raga040021-DUP2-R17213,3,,0,0,0
17214,CAB-raga040025-DUP2-R17214,3,,0,0,0
17215,CAB-raga040030-DUP2-R17215,3,,0,0,0
17216,CAB-raga060041-DUP2-R17216,3,,0,0,0
17217,CAB-RAGP040030-DUP2-R17217,3,,0,0,0
17218,CAB-raga040035-DUP2-R17218,3,,0,0,0
17219,CAB-raga040040-DUP2-R17219,3,,9,0,0
17220,CAB-RAGA040041-DUP2-R17220,3,,0,0,0
17221,CAB-RAGP040040-DUP2-R17221,3,,0,0,0
17222,CAB-RAGA040080-DUP2-R17222,3,,0,0,0
17223,CAB-RAGA040016-DUP2-R17223,3,,0,0,0
17224,CAB-RAGA040017-DUP2-R17224,3,,0,0,0
17225,CAB-RAGA039015-DUP2-R17225,3,,0,0,0
17226,CAB-RAGA045010-DUP2-R17226,3,,0,0,0
17227,CAB-raga045020-DUP2-R17227,3,,0,0,0
17228,CAB-RAGA045025-DUP2-R17228,3,,0,0,0
17229,CAB-raga045030-DUP2-R17229,3,,0,0,0
17230,CAB-raga045045-DUP2-R17230,3,,0,0,0
17231,CAB-RAGP045045-DUP2-R17231,3,,0,0,0
17232,CAB-RAGA045035-DUP2-R17232,3,,0,0,0
17233,CAB-RAGA045061-DUP2-R17233,3,,0,0,0
17234,CAB-RAGA046029-DUP2-R17234,3,,0,0,0
17235,CAB-RAGA049013-DUP2-R17235,3,,0,0,0
17236,CAB-RAGA048048-DUP2-R17236,3,,0,0,0
17237,CAB-raga005735-DUP2-R17237,3,,0,0,0
17238,CAB-raga050014-DUP2-R17238,3,,0,0,0
17239,CAB-raga050015-DUP2-R17239,3,,0,0,0
17240,CAB-raga050175-DUP2-R17240,3,,0,0,0
17241,CAB-raga050020-DUP2-R17241,3,,0,0,0
17242,CAB-raga050030-DUP2-R17242,3,,0,0,0
17243,CAB-raga040050-DUP2-R17243,3,,0,0,0
17244,CAB-raga050050-DUP2-R17244,3,,0,0,0
17245,CAB-raga050051-DUP2-R17245,3,,0,0,0
17246,CAB-RAGA050028-DUP2-R17246,3,,0,0,0
17247,CAB-RAGA050010-DUP2-R17247,3,,0,0,0
17248,CAB-RAGP050015-DUP2-R17248,3,,0,0,0
17249,CAB-RAGA050025-DUP2-R17249,3,,0,0,0
17250,CAB-RAGA052026-DUP2-R17250,3,,0,0,0
17251,CAB-RAGA052087-DUP2-R17251,3,,0,0,0
17252,CAB-raga053053-DUP2-R17252,3,,0,0,0
17253,CAB-raga055010-DUP2-R17253,3,,0,0,0
17254,CAB-raga055025-DUP2-R17254,3,,0,0,0
17255,CAB-raga055055-DUP2-R17255,3,,0,0,0
17256,CAB-raga055056-DUP2-R17256,3,,0,0,0
17257,CAB-RAGA055015-DUP2-R17257,3,,0,0,0
17258,CAB-RAGA055040-DUP2-R17258,3,,0,0,0
17259,CAB-raga058058-DUP2-R17259,3,,0,0,0
17260,CAB-RAGA059050-DUP2-R17260,3,,0,0,0
17261,CAB-RAGA059039-DUP2-R17261,3,,0,0,0
17262,CAB-RAGA059020-DUP2-R17262,3,,0,0,0
17263,CAB-ragb060010-DUP2-R17263,3,,0,0,0
17264,CAB-rag060020-DUP2-R17264,3,,0,0,0
17265,CAB-raga060020-DUP2-R17265,3,,0,0,0
17266,CAB-ragl060020-DUP2-R17266,3,,0,0,0
17267,CAB-raga060040-DUP2-R17267,3,,0,0,0
17268,CAB-ragp060040-DUP2-R17268,3,,0,0,0
17269,CAB-raga060060-DUP2-R17269,3,,0,0,0
17270,CAB-raga060010-DUP2-R17270,3,,0,0,0
17271,CAB-raga060015-DUP2-R17271,3,,0,0,0
17272,CAB-RAGA060033-DUP2-R17272,3,,0,0,0
17273,CAB-RAGA060045-DUP2-R17273,3,,0,0,0
17274,CAB-RAGA062031-DUP2-R17274,3,,0,0,0
17275,CAB-raga635255-DUP2-R17275,3,,0,0,0
17276,CAB-RAGA063032-DUP2-R17276,3,,0,0,0
17277,CAB-raga064018-DUP2-R17277,3,,0,0,0
17278,CAB-RAGA065025-DUP2-R17278,3,,0,0,0
17279,CAB-ragl065025-DUP2-R17279,3,,0,0,0
17280,CAB-RAGA065055-DUP2-R17280,3,,0,0,0
17281,CAB-raga065065-DUP2-R17281,3,,0,0,0
17282,CAB-raga065175-DUP2-R17282,3,,0,0,0
17283,CAB-RAGA007007-DUP2-R17283,3,,0,0,0
17284,CAB-raga070025-DUP2-R17284,3,,0,0,0
17285,CAB-raga070015-DUP2-R17285,3,,0,0,0
17286,CAB-raga070016-DUP2-R17286,3,,0,0,0
17287,CAB-raga070020-DUP2-R17287,3,,0,0,0
17288,CAB-raga070030-DUP2-R17288,3,,0,0,0
17289,CAB-raga070041-DUP2-R17289,3,,0,0,0
17290,CAB-raga070040-DUP2-R17290,3,,0,0,0
17291,CAB-RAGA070060-DUP2-R17291,3,,0,0,0
17292,CAB-RAGP070070-DUP2-R17292,3,,0,0,0
17293,CAB-RAGA072072-DUP2-R17293,3,,0,0,0
17294,CAB-raga073045-DUP2-R17294,3,,0,0,0
17295,CAB-raga735255-DUP2-R17295,3,,0,0,0
17296,CAB-RAGA073023-DUP2-R17296,3,,0,0,0
17297,CAB-raga074034-DUP2-R17297,3,,0,0,0
17298,CAB-RAGA075015-DUP2-R17298,3,,0,0,0
17299,CAB-RAGA075085-DUP2-R17299,3,,0,0,0
17300,CAB-RAGA075010-DUP2-R17300,3,,0,0,0
17301,CAB-RAGA075030-DUP2-R17301,3,,0,0,0
17302,CAB-RAGA075005-DUP2-R17302,3,,0,0,0
17303,CAB-RAGA075060-DUP2-R17303,3,,0,0,0
17304,CAB-raga079033-DUP2-R17304,3,,0,0,0
17305,CAB-RAGA508008-DUP2-R17305,3,,0,0,0
17306,CAB-RAGA008030-DUP2-R17306,3,,0,0,0
17307,CAB-raga008635-DUP2-R17307,3,,0,0,0
17308,CAB-raga008079-DUP2-R17308,3,,0,0,0
17309,CAB-RAGA080010-DUP2-R17309,3,,0,0,0
17310,CAB-RAGA080013-DUP2-R17310,3,,0,0,0
17311,CAB-raga080020-DUP2-R17311,3,,0,0,0
17312,CAB-raga080030-DUP2-R17312,3,,0,0,0
17313,CAB-RAGA080050-DUP2-R17313,3,,0,0,0
17314,CAB-RAGA080015-DUP2-R17314,3,,0,0,0
17315,CAB-RAGA080017-DUP2-R17315,3,,0,0,0
17316,CAB-RAGA080023-DUP2-R17316,3,,0,0,0
17317,CAB-RAGA080056-DUP2-R17317,3,,0,0,0
17318,CAB-RAGA080060-DUP2-R17318,3,,0,0,0
17319,CAB-RAGA083088-DUP2-R17319,3,,0,0,0
17320,CAB-RAGA086073-DUP2-R17320,3,,0,0,0
17321,CAB-RAGA086077-DUP2-R17321,3,,0,0,0
17322,CAB-raga895145-DUP2-R17322,3,,0,0,0
17323,CAB-raga008020-DUP2-R17323,3,,0,0,0
17324,CAB-RAGA008040-DUP2-R17324,3,,0,0,0
17325,CAB-raga009039-DUP2-R17325,3,,0,0,0
17326,CAB-raga090015-DUP2-R17326,3,,0,0,0
17327,CAB-raga090050-DUP2-R17327,3,,0,0,0
17328,CAB-RAGA090010-DUP2-R17328,3,,0,0,0
17329,CAB-RAGA092092-DUP2-R17329,3,,0,0,0
17330,CAB-RAGP095044-DUP2-R17330,3,,0,0,0
17331,CAB-RAGA095035-DUP2-R17331,3,,0,0,0
17332,CAB-RAGA095007-DUP2-R17332,3,,0,0,0
17333,CAB-raga995145-DUP2-R17333,3,,0,0,0
17334,CAB-raga099018-DUP2-R17334,3,,0,0,0
17335,CAB-rag000000-DUP2-R17335,3,,0,0,0
17336,CAB-RAGA021030-DUP2-R17336,3,,0,0,0
17337,CAB-RAGD100030-DUP2-R17337,3,,0,0,0
17338,CAB-RAGS016016-DUP2-R17338,3,,0,0,0
17339,CAB-RAGF030020-DUP2-R17339,3,,0,0,0
17340,CAB-RAGF030030-DUP2-R17340,3,,0,0,0
17341,CAB-RAGF035035-DUP2-R17341,3,,0,0,0
17342,CAB-RAGF040025-DUP2-R17342,3,,0,0,0
17343,CAB-RAGF040030-DUP2-R17343,3,,0,0,0
17344,CAB-RAGF040040-DUP2-R17344,3,,0,0,0
17345,CAB-RAGF040050-DUP2-R17345,3,,0,0,0
17346,CAB-RAGF050020-DUP2-R17346,3,,0,0,0
17347,CAB-RAGF050025-DUP2-R17347,3,,0,0,0
17348,CAB-RAGF050030-DUP2-R17348,3,,0,0,0
17349,CAB-RAGF055040-DUP2-R17349,3,,0,0,0
17350,CAB-RAGF060015-DUP2-R17350,3,,0,0,0
17351,CAB-RAGF060030-DUP2-R17351,3,,0,0,0
17352,CAB-RAGF060060-DUP2-R17352,3,,0,0,0
17353,CAB-RAGP100010-DUP2-R17353,3,,0,0,0
17354,CAB-RAGP100050-DUP2-R17354,3,,0,0,0
17355,CAB-RAGP100008-DUP2-R17355,3,,0,0,0
17356,CAB-RAGP010010-DUP2-R17356,3,,0,0,0
17357,CAB-RAGP120020-DUP2-R17357,3,,0,0,0
17358,CAB-RAGP130025-DUP2-R17358,3,,0,0,0
17359,CAB-RAGP130030-DUP2-R17359,3,,0,0,0
17360,CAB-RAGP150100-DUP2-R17360,3,,0,0,0
17361,CAB-RAGP150065-DUP2-R17361,3,,0,0,0
17362,CAB-RAGP155025-DUP2-R17362,3,,0,0,0
17363,CAB-RAGP015015-DUP2-R17363,3,,0,0,0
17364,CAB-RAGP160057-DUP2-R17364,3,,0,0,0
17365,CAB-RAGP170030-DUP2-R17365,3,,0,0,0
17366,CAB-RAGP018010-DUP2-R17366,3,,0,0,0
17367,CAB-RAGP020020-DUP2-R17367,3,,0,0,0
17368,CAB-RAGP020008-DUP2-R17368,3,,0,0,0
17369,CAB-RAGP220025-DUP2-R17369,3,,0,0,0
17370,CAB-RAGP022022-DUP2-R17370,3,,0,0,0
17371,CAB-RAGP025020-DUP2-R17371,3,,0,0,0
17372,CAB-RAGP027059-DUP2-R17372,3,,0,0,0
17373,CAB-RAGP029029-DUP2-R17373,3,,0,0,0
17374,CAB-RAGP030020-DUP2-R17374,3,,0,0,0
17375,CAB-RAGP030025-DUP2-R17375,3,,0,0,0
17376,CAB-RAGP031031-DUP2-R17376,3,,0,0,0
17377,CAB-RAGP030031-DUP2-R17377,3,,0,0,0
17378,CAB-RAGP032032-DUP2-R17378,3,,0,0,0
17379,CAB-RAGP035020-DUP2-R17379,3,,0,0,0
17380,CAB-RAGP035035-DUP2-R17380,3,,0,0,0
17381,CAB-RAGP003090-DUP2-R17381,3,,0,0,0
17382,CAB-RAGP040015-DUP2-R17382,3,,0,0,0
17383,CAB-RAGP040025-DUP2-R17383,3,,0,0,0
17384,CAB-RAGP049029-DUP2-R17384,3,,0,0,0
17385,CAB-RAGP050030-DUP2-R17385,3,,0,0,0
17386,CAB-RAGP050010-DUP2-R17386,3,,0,0,0
17387,CAB-RAGP050020-DUP2-R17387,3,,0,0,0
17388,CAB-RAGP050025-DUP2-R17388,3,,0,0,0
17389,CAB-RAGP055015-DUP2-R17389,3,,0,0,0
17390,CAB-RAGP055035-DUP2-R17390,3,,0,0,0
17391,CAB-RAGP055055-DUP2-R17391,3,,0,0,0
17392,CAB-RAGP060010-DUP2-R17392,3,,0,0,0
17393,CAB-RAGP060015-DUP2-R17393,3,,0,0,0
17394,CAB-RAGP060020-DUP2-R17394,3,,0,0,0
17395,CAB-RAGP060060-DUP2-R17395,3,,0,0,0
17396,CAB-RAGP070020-DUP2-R17396,3,,0,0,0
17397,CAB-RAGP070025-DUP2-R17397,3,,0,0,0
17398,CAB-RAGP070030-DUP2-R17398,3,,0,0,0
17399,CAB-RAGP070050-DUP2-R17399,3,,0,0,0
17400,CAB-RAGP075020-DUP2-R17400,3,,0,0,0
17401,CAB-RAGP075075-DUP2-R17401,3,,0,0,0
17402,CAB-RAGP080020-DUP2-R17402,3,,0,0,0
17403,CAB-RAGP080080-DUP2-R17403,3,,0,0,0
17404,CAB-RAGP090020-DUP2-R17404,3,,0,0,0
17405,CAB-RAGP090025-DUP2-R17405,3,,0,0,0
17406,CAB-RAGP090030-DUP2-R17406,3,,0,0,0
17407,CAB-RAGP090060-DUP2-R17407,3,,0,0,0
17408,CAB-RAGP092092-DUP2-R17408,3,,0,0,0
17409,CAB-RAGP012082-DUP2-R17409,3,,0,0,0
17410,CAB-RAGP006068-DUP2-R17410,3,,0,0,0
17411,CAB-RAGS020020-DUP2-R17411,3,,0,0,0
17412,CAB-raga025020-DUP2-R17412,3,,0,0,0
17413,CAB-RHDD040040-DUP2-R17413,3,,0,0,0
17414,CAB-RAIN082035-DUP2-R17414,3,,0,0,0
17415,CAB-ascr000040-DUP2-R17415,3,,0,0,0
17416,CAB-regb000008-DUP2-R17416,3,,0,0,0
17417,CAB-regl300005-DUP2-R17417,3,,0,0,0
17418,CAB-regl300006-DUP2-R17418,3,,0,0,0
17419,CAB-regl300003-DUP2-R17419,3,,0,0,0
17420,CAB-regl300004-DUP2-R17420,3,,0,0,0
17421,CAB-regl300001-DUP2-R17421,3,,0,0,0
17422,CAB-cire300043-DUP2-R17422,3,,0,0,0
17423,CAB-002017025019-DUP2-R17423,3,,7,0,0
17424,CAB-002017025022-DUP2-R17424,3,,79,0,0
17425,CAB-002017013009-DUP2-R17425,3,,0,0,0
17426,CAB-002017019013-DUP2-R17426,3,,51,0,0
17427,CAB-002017019009-DUP2-R17427,3,,154,0,0
17428,CAB-002017019016-DUP2-R17428,3,,0,0,0
17429,CAB-002017016013-DUP2-R17429,3,,0,0,0
17430,CAB-002017016009-DUP2-R17430,3,,109,0,0
17431,CAB-002017022019-DUP2-R17431,3,,0,0,0
17432,CAB-BOXR010006-DUP2-R17432,3,,0,0,0
17433,CAB-BOXR010016-DUP2-R17433,3,,0,0,0
17434,CAB-BOXR010008-DUP2-R17434,3,,0,0,0
17435,CAB-BOXR013003-DUP2-R17435,3,,0,0,0
17436,CAB-BOXR014006-DUP2-R17436,3,,0,0,0
17437,CAB-BOXR000005-DUP2-R17437,3,,0,0,0
17438,CAB-BOXR000190-DUP2-R17438,3,,0,0,0
17439,CAB-BOXR020012-DUP2-R17439,3,,0,0,0
17440,CAB-BOXR200180-DUP2-R17440,3,,0,0,0
17441,CAB-BOXR021016-DUP2-R17441,3,,0,0,0
17442,CAB-BOXR000220-DUP2-R17442,3,,0,0,0
17443,CAB-BOXR003002-DUP2-R17443,3,,0,0,0
17444,CAB-BOXR032004-DUP2-R17444,3,,0,0,0
17445,CAB-BOXR000315-DUP2-R17445,3,,0,0,0
17446,CAB-BOXR004003-DUP2-R17446,3,,1,0,0
17447,CAB-BOXR005003-DUP2-R17447,3,,0,0,0
17448,CAB-BOXR005004-DUP2-R17448,3,,0,0,0
17449,CAB-BOXR006004-DUP2-R17449,3,,0,0,0
17450,CAB-BOXR006003-DUP2-R17450,3,,0,0,0
17451,CAB-BOXR006005-DUP2-R17451,3,,0,0,0
17452,CAB-BOXR007004-DUP2-R17452,3,,0,0,0
17453,CAB-BOXR007006-DUP2-R17453,3,,0,0,0
17454,CAB-boxr000008-DUP2-R17454,3,,0,0,0
17455,CAB-BOXR081077-DUP2-R17455,3,,0,0,0
17456,CAB-BOXR000011-DUP2-R17456,3,,0,0,0
17457,CAB-BOXR151204-DUP2-R17457,3,,0,0,0
17458,CAB-BOXR020006-DUP2-R17458,3,,0,0,0
17459,CAB-BOXR028006-DUP2-R17459,3,,0,0,0
17460,CAB-BOXR030008-DUP2-R17460,3,,0,0,0
17461,CAB-BOXR000032-DUP2-R17461,3,,0,0,0
17462,CAB-BOXR032006-DUP2-R17462,3,,0,0,0
17463,CAB-BOXR035012-DUP2-R17463,3,,0,0,0
17464,CAB-BOXR040010-DUP2-R17464,3,,0,0,0
17465,CAB-BOXR042006-DUP2-R17465,3,,0,0,0
17466,CAB-BOXR060006-DUP2-R17466,3,,0,0,0
17467,CAB-BOXR603006-DUP2-R17467,3,,0,0,0
17468,CAB-gald390040-DUP2-R17468,3,,0,0,0
17469,CAB-gald390032-DUP2-R17469,3,,0,0,0
17470,CAB-gald390025-DUP2-R17470,3,,0,0,0
17471,CAB-GALD390024-DUP2-R17471,3,,0,0,0
17472,CAB-gald280067-DUP2-R17472,3,,0,0,0
17473,CAB-BOXR000012-DUP2-R17473,3,,0,0,0
17474,CAB-BOXR853050-DUP2-R17474,3,,0,0,0
17475,CAB-BOXR010004-DUP2-R17475,3,,0,0,0
17476,CAB-boxr025020-DUP2-R17476,3,,0,0,0
17477,CAB-BOXR005012-DUP2-R17477,3,,0,0,0
17478,CAB-BOXR012006-DUP2-R17478,3,,0,0,0
17479,CAB-BOXR012008-DUP2-R17479,3,,0,0,0
17480,CAB-BOXR000013-DUP2-R17480,3,,0,0,0
17481,CAB-BOXR000014-DUP2-R17481,3,,0,0,0
17482,CAB-BOXR016014-DUP2-R17482,3,,0,0,0
17483,CAB-BOXR400150-DUP2-R17483,3,,0,0,0
17484,CAB-BOXR000016-DUP2-R17484,3,,0,0,0
17485,CAB-BOXR016005-DUP2-R17485,3,,0,0,0
17486,CAB-BOXR000018-DUP2-R17486,3,,0,0,0
17487,CAB-BOXR027008-DUP2-R17487,3,,0,0,0
17488,CAB-BOXR029006-DUP2-R17488,3,,0,0,0
17489,CAB-boxr032010-DUP2-R17489,3,,0,0,0
17490,CAB-BOXR000004-DUP2-R17490,3,,0,0,0
17491,CAB-BOXR150106-DUP2-R17491,3,,0,0,0
17492,CAB-BOXR000006-DUP2-R17492,3,,0,0,0
17493,CAB-BOXR000007-DUP2-R17493,3,,0,0,0
17494,CAB-BOXR008004-DUP2-R17494,3,,0,0,0
17495,CAB-boxr053008-DUP2-R17495,3,,0,0,0
17496,CAB-BOXR000010-DUP2-R17496,3,,0,0,0
17497,CAB-BOXR343203-DUP2-R17497,3,,0,0,0
17498,CAB-BOXR040062-DUP2-R17498,3,,0,0,0
17499,CAB-schi190040-DUP2-R17499,3,,0,0,0
17500,CAB-schi190067-DUP2-R17500,3,,0,0,0
17501,CAB-schi190050-DUP2-R17501,3,,0,0,0
17502,CAB-schi190051-DUP2-R17502,3,,0,0,0
17503,CAB-schi190201-DUP2-R17503,3,,0,0,0
17504,CAB-schi190200-DUP2-R17504,3,,0,0,0
17505,CAB-BOXR040008-DUP2-R17505,3,,0,0,0
17506,CAB-BOXR038008-DUP2-R17506,3,,0,0,0
17507,CAB-ssch540025-DUP2-R17507,3,,0,0,0
17508,CAB-ssch540065-DUP2-R17508,3,,0,0,0
17509,CAB-ssch540050-DUP2-R17509,3,,0,0,0
17510,CAB-ssch540082-DUP2-R17510,3,,0,0,0
17511,CAB-ssch540081-DUP2-R17511,3,,0,0,0
17512,CAB-ssch540080-DUP2-R17512,3,,0,0,0
17513,CAB-freo004011-DUP2-R17513,3,,0,0,0
17514,CAB-freo003011-DUP2-R17514,3,,0,0,0
17515,CAB-freo003012-DUP2-R17515,3,,0,0,0
17516,CAB-freo004012-DUP2-R17516,3,,0,0,0
17517,CAB-freo003134-DUP2-R17517,3,,0,0,0
17518,CAB-freo003022-DUP2-R17518,3,,0,0,0
17519,CAB-freo003132-DUP2-R17519,3,,0,0,0
17520,CAB-freo003404-DUP2-R17520,3,,0,0,0
17521,CAB-freo003407-DUP2-R17521,3,,0,0,0
17522,CAB-freo003410-DUP2-R17522,3,,0,0,0
17523,CAB-rego301784-DUP2-R17523,3,,0,0,0
17524,CAB-rego211584-DUP2-R17524,3,,0,0,0
17525,CAB-rego104406-DUP2-R17525,3,,0,0,0
17526,CAB-rego104405-DUP2-R17526,3,,0,0,0
17527,CAB-rego102302-DUP2-R17527,3,,0,0,0
17528,CAB-rego100302-DUP2-R17528,3,,0,0,0
17529,CAB-rego104403-DUP2-R17529,3,,0,0,0
17530,CAB-rego104404-DUP2-R17530,3,,0,0,0
17531,CAB-rego105503-DUP2-R17531,3,,0,0,0
17532,CAB-rego105504-DUP2-R17532,3,,4,0,0
17533,CAB-rego201584-DUP2-R17533,3,,0,0,0
17534,CAB-rego201588-DUP2-R17534,3,,0,0,0
17535,CAB-rego200597-DUP2-R17535,3,,0,0,0
17536,CAB-rego201784-DUP2-R17536,3,,0,0,0
17537,CAB-regb000017-DUP2-R17537,3,,0,0,0
17538,CAB-regb000004-DUP2-R17538,3,,0,0,0
17539,CAB-REGB000018-DUP2-R17539,3,,0,0,0
17540,CAB-regb000002-DUP2-R17540,3,,78,0,0
17541,CAB-regl100005-DUP2-R17541,3,,0,0,0
17542,CAB-REGL100006-DUP2-R17542,3,,0,0,0
17543,CAB-REGL100007-DUP2-R17543,3,,0,0,0
17544,CAB-REGL100008-DUP2-R17544,3,,0,0,0
17545,CAB-REGL100009-DUP2-R17545,3,,0,0,0
17546,CAB-regb000015-DUP2-R17546,3,,0,0,0
17547,CAB-ascr020002-DUP2-R17547,3,,0,0,0
17548,CAB-ascr020007-DUP2-R17548,3,,0,0,0
17549,CAB-RAGA120020-DUP2-R17549,3,,0,0,0
17550,CAB-ascr006002-DUP2-R17550,3,,0,0,0
17551,CAB-pgau068010-DUP2-R17551,3,,0,0,0
17552,CAB-pgau068025-DUP2-R17552,3,,0,0,0
17553,CAB-pgau068016-DUP2-R17553,3,,0,0,0
17554,CAB-pefa415025-DUP2-R17554,3,,0,0,0
17555,CAB-peva006020-DUP2-R17555,3,,0,0,0
17556,CAB-peva006025-DUP2-R17556,3,,0,0,0
17557,CAB-peva004063-DUP2-R17557,3,,0,0,0
17558,CAB-peva004040-DUP2-R17558,3,,0,0,0
17559,CAB-pebe001216-DUP2-R17559,3,,0,0,0
17560,CAB-pepc500075-DUP2-R17560,3,,0,0,0
17561,CAB-029007002025-DUP2-R17561,3,,0,0,0
17562,CAB-pell002532-DUP2-R17562,3,,0,0,0
17563,CAB-pell003240-DUP2-R17563,3,,0,0,0
17564,CAB-pell004150-DUP2-R17564,3,,0,0,0
17565,CAB-peel162015-DUP2-R17565,3,,0,0,0
17566,CAB-peel162020-DUP2-R17566,3,,0,0,0
17567,CAB-peel202525-DUP2-R17567,3,,0,0,0
17568,CAB-peed162020-DUP2-R17568,3,,0,0,0
17569,CAB-peed253232-DUP2-R17569,3,,0,0,0
17570,CAB-peed253225-DUP2-R17570,3,,0,0,0
17571,CAB-peed324040-DUP2-R17571,3,,0,0,0
17572,CAB-peed324025-DUP2-R17572,3,,0,0,0
17573,CAB-pepf001050-DUP2-R17573,3,,0,0,0
17574,CAB-pepf001063-DUP2-R17574,3,,0,0,0
17575,CAB-pepf001075-DUP2-R17575,3,,0,0,0
17576,CAB-pepf001080-DUP2-R17576,3,,0,0,0
17577,CAB-pepf001110-DUP2-R17577,3,,0,0,0
17578,CAB-fair115040-DUP2-R17578,3,,0,0,0
17579,CAB-fair115060-DUP2-R17579,3,,0,0,0
17580,CAB-pepp021620-DUP2-R17580,3,,0,0,0
17581,CAB-pepp012025-DUP2-R17581,3,,0,0,0
17582,CAB-pepp012532-DUP2-R17582,3,,0,0,0
17583,CAB-pepp022532-DUP2-R17583,3,,0,0,0
17584,CAB-pepp023240-DUP2-R17584,3,,0,0,0
17585,CAB-pepp024150-DUP2-R17585,3,,0,0,0
17586,CAB-pepp014150-DUP2-R17586,3,,0,0,0
17587,CAB-pepp061216-DUP2-R17587,3,,0,0,0
17588,CAB-pepp061620-DUP2-R17588,3,,0,0,0
17589,CAB-pepp070912-DUP2-R17589,3,,0,0,0
17590,CAB-pepp071216-DUP2-R17590,3,,0,0,0
17591,CAB-pepp071620-DUP2-R17591,3,,0,0,0
17592,CAB-pepp010075-DUP2-R17592,3,,0,0,0
17593,CAB-pepp010090-DUP2-R17593,3,,0,0,0
17594,CAB-peva004032-DUP2-R17594,3,,0,0,0
17595,CAB-peva004025-DUP2-R17595,3,,0,0,0
17596,CAB-peva004015-DUP2-R17596,3,,0,0,0
17597,CAB-PEPW80020-DUP2-R17597,3,,0,0,0
17598,CAB-pepw300032-DUP2-R17598,3,,0,0,0
17599,CAB-pepw300050-DUP2-R17599,3,,0,0,0
17600,CAB-pepw300063-DUP2-R17600,3,,0,0,0
17601,CAB-pepw300090-DUP2-R17601,3,,0,0,0
17602,CAB-pepw300025-DUP2-R17602,3,,0,0,0
17603,CAB-pepw600090-DUP2-R17603,3,,0,0,0
17604,CAB-pepw300040-DUP2-R17604,3,,0,0,0
17605,CAB-PEPW300021-DUP2-R17605,3,,0,0,0
17606,CAB-pepw300020-DUP2-R17606,3,,0,0,0
17607,CAB-pepw300075-DUP2-R17607,3,,0,0,0
17608,CAB-pepw700020-DUP2-R17608,3,,0,0,0
17609,CAB-pepw700032-DUP2-R17609,3,,0,0,0
17610,CAB-PEVA007040-DUP2-R17610,3,,0,0,0
17611,CAB-PEVA007032-DUP2-R17611,3,,0,0,0
17612,CAB-PEVA007020-DUP2-R17612,3,,0,0,0
17613,CAB-PEVA007063-DUP2-R17613,3,,0,0,0
17614,CAB-PEVA007025-DUP2-R17614,3,,0,0,0
17615,CAB-pepd020015-DUP2-R17615,3,,0,0,0
17616,CAB-pepd025015-DUP2-R17616,3,,0,0,0
17617,CAB-pepd025020-DUP2-R17617,3,,0,0,0
17618,CAB-pepd032025-DUP2-R17618,3,,0,0,0
17619,CAB-pepd063050-DUP2-R17619,3,,0,0,0
17620,CAB-pepl032025-DUP2-R17620,3,,0,0,0
17621,CAB-pepl040032-DUP2-R17621,3,,0,0,0
17622,CAB-pepl050040-DUP2-R17622,3,,0,0,0
17623,CAB-pepl063050-DUP2-R17623,3,,0,0,0
17624,CAB-pepw500050-DUP2-R17624,3,,0,0,0
17625,CAB-pepw500040-DUP2-R17625,3,,0,0,0
17626,CAB-pepw500032-DUP2-R17626,3,,0,0,0
17627,CAB-pepw500020-DUP2-R17627,3,,0,0,0
17628,CAB-pepw500075-DUP2-R17628,3,,0,0,0
17629,CAB-pepw500063-DUP2-R17629,3,,0,0,0
17630,CAB-pepw500090-DUP2-R17630,3,,0,0,0
17631,CAB-pepw500025-DUP2-R17631,3,,0,0,0
17632,CAB-pepw400032-DUP2-R17632,3,,0,0,0
17633,CAB-pepw400050-DUP2-R17633,3,,0,0,0
17634,CAB-pepw400040-DUP2-R17634,3,,0,0,0
17635,CAB-pepw400020-DUP2-R17635,3,,0,0,0
17636,CAB-pepw400075-DUP2-R17636,3,,0,0,0
17637,CAB-pepw400063-DUP2-R17637,3,,0,0,0
17638,CAB-pepw400090-DUP2-R17638,3,,0,0,0
17639,CAB-pepw400025-DUP2-R17639,3,,0,0,0
17640,CAB-PETM020015-DUP2-R17640,3,,0,0,0
17641,CAB-PETM025020-DUP2-R17641,3,,0,0,0
17642,CAB-PETF020015-DUP2-R17642,3,,0,0,0
17643,CAB-pepv063040-DUP2-R17643,3,,0,0,0
17644,CAB-pepv050032-DUP2-R17644,3,,0,0,0
17645,CAB-pepv050040-DUP2-R17645,3,,0,0,0
17646,CAB-pepv050020-DUP2-R17646,3,,0,0,0
17647,CAB-pepv050025-DUP2-R17647,3,,0,0,0
17648,CAB-pepv040032-DUP2-R17648,3,,0,0,0
17649,CAB-pepv040020-DUP2-R17649,3,,0,0,0
17650,CAB-pepv040025-DUP2-R17650,3,,0,0,0
17651,CAB-pepv032020-DUP2-R17651,3,,0,0,0
17652,CAB-pepv032025-DUP2-R17652,3,,0,0,0
17653,CAB-pepv075050-DUP2-R17653,3,,0,0,0
17654,CAB-pepv075040-DUP2-R17654,3,,0,0,0
17655,CAB-pepv075063-DUP2-R17655,3,,0,0,0
17656,CAB-pepv063032-DUP2-R17656,3,,0,0,0
17657,CAB-pepv063050-DUP2-R17657,3,,0,0,0
17658,CAB-pepv090075-DUP2-R17658,3,,0,0,0
17659,CAB-pepv025020-DUP2-R17659,3,,0,0,0
17660,CAB-pepv110090-DUP2-R17660,3,,0,0,0
17661,CAB-pept050032-DUP2-R17661,3,,0,0,0
17662,CAB-pept050040-DUP2-R17662,3,,0,0,0
17663,CAB-pept050025-DUP2-R17663,3,,0,0,0
17664,CAB-pept040032-DUP2-R17664,3,,0,0,0
17665,CAB-pept040020-DUP2-R17665,3,,0,0,0
17666,CAB-pept040025-DUP2-R17666,3,,0,0,0
17667,CAB-pept032020-DUP2-R17667,3,,0,0,0
17668,CAB-pept032025-DUP2-R17668,3,,0,0,0
17669,CAB-pept075032-DUP2-R17669,3,,0,0,0
17670,CAB-pept075040-DUP2-R17670,3,,0,0,0
17671,CAB-pept075063-DUP2-R17671,3,,0,0,0
17672,CAB-pept075050-DUP2-R17672,3,,0,0,0
17673,CAB-pept063050-DUP2-R17673,3,,0,0,0
17674,CAB-pept063032-DUP2-R17674,3,,0,0,0
17675,CAB-pept063040-DUP2-R17675,3,,0,0,0
17676,CAB-pept090040-DUP2-R17676,3,,0,0,0
17677,CAB-pept090075-DUP2-R17677,3,,0,0,0
17678,CAB-pept025020-DUP2-R17678,3,,0,0,0
17679,CAB-pepw025025-DUP2-R17679,3,,0,0,0
17680,CAB-pere253216-DUP2-R17680,3,,0,0,0
17681,CAB-pere253025-DUP2-R17681,3,,0,0,0
17682,CAB-pere415040-DUP2-R17682,3,,0,0,0
17683,CAB-peso000912-DUP2-R17683,3,,0,0,0
17684,CAB-029010001216-DUP2-R17684,3,,0,0,0
17685,CAB-peso001620-DUP2-R17685,3,,0,0,0
17686,CAB-029010002025-DUP2-R17686,3,,0,0,0
17687,CAB-peso002532-DUP2-R17687,3,,0,0,0
17688,CAB-peso003240-DUP2-R17688,3,,0,0,0
17689,CAB-pefa091206-DUP2-R17689,3,,0,0,0
17690,CAB-pefa091215-DUP2-R17690,3,,0,0,0
17691,CAB-pefa162016-DUP2-R17691,3,,0,0,0
17692,CAB-pefa253232-DUP2-R17692,3,,0,0,0
17693,CAB-pefa253220-DUP2-R17693,3,,0,0,0
17694,CAB-pefa324040-DUP2-R17694,3,,0,0,0
17695,CAB-pefa324025-DUP2-R17695,3,,0,0,0
17696,CAB-pema121620-DUP2-R17696,3,,0,0,0
17697,CAB-pema162025-DUP2-R17697,3,,0,0,0
17698,CAB-pema253240-DUP2-R17698,3,,0,0,0
17699,CAB-pema253220-DUP2-R17699,3,,0,0,0
17700,CAB-pema324025-DUP2-R17700,3,,0,0,0
17701,CAB-pema324040-DUP2-R17701,3,,0,0,0
17702,CAB-pema415050-DUP2-R17702,3,,0,0,0
17703,CAB-PESO011216-DUP2-R17703,3,,0,0,0
17704,CAB-029005002025-DUP2-R17704,3,,0,0,0
17705,CAB-peet002532-DUP2-R17705,3,,0,0,0
17706,CAB-peet003240-DUP2-R17706,3,,0,0,0
17707,CAB-peet004150-DUP2-R17707,3,,0,0,0
17708,CAB-peft263225-DUP2-R17708,3,,0,0,0
17709,CAB-peft263215-DUP2-R17709,3,,0,0,0
17710,CAB-peft263220-DUP2-R17710,3,,0,0,0
17711,CAB-peft324020-DUP2-R17711,3,,0,0,0
17712,CAB-peft415025-DUP2-R17712,3,,0,0,0
17713,CAB-peft415020-DUP2-R17713,3,,0,0,0
17714,CAB-peft324025-DUP2-R17714,3,,0,0,0
17715,CAB-pemt121615-DUP2-R17715,3,,0,0,0
17716,CAB-pemt162020-DUP2-R17716,3,,0,0,0
17717,CAB-ascr010001-DUP2-R17717,3,,0,0,0
17718,CAB-olis003001-DUP2-R17718,3,,0,0,0
17719,CAB-ascr010002-DUP2-R17719,3,,0,0,0
17720,CAB-013002080050-DUP2-R17720,3,,0,0,0
17721,CAB-rock350100-DUP2-R17721,3,,0,0,0
17722,CAB-rock325080-DUP2-R17722,3,,0,0,0
17723,CAB-rock350080-DUP2-R17723,3,,0,0,0
17724,CAB-rock325100-DUP2-R17724,3,,0,0,0
17725,CAB-rock125100-DUP2-R17725,3,,0,0,0
17726,CAB-rock150100-DUP2-R17726,3,,0,0,0
17727,CAB-rock150050-DUP2-R17727,3,,0,0,0
17728,CAB-rock125080-DUP2-R17728,3,,0,0,0
17729,CAB-rock225032-DUP2-R17729,3,,0,0,0
17730,CAB-rock225065-DUP2-R17730,3,,0,0,0
17731,CAB-rock240040-DUP2-R17731,3,,0,0,0
17732,CAB-rock250040-DUP2-R17732,3,,0,0,0
17733,CAB-rock240032-DUP2-R17733,3,,0,0,0
17734,CAB-rock250032-DUP2-R17734,3,,0,0,0
17735,CAB-rock240025-DUP2-R17735,3,,0,0,0
17736,CAB-rock240015-DUP2-R17736,3,,0,0,0
17737,CAB-rock250015-DUP2-R17737,3,,0,0,0
17738,CAB-rock240250-DUP2-R17738,3,,0,0,0
17739,CAB-rock225250-DUP2-R17739,3,,0,0,0
17740,CAB-rock250250-DUP2-R17740,3,,0,0,0
17741,CAB-rock240300-DUP2-R17741,3,,0,0,0
17742,CAB-rock225300-DUP2-R17742,3,,0,0,0
17743,CAB-rock250300-DUP2-R17743,3,,0,0,0
17744,CAB-rock225350-DUP2-R17744,3,,0,0,0
17745,CAB-rock250350-DUP2-R17745,3,,0,0,0
17746,CAB-rock225375-DUP2-R17746,3,,0,0,0
17747,CAB-rock225400-DUP2-R17747,3,,0,0,0
17748,CAB-rock250400-DUP2-R17748,3,,0,0,0
17749,CAB-rock240065-DUP2-R17749,3,,0,0,0
17750,CAB-rock250065-DUP2-R17750,3,,0,0,0
17751,CAB-rock240050-DUP2-R17751,3,,0,0,0
17752,CAB-rock225500-DUP2-R17752,3,,0,0,0
17753,CAB-rock250500-DUP2-R17753,3,,0,0,0
17754,CAB-rock225600-DUP2-R17754,3,,0,0,0
17755,CAB-rock225700-DUP2-R17755,3,,0,0,0
17756,CAB-rock240080-DUP2-R17756,3,,0,0,0
17757,CAB-rock225080-DUP2-R17757,3,,0,0,0
17758,CAB-rock250080-DUP2-R17758,3,,0,0,0
17759,CAB-rock240020-DUP2-R17759,3,,0,0,0
17760,CAB-rock250020-DUP2-R17760,3,,0,0,0
17761,CAB-rock225750-DUP2-R17761,3,,0,0,0
17762,CAB-rock225800-DUP2-R17762,3,,0,0,0
17763,CAB-rock240100-DUP2-R17763,3,,0,0,0
17764,CAB-rock225100-DUP2-R17764,3,,0,0,0
17765,CAB-rock250100-DUP2-R17765,3,,0,0,0
17766,CAB-rock240125-DUP2-R17766,3,,0,0,0
17767,CAB-rock225125-DUP2-R17767,3,,0,0,0
17768,CAB-rock250125-DUP2-R17768,3,,0,0,0
17769,CAB-rock240150-DUP2-R17769,3,,0,0,0
17770,CAB-rock225150-DUP2-R17770,3,,0,0,0
17771,CAB-rock250150-DUP2-R17771,3,,0,0,0
17772,CAB-rock225200-DUP2-R17772,3,,0,0,0
17773,CAB-rock250200-DUP2-R17773,3,,0,0,0
17774,CAB-rock450060-DUP2-R17774,3,,0,0,0
17775,CAB-rock425060-DUP2-R17775,3,,0,0,0
17776,CAB-rock450080-DUP2-R17776,3,,0,0,0
17777,CAB-hone006571-DUP2-R17777,3,,0,0,0
17778,CAB-hone006800-DUP2-R17778,3,,0,0,0
17779,CAB-hone006373-DUP2-R17779,3,,0,0,0
17780,CAB-hone017980-DUP2-R17780,3,,0,0,0
17781,CAB-hone017981-DUP2-R17781,3,,0,0,0
17782,CAB-ascr001019-DUP2-R17782,3,,0,0,0
17783,CAB-RDIF000020-DUP2-R17783,3,,0,0,0
17784,CAB-rdif000025-DUP2-R17784,3,,0,0,0
17785,CAB-RDIF000026-DUP2-R17785,3,,0,0,0
17786,CAB-RDIF000030-DUP2-R17786,3,,0,0,0
17787,CAB-RDIF000040-DUP2-R17787,3,,0,0,0
17788,CAB-RDIF000015-DUP2-R17788,3,,0,0,0
17789,CAB-RDIF000031-DUP2-R17789,3,,0,0,0
17790,CAB-rgri000010-DUP2-R17790,3,,0,0,0
17791,CAB-RGRI000015-DUP2-R17791,3,,0,0,0
17792,CAB-RLOV000010-DUP2-R17792,3,,0,0,0
17793,CAB-RLOV000015-DUP2-R17793,3,,0,0,0
17794,CAB-SADA510010-DUP2-R17794,3,,0,0,0
17795,CAB-SADA512012-DUP2-R17795,3,,0,0,0
17796,CAB-SADA120060-DUP2-R17796,3,,0,0,0
17797,CAB-sada015015-DUP2-R17797,3,,0,0,0
17798,CAB-SADA015029-DUP2-R17798,3,,0,0,0
17799,CAB-SADA019019-DUP2-R17799,3,,0,0,0
17800,CAB-sada020020-DUP2-R17800,3,,0,0,0
17801,CAB-SADA020040-DUP2-R17801,3,,0,0,0
17802,CAB-SADB020006-DUP2-R17802,3,,0,0,0
17803,CAB-SADB020005-DUP2-R17803,3,,0,0,0
17804,CAB-SADA020025-DUP2-R17804,3,,0,0,0
17805,CAB-sada022022-DUP2-R17805,3,,0,0,0
17806,CAB-SADA024245-DUP2-R17806,3,,0,0,0
17807,CAB-SADA024024-DUP2-R17807,3,,0,0,0
17808,CAB-sada025025-DUP2-R17808,3,,0,0,0
17809,CAB-sadp025025-DUP2-R17809,3,,0,0,0
17810,CAB-SADA025401-DUP2-R17810,3,,0,0,0
17811,CAB-SADA027027-DUP2-R17811,3,,0,0,0
17812,CAB-SADA028028-DUP2-R17812,3,,0,0,0
17813,CAB-SADA029029-DUP2-R17813,3,,0,0,0
17814,CAB-sada030030-DUP2-R17814,3,,9,0,0
17815,CAB-sada030031-DUP2-R17815,3,,0,0,0
17816,CAB-SADA030032-DUP2-R17816,3,,0,0,0
17817,CAB-SADA030040-DUP2-R17817,3,,0,0,0
17818,CAB-SADA031031-DUP2-R17818,3,,0,0,0
17819,CAB-SADA033030-DUP2-R17819,3,,0,0,0
17820,CAB-sada035035-DUP2-R17820,3,,0,0,0
17821,CAB-SADA035014-DUP2-R17821,3,,0,0,0
17822,CAB-SADA036016-DUP2-R17822,3,,0,0,0
17823,CAB-SADA036015-DUP2-R17823,3,,0,0,0
17824,CAB-SADA037015-DUP2-R17824,3,,0,0,0
17825,CAB-sada040040-DUP2-R17825,3,,0,0,0
17826,CAB-sadp040040-DUP2-R17826,3,,0,0,0
17827,CAB-SADA042042-DUP2-R17827,3,,0,0,0
17828,CAB-SADA043043-DUP2-R17828,3,,0,0,0
17829,CAB-sada045045-DUP2-R17829,3,,0,0,0
17830,CAB-SADA049029-DUP2-R17830,3,,0,0,0
17831,CAB-SADA050025-DUP2-R17831,3,,0,0,0
17832,CAB-sada050050-DUP2-R17832,3,,0,0,0
17833,CAB-SADA051018-DUP2-R17833,3,,0,0,0
17834,CAB-sada055055-DUP2-R17834,3,,0,0,0
17835,CAB-sada060040-DUP2-R17835,3,,0,0,0
17836,CAB-sada060060-DUP2-R17836,3,,0,0,0
17837,CAB-SADA060012-DUP2-R17837,3,,0,0,0
17838,CAB-SADA507007-DUP2-R17838,3,,0,0,0
17839,CAB-sada072072-DUP2-R17839,3,,0,0,0
17840,CAB-SADA076061-DUP2-R17840,3,,0,0,0
17841,CAB-SADA077015-DUP2-R17841,3,,0,0,0
17842,CAB-SADA508008-DUP2-R17842,3,,0,0,0
17843,CAB-sada000000-DUP2-R17843,3,,0,0,0
17844,CAB-SADF030030-DUP2-R17844,3,,0,0,0
17845,CAB-SADP010100-DUP2-R17845,3,,0,0,0
17846,CAB-SADP015015-DUP2-R17846,3,,0,0,0
17847,CAB-SADP020020-DUP2-R17847,3,,0,0,0
17848,CAB-SADP027017-DUP2-R17848,3,,0,0,0
17849,CAB-SADP027027-DUP2-R17849,3,,0,0,0
17850,CAB-SADP030030-DUP2-R17850,3,,0,0,0
17851,CAB-SADP035035-DUP2-R17851,3,,0,0,0
17852,CAB-SADA017017-DUP2-R17852,3,,0,0,0
17853,CAB-agas002011-DUP2-R17853,3,,0,0,0
17854,CAB-svtw703065-DUP2-R17854,3,,0,0,0
17855,CAB-svtw703050-DUP2-R17855,3,,0,0,0
17856,CAB-svtw703080-DUP2-R17856,3,,0,0,0
17857,CAB-svtw703100-DUP2-R17857,3,,0,0,0
17858,CAB-svtw703150-DUP2-R17858,3,,0,0,0
17859,CAB-svtw703200-DUP2-R17859,3,,0,0,0
17860,CAB-ASCR000128-DUP2-R17860,3,,0,0,0
17861,CAB-agas008002-DUP2-R17861,3,,0,0,0
17862,CAB-015005016200-DUP2-R17862,3,,0,0,0
17863,CAB-svto000006-DUP2-R17863,3,,0,0,0
17864,CAB-015001010025-DUP2-R17864,3,,0,0,0
17865,CAB-015001010040-DUP2-R17865,3,,0,0,0
17866,CAB-015001010032-DUP2-R17866,3,,0,0,0
17867,CAB-015001010031-DUP2-R17867,3,,0,0,0
17868,CAB-015001010015-DUP2-R17868,3,,0,0,0
17869,CAB-015001010050-DUP2-R17869,3,,0,0,0
17870,CAB-015001010020-DUP2-R17870,3,,0,0,0
17871,CAB-svtw016065-DUP2-R17871,3,,0,0,0
17872,CAB-svtw016080-DUP2-R17872,3,,0,0,0
17873,CAB-svtw016100-DUP2-R17873,3,,0,0,0
17874,CAB-svtw016150-DUP2-R17874,3,,0,0,0
17875,CAB-SAGP050020-DUP2-R17875,3,,0,0,0
17876,CAB-saga100010-DUP2-R17876,3,,0,0,0
17877,CAB-saga100015-DUP2-R17877,3,,0,0,0
17878,CAB-SAGA100025-DUP2-R17878,3,,0,0,0
17879,CAB-saga100050-DUP2-R17879,3,,0,0,0
17880,CAB-SAGA100020-DUP2-R17880,3,,0,0,0
17881,CAB-SAGP100008-DUP2-R17881,3,,0,0,0
17882,CAB-SAGA108030-DUP2-R17882,3,,0,0,0
17883,CAB-SAGP110015-DUP2-R17883,3,,0,0,0
17884,CAB-SAGA119015-DUP2-R17884,3,,0,0,0
17885,CAB-SAGA119014-DUP2-R17885,3,,0,0,0
17886,CAB-SAGA011080-DUP2-R17886,3,,0,0,0
17887,CAB-saga012120-DUP2-R17887,3,,0,0,0
17888,CAB-SAGA12004-DUP2-R17888,3,,0,0,0
17889,CAB-saga015015-DUP2-R17889,3,,0,0,0
17890,CAB-saga153028-DUP2-R17890,3,,0,0,0
17891,CAB-saga153029-DUP2-R17891,3,,0,0,0
17892,CAB-saga153030-DUP2-R17892,3,,0,0,0
17893,CAB-saga153031-DUP2-R17893,3,,0,0,0
17894,CAB-saga153036-DUP2-R17894,3,,0,0,0
17895,CAB-saga159029-DUP2-R17895,3,,0,0,0
17896,CAB-SAGA015037-DUP2-R17896,3,,0,0,0
17897,CAB-SAGA015060-DUP2-R17897,3,,0,0,0
17898,CAB-SAGA015090-DUP2-R17898,3,,0,0,0
17899,CAB-saga020020-DUP2-R17899,3,,0,0,0
17900,CAB-SAGA020075-DUP2-R17900,3,,0,0,0
17901,CAB-saga025025-DUP2-R17901,3,,0,0,0
17902,CAB-SAGA028023-DUP2-R17902,3,,0,0,0
17903,CAB-saga030020-DUP2-R17903,3,,0,0,0
17904,CAB-saga030030-DUP2-R17904,3,,0,0,0
17905,CAB-saga030045-DUP2-R17905,3,,0,0,0
17906,CAB-saga030050-DUP2-R17906,3,,0,0,0
17907,CAB-SAGB030030-DUP2-R17907,3,,0,0,0
17908,CAB-SAGA035105-DUP2-R17908,3,,0,0,0
17909,CAB-saga035020-DUP2-R17909,3,,0,0,0
17910,CAB-SAGA035025-DUP2-R17910,3,,0,0,0
17911,CAB-saga035035-DUP2-R17911,3,,0,0,0
17912,CAB-SAGP036036-DUP2-R17912,3,,0,0,0
17913,CAB-saga040015-DUP2-R17913,3,,0,0,0
17914,CAB-saga040025-DUP2-R17914,3,,0,0,0
17915,CAB-saga04040-DUP2-R17915,3,,0,0,0
17916,CAB-SAGA040012-DUP2-R17916,3,,0,0,0
17917,CAB-SAGA040020-DUP2-R17917,3,,0,0,0
17918,CAB-SAGA045015-DUP2-R17918,3,,0,0,0
17919,CAB-SAGA045020-DUP2-R17919,3,,0,0,0
17920,CAB-SAGA045045-DUP2-R17920,3,,0,0,0
17921,CAB-SAGA004120-DUP2-R17921,3,,0,0,0
17922,CAB-saga050014-DUP2-R17922,3,,0,0,0
17923,CAB-SAGA050025-DUP2-R17923,3,,0,0,0
17924,CAB-SAGP056006-DUP2-R17924,3,,0,0,0
17925,CAB-saga060015-DUP2-R17925,3,,0,0,0
17926,CAB-saga060020-DUP2-R17926,3,,0,0,0
17927,CAB-SAGA060010-DUP2-R17927,3,,0,0,0
17928,CAB-SAGA060021-DUP2-R17928,3,,0,0,0
17929,CAB-SAGP062010-DUP2-R17929,3,,0,0,0
17930,CAB-SAGP065045-DUP2-R17930,3,,0,0,0
17931,CAB-saga067044-DUP2-R17931,3,,0,0,0
17932,CAB-saga070014-DUP2-R17932,3,,0,0,0
17933,CAB-saga070010-DUP2-R17933,3,,0,0,0
17934,CAB-SAGP070013-DUP2-R17934,3,,0,0,0
17935,CAB-saga073015-DUP2-R17935,3,,0,0,0
17936,CAB-saga078039-DUP2-R17936,3,,0,0,0
17937,CAB-saga074029-DUP2-R17937,3,,0,0,0
17938,CAB-saga074030-DUP2-R17938,3,,0,0,0
17939,CAB-saga074031-DUP2-R17939,3,,0,0,0
17940,CAB-saga074036-DUP2-R17940,3,,0,0,0
17941,CAB-saga075012-DUP2-R17941,3,,0,0,0
17942,CAB-saga075015-DUP2-R17942,3,,0,0,0
17943,CAB-saga075025-DUP2-R17943,3,,0,0,0
17944,CAB-saga795044-DUP2-R17944,3,,0,0,0
17945,CAB-saga080040-DUP2-R17945,3,,0,0,0
17946,CAB-SAGA080010-DUP2-R17946,3,,0,0,0
17947,CAB-SAGP080013-DUP2-R17947,3,,0,0,0
17948,CAB-SAGP080015-DUP2-R17948,3,,0,0,0
17949,CAB-SAGA080017-DUP2-R17949,3,,0,0,0
17950,CAB-SAGA080023-DUP2-R17950,3,,0,0,0
17951,CAB-SAGA080080-DUP2-R17951,3,,0,0,0
17952,CAB-SAGA082028-DUP2-R17952,3,,0,0,0
17953,CAB-SAGP100010-DUP2-R17953,3,,0,0,0
17954,CAB-SAGP037037-DUP2-R17954,3,,0,0,0
17955,CAB-SAGP060010-DUP2-R17955,3,,0,0,0
17956,CAB-SAGP060015-DUP2-R17956,3,,0,0,0
17957,CAB-SAGP070006-DUP2-R17957,3,,0,0,0
17958,CAB-sagi800103-DUP2-R17958,3,,0,0,0
17959,CAB-SAGI800120-DUP2-R17959,3,,0,0,0
17960,CAB-sagi800130-DUP2-R17960,3,,0,0,0
17961,CAB-sagi800110-DUP2-R17961,3,,0,0,0
17962,CAB-sskn000013-DUP2-R17962,3,,0,0,0
17963,CAB-sskn000006-DUP2-R17963,3,,0,0,0
17964,CAB-sskn000019-DUP2-R17964,3,,0,0,0
17965,CAB-sskn000009-DUP2-R17965,3,,0,0,0
17966,CAB-sskn000008-DUP2-R17966,3,,0,0,0
17967,CAB-sskn000016-DUP2-R17967,3,,0,0,0
17968,CAB-AGAS010019-DUP2-R17968,3,,0,0,0
17969,CAB-agas010018-DUP2-R17969,3,,0,0,0
17970,CAB-agas010017-DUP2-R17970,3,,0,0,0
17971,CAB-agas010009-DUP2-R17971,3,,0,0,0
17972,CAB-agas010010-DUP2-R17972,3,,0,0,0
17973,CAB-agas010016-DUP2-R17973,3,,0,0,0
17974,CAB-agas003006-DUP2-R17974,3,,0,0,0
17975,CAB-avsy003015-DUP2-R17975,3,,0,0,0
17976,CAB-avsy003025-DUP2-R17976,3,,0,0,0
17977,CAB-avsy003020-DUP2-R17977,3,,0,0,0
17978,CAB-avsy004025-DUP2-R17978,3,,0,0,0
17979,CAB-avsy004015-DUP2-R17979,3,,0,0,0
17980,CAB-avsy004020-DUP2-R17980,3,,0,0,0
17981,CAB-avsy000025-DUP2-R17981,3,,0,0,0
17982,CAB-bvss000020-DUP2-R17982,3,,0,0,0
17983,CAB-bvss000010-DUP2-R17983,3,,0,0,0
17984,CAB-ascr000057-DUP2-R17984,3,,0,0,0
17985,CAB-agas002009-DUP2-R17985,3,,0,0,0
17986,CAB-ascr000126-DUP2-R17986,3,,0,0,0
17987,CAB-ascr000125-DUP2-R17987,3,,0,0,0
17988,CAB-ascr000127-DUP2-R17988,3,,0,0,0
17989,CAB-ascr000124-DUP2-R17989,3,,0,0,0
17990,CAB-ascr000137-DUP2-R17990,3,,0,0,0
17991,CAB-ascr000017-DUP2-R17991,3,,0,0,0
17992,CAB-ascr000016-DUP2-R17992,3,,0,0,0
17993,CAB-sciv016080-DUP2-R17993,3,,0,0,0
17994,CAB-100001000010-DUP2-R17994,3,,0,0,0
17995,CAB-ASCR001054-DUP2-R17995,3,,0,0,0
17996,CAB-ASCR001056-DUP2-R17996,3,,0,0,0
17997,CAB-ASCR001055-DUP2-R17997,3,,0,0,0
17998,CAB-ascr001063-DUP2-R17998,3,,0,0,0
17999,CAB-ascr017016-DUP2-R17999,3,,0,0,0
18000,CAB-ascr017018-DUP2-R18000,3,,0,0,0
18001,CAB-pres006100-DUP2-R18001,3,,0,0,0
18002,CAB-ASCR017017-DUP2-R18002,3,,0,0,0
18003,CAB-ascr000065-DUP2-R18003,3,,0,0,0
18004,CAB-gmta800006-DUP2-R18004,3,,2531,0,0
18005,CAB-gmta800009-DUP2-R18005,3,,1125,0,0
18006,CAB-100003003000-DUP2-R18006,3,,0,0,0
18007,CAB-ascr006001-DUP2-R18007,3,,0,0,0
18008,CAB-press006150-DUP2-R18008,3,,0,0,0
18009,CAB-press006200-DUP2-R18009,3,,0,0,0
18010,CAB-PRESS006300-DUP2-R18010,3,,0,0,0
18011,CAB-press006400-DUP2-R18011,3,,0,0,0
18012,CAB-PRESS006500-DUP2-R18012,3,,0,0,0
18013,CAB-PRESS006600-DUP2-R18013,3,,0,0,0
18014,CAB-press006001-DUP2-R18014,3,,0,0,0
18015,CAB-pres025050-DUP2-R18015,3,,0,0,0
18016,CAB-pres015050-DUP2-R18016,3,,0,0,0
18017,CAB-pres020050-DUP2-R18017,3,,0,0,0
18018,CAB-press000000-DUP2-R18018,3,,0,0,0
18019,CAB-ascr012031-DUP2-R18019,3,,0,0,0
18020,CAB-agas004001-DUP2-R18020,3,,0,0,0
18021,CAB-agas004012-DUP2-R18021,3,,0,0,0
18022,CAB-agas202001-DUP2-R18022,3,,0,0,0
18023,CAB-agas202010-DUP2-R18023,3,,0,0,0
18024,CAB-agas202002-DUP2-R18024,3,,0,0,0
18025,CAB-agas10203-DUP2-R18025,3,,0,0,0
18026,CAB-agas102010-DUP2-R18026,3,,0,0,0
18027,CAB-ascr020010-DUP2-R18027,3,,0,0,0
18028,CAB-sera192012-DUP2-R18028,3,,0,0,0
18029,CAB-sera720000-DUP2-R18029,3,,0,0,0
18030,CAB-sera725000-DUP2-R18030,3,,0,0,0
18031,CAB-sera732000-DUP2-R18031,3,,0,0,0
18032,CAB-sera740000-DUP2-R18032,3,,0,0,0
18033,CAB-sera750000-DUP2-R18033,3,,0,0,0
18034,CAB-sera763000-DUP2-R18034,3,,0,0,0
18035,CAB-sera311000-DUP2-R18035,3,,0,0,0
18036,CAB-sera375000-DUP2-R18036,3,,0,0,0
18037,CAB-sera390000-DUP2-R18037,3,,0,0,0
18038,CAB-sera000001-DUP2-R18038,3,,0,0,0
18039,CAB-sera225200-DUP2-R18039,3,,0,0,0
18040,CAB-sera232200-DUP2-R18040,3,,0,0,0
18041,CAB-sera232250-DUP2-R18041,3,,0,0,0
18042,CAB-sera240200-DUP2-R18042,3,,0,0,0
18043,CAB-sera240250-DUP2-R18043,3,,0,0,0
18044,CAB-sera250400-DUP2-R18044,3,,0,0,0
18045,CAB-sera263500-DUP2-R18045,3,,0,0,0
18046,CAB-sera172012-DUP2-R18046,3,,0,0,0
18047,CAB-sera182012-DUP2-R18047,3,,0,0,0
18048,CAB-sera182534-DUP2-R18048,3,,0,0,0
18049,CAB-sera183210-DUP2-R18049,3,,0,0,0
18050,CAB-sera120000-DUP2-R18050,3,,0,0,0
18051,CAB-sera125000-DUP2-R18051,3,,0,0,0
18052,CAB-sera132000-DUP2-R18052,3,,0,0,0
18053,CAB-sera140000-DUP2-R18053,3,,0,0,0
18054,CAB-sera150000-DUP2-R18054,3,,0,0,0
18055,CAB-sera163000-DUP2-R18055,3,,0,0,0
18056,CAB-sera420000-DUP2-R18056,3,,0,0,0
18057,CAB-sera425000-DUP2-R18057,3,,0,0,0
18058,CAB-sera432000-DUP2-R18058,3,,0,0,0
18059,CAB-sera440000-DUP2-R18059,3,,0,0,0
18060,CAB-sera450000-DUP2-R18060,3,,0,0,0
18061,CAB-sera463000-DUP2-R18061,3,,0,0,0
18062,CAB-sera540320-DUP2-R18062,3,,0,0,0
18063,CAB-sera525200-DUP2-R18063,3,,0,0,0
18064,CAB-sera532200-DUP2-R18064,3,,0,0,0
18065,CAB-sera532250-DUP2-R18065,3,,0,0,0
18066,CAB-sera540250-DUP2-R18066,3,,0,0,0
18067,CAB-sera550400-DUP2-R18067,3,,0,0,0
18068,CAB-sera563500-DUP2-R18068,3,,0,0,0
18069,CAB-AGAS006021-DUP2-R18069,3,,0,0,0
18070,CAB-fdpu000305-DUP2-R18070,3,,0,20,0
18071,CAB-pgnm065010-DUP2-R18071,3,,0,0,0
18072,CAB-PGNM065150-DUP2-R18072,3,,0,0,0
18073,CAB-pgnm065016-DUP2-R18073,3,,0,0,0
18074,CAB-pgnm065002-DUP2-R18074,3,,0,0,0
18075,CAB-pgnm065025-DUP2-R18075,3,,0,0,0
18076,CAB-pgnm065040-DUP2-R18076,3,,0,0,0
18077,CAB-pgnm065004-DUP2-R18077,3,,0,0,0
18078,CAB-pgnm065006-DUP2-R18078,3,,0,0,0
18079,CAB-agas002006-DUP2-R18079,3,,0,0,0
18080,CAB-agas002005-DUP2-R18080,3,,0,0,0
18081,CAB-agas002004-DUP2-R18081,3,,0,0,0
18082,CAB-sowa010065-DUP2-R18082,3,,0,0,0
18083,CAB-scia001050-DUP2-R18083,3,,0,0,0
18084,CAB-scvi150150-DUP2-R18084,3,,0,0,0
18085,CAB-ZMED500008-DUP2-R18085,3,,0,0,0
18086,CAB-ZMED500007-DUP2-R18086,3,,0,0,0
18087,CAB-010002000013-DUP2-R18087,3,,0,0,0
18088,CAB-010002000006-DUP2-R18088,3,,0,0,0
18089,CAB-010002000019-DUP2-R18089,3,,0,0,0
18090,CAB-010002000009-DUP2-R18090,3,,0,0,0
18091,CAB-006004000016-DUP2-R18091,3,,0,0,0
18092,CAB-010002000016-DUP2-R18092,3,,0,0,0
18093,CAB-sgtt000025-DUP2-R18093,3,,0,0,0
18094,CAB-100006000001-DUP2-R18094,3,,0,0,0
18095,CAB-pusm001006-DUP2-R18095,3,,0,0,0
18096,CAB-sipo000016-DUP2-R18096,3,,0,0,0
18097,CAB-sipo000015-DUP2-R18097,3,,0,0,0
18098,CAB-sipo000006-DUP2-R18098,3,,0,0,0
18099,CAB-SIPO000007-DUP2-R18099,3,,0,0,0
18100,CAB-sipo100015-DUP2-R18100,3,,0,64,0
18101,CAB-sipo100009-DUP2-R18101,3,,0,0,0
18102,CAB-ascr000010-DUP2-R18102,3,,0,0,0
18103,CAB-SKYD100102-DUP2-R18103,3,,0,0,0
18104,CAB-SKYD001006-DUP2-R18104,3,,7,0,0
18105,CAB-skyd002008-DUP2-R18105,3,,0,0,0
18106,CAB-nepe900053-DUP2-R18106,3,,0,0,0
18107,CAB-nepe900055-DUP2-R18107,3,,0,0,0
18108,CAB-sjkn000028-DUP2-R18108,3,,0,0,0
18109,CAB-sjkn000041-DUP2-R18109,3,,0,0,0
18110,CAB-NEPE900006-DUP2-R18110,3,,0,0,0
18111,CAB-LINS114014-DUP2-R18111,3,,0,0,0
18112,CAB-regb000014-DUP2-R18112,3,,0,0,0
18113,CAB-regb000011-DUP2-R18113,3,,0,0,0
18114,CAB-smaf800032-DUP2-R18114,3,,0,0,0
18115,CAB-SMCF000001-DUP2-R18115,3,,0,0,0
18116,CAB-smca168010-DUP2-R18116,3,,0,0,0
18117,CAB-ssmc100025-DUP2-R18117,3,,0,0,0
18118,CAB-ssmc100015-DUP2-R18118,3,,0,0,0
18119,CAB-ssmc100006-DUP2-R18119,3,,0,0,0
18120,CAB-ssmc100020-DUP2-R18120,3,,0,0,0
18121,CAB-ssmc100009-DUP2-R18121,3,,0,0,0
18122,CAB-ssmc200015-DUP2-R18122,3,,0,0,0
18123,CAB-fire040000-DUP2-R18123,3,,0,0,0
18124,CAB-socl004050-DUP2-R18124,3,,0,0,0
18125,CAB-socl004080-DUP2-R18125,3,,0,0,0
18126,CAB-socl003050-DUP2-R18126,3,,0,0,0
18127,CAB-socl003080-DUP2-R18127,3,,0,0,0
18128,CAB-socl003100-DUP2-R18128,3,,0,0,0
18129,CAB-socl003125-DUP2-R18129,3,,0,0,0
18130,CAB-socl003200-DUP2-R18130,3,,0,0,0
18131,CAB-socl001100-DUP2-R18131,3,,0,0,0
18132,CAB-socl001150-DUP2-R18132,3,,0,0,0
18133,CAB-socl005100-DUP2-R18133,3,,0,0,0
18134,CAB-ciso300032-DUP2-R18134,3,,0,0,0
18135,CAB-gald350025-DUP2-R18135,3,,0,0,0
18136,CAB-ADPT001003-DUP2-R18136,3,,0,0,0
18137,CAB-nepe900045-DUP2-R18137,3,,0,0,0
18138,CAB-ADPT001002-DUP2-R18138,3,,0,0,0
18139,CAB-gald230017-DUP2-R18139,3,,0,0,0
18140,CAB-gald230040-DUP2-R18140,3,,0,0,0
18141,CAB-gald230032-DUP2-R18141,3,,0,0,0
18142,CAB-gald230033-DUP2-R18142,3,,0,0,0
18143,CAB-gald230025-DUP2-R18143,3,,0,0,0
18144,CAB-gald230026-DUP2-R18144,3,,0,0,0
18145,CAB-gald230015-DUP2-R18145,3,,0,0,0
18146,CAB-gald230016-DUP2-R18146,3,,0,0,0
18147,CAB-gald230006-DUP2-R18147,3,,0,0,0
18148,CAB-gald230067-DUP2-R18148,3,,0,0,0
18149,CAB-gald230065-DUP2-R18149,3,,0,0,0
18150,CAB-gald230050-DUP2-R18150,3,,0,0,0
18151,CAB-gald230080-DUP2-R18151,3,,0,0,0
18152,CAB-gald230020-DUP2-R18152,3,,0,0,0
18153,CAB-gald230021-DUP2-R18153,3,,0,0,0
18154,CAB-gald230100-DUP2-R18154,3,,0,0,0
18155,CAB-GALD230018-DUP2-R18155,3,,0,0,0
18156,CAB-tspb400065-DUP2-R18156,3,,0,0,0
18157,CAB-NEPE900068-DUP2-R18157,3,,0,0,0
18158,CAB-sotb000016-DUP2-R18158,3,,0,0,0
18159,CAB-sdkn000025-DUP2-R18159,3,,0,0,0
18160,CAB-sdkn000040-DUP2-R18160,3,,0,0,0
18161,CAB-sdkn000032-DUP2-R18161,3,,0,0,0
18162,CAB-sdkn000015-DUP2-R18162,3,,0,0,0
18163,CAB-sdkn000006-DUP2-R18163,3,,53,0,0
18164,CAB-sdkn000007-DUP2-R18164,3,,0,0,0
18165,CAB-sdkn000003-DUP2-R18165,3,,0,0,0
18166,CAB-sdkn000050-DUP2-R18166,3,,0,0,0
18167,CAB-sdkn000020-DUP2-R18167,3,,0,0,0
18168,CAB-sdkn000009-DUP2-R18168,3,,0,0,0
18169,CAB-gald230041-DUP2-R18169,3,,0,0,0
18170,CAB-gald231025-DUP2-R18170,3,,0,0,0
18171,CAB-gald231015-DUP2-R18171,3,,0,0,0
18172,CAB-gald231020-DUP2-R18172,3,,0,0,0
18173,CAB-002008019015-DUP2-R18173,3,,0,0,0
18174,CAB-002008016013-DUP2-R18174,3,,0,0,0
18175,CAB-boxs000010-DUP2-R18175,3,,0,0,0
18176,CAB-boxs000014-DUP2-R18176,3,,0,0,0
18177,CAB-boxs000018-DUP2-R18177,3,,0,0,0
18178,CAB-BOXS000003-DUP2-R18178,3,,0,0,0
18179,CAB-BOXS000004-DUP2-R18179,3,,0,0,0
18180,CAB-boxs000005-DUP2-R18180,3,,0,0,0
18181,CAB-boxs000006-DUP2-R18181,3,,0,0,0
18182,CAB-boxs000007-DUP2-R18182,3,,0,0,0
18183,CAB-boxs000008-DUP2-R18183,3,,0,0,0
18184,CAB-BOXS001006-DUP2-R18184,3,,0,0,0
18185,CAB-BOXS001008-DUP2-R18185,3,,0,0,0
18186,CAB-ascr020005-DUP2-R18186,3,,0,0,0
18187,CAB-gald130025-DUP2-R18187,3,,0,0,0
18188,CAB-gald130040-DUP2-R18188,3,,0,0,0
18189,CAB-gald130032-DUP2-R18189,3,,0,0,0
18190,CAB-gald130015-DUP2-R18190,3,,0,0,0
18191,CAB-GALD130016-DUP2-R18191,3,,0,0,0
18192,CAB-GALD130006-DUP2-R18192,3,,0,0,0
18193,CAB-gald130065-DUP2-R18193,3,,0,0,0
18194,CAB-gald130050-DUP2-R18194,3,,0,0,0
18195,CAB-gald130080-DUP2-R18195,3,,0,0,0
18196,CAB-gald130020-DUP2-R18196,3,,0,0,0
18197,CAB-GALD130021-DUP2-R18197,3,,0,0,0
18198,CAB-gald130100-DUP2-R18198,3,,0,0,0
18199,CAB-gald231040-DUP2-R18199,3,,0,0,0
18200,CAB-tspg400040-DUP2-R18200,3,,0,0,0
18201,CAB-tspg400065-DUP2-R18201,3,,0,0,0
18202,CAB-tspg400050-DUP2-R18202,3,,0,0,0
18203,CAB-tspg400020-DUP2-R18203,3,,0,0,0
18204,CAB-NEPE900060-DUP2-R18204,3,,0,0,0
18205,CAB-skcr015015-DUP2-R18205,3,,0,0,0
18206,CAB-skkn032025-DUP2-R18206,3,,0,0,0
18207,CAB-skkn025025-DUP2-R18207,3,,3,0,0
18208,CAB-skkn025015-DUP2-R18208,3,,0,0,0
18209,CAB-skkn025020-DUP2-R18209,3,,0,0,0
18210,CAB-skkn015015-DUP2-R18210,3,,267,0,0
18211,CAB-skkn015016-DUP2-R18211,3,,0,0,0
18212,CAB-skkn015006-DUP2-R18212,3,,133,0,0
18213,CAB-skkn015007-DUP2-R18213,3,,0,0,0
18214,CAB-skkn015009-DUP2-R18214,3,,171,0,0
18215,CAB-skkn006007-DUP2-R18215,3,,73,0,0
18216,CAB-skkn006006-DUP2-R18216,3,,65,0,0
18217,CAB-skkn006003-DUP2-R18217,3,,196,10,0
18218,CAB-skkn050040-DUP2-R18218,3,,0,0,0
18219,CAB-skkn050032-DUP2-R18219,3,,5,0,0
18220,CAB-skkn020015-DUP2-R18220,3,,9,0,0
18221,CAB-skkn020016-DUP2-R18221,3,,0,0,0
18222,CAB-skkn020006-DUP2-R18222,3,,0,0,0
18223,CAB-skkn020020-DUP2-R18223,3,,60,0,0
18224,CAB-skkn009006-DUP2-R18224,3,,19,0,0
18225,CAB-skkn009009-DUP2-R18225,3,,0,0,0
18226,CAB-skkn016015-DUP2-R18226,3,,0,0,0
18227,CAB-skkn032026-DUP2-R18227,3,,6,0,0
18228,CAB-skkn015017-DUP2-R18228,3,,0,0,0
18229,CAB-stkn000022-DUP2-R18229,3,,0,0,0
18230,CAB-gald230051-DUP2-R18230,3,,0,0,0
18231,CAB-gald230081-DUP2-R18231,3,,0,0,0
18232,CAB-GALD230101-DUP2-R18232,3,,0,0,0
18233,CAB-gald230066-DUP2-R18233,3,,0,0,0
18234,CAB-gald360040-DUP2-R18234,3,,0,0,0
18235,CAB-gald360032-DUP2-R18235,3,,0,0,0
18236,CAB-gald360025-DUP2-R18236,3,,0,0,0
18237,CAB-gald360050-DUP2-R18237,3,,0,0,0
18238,CAB-slkn000020-DUP2-R18238,3,,0,0,0
18239,CAB-NEPE900063-DUP2-R18239,3,,0,0,0
18240,CAB-pues010008-DUP2-R18240,3,,0,0,0
18241,CAB-NEPE900084-DUP2-R18241,3,,0,0,0
18242,CAB-pacr091212-DUP2-R18242,3,,0,0,0
18243,CAB-pacr121617-DUP2-R18243,3,,0,0,0
18244,CAB-pacr162021-DUP2-R18244,3,,0,0,0
18245,CAB-pacr162020-DUP2-R18245,3,,0,0,0
18246,CAB-skkn015010-DUP2-R18246,3,,0,0,0
18247,CAB-VSKN009005-DUP2-R18247,3,,0,0,0
18248,CAB-gald015015-DUP2-R18248,3,,0,0,0
18249,CAB-gald320025-DUP2-R18249,3,,0,0,0
18250,CAB-tsps025025-DUP2-R18250,3,,0,0,0
18251,CAB-011001006025-DUP2-R18251,3,,0,0,0
18252,CAB-burk100025-DUP2-R18252,3,,0,0,0
18253,CAB-burk100032-DUP2-R18253,3,,0,0,0
18254,CAB-burk100015-DUP2-R18254,3,,0,0,0
18255,CAB-burk100065-DUP2-R18255,3,,0,0,0
18256,CAB-burk100050-DUP2-R18256,3,,0,0,0
18257,CAB-burk200040-DUP2-R18257,3,,0,0,0
18258,CAB-burk200032-DUP2-R18258,3,,0,0,0
18259,CAB-burk200025-DUP2-R18259,3,,0,0,0
18260,CAB-burk200015-DUP2-R18260,3,,0,0,0
18261,CAB-burk200050-DUP2-R18261,3,,0,0,0
18262,CAB-burk200020-DUP2-R18262,3,,0,0,0
18263,CAB-burk100020-DUP2-R18263,3,,0,0,0
18264,CAB-burk600040-DUP2-R18264,3,,0,0,0
18265,CAB-burk600032-DUP2-R18265,3,,0,0,0
18266,CAB-burk600025-DUP2-R18266,3,,0,0,0
18267,CAB-burk600015-DUP2-R18267,3,,0,0,0
18268,CAB-burk600006-DUP2-R18268,3,,0,0,0
18269,CAB-burk600050-DUP2-R18269,3,,0,0,0
18270,CAB-burk600020-DUP2-R18270,3,,0,0,0
18271,CAB-burk600010-DUP2-R18271,3,,0,0,0
18272,CAB-BURK800009-DUP2-R18272,3,,0,0,0
18273,CAB-011001005025-DUP2-R18273,3,,0,0,0
18274,CAB-011001005015-DUP2-R18274,3,,0,0,0
18275,CAB-011001005020-DUP2-R18275,3,,0,0,0
18276,CAB-011001004015-DUP2-R18276,3,,0,0,0
18277,CAB-011001004020-DUP2-R18277,3,,0,0,0
18278,CAB-011001004025-DUP2-R18278,3,,0,0,0
18279,CAB-011001002025-DUP2-R18279,3,,0,0,0
18280,CAB-011001002040-DUP2-R18280,3,,0,0,0
18281,CAB-011001002032-DUP2-R18281,3,,0,0,0
18282,CAB-011001002015-DUP2-R18282,3,,0,0,0
18283,CAB-011001002050-DUP2-R18283,3,,0,0,0
18284,CAB-011001002020-DUP2-R18284,3,,0,0,0
18285,CAB-011001002009-DUP2-R18285,3,,0,0,0
18286,CAB-011001001025-DUP2-R18286,3,,0,0,0
18287,CAB-011001001040-DUP2-R18287,3,,0,0,0
18288,CAB-011001001032-DUP2-R18288,3,,0,0,0
18289,CAB-011001001015-DUP2-R18289,3,,0,0,0
18290,CAB-011001001006-DUP2-R18290,3,,0,0,0
18291,CAB-011001001050-DUP2-R18291,3,,0,0,0
18292,CAB-011001001065-DUP2-R18292,3,,0,0,0
18293,CAB-011001001080-DUP2-R18293,3,,0,0,0
18294,CAB-011001001020-DUP2-R18294,3,,0,0,0
18295,CAB-011001001009-DUP2-R18295,3,,0,0,0
18296,CAB-011001003015-DUP2-R18296,3,,0,0,0
18297,CAB-011001003020-DUP2-R18297,3,,0,0,0
18298,CAB-011001003025-DUP2-R18298,3,,0,0,0
18299,CAB-unid100025-DUP2-R18299,3,,0,0,0
18300,CAB-unid500015-DUP2-R18300,3,,0,0,0
18301,CAB-unid100080-DUP2-R18301,3,,0,0,0
18302,CAB-unid300020-DUP2-R18302,3,,0,0,0
18303,CAB-unid100019-DUP2-R18303,3,,0,0,0
18304,CAB-unid100065-DUP2-R18304,3,,0,0,0
18305,CAB-unid100041-DUP2-R18305,3,,0,0,0
18306,CAB-unid100040-DUP2-R18306,3,,0,0,0
18307,CAB-unid100032-DUP2-R18307,3,,0,0,0
18308,CAB-unid100033-DUP2-R18308,3,,0,0,0
18309,CAB-unid100026-DUP2-R18309,3,,0,0,0
18310,CAB-unid100014-DUP2-R18310,3,,0,0,0
18311,CAB-unid100015-DUP2-R18311,3,,0,0,0
18312,CAB-unid100051-DUP2-R18312,3,,0,0,0
18313,CAB-unid100050-DUP2-R18313,3,,0,0,0
18314,CAB-unid100020-DUP2-R18314,3,,0,0,0
18315,CAB-unid100100-DUP2-R18315,3,,0,0,0
18316,CAB-unid100006-DUP2-R18316,3,,0,0,0
18317,CAB-unid110040-DUP2-R18317,3,,0,0,0
18318,CAB-unid100009-DUP2-R18318,3,,0,0,0
18319,CAB-burk100040-DUP2-R18319,3,,0,0,0
18320,CAB-agas002003-DUP2-R18320,3,,0,0,0
18321,CAB-spgt020010-DUP2-R18321,3,,0,0,0
18322,CAB-spgt020030-DUP2-R18322,3,,0,0,0
18323,CAB-SPGT007007-DUP2-R18323,3,,0,0,0
18324,CAB-spgt020012-DUP2-R18324,3,,0,0,0
18325,CAB-spgt020015-DUP2-R18325,3,,0,0,0
18326,CAB-spgt020020-DUP2-R18326,3,,0,0,0
18327,CAB-spgt000000-DUP2-R18327,3,,0,0,0
18328,CAB-SPGT040190-DUP2-R18328,3,,0,0,0
18329,CAB-SPGT040220-DUP2-R18329,3,,0,0,0
18330,CAB-SPGT040160-DUP2-R18330,3,,0,0,0
18331,CAB-SPGT030010-DUP2-R18331,3,,0,0,0
18332,CAB-spgt030015-DUP2-R18332,3,,0,0,0
18333,CAB-100007000038-DUP2-R18333,3,,0,0,0
18334,CAB-ascr009100-DUP2-R18334,3,,0,0,0
18335,CAB-ascr009101-DUP2-R18335,3,,0,0,0
18336,CAB-spdc000003-DUP2-R18336,3,,0,0,0
18337,CAB-spdc000006-DUP2-R18337,3,,0,0,0
18338,CAB-SSMC015013-DUP2-R18338,3,,0,0,0
18339,CAB-SSMC015006-DUP2-R18339,3,,0,0,0
18340,CAB-SSMC015009-DUP2-R18340,3,,0,0,0
18341,CAB-SSMC006013-DUP2-R18341,3,,0,0,0
18342,CAB-SSMC006006-DUP2-R18342,3,,0,0,0
18343,CAB-SSMC006009-DUP2-R18343,3,,0,0,0
18344,CAB-SSMC010013-DUP2-R18344,3,,0,0,0
18345,CAB-SSMC010006-DUP2-R18345,3,,0,0,0
18346,CAB-SSMC010009-DUP2-R18346,3,,0,0,0
18347,CAB-SSTC013013-DUP2-R18347,3,,0,0,0
18348,CAB-SSTC006006-DUP2-R18348,3,,0,0,0
18349,CAB-SSTC009009-DUP2-R18349,3,,0,0,0
18350,CAB-SSUC013013-DUP2-R18350,3,,0,0,0
18351,CAB-SSUC006006-DUP2-R18351,3,,0,0,0
18352,CAB-SSUC009009-DUP2-R18352,3,,0,0,0
18353,CAB-stai100250-DUP2-R18353,3,,0,0,0
18354,CAB-ZMED500002-DUP2-R18354,3,,0,0,0
18355,CAB-SMED130004-DUP2-R18355,3,,0,0,0
18356,CAB-SMED130002-DUP2-R18356,3,,0,0,0
18357,CAB-SMED130003-DUP2-R18357,3,,0,0,0
18358,CAB-SMED130001-DUP2-R18358,3,,0,0,0
18359,CAB-SMED130005-DUP2-R18359,3,,0,0,0
18360,CAB-ZMED620001-DUP2-R18360,3,,2,0,0
18361,CAB-ZMED770004-DUP2-R18361,3,,107,0,0
18362,CAB-ZMED770002-DUP2-R18362,3,,157,0,0
18363,CAB-AGAS006029-DUP2-R18363,3,,0,0,0
18364,CAB-zmed900002-DUP2-R18364,3,,0,0,0
18365,CAB-ZMED900001-DUP2-R18365,3,,42,0,0
18366,CAB-ZMED900003-DUP2-R18366,3,,6,0,0
18367,CAB-ZMED900004-DUP2-R18367,3,,172,0,0
18368,CAB-ZMED900005-DUP2-R18368,3,,0,0,0
18369,CAB-ZMED730002-DUP2-R18369,3,,6,0,0
18370,CAB-ZMED700007-DUP2-R18370,3,,3,0,0
18371,CAB-ZMED740004-DUP2-R18371,3,,13,0,0
18372,CAB-ZMED700004-DUP2-R18372,3,,1,0,0
18373,CAB-ZMED740005-DUP2-R18373,3,,10,0,0
18374,CAB-ZMED740003-DUP2-R18374,3,,13,0,0
18375,CAB-ZMED730004-DUP2-R18375,3,,6,0,0
18376,CAB-ZMED700005-DUP2-R18376,3,,2,0,0
18377,CAB-ZMED700003-DUP2-R18377,3,,0,0,0
18378,CAB-ZMED730001-DUP2-R18378,3,,6,0,0
18379,CAB-ZMED700006-DUP2-R18379,3,,3,0,0
18380,CAB-ZMED740001-DUP2-R18380,3,,13,0,0
18381,CAB-ZMED700009-DUP2-R18381,3,,10,0,0
18382,CAB-ZMED740002-DUP2-R18382,3,,13,0,0
18383,CAB-ZMED730003-DUP2-R18383,3,,6,0,0
18384,CAB-ZMED700008-DUP2-R18384,3,,3,0,0
18385,CAB-ZMED700001-DUP2-R18385,3,,0,0,0
18386,CAB-ZMED700002-DUP2-R18386,3,,0,0,0
18387,CAB-SMED140005-DUP2-R18387,3,,0,0,0
18388,CAB-SMED150005-DUP2-R18388,3,,0,0,0
18389,CAB-SMED004104-DUP2-R18389,3,,0,0,0
18390,CAB-SMED004103-DUP2-R18390,3,,0,0,0
18391,CAB-SMED004105-DUP2-R18391,3,,0,0,0
18392,CAB-SMED004101-DUP2-R18392,3,,0,0,0
18393,CAB-SMED004102-DUP2-R18393,3,,0,0,0
18394,CAB-SMED004008-DUP2-R18394,3,,0,0,0
18395,CAB-SMED004202-DUP2-R18395,3,,0,0,0
18396,CAB-SMED004205-DUP2-R18396,3,,0,0,0
18397,CAB-SMED004204-DUP2-R18397,3,,0,0,0
18398,CAB-SMED004201-DUP2-R18398,3,,0,0,0
18399,CAB-SMED004203-DUP2-R18399,3,,0,0,0
18400,CAB-SMED005103-DUP2-R18400,3,,0,0,0
18401,CAB-SMED005104-DUP2-R18401,3,,0,0,0
18402,CAB-SMED005102-DUP2-R18402,3,,0,0,0
18403,CAB-SMED005101-DUP2-R18403,3,,0,0,0
18404,CAB-SMED005204-DUP2-R18404,3,,0,0,0
18405,CAB-SMED005205-DUP2-R18405,3,,0,0,0
18406,CAB-SMED005203-DUP2-R18406,3,,0,0,0
18407,CAB-SMED005201-DUP2-R18407,3,,0,0,0
18408,CAB-SMED005202-DUP2-R18408,3,,0,0,0
18409,CAB-SMED009004-DUP2-R18409,3,,0,0,0
18410,CAB-SMED008105-DUP2-R18410,3,,0,0,0
18411,CAB-SMED009003-DUP2-R18411,3,,0,0,0
18412,CAB-SMED009005-DUP2-R18412,3,,0,0,0
18413,CAB-SMED009002-DUP2-R18413,3,,0,0,0
18414,CAB-SMED008204-DUP2-R18414,3,,0,0,0
18415,CAB-SMED008205-DUP2-R18415,3,,0,0,0
18416,CAB-SMED008203-DUP2-R18416,3,,0,0,0
18417,CAB-SMED008201-DUP2-R18417,3,,0,0,0
18418,CAB-SMED008202-DUP2-R18418,3,,0,0,0
18419,CAB-SMED002103-DUP2-R18419,3,,0,0,0
18420,CAB-smed002101-DUP2-R18420,3,,4,0,0
18421,CAB-SMED002106-DUP2-R18421,3,,0,0,0
18422,CAB-SMED002102-DUP2-R18422,3,,0,0,0
18423,CAB-SMED002105-DUP2-R18423,3,,0,0,0
18424,CAB-SMED002104-DUP2-R18424,3,,0,0,0
18425,CAB-smed002204-DUP2-R18425,3,,0,0,0
18426,CAB-SMED002207-DUP2-R18426,3,,0,0,0
18427,CAB-smed002203-DUP2-R18427,3,,0,0,0
18428,CAB-SMED002206-DUP2-R18428,3,,0,0,0
18429,CAB-SMED002201-DUP2-R18429,3,,0,0,0
18430,CAB-smed002205-DUP2-R18430,3,,0,0,0
18431,CAB-smed002202-DUP2-R18431,3,,0,0,0
18432,CAB-SMED007104-DUP2-R18432,3,,0,0,0
18433,CAB-SMED007103-DUP2-R18433,3,,0,0,0
18434,CAB-SMED007101-DUP2-R18434,3,,6,0,0
18435,CAB-SMED007102-DUP2-R18435,3,,0,0,0
18436,CAB-SMED007105-DUP2-R18436,3,,0,0,0
18437,CAB-SMED007204-DUP2-R18437,3,,0,0,0
18438,CAB-SMED007205-DUP2-R18438,3,,0,0,0
18439,CAB-SMED007203-DUP2-R18439,3,,0,0,0
18440,CAB-SMED007201-DUP2-R18440,3,,0,0,0
18441,CAB-SMED007202-DUP2-R18441,3,,0,0,0
18442,CAB-ZMED770003-DUP2-R18442,3,,196,0,0
18443,CAB-ZMED610003-DUP2-R18443,3,,17,0,0
18444,CAB-ZMED610006-DUP2-R18444,3,,82,0,0
18445,CAB-AGAS006026-DUP2-R18445,3,,0,0,0
18446,CAB-AGAS006030-DUP2-R18446,3,,0,0,0
18447,CAB-agas006015-DUP2-R18447,3,,0,0,0
18448,CAB-arca500001-DUP2-R18448,3,,0,0,0
18449,CAB-agas006016-DUP2-R18449,3,,1,0,0
18450,CAB-AGAS006027-DUP2-R18450,3,,0,0,0
18451,CAB-AGAS006028-DUP2-R18451,3,,0,0,0
18452,CAB-AGAS006070-DUP2-R18452,3,,0,0,0
18453,CAB-ARCA500006-DUP2-R18453,3,,0,0,0
18454,CAB-AGAS006018-DUP2-R18454,3,,0,0,0
18455,CAB-ARCA500002-DUP2-R18455,3,,0,0,0
18456,CAB-ZMED800001-DUP2-R18456,3,,195,0,0
18457,CAB-smed110002-DUP2-R18457,3,,0,0,0
18458,CAB-SMED110003-DUP2-R18458,3,,0,0,0
18459,CAB-SMED110005-DUP2-R18459,3,,0,0,0
18460,CAB-SMED110001-DUP2-R18460,3,,0,0,0
18461,CAB-SMED110004-DUP2-R18461,3,,0,0,0
18462,CAB-SMED110006-DUP2-R18462,3,,0,0,0
18463,CAB-ZMED500004-DUP2-R18463,3,,21,0,0
18464,CAB-ZMED500010-DUP2-R18464,3,,3,0,0
18465,CAB-ZMED500001-DUP2-R18465,3,,0,0,0
18466,CAB-ZMED150012-DUP2-R18466,3,,0,0,0
18467,CAB-ZMED150011-DUP2-R18467,3,,1,0,0
18468,CAB-SMED120002-DUP2-R18468,3,,0,0,0
18469,CAB-SMED120001-DUP2-R18469,3,,0,0,0
18470,CAB-SMED120003-DUP2-R18470,3,,0,0,0
18471,CAB-SMED120005-DUP2-R18471,3,,0,0,0
18472,CAB-SMED120004-DUP2-R18472,3,,0,0,0
18473,CAB-016000000001-DUP2-R18473,3,,0,0,0
18474,CAB-ZMED610005-DUP2-R18474,3,,68,0,0
18475,CAB-ZMED610007-DUP2-R18475,3,,0,0,0
18476,CAB-ZMED610004-DUP2-R18476,3,,37,0,0
18477,CAB-ZMED610002-DUP2-R18477,3,,49,0,0
18478,CAB-ZMED610001-DUP2-R18478,3,,30,0,0
18479,CAB-ZMED610008-DUP2-R18479,3,,17,0,0
18480,CAB-smed003001-DUP2-R18480,3,,0,0,0
18481,CAB-SMED050280-DUP2-R18481,3,,0,0,0
18482,CAB-ZMED600005-DUP2-R18482,3,,0,0,0
18483,CAB-ZMED600014-DUP2-R18483,3,,2,0,0
18484,CAB-ZMED600015-DUP2-R18484,3,,2,0,0
18485,CAB-ZMED600013-DUP2-R18485,3,,6,0,0
18486,CAB-ZMED600017-DUP2-R18486,3,,0,0,0
18487,CAB-ZMED600016-DUP2-R18487,3,,4,0,0
18488,CAB-ZMED600006-DUP2-R18488,3,,0,0,0
18489,CAB-ZMED600004-DUP2-R18489,3,,0,0,0
18490,CAB-ZMED600003-DUP2-R18490,3,,0,0,0
18491,CAB-ZMED600011-DUP2-R18491,3,,2,0,0
18492,CAB-ZMED600001-DUP2-R18492,3,,1,0,0
18493,CAB-ZMED600010-DUP2-R18493,3,,0,0,0
18494,CAB-ZMED710003-DUP2-R18494,3,,2,0,0
18495,CAB-ZMED710004-DUP2-R18495,3,,2,0,0
18496,CAB-ZMED710001-DUP2-R18496,3,,1,0,0
18497,CAB-ZMED710002-DUP2-R18497,3,,2,0,0
18498,CAB-ZMED010001-DUP2-R18498,3,,0,0,0
18499,CAB-ZMED030001-DUP2-R18499,3,,88,0,0
18500,CAB-ZMED030005-DUP2-R18500,3,,46,0,0
18501,CAB-ZMED030004-DUP2-R18501,3,,42,0,0
18502,CAB-ZMED150022-DUP2-R18502,3,,0,0,0
18503,CAB-ZMED150021-DUP2-R18503,3,,1,0,0
18504,CAB-smed001004-DUP2-R18504,3,,0,0,0
18505,CAB-ZMED130001-DUP2-R18505,3,,0,0,0
18506,CAB-ZMED130002-DUP2-R18506,3,,0,0,0
18507,CAB-ZMED140005-DUP2-R18507,3,,8,0,0
18508,CAB-ZMED140006-DUP2-R18508,3,,19,0,0
18509,CAB-ZMED140003-DUP2-R18509,3,,4,0,0
18510,CAB-ZMED140002-DUP2-R18510,3,,3,0,0
18511,CAB-smed001002-DUP2-R18511,3,,0,0,0
18512,CAB-smed001001-DUP2-R18512,3,,0,0,0
18513,CAB-016002002005-DUP2-R18513,3,,0,0,0
18514,CAB-016002002003-DUP2-R18514,3,,0,0,0
18515,CAB-016002002004-DUP2-R18515,3,,0,0,0
18516,CAB-016002002001-DUP2-R18516,3,,0,0,0
18517,CAB-016002002002-DUP2-R18517,3,,0,0,0
18518,CAB-ZMED120002-DUP2-R18518,3,,11,0,0
18519,CAB-ZMED120005-DUP2-R18519,3,,4,0,0
18520,CAB-ZMED120004-DUP2-R18520,3,,9,0,0
18521,CAB-ZMED120001-DUP2-R18521,3,,28,0,0
18522,CAB-ZMED120003-DUP2-R18522,3,,8,0,0
18523,CAB-016001002002-DUP2-R18523,3,,0,0,0
18524,CAB-016001002005-DUP2-R18524,3,,0,0,0
18525,CAB-016001002004-DUP2-R18525,3,,0,0,0
18526,CAB-016001002001-DUP2-R18526,3,,0,0,0
18527,CAB-016001002003-DUP2-R18527,3,,0,0,0
18528,CAB-ZMED320001-DUP2-R18528,3,,17,0,0
18529,CAB-ZMED320002-DUP2-R18529,3,,0,0,0
18530,CAB-016002001003-DUP2-R18530,3,,0,0,0
18531,CAB-016002001005-DUP2-R18531,3,,0,0,0
18532,CAB-016002001004-DUP2-R18532,3,,0,0,0
18533,CAB-ZMED100006-DUP2-R18533,3,,0,0,0
18534,CAB-016002001001-DUP2-R18534,3,,0,0,0
18535,CAB-016002001002-DUP2-R18535,3,,0,0,0
18536,CAB-ZMED400003-DUP2-R18536,3,,7,0,0
18537,CAB-ZMED400004-DUP2-R18537,3,,7,0,0
18538,CAB-ZMED400001-DUP2-R18538,3,,5,0,0
18539,CAB-ZMED400002-DUP2-R18539,3,,0,0,0
18540,CAB-016003001003-DUP2-R18540,3,,0,0,0
18541,CAB-016003001005-DUP2-R18541,3,,0,0,0
18542,CAB-016003001004-DUP2-R18542,3,,0,0,0
18543,CAB-016003001001-DUP2-R18543,3,,0,18,0
18544,CAB-016003001002-DUP2-R18544,3,,0,0,0
18545,CAB-016001001003-DUP2-R18545,3,,0,0,0
18546,CAB-016001001005-DUP2-R18546,3,,0,0,0
18547,CAB-016001001004-DUP2-R18547,3,,0,0,0
18548,CAB-016001001001-DUP2-R18548,3,,0,0,0
18549,CAB-016001001002-DUP2-R18549,3,,0,0,0
18550,CAB-ZMED080004-DUP2-R18550,3,,31,0,0
18551,CAB-ZMED080002-DUP2-R18551,3,,3,0,0
18552,CAB-ZMED080001-DUP2-R18552,3,,224,0,0
18553,CAB-ZMED080003-DUP2-R18553,3,,63,0,0
18554,CAB-ZMED200005-DUP2-R18554,3,,8,0,0
18555,CAB-ZMED401001-DUP2-R18555,3,,0,0,0
18556,CAB-smed001003-DUP2-R18556,3,,0,0,0
18557,CAB-ARCA500003-DUP2-R18557,3,,0,0,0
18558,CAB-ARCA500004-DUP2-R18558,3,,0,0,0
18559,CAB-ARCA500005-DUP2-R18559,3,,0,0,0
18560,CAB-ZMED770001-DUP2-R18560,3,,65,0,0
18561,CAB-ZMED770005-DUP2-R18561,3,,151,0,0
18562,CAB-100001000030-DUP2-R18562,3,,0,0,0
18563,CAB-stdl000025-DUP2-R18563,3,,0,0,0
18564,CAB-stty000100-DUP2-R18564,3,,0,0,0
18565,CAB-stss000050-DUP2-R18565,3,,0,0,0
18566,CAB-stss000032-DUP2-R18566,3,,0,0,0
18567,CAB-stss000015-DUP2-R18567,3,,0,0,0
18568,CAB-stss000080-DUP2-R18568,3,,0,0,0
18569,CAB-stss000020-DUP2-R18569,3,,0,0,0
18570,CAB-styr025300-DUP2-R18570,3,,0,0,0
18571,CAB-styr050032-DUP2-R18571,3,,0,0,0
18572,CAB-styr050015-DUP2-R18572,3,,0,0,0
18573,CAB-styr050250-DUP2-R18573,3,,0,0,0
18574,CAB-styr040065-DUP2-R18574,3,,0,0,0
18575,CAB-styr050150-DUP2-R18575,3,,0,0,0
18576,CAB-styr051100-DUP2-R18576,3,,0,0,0
18577,CAB-styr051125-DUP2-R18577,3,,0,0,0
18578,CAB-styr051150-DUP2-R18578,3,,0,0,0
18579,CAB-013002000025-DUP2-R18579,3,,0,0,0
18580,CAB-olis001003-DUP2-R18580,3,,0,0,0
18581,CAB-olis002004-DUP2-R18581,3,,0,0,0
18582,CAB-olis001004-DUP2-R18582,3,,0,0,0
18583,CAB-olis002005-DUP2-R18583,3,,0,0,0
18584,CAB-olis001005-DUP2-R18584,3,,0,0,0
18585,CAB-olis003007-DUP2-R18585,3,,0,0,0
18586,CAB-supl013032-DUP2-R18586,3,,0,0,0
18587,CAB-supl025032-DUP2-R18587,3,,0,0,0
18588,CAB-supl020032-DUP2-R18588,3,,0,0,0
18589,CAB-supl009032-DUP2-R18589,3,,0,0,0
18590,CAB-supl025028-DUP2-R18590,3,,0,0,0
18591,CAB-supl013028-DUP2-R18591,3,,0,0,0
18592,CAB-supl020028-DUP2-R18592,3,,0,0,0
18593,CAB-supl013035-DUP2-R18593,3,,0,0,0
18594,CAB-supl020035-DUP2-R18594,3,,0,0,0
18595,CAB-supl009035-DUP2-R18595,3,,0,0,0
18596,CAB-supl013042-DUP2-R18596,3,,0,0,0
18597,CAB-supl020042-DUP2-R18597,3,,0,0,0
18598,CAB-supl009042-DUP2-R18598,3,,0,0,0
18599,CAB-supl025048-DUP2-R18599,3,,0,0,0
18600,CAB-supl013048-DUP2-R18600,3,,0,0,0
18601,CAB-supl020048-DUP2-R18601,3,,0,0,0
18602,CAB-supl009048-DUP2-R18602,3,,0,0,0
18603,CAB-supl025025-DUP2-R18603,3,,0,0,0
18604,CAB-supl013025-DUP2-R18604,3,,0,0,0
18605,CAB-supl020025-DUP2-R18605,3,,0,0,0
18606,CAB-supl025013-DUP2-R18606,3,,0,0,0
18607,CAB-supl013013-DUP2-R18607,3,,0,0,0
18608,CAB-supl020013-DUP2-R18608,3,,0,0,0
18609,CAB-supl009013-DUP2-R18609,3,,0,0,0
18610,CAB-supl009006-DUP2-R18610,3,,0,0,0
18611,CAB-supl013006-DUP2-R18611,3,,0,0,0
18612,CAB-supl020006-DUP2-R18612,3,,0,0,0
18613,CAB-supl025054-DUP2-R18613,3,,0,0,0
18614,CAB-supl013054-DUP2-R18614,3,,0,0,0
18615,CAB-supl020054-DUP2-R18615,3,,0,0,0
18616,CAB-supl025060-DUP2-R18616,3,,0,0,0
18617,CAB-supl020060-DUP2-R18617,3,,0,0,0
18618,CAB-supl009060-DUP2-R18618,3,,0,0,0
18619,CAB-supl013060-DUP2-R18619,3,,0,0,0
18620,CAB-supl013067-DUP2-R18620,3,,0,0,0
18621,CAB-supl025067-DUP2-R18621,3,,0,0,0
18622,CAB-supl020067-DUP2-R18622,3,,0,0,0
18623,CAB-supl009067-DUP2-R18623,3,,0,0,0
18624,CAB-supl025076-DUP2-R18624,3,,0,0,0
18625,CAB-supl013080-DUP2-R18625,3,,0,0,0
18626,CAB-supl020076-DUP2-R18626,3,,0,0,0
18627,CAB-supl009076-DUP2-R18627,3,,0,0,0
18628,CAB-supl013089-DUP2-R18628,3,,0,0,0
18629,CAB-supl025089-DUP2-R18629,3,,0,0,0
18630,CAB-supl020089-DUP2-R18630,3,,0,0,0
18631,CAB-supl009089-DUP2-R18631,3,,0,0,0
18632,CAB-supl025019-DUP2-R18632,3,,0,0,0
18633,CAB-supl013019-DUP2-R18633,3,,0,0,0
18634,CAB-supl020019-DUP2-R18634,3,,0,0,0
18635,CAB-supl009010-DUP2-R18635,3,,15,15,0
18636,CAB-supl025009-DUP2-R18636,3,,0,0,0
18637,CAB-supl013009-DUP2-R18637,3,,0,0,0
18638,CAB-supl020009-DUP2-R18638,3,,0,0,0
18639,CAB-supl020100-DUP2-R18639,3,,0,0,0
18640,CAB-supl013016-DUP2-R18640,3,,0,0,0
18641,CAB-supl009016-DUP2-R18641,3,,0,0,0
18642,CAB-supl013022-DUP2-R18642,3,,0,0,0
18643,CAB-SWAV100025-DUP2-R18643,3,,0,0,0
18644,CAB-swav100015-DUP2-R18644,3,,0,0,0
18645,CAB-SWAV100020-DUP2-R18645,3,,0,0,0
18646,CAB-swmh100040-DUP2-R18646,3,,0,0,0
18647,CAB-swmh100032-DUP2-R18647,3,,0,0,0
18648,CAB-swmh100065-DUP2-R18648,3,,0,0,0
18649,CAB-swmh100050-DUP2-R18649,3,,0,0,0
18650,CAB-swmh100080-DUP2-R18650,3,,0,0,0
18651,CAB-swmh200100-DUP2-R18651,3,,0,0,0
18652,CAB-swmh200150-DUP2-R18652,3,,0,0,0
18653,CAB-BOXT045220-DUP2-R18653,3,,0,0,0
18654,CAB-BOXT045250-DUP2-R18654,3,,0,0,0
18655,CAB-BOXR045220-DUP2-R18655,3,,0,0,0
18656,CAB-tabv000015-DUP2-R18656,3,,0,0,0
18657,CAB-tabv000020-DUP2-R18657,3,,0,0,0
18658,CAB-ASCR120000-DUP2-R18658,3,,0,0,0
18659,CAB-regl600002-DUP2-R18659,3,,0,0,0
18660,CAB-regl600003-DUP2-R18660,3,,0,0,0
18661,CAB-regl600004-DUP2-R18661,3,,0,0,0
18662,CAB-regl600001-DUP2-R18662,3,,0,0,0
18663,CAB-TATZ000350-DUP2-R18663,3,,0,0,0
18664,CAB-TATZ000200-DUP2-R18664,3,,0,0,0
18665,CAB-tatz004065-DUP2-R18665,3,,0,0,0
18666,CAB-tatz004050-DUP2-R18666,3,,0,0,0
18667,CAB-tatz004080-DUP2-R18667,3,,0,0,0
18668,CAB-tatz004100-DUP2-R18668,3,,0,0,0
18669,CAB-tatz004150-DUP2-R18669,3,,0,0,0
18670,CAB-tatz004200-DUP2-R18670,3,,0,0,0
18671,CAB-TATZ007065-DUP2-R18671,3,,0,0,0
18672,CAB-TATZ006040-DUP2-R18672,3,,0,0,0
18673,CAB-TATZ006032-DUP2-R18673,3,,0,0,0
18674,CAB-TATZ006025-DUP2-R18674,3,,0,0,0
18675,CAB-TATZ006050-DUP2-R18675,3,,0,0,0
18676,CAB-TATZ006020-DUP2-R18676,3,,0,0,0
18677,CAB-TATZ007040-DUP2-R18677,3,,0,0,0
18678,CAB-TATZ007050-DUP2-R18678,3,,0,0,0
18679,CAB-TATZ007080-DUP2-R18679,3,,0,0,0
18680,CAB-TATZ007100-DUP2-R18680,3,,0,0,0
18681,CAB-tatz002250-DUP2-R18681,3,,0,0,0
18682,CAB-TATZ002065-DUP2-R18682,3,,0,0,0
18683,CAB-tatz002050-DUP2-R18683,3,,0,0,0
18684,CAB-TATZ002080-DUP2-R18684,3,,0,0,0
18685,CAB-TATZ002100-DUP2-R18685,3,,0,0,0
18686,CAB-TATZ002125-DUP2-R18686,3,,0,0,0
18687,CAB-TATZ002150-DUP2-R18687,3,,0,0,0
18688,CAB-TATZ002200-DUP2-R18688,3,,0,0,0
18689,CAB-NONR000003-DUP2-R18689,3,,0,0,0
18690,CAB-NONR000004-DUP2-R18690,3,,0,0,0
18691,CAB-NONR000006-DUP2-R18691,3,,0,0,0
18692,CAB-NONR000008-DUP2-R18692,3,,0,0,0
18693,CAB-TATZ001025-DUP2-R18693,3,,0,0,0
18694,CAB-TATZ001040-DUP2-R18694,3,,0,0,0
18695,CAB-TATZ001032-DUP2-R18695,3,,0,0,0
18696,CAB-TATZ001015-DUP2-R18696,3,,0,0,0
18697,CAB-TATZ001050-DUP2-R18697,3,,0,0,0
18698,CAB-TATZ001065-DUP2-R18698,3,,0,0,0
18699,CAB-tatz001066-DUP2-R18699,3,,0,0,0
18700,CAB-TATZ001080-DUP2-R18700,3,,0,0,0
18701,CAB-tatz001081-DUP2-R18701,3,,0,0,0
18702,CAB-TATZ001020-DUP2-R18702,3,,0,0,0
18703,CAB-TATZ001100-DUP2-R18703,3,,0,0,0
18704,CAB-tatz001101-DUP2-R18704,3,,0,0,0
18705,CAB-TATZ001150-DUP2-R18705,3,,0,0,0
18706,CAB-TATZ009080-DUP2-R18706,3,,0,0,0
18707,CAB-TATZ009100-DUP2-R18707,3,,0,0,0
18708,CAB-TATZ009150-DUP2-R18708,3,,0,0,0
18709,CAB-TATZ009200-DUP2-R18709,3,,0,0,0
18710,CAB-TATZ008150-DUP2-R18710,3,,0,0,0
18711,CAB-TATZ008200-DUP2-R18711,3,,0,0,0
18712,CAB-tatz003200-DUP2-R18712,3,,0,0,0
18713,CAB-tatz003065-DUP2-R18713,3,,0,0,0
18714,CAB-tatz003050-DUP2-R18714,3,,0,0,0
18715,CAB-tatz003080-DUP2-R18715,3,,0,0,0
18716,CAB-tatz003100-DUP2-R18716,3,,0,0,0
18717,CAB-tatz003150-DUP2-R18717,3,,0,0,0
18718,CAB-tatz005040-DUP2-R18718,3,,0,0,0
18719,CAB-tatz005032-DUP2-R18719,3,,0,0,0
18720,CAB-tatz005025-DUP2-R18720,3,,0,0,0
18721,CAB-tatz005015-DUP2-R18721,3,,0,0,0
18722,CAB-tatz005020-DUP2-R18722,3,,0,0,0
18723,CAB-tatz005065-DUP2-R18723,3,,0,0,0
18724,CAB-tatz005050-DUP2-R18724,3,,0,0,0
18725,CAB-tatz005080-DUP2-R18725,3,,0,0,0
18726,CAB-tatz005100-DUP2-R18726,3,,0,0,0
18727,CAB-tatz005150-DUP2-R18727,3,,0,0,0
18728,CAB-toze040030-DUP2-R18728,3,,0,0,0
18729,CAB-toze040050-DUP2-R18729,3,,0,0,0
18730,CAB-toze040100-DUP2-R18730,3,,0,0,0
18731,CAB-toze032100-DUP2-R18731,3,,0,0,0
18732,CAB-toze032050-DUP2-R18732,3,,0,0,0
18733,CAB-toze032030-DUP2-R18733,3,,0,0,0
18734,CAB-toze025100-DUP2-R18734,3,,0,0,0
18735,CAB-toze025030-DUP2-R18735,3,,0,0,0
18736,CAB-toze025050-DUP2-R18736,3,,0,0,0
18737,CAB-toze015030-DUP2-R18737,3,,0,0,0
18738,CAB-toze050030-DUP2-R18738,3,,0,0,0
18739,CAB-toze050050-DUP2-R18739,3,,0,0,0
18740,CAB-toze050100-DUP2-R18740,3,,0,0,0
18741,CAB-toze020030-DUP2-R18741,3,,0,0,0
18742,CAB-toze020050-DUP2-R18742,3,,0,0,0
18743,CAB-tecs065001-DUP2-R18743,3,,0,0,0
18744,CAB-tecs165010-DUP2-R18744,3,,0,0,0
18745,CAB-tecs165016-DUP2-R18745,3,,0,0,0
18746,CAB-tecs065010-DUP2-R18746,3,,0,0,0
18747,CAB-tecs065016-DUP2-R18747,3,,0,0,0
18748,CAB-tecs065025-DUP2-R18748,3,,0,0,0
18749,CAB-tecs100016-DUP2-R18749,3,,0,0,0
18750,CAB-tecs100025-DUP2-R18750,3,,0,0,0
18751,CAB-TECS100006-DUP2-R18751,3,,0,0,0
18752,CAB-tecs145010-DUP2-R18752,3,,0,0,0
18753,CAB-tecs145016-DUP2-R18753,3,,0,0,0
18754,CAB-tecs665100-DUP2-R18754,3,,0,0,0
18755,CAB-tecs665060-DUP2-R18755,3,,0,0,0
18756,CAB-tecs160001-DUP2-R18756,3,,0,0,0
18757,CAB-tecs160006-DUP2-R18757,3,,0,0,0
18758,CAB-tecs160010-DUP2-R18758,3,,0,0,0
18759,CAB-tecs160016-DUP2-R18759,3,,0,0,0
18760,CAB-tecs160025-DUP2-R18760,3,,0,0,0
18761,CAB-tecs165000-DUP2-R18761,3,,0,0,0
18762,CAB-tecs065000-DUP2-R18762,3,,0,0,0
18763,CAB-tecs100000-DUP2-R18763,3,,0,0,0
18764,CAB-cite3000032-DUP2-R18764,3,,0,0,0
18765,CAB-cite300025-DUP2-R18765,3,,0,0,0
18766,CAB-gald400025-DUP2-R18766,3,,0,0,0
18767,CAB-cite300040-DUP2-R18767,3,,0,0,0
18768,CAB-gald210040-DUP2-R18768,3,,0,0,0
18769,CAB-gald210032-DUP2-R18769,3,,0,0,0
18770,CAB-gald210015-DUP2-R18770,3,,0,0,0
18771,CAB-gald210065-DUP2-R18771,3,,0,0,0
18772,CAB-gald210050-DUP2-R18772,3,,0,0,0
18773,CAB-gald210080-DUP2-R18773,3,,0,0,0
18774,CAB-gald210020-DUP2-R18774,3,,0,0,0
18775,CAB-tspb200015-DUP2-R18775,3,,0,0,0
18776,CAB-tspb200065-DUP2-R18776,3,,0,0,0
18777,CAB-ttkn010006-DUP2-R18777,3,,0,0,0
18778,CAB-cite300020-DUP2-R18778,3,,0,0,0
18779,CAB-TCIN025025-DUP2-R18779,3,,0,0,0
18780,CAB-tcin015015-DUP2-R18780,3,,0,0,0
18781,CAB-tcin006006-DUP2-R18781,3,,0,0,0
18782,CAB-tcin010010-DUP2-R18782,3,,0,0,0
18783,CAB-tcin020010-DUP2-R18783,3,,0,0,0
18784,CAB-tcin012012-DUP2-R18784,3,,0,0,0
18785,CAB-TCIN020020-DUP2-R18785,3,,0,0,0
18786,CAB-tcin009009-DUP2-R18786,3,,0,0,0
18787,CAB-tcin004004-DUP2-R18787,3,,0,0,0
18788,CAB-tcin008008-DUP2-R18788,3,,0,0,0
18789,CAB-TCIN016016-DUP2-R18789,3,,0,0,0
18790,CAB-tcin005005-DUP2-R18790,3,,0,0,0
18791,CAB-TCIN112012-DUP2-R18791,3,,0,0,0
18792,CAB-TCIN109009-DUP2-R18792,3,,0,0,0
18793,CAB-ttcr015015-DUP2-R18793,3,,0,0,0
18794,CAB-PPRW615020-DUP2-R18794,3,,0,0,0
18795,CAB-TTKN100015-DUP2-R18795,3,,0,0,0
18796,CAB-TTKN100006-DUP2-R18796,3,,0,0,0
18797,CAB-tlld013013-DUP2-R18797,3,,0,0,0
18798,CAB-putd006006-DUP2-R18798,3,,0,0,0
18799,CAB-tdll005006-DUP2-R18799,3,,0,0,0
18800,CAB-boxt000010-DUP2-R18800,3,,0,0,0
18801,CAB-boxt010008-DUP2-R18801,3,,0,0,0
18802,CAB-BOXT010004-DUP2-R18802,3,,0,0,0
18803,CAB-BOXT012008-DUP2-R18803,3,,0,0,0
18804,CAB-boxt000012-DUP2-R18804,3,,0,0,0
18805,CAB-BOXT012006-DUP2-R18805,3,,0,0,0
18806,CAB-BOXT000009-DUP2-R18806,3,,0,0,0
18807,CAB-boxt000003-DUP2-R18807,3,,0,0,0
18808,CAB-boxt350200-DUP2-R18808,3,,0,0,0
18809,CAB-boxt000004-DUP2-R18809,3,,0,0,0
18810,CAB-BOXT000005-DUP2-R18810,3,,0,0,0
18811,CAB-boxt000006-DUP2-R18811,3,,0,0,0
18812,CAB-boxt000008-DUP2-R18812,3,,0,0,0
18813,CAB-BOXT100004-DUP2-R18813,3,,0,0,0
18814,CAB-BOXT100005-DUP2-R18814,3,,0,0,0
18815,CAB-boxt000000-DUP2-R18815,3,,0,0,0
18816,CAB-tfkn000013-DUP2-R18816,3,,0,0,0
18817,CAB-tfkn000006-DUP2-R18817,3,,0,0,0
18818,CAB-tfkn000019-DUP2-R18818,3,,0,0,0
18819,CAB-tfkn000009-DUP2-R18819,3,,0,0,0
18820,CAB-TFKN009006-DUP2-R18820,3,,0,0,0
18821,CAB-tfkn000008-DUP2-R18821,3,,0,0,0
18822,CAB-tfkn000016-DUP2-R18822,3,,0,0,0
18823,CAB-gald110040-DUP2-R18823,3,,0,0,0
18824,CAB-gald110032-DUP2-R18824,3,,0,0,0
18825,CAB-gald110050-DUP2-R18825,3,,0,0,0
18826,CAB-gald110080-DUP2-R18826,3,,0,0,0
18827,CAB-gald110020-DUP2-R18827,3,,0,0,0
18828,CAB-gald110010-DUP2-R18828,3,,0,0,0
18829,CAB-tspg200040-DUP2-R18829,3,,0,0,0
18830,CAB-tspg200032-DUP2-R18830,3,,0,0,0
18831,CAB-tspg200025-DUP2-R18831,3,,0,0,0
18832,CAB-tspg200015-DUP2-R18832,3,,0,0,0
18833,CAB-tspg200065-DUP2-R18833,3,,0,0,0
18834,CAB-tspg200050-DUP2-R18834,3,,0,0,0
18835,CAB-tspg200020-DUP2-R18835,3,,0,0,0
18836,CAB-ttkn000025-DUP2-R18836,3,,0,0,0
18837,CAB-ttkn000015-DUP2-R18837,3,,0,0,0
18838,CAB-ttkn000006-DUP2-R18838,3,,0,0,0
18839,CAB-ttkn000003-DUP2-R18839,3,,0,0,0
18840,CAB-ttkn000032-DUP2-R18840,3,,0,0,0
18841,CAB-ttkn000020-DUP2-R18841,3,,0,0,0
18842,CAB-ttkn000009-DUP2-R18842,3,,0,0,0
18843,CAB-tlkn006006-DUP2-R18843,3,,0,0,0
18844,CAB-ttkn000022-DUP2-R18844,3,,0,0,0
18845,CAB-ttkn000008-DUP2-R18845,3,,0,0,0
18846,CAB-sgpg110020-DUP2-R18846,3,,0,0,0
18847,CAB-sgpi110040-DUP2-R18847,3,,0,0,0
18848,CAB-sgpi110032-DUP2-R18848,3,,0,0,0
18849,CAB-sgpi110250-DUP2-R18849,3,,0,0,0
18850,CAB-sgpi110300-DUP2-R18850,3,,0,0,0
18851,CAB-sgpi110350-DUP2-R18851,3,,0,0,0
18852,CAB-sgpi110400-DUP2-R18852,3,,0,0,0
18853,CAB-sgpi110450-DUP2-R18853,3,,0,0,0
18854,CAB-sgpi110050-DUP2-R18854,3,,0,0,0
18855,CAB-sgpi110065-DUP2-R18855,3,,0,0,0
18856,CAB-sgpi110500-DUP2-R18856,3,,0,0,0
18857,CAB-sgpi110080-DUP2-R18857,3,,0,0,0
18858,CAB-sgpi110020-DUP2-R18858,3,,0,0,0
18859,CAB-sgpi110100-DUP2-R18859,3,,0,0,0
18860,CAB-sgpi110125-DUP2-R18860,3,,0,0,0
18861,CAB-sgpi110150-DUP2-R18861,3,,0,0,0
18862,CAB-sgpi110200-DUP2-R18862,3,,0,0,0
18863,CAB-sgpg110040-DUP2-R18863,3,,0,0,0
18864,CAB-sgpg110032-DUP2-R18864,3,,0,0,0
18865,CAB-sgpg110025-DUP2-R18865,3,,0,0,0
18866,CAB-sgpg110015-DUP2-R18866,3,,0,0,0
18867,CAB-sgpg110250-DUP2-R18867,3,,0,0,0
18868,CAB-sgpg110300-DUP2-R18868,3,,0,0,0
18869,CAB-sgpg110350-DUP2-R18869,3,,0,0,0
18870,CAB-sgpg110400-DUP2-R18870,3,,0,0,0
18871,CAB-sgpg110450-DUP2-R18871,3,,0,0,0
18872,CAB-sgpg110065-DUP2-R18872,3,,0,0,0
18873,CAB-sgpg110050-DUP2-R18873,3,,0,0,0
18874,CAB-sgpg110500-DUP2-R18874,3,,0,0,0
18875,CAB-sgpg110080-DUP2-R18875,3,,0,0,0
18876,CAB-sgpg110100-DUP2-R18876,3,,0,0,0
18877,CAB-sgpg110125-DUP2-R18877,3,,0,0,0
18878,CAB-sgpg110150-DUP2-R18878,3,,0,0,0
18879,CAB-sgpg110200-DUP2-R18879,3,,0,0,0
18880,CAB-002013028019-DUP2-R18880,3,,61,0,0
18881,CAB-002013025019-DUP2-R18881,3,,94,0,0
18882,CAB-002013022019-DUP2-R18882,3,,16,0,0
18883,CAB-schi110032-DUP2-R18883,3,,0,0,0
18884,CAB-schi110015-DUP2-R18884,3,,0,0,0
18885,CAB-schi110250-DUP2-R18885,3,,0,0,0
18886,CAB-schi110300-DUP2-R18886,3,,0,0,0
18887,CAB-schi110350-DUP2-R18887,3,,0,0,0
18888,CAB-schi110450-DUP2-R18888,3,,0,0,0
18889,CAB-schi110050-DUP2-R18889,3,,0,0,0
18890,CAB-schi110500-DUP2-R18890,3,,0,0,0
18891,CAB-schi110080-DUP2-R18891,3,,0,0,0
18892,CAB-schi110020-DUP2-R18892,3,,0,0,0
18893,CAB-schi110100-DUP2-R18893,3,,0,0,0
18894,CAB-schi110125-DUP2-R18894,3,,0,0,0
18895,CAB-schi110150-DUP2-R18895,3,,0,0,0
18896,CAB-schi110200-DUP2-R18896,3,,0,0,0
18897,CAB-schg110065-DUP2-R18897,3,,0,0,0
18898,CAB-schg110040-DUP2-R18898,3,,0,0,0
18899,CAB-schg110032-DUP2-R18899,3,,0,0,0
18900,CAB-schg110025-DUP2-R18900,3,,0,0,0
18901,CAB-schg110015-DUP2-R18901,3,,0,0,0
18902,CAB-schg110250-DUP2-R18902,3,,0,0,0
18903,CAB-schg110300-DUP2-R18903,3,,0,0,0
18904,CAB-schg110350-DUP2-R18904,3,,0,0,0
18905,CAB-schg110400-DUP2-R18905,3,,0,0,0
18906,CAB-schg110450-DUP2-R18906,3,,0,0,0
18907,CAB-schg110050-DUP2-R18907,3,,0,0,0
18908,CAB-schg110500-DUP2-R18908,3,,0,0,0
18909,CAB-schg110080-DUP2-R18909,3,,0,0,0
18910,CAB-schg110020-DUP2-R18910,3,,0,0,0
18911,CAB-schg110100-DUP2-R18911,3,,0,0,0
18912,CAB-schg110125-DUP2-R18912,3,,0,0,0
18913,CAB-schg110150-DUP2-R18913,3,,0,0,0
18914,CAB-schg110200-DUP2-R18914,3,,0,0,0
18915,CAB-schi410025-DUP2-R18915,3,,0,0,0
18916,CAB-schi410050-DUP2-R18916,3,,0,0,0
18917,CAB-schi410042-DUP2-R18917,3,,0,0,0
18918,CAB-ascr000029-DUP2-R18918,3,,136,0,0
18919,CAB-ASCR000030-DUP2-R18919,3,,0,0,0
18920,CAB-ascr000063-DUP2-R18920,3,,121,6,0
18921,CAB-ascr000064-DUP2-R18921,3,,0,0,0
18922,CAB-ASCR000041-DUP2-R18922,3,,0,0,0
18923,CAB-sgtt001026-DUP2-R18923,3,,0,0,0
18924,CAB-ascr000120-DUP2-R18924,3,,0,0,0
18925,CAB-tgvl008150-DUP2-R18925,3,,0,0,0
18926,CAB-ther009006-DUP2-R18926,3,,0,0,0
18927,CAB-ther013006-DUP2-R18927,3,,0,0,0
18928,CAB-ther020006-DUP2-R18928,3,,0,0,0
18929,CAB-ther025006-DUP2-R18929,3,,0,0,0
18930,CAB-ther009010-DUP2-R18930,3,,0,0,0
18931,CAB-ther013010-DUP2-R18931,3,,0,0,0
18932,CAB-ther020010-DUP2-R18932,3,,0,0,0
18933,CAB-ther025010-DUP2-R18933,3,,0,0,0
18934,CAB-ther013102-DUP2-R18934,3,,0,0,0
18935,CAB-ther020102-DUP2-R18935,3,,0,0,0
18936,CAB-ther025102-DUP2-R18936,3,,0,0,0
18937,CAB-ther013114-DUP2-R18937,3,,0,0,0
18938,CAB-ther020114-DUP2-R18938,3,,0,0,0
18939,CAB-ther025114-DUP2-R18939,3,,0,0,0
18940,CAB-ther009013-DUP2-R18940,3,,0,0,0
18941,CAB-ther013012-DUP2-R18941,3,,0,0,0
18942,CAB-ther020012-DUP2-R18942,3,,0,0,0
18943,CAB-ther025012-DUP2-R18943,3,,0,0,0
18944,CAB-ther140025-DUP2-R18944,3,,0,0,0
18945,CAB-ther009016-DUP2-R18945,3,,0,0,0
18946,CAB-ther013016-DUP2-R18946,3,,0,0,0
18947,CAB-ther020016-DUP2-R18947,3,,0,0,0
18948,CAB-ther025016-DUP2-R18948,3,,0,0,0
18949,CAB-ther009018-DUP2-R18949,3,,0,0,0
18950,CAB-ther013018-DUP2-R18950,3,,0,0,0
18951,CAB-ther020018-DUP2-R18951,3,,0,0,0
18952,CAB-ther025018-DUP2-R18952,3,,0,0,0
18953,CAB-ther009022-DUP2-R18953,3,,0,0,0
18954,CAB-ther013022-DUP2-R18954,3,,0,0,0
18955,CAB-ther020022-DUP2-R18955,3,,0,0,0
18956,CAB-ther025022-DUP2-R18956,3,,0,0,0
18957,CAB-ther032025-DUP2-R18957,3,,0,0,0
18958,CAB-ther009025-DUP2-R18958,3,,0,0,0
18959,CAB-ther013025-DUP2-R18959,3,,0,0,0
18960,CAB-ther020025-DUP2-R18960,3,,0,0,0
18961,CAB-ther025025-DUP2-R18961,3,,0,0,0
18962,CAB-ther009028-DUP2-R18962,3,,0,0,0
18963,CAB-ther013028-DUP2-R18963,3,,0,0,0
18964,CAB-ther020028-DUP2-R18964,3,,0,0,0
18965,CAB-ther025028-DUP2-R18965,3,,0,0,0
18966,CAB-ther009034-DUP2-R18966,3,,0,0,0
18967,CAB-ther013034-DUP2-R18967,3,,0,0,0
18968,CAB-ther020034-DUP2-R18968,3,,0,0,0
18969,CAB-ther025034-DUP2-R18969,3,,0,0,0
18970,CAB-ther032034-DUP2-R18970,3,,0,0,0
18971,CAB-ther009035-DUP2-R18971,3,,0,0,0
18972,CAB-ther013035-DUP2-R18972,3,,0,0,0
18973,CAB-ther020035-DUP2-R18973,3,,0,0,0
18974,CAB-ther025035-DUP2-R18974,3,,0,0,0
18975,CAB-ther009042-DUP2-R18975,3,,0,0,0
18976,CAB-ther013042-DUP2-R18976,3,,0,0,0
18977,CAB-ther020042-DUP2-R18977,3,,0,0,0
18978,CAB-ther025042-DUP2-R18978,3,,0,0,0
18979,CAB-ther032042-DUP2-R18979,3,,0,0,0
18980,CAB-ther009048-DUP2-R18980,3,,0,0,0
18981,CAB-ther013048-DUP2-R18981,3,,0,0,0
18982,CAB-ther020048-DUP2-R18982,3,,0,0,0
18983,CAB-ther025048-DUP2-R18983,3,,0,0,0
18984,CAB-ther032048-DUP2-R18984,3,,0,0,0
18985,CAB-ther009054-DUP2-R18985,3,,0,0,0
18986,CAB-ther013054-DUP2-R18986,3,,0,0,0
18987,CAB-ther020054-DUP2-R18987,3,,0,0,0
18988,CAB-ther025054-DUP2-R18988,3,,0,0,0
18989,CAB-ther009060-DUP2-R18989,3,,0,0,0
18990,CAB-ther013060-DUP2-R18990,3,,0,0,0
18991,CAB-ther020060-DUP2-R18991,3,,0,0,0
18992,CAB-ther025060-DUP2-R18992,3,,0,0,0
18993,CAB-THER032060-DUP2-R18993,3,,0,0,0
18994,CAB-ther009067-DUP2-R18994,3,,0,0,0
18995,CAB-ther013067-DUP2-R18995,3,,0,0,0
18996,CAB-ther020067-DUP2-R18996,3,,0,0,0
18997,CAB-ther025067-DUP2-R18997,3,,0,0,0
18998,CAB-ther009076-DUP2-R18998,3,,0,0,0
18999,CAB-ther013076-DUP2-R18999,3,,0,0,0
19000,CAB-ther020076-DUP2-R19000,3,,0,0,0
19001,CAB-ther025076-DUP2-R19001,3,,0,0,0
19002,CAB-THER032076-DUP2-R19002,3,,0,0,0
19003,CAB-ther009080-DUP2-R19003,3,,0,0,0
19004,CAB-ther013080-DUP2-R19004,3,,0,0,0
19005,CAB-ther020080-DUP2-R19005,3,,0,0,0
19006,CAB-ther025080-DUP2-R19006,3,,0,0,0
19007,CAB-ther009089-DUP2-R19007,3,,0,0,0
19008,CAB-ther013089-DUP2-R19008,3,,0,0,0
19009,CAB-ther020089-DUP2-R19009,3,,0,0,0
19010,CAB-ther025089-DUP2-R19010,3,,0,0,0
19011,CAB-ther032089-DUP2-R19011,3,,0,0,0
19012,CAB-ascr009004-DUP2-R19012,3,,29,0,0
19013,CAB-ther100010-DUP2-R19013,3,,0,0,0
19014,CAB-ther100013-DUP2-R19014,3,,0,0,0
19015,CAB-ther100015-DUP2-R19015,3,,0,0,0
19016,CAB-ther100020-DUP2-R19016,3,,0,0,0
19017,CAB-ther100025-DUP2-R19017,3,,0,0,0
19018,CAB-ther100030-DUP2-R19018,3,,0,0,0
19019,CAB-ther100001-DUP2-R19019,3,,0,0,0
19020,CAB-ascr000046-DUP2-R19020,3,,0,0,0
19021,CAB-ascr000045-DUP2-R19021,3,,0,0,0
19022,CAB-ascr000044-DUP2-R19022,3,,0,0,0
19023,CAB-009002100040-DUP2-R19023,3,,13,0,0
19024,CAB-009005050040-DUP2-R19024,3,,0,0,0
19025,CAB-009005050063-DUP2-R19025,3,,0,0,0
19026,CAB-009004030063-DUP2-R19026,3,,0,0,0
19027,CAB-009004100100-DUP2-R19027,3,,0,0,0
19028,CAB-009004100040-DUP2-R19028,3,,0,0,0
19029,CAB-009004100063-DUP2-R19029,3,,0,0,0
19030,CAB-009004050100-DUP2-R19030,3,,0,0,0
19031,CAB-009004050040-DUP2-R19031,3,,0,0,0
19032,CAB-009004050063-DUP2-R19032,3,,2,0,0
19033,CAB-009004060063-DUP2-R19033,3,,0,0,0
19034,CAB-009002100100-DUP2-R19034,3,,0,0,0
19035,CAB-009002100120-DUP2-R19035,3,,0,0,0
19036,CAB-009002100200-DUP2-R19036,3,,0,0,0
19037,CAB-009002100300-DUP2-R19037,3,,0,0,0
19038,CAB-009002100500-DUP2-R19038,3,,0,0,0
19039,CAB-009002100050-DUP2-R19039,3,,0,0,0
19040,CAB-009002100600-DUP2-R19040,3,,0,0,0
19041,CAB-009001100030-DUP2-R19041,3,,3,0,0
19042,CAB-009001100100-DUP2-R19042,3,,0,0,0
19043,CAB-009001100200-DUP2-R19043,3,,0,0,0
19044,CAB-009001100300-DUP2-R19044,3,,8,0,0
19045,CAB-009001100050-DUP2-R19045,3,,0,0,0
19046,CAB-009001050200-DUP2-R19046,3,,0,0,0
19047,CAB-009001050300-DUP2-R19047,3,,40,0,0
19048,CAB-009001050500-DUP2-R19048,3,,12,0,0
19049,CAB-009001080100-DUP2-R19049,3,,0,0,0
19050,CAB-009001080120-DUP2-R19050,3,,29,0,0
19051,CAB-009001080200-DUP2-R19051,3,,40,0,0
19052,CAB-009001080300-DUP2-R19052,3,,25,0,1
19053,CAB-009001080500-DUP2-R19053,3,,41,0,0
19054,CAB-009001080050-DUP2-R19054,3,,36,0,0
19055,CAB-009001100051-DUP2-R19055,3,,10,0,0
19056,CAB-009003100100-DUP2-R19056,3,,0,0,0
19057,CAB-009003100200-DUP2-R19057,3,,0,0,0
19058,CAB-009003100300-DUP2-R19058,3,,0,0,0
19059,CAB-009003100500-DUP2-R19059,3,,0,0,0
19060,CAB-009003100050-DUP2-R19060,3,,0,0,0
19061,CAB-gmta251300-DUP2-R19061,3,,0,0,0
19062,CAB-009006100100-DUP2-R19062,3,,0,0,0
19063,CAB-009006100160-DUP2-R19063,3,,0,0,0
19064,CAB-009006100040-DUP2-R19064,3,,0,0,0
19065,CAB-009006100063-DUP2-R19065,3,,0,0,0
19066,CAB-009006120100-DUP2-R19066,3,,0,0,0
19067,CAB-009006120040-DUP2-R19067,3,,0,0,0
19068,CAB-009006120063-DUP2-R19068,3,,0,0,0
19069,CAB-009006160040-DUP2-R19069,3,,0,0,0
19070,CAB-009006160063-DUP2-R19070,3,,0,0,0
19071,CAB-009006200040-DUP2-R19071,3,,0,0,0
19072,CAB-009006200063-DUP2-R19072,3,,0,0,0
19073,CAB-009006050100-DUP2-R19073,3,,0,0,0
19074,CAB-009006050160-DUP2-R19074,3,,0,0,0
19075,CAB-009006050250-DUP2-R19075,3,,0,0,0
19076,CAB-009006050040-DUP2-R19076,3,,0,0,0
19077,CAB-009006050063-DUP2-R19077,3,,0,0,0
19078,CAB-009007100100-DUP2-R19078,3,,0,0,0
19079,CAB-009007100160-DUP2-R19079,3,,0,0,0
19080,CAB-009007100040-DUP2-R19080,3,,0,0,0
19081,CAB-009007100063-DUP2-R19081,3,,0,0,0
19082,CAB-009007120040-DUP2-R19082,3,,0,0,0
19083,CAB-009007120063-DUP2-R19083,3,,0,0,0
19084,CAB-009007160040-DUP2-R19084,3,,0,0,0
19085,CAB-009007160063-DUP2-R19085,3,,0,0,0
19086,CAB-009007200040-DUP2-R19086,3,,0,0,0
19087,CAB-009007200063-DUP2-R19087,3,,0,0,0
19088,CAB-009007050100-DUP2-R19088,3,,0,0,0
19089,CAB-009007050160-DUP2-R19089,3,,0,0,0
19090,CAB-009007050040-DUP2-R19090,3,,0,0,0
19091,CAB-009007050063-DUP2-R19091,3,,0,0,0
19092,CAB-009008050040-DUP2-R19092,3,,0,0,0
19093,CAB-009008050063-DUP2-R19093,3,,0,0,0
19094,CAB-ascr000043-DUP2-R19094,3,,0,0,0
19095,CAB-010009000002-DUP2-R19095,3,,0,0,0
19096,CAB-010009000001-DUP2-R19096,3,,0,0,0
19097,CAB-dixe000001-DUP2-R19097,3,,0,0,0
19098,CAB-ascr000087-DUP2-R19098,3,,0,0,0
19099,CAB-NEPE900085-DUP2-R19099,3,,0,0,0
19100,CAB-nepe900067-DUP2-R19100,3,,0,0,0
19101,CAB-NEPE900072-DUP2-R19101,3,,36,0,0
19102,CAB-nepe900066-DUP2-R19102,3,,53,0,0
19103,CAB-NEPE900073-DUP2-R19103,3,,0,0,0
19104,CAB-nepe901000-DUP2-R19104,3,,0,0,0
19105,CAB-nepe900030-DUP2-R19105,3,,27,0,0
19106,CAB-nepe900027-DUP2-R19106,3,,37,0,0
19107,CAB-nepe900028-DUP2-R19107,3,,40,0,0
19108,CAB-nepe900064-DUP2-R19108,3,,0,0,0
19109,CAB-NEPE900075-DUP2-R19109,3,,0,0,0
19110,CAB-NEPE900017-DUP2-R19110,3,,0,0,0
19111,CAB-nepe900016-DUP2-R19111,3,,0,0,0
19112,CAB-NEPE900078-DUP2-R19112,3,,0,0,0
19113,CAB-nepe900025-DUP2-R19113,3,,0,0,0
19114,CAB-nepe900026-DUP2-R19114,3,,0,0,0
19115,CAB-NEPE900009-DUP2-R19115,3,,0,0,0
19116,CAB-NEPE900007-DUP2-R19116,3,,0,0,0
19117,CAB-008003002012-DUP2-R19117,3,,0,0,0
19118,CAB-008003001120-DUP2-R19118,3,,0,0,0
19119,CAB-008003001016-DUP2-R19119,3,,0,0,0
19120,CAB-008003003016-DUP2-R19120,3,,0,0,0
19121,CAB-008003001002-DUP2-R19121,3,,0,0,0
19122,CAB-008003001250-DUP2-R19122,3,,0,0,0
19123,CAB-008003001032-DUP2-R19123,3,,0,0,0
19124,CAB-008003001004-DUP2-R19124,3,,0,0,0
19125,CAB-008003001060-DUP2-R19125,3,,0,0,0
19126,CAB-008003003060-DUP2-R19126,3,,0,0,0
19127,CAB-008003001008-DUP2-R19127,3,,0,0,0
19128,CAB-svtw002100-DUP2-R19128,3,,0,0,0
19129,CAB-svtw001065-DUP2-R19129,3,,0,0,0
19130,CAB-svtw000051-DUP2-R19130,3,,0,0,0
19131,CAB-svtw001080-DUP2-R19131,3,,0,0,0
19132,CAB-svtw001100-DUP2-R19132,3,,0,0,0
19133,CAB-svtw001150-DUP2-R19133,3,,0,0,0
19134,CAB-sgtt001025-DUP2-R19134,3,,0,0,0
19135,CAB-polf002008-DUP2-R19135,3,,0,0,0
19136,CAB-AGAS006020-DUP2-R19136,3,,0,0,0
19137,CAB-agas006010-DUP2-R19137,3,,0,0,0
19138,CAB-ASCR012010-DUP2-R19138,3,,0,0,0
19139,CAB-ZMED030002-DUP2-R19139,3,,0,0,0
19140,CAB-toki033050-DUP2-R19140,3,,0,0,0
19141,CAB-TOYO065010-DUP2-R19141,3,,0,0,0
19142,CAB-toze000025-DUP2-R19142,3,,0,0,0
19143,CAB-toze400040-DUP2-R19143,3,,0,0,0
19144,CAB-toze400032-DUP2-R19144,3,,0,0,0
19145,CAB-toze400250-DUP2-R19145,3,,0,0,0
19146,CAB-toze400300-DUP2-R19146,3,,0,0,0
19147,CAB-toze400050-DUP2-R19147,3,,0,0,0
19148,CAB-toze400065-DUP2-R19148,3,,0,0,0
19149,CAB-toze400080-DUP2-R19149,3,,0,0,0
19150,CAB-toze400100-DUP2-R19150,3,,0,0,0
19151,CAB-toze400125-DUP2-R19151,3,,0,0,0
19152,CAB-toze400150-DUP2-R19152,3,,0,0,0
19153,CAB-toze400200-DUP2-R19153,3,,0,0,0
19154,CAB-TOZE900040-DUP2-R19154,3,,0,0,0
19155,CAB-toze900065-DUP2-R19155,3,,0,0,0
19156,CAB-toze900066-DUP2-R19156,3,,0,0,0
19157,CAB-toze900050-DUP2-R19157,3,,0,0,0
19158,CAB-toze900080-DUP2-R19158,3,,0,0,0
19159,CAB-toze900100-DUP2-R19159,3,,0,0,0
19160,CAB-toze900150-DUP2-R19160,3,,0,0,0
19161,CAB-toze415250-DUP2-R19161,3,,0,0,0
19162,CAB-toze415050-DUP2-R19162,3,,0,0,0
19163,CAB-toze415100-DUP2-R19163,3,,0,0,0
19164,CAB-toze415150-DUP2-R19164,3,,0,0,0
19165,CAB-toze300040-DUP2-R19165,3,,0,0,0
19166,CAB-toze300032-DUP2-R19166,3,,0,0,0
19167,CAB-toze300250-DUP2-R19167,3,,0,0,0
19168,CAB-toze300300-DUP2-R19168,3,,0,0,0
19169,CAB-toze300350-DUP2-R19169,3,,0,0,0
19170,CAB-toze300050-DUP2-R19170,3,,0,0,0
19171,CAB-toze300065-DUP2-R19171,3,,0,0,0
19172,CAB-toze300051-DUP2-R19172,3,,0,0,0
19173,CAB-toze300080-DUP2-R19173,3,,0,0,0
19174,CAB-toze300100-DUP2-R19174,3,,0,0,0
19175,CAB-toze300125-DUP2-R19175,3,,0,0,0
19176,CAB-toze300150-DUP2-R19176,3,,0,0,0
19177,CAB-toze300200-DUP2-R19177,3,,0,0,0
19178,CAB-toze200040-DUP2-R19178,3,,0,0,0
19179,CAB-toze200032-DUP2-R19179,3,,0,0,0
19180,CAB-toze200250-DUP2-R19180,3,,0,0,0
19181,CAB-toze200350-DUP2-R19181,3,,0,0,0
19182,CAB-toze200080-DUP2-R19182,3,,0,0,0
19183,CAB-toze200100-DUP2-R19183,3,,0,0,0
19184,CAB-toze200125-DUP2-R19184,3,,0,0,0
19185,CAB-toze200150-DUP2-R19185,3,,0,0,0
19186,CAB-toze200200-DUP2-R19186,3,,0,0,0
19187,CAB-toze600032-DUP2-R19187,3,,0,0,0
19188,CAB-toze500025-DUP2-R19188,3,,0,0,0
19189,CAB-toze500015-DUP2-R19189,3,,0,0,0
19190,CAB-toze500050-DUP2-R19190,3,,0,0,0
19191,CAB-toze500020-DUP2-R19191,3,,0,0,0
19192,CAB-toze800040-DUP2-R19192,3,,0,0,0
19193,CAB-toze800032-DUP2-R19193,3,,0,0,0
19194,CAB-toze800065-DUP2-R19194,3,,0,0,0
19195,CAB-toze800080-DUP2-R19195,3,,0,0,0
19196,CAB-toze800100-DUP2-R19196,3,,0,0,0
19197,CAB-toze800125-DUP2-R19197,3,,0,0,0
19198,CAB-toze800150-DUP2-R19198,3,,0,0,0
19199,CAB-toze080030-DUP2-R19199,3,,0,0,0
19200,CAB-toze080035-DUP2-R19200,3,,0,0,0
19201,CAB-toze100030-DUP2-R19201,3,,0,0,0
19202,CAB-toze100035-DUP2-R19202,3,,0,0,0
19203,CAB-toze100050-DUP2-R19203,3,,0,0,0
19204,CAB-toze100060-DUP2-R19204,3,,0,0,0
19205,CAB-toze100100-DUP2-R19205,3,,0,0,0
19206,CAB-toze125035-DUP2-R19206,3,,0,0,0
19207,CAB-toze150030-DUP2-R19207,3,,0,0,0
19208,CAB-toze150050-DUP2-R19208,3,,0,0,0
19209,CAB-toze150035-DUP2-R19209,3,,0,0,0
19210,CAB-toze150040-DUP2-R19210,3,,0,0,0
19211,CAB-toze200030-DUP2-R19211,3,,0,0,0
19212,CAB-tozf065050-DUP2-R19212,3,,0,0,0
19213,CAB-tozf050030-DUP2-R19213,3,,0,0,0
19214,CAB-tozf050050-DUP2-R19214,3,,0,0,0
19215,CAB-tozf065030-DUP2-R19215,3,,0,0,0
19216,CAB-tozf080030-DUP2-R19216,3,,0,0,0
19217,CAB-tozf080050-DUP2-R19217,3,,0,0,0
19218,CAB-tozf100030-DUP2-R19218,3,,0,0,0
19219,CAB-tozf150030-DUP2-R19219,3,,0,0,0
19220,CAB-tozf200030-DUP2-R19220,3,,0,0,0
19221,CAB-toze080100-DUP2-R19221,3,,0,0,0
19222,CAB-toze110065-DUP2-R19222,3,,0,0,0
19223,CAB-toze110050-DUP2-R19223,3,,0,0,0
19224,CAB-toze110100-DUP2-R19224,3,,0,0,0
19225,CAB-toze800200-DUP2-R19225,3,,0,0,0
19226,CAB-toze060065-DUP2-R19226,3,,0,0,0
19227,CAB-toze100080-DUP2-R19227,3,,0,0,0
19228,CAB-TRDA072072-DUP2-R19228,3,,0,0,0
19229,CAB-tspg045050-DUP2-R19229,3,,0,0,0
19230,CAB-ascr012030-DUP2-R19230,3,,0,0,0
19231,CAB-york100025-DUP2-R19231,3,,0,0,0
19232,CAB-york100040-DUP2-R19232,3,,0,0,0
19233,CAB-york100032-DUP2-R19233,3,,0,0,0
19234,CAB-york100065-DUP2-R19234,3,,0,0,0
19235,CAB-york100050-DUP2-R19235,3,,0,0,0
19236,CAB-york100080-DUP2-R19236,3,,0,0,0
19237,CAB-york100015-DUP2-R19237,3,,0,0,0
19238,CAB-york100020-DUP2-R19238,3,,0,0,0
19239,CAB-ascr000050-DUP2-R19239,3,,0,0,0
19240,CAB-ascr000007-DUP2-R19240,3,,0,0,0
19241,CAB-bvtw000025-DUP2-R19241,3,,0,0,0
19242,CAB-bvtw000015-DUP2-R19242,3,,0,0,0
19243,CAB-bvtw000006-DUP2-R19243,3,,0,0,0
19244,CAB-bvtw000042-DUP2-R19244,3,,0,0,0
19245,CAB-bvtw000032-DUP2-R19245,3,,0,0,0
19246,CAB-bvtw001065-DUP2-R19246,3,,0,0,0
19247,CAB-bvtw000067-DUP2-R19247,3,,0,0,0
19248,CAB-bvtw000050-DUP2-R19248,3,,0,0,0
19249,CAB-bvtw000080-DUP2-R19249,3,,0,0,0
19250,CAB-bvtw000021-DUP2-R19250,3,,0,0,0
19251,CAB-bvtw000020-DUP2-R19251,3,,0,0,0
19252,CAB-bvtw000010-DUP2-R19252,3,,0,0,0
19253,CAB-olis003003-DUP2-R19253,3,,0,0,0
19254,CAB-ascr030040-DUP2-R19254,3,,0,0,0
19255,CAB-ascr030032-DUP2-R19255,3,,0,0,0
19256,CAB-ASCR030050-DUP2-R19256,3,,0,0,0
19257,CAB-ZMED040003-DUP2-R19257,3,,0,0,0
19258,CAB-ZMED040001-DUP2-R19258,3,,2,0,0
19259,CAB-ZMED040002-DUP2-R19259,3,,1,0,0
19260,CAB-010006001025-DUP2-R19260,3,,0,0,0
19261,CAB-010006001015-DUP2-R19261,3,,0,0,0
19262,CAB-010006001050-DUP2-R19262,3,,0,0,0
19263,CAB-010006001020-DUP2-R19263,3,,0,0,0
19264,CAB-NEPE800001-DUP2-R19264,3,,0,0,0
19265,CAB-BOXY110016-DUP2-R19265,3,,0,0,0
19266,CAB-BOXY114014-DUP2-R19266,3,,0,0,0
19267,CAB-BOXY116012-DUP2-R19267,3,,0,0,0
19268,CAB-BOXY103003-DUP2-R19268,3,,0,0,0
19269,CAB-BOXY104004-DUP2-R19269,3,,0,0,0
19270,CAB-BOXY105005-DUP2-R19270,3,,0,0,0
19271,CAB-BOXY106006-DUP2-R19271,3,,0,0,0
19272,CAB-BOXY106004-DUP2-R19272,3,,0,0,0
19273,CAB-BOXY108003-DUP2-R19273,3,,0,0,0
19274,CAB-BOXY108004-DUP2-R19274,3,,0,0,0
19275,CAB-BOXY108006-DUP2-R19275,3,,0,0,0
19276,CAB-BOXY108008-DUP2-R19276,3,,0,0,0
19277,CAB-unid000000-DUP2-R19277,3,,0,0,0
19278,CAB-PELU102025-DUP2-R19278,3,,0,0,0
19279,CAB-fair015100-DUP2-R19279,3,,6,0,0
19280,CAB-fair015030-DUP2-R19280,3,,0,0,0
19281,CAB-fair015040-DUP2-R19281,3,,0,0,0
19282,CAB-fair015050-DUP2-R19282,3,,0,0,0
19283,CAB-fair015060-DUP2-R19283,3,,20,0,0
19284,CAB-PELU201620-DUP2-R19284,3,,0,0,0
19285,CAB-PELU101620-DUP2-R19285,3,,0,0,0
19286,CAB-PERU162016-DUP2-R19286,3,,0,0,0
19287,CAB-PETU162016-DUP2-R19287,3,,0,0,0
19288,CAB-ucin005005-DUP2-R19288,3,,0,0,0
19289,CAB-ucin028028-DUP2-R19289,3,,0,0,0
19290,CAB-ucin035035-DUP2-R19290,3,,0,0,0
19291,CAB-ucin042042-DUP2-R19291,3,,0,0,0
19292,CAB-ucin025025-DUP2-R19292,3,,0,0,0
19293,CAB-ucin013016-DUP2-R19293,3,,0,0,0
19294,CAB-ucin013019-DUP2-R19294,3,,0,0,0
19295,CAB-ucin013013-DUP2-R19295,3,,0,0,0
19296,CAB-ucin006016-DUP2-R19296,3,,0,0,0
19297,CAB-ucin006013-DUP2-R19297,3,,0,0,0
19298,CAB-ucin006009-DUP2-R19298,3,,0,0,0
19299,CAB-ucin006006-DUP2-R19299,3,,0,0,0
19300,CAB-ucin006008-DUP2-R19300,3,,0,0,0
19301,CAB-UCIN006007-DUP2-R19301,3,,0,0,0
19302,CAB-ucin010010-DUP2-R19302,3,,0,0,0
19303,CAB-ucin012012-DUP2-R19303,3,,0,0,0
19304,CAB-ucin015015-DUP2-R19304,3,,0,0,0
19305,CAB-ucin019019-DUP2-R19305,3,,0,0,0
19306,CAB-ucin009009-DUP2-R19306,3,,25,0,0
19307,CAB-ucin009016-DUP2-R19307,3,,0,0,0
19308,CAB-ucin009013-DUP2-R19308,3,,0,0,0
19309,CAB-UCIN009006-DUP2-R19309,3,,0,0,0
19310,CAB-ucin016019-DUP2-R19310,3,,0,0,0
19311,CAB-ucin016016-DUP2-R19311,3,,0,0,0
19312,CAB-ucin004004-DUP2-R19312,3,,0,0,0
19313,CAB-ucin022022-DUP2-R19313,3,,0,0,0
19314,CAB-ucin008008-DUP2-R19314,3,,0,0,0
19315,CAB-UCIN112012-DUP2-R19315,3,,0,0,0
19316,CAB-civr300040-DUP2-R19316,3,,0,0,0
19317,CAB-gald380025-DUP2-R19317,3,,0,0,0
19318,CAB-VRKN006002-DUP2-R19318,3,,0,0,0
19319,CAB-gald380032-DUP2-R19319,3,,0,0,0
19320,CAB-gald380050-DUP2-R19320,3,,0,0,0
19321,CAB-gald290041-DUP2-R19321,3,,0,0,0
19322,CAB-gald290043-DUP2-R19322,3,,0,0,0
19323,CAB-gald290040-DUP2-R19323,3,,0,0,0
19324,CAB-gald290034-DUP2-R19324,3,,0,0,0
19325,CAB-gald290033-DUP2-R19325,3,,0,0,0
19326,CAB-gald290032-DUP2-R19326,3,,0,0,0
19327,CAB-gald290026-DUP2-R19327,3,,0,0,0
19328,CAB-gald290027-DUP2-R19328,3,,0,0,0
19329,CAB-gald290025-DUP2-R19329,3,,0,0,0
19330,CAB-gald290014-DUP2-R19330,3,,0,0,0
19331,CAB-gald290016-DUP2-R19331,3,,0,0,0
19332,CAB-gald290015-DUP2-R19332,3,,0,0,0
19333,CAB-gald290066-DUP2-R19333,3,,0,0,0
19334,CAB-gald290067-DUP2-R19334,3,,0,0,0
19335,CAB-gald290068-DUP2-R19335,3,,0,0,0
19336,CAB-gald290065-DUP2-R19336,3,,0,0,0
19337,CAB-gald290052-DUP2-R19337,3,,0,0,0
19338,CAB-gald290050-DUP2-R19338,3,,0,0,0
19339,CAB-gald290051-DUP2-R19339,3,,0,0,0
19340,CAB-gald290054-DUP2-R19340,3,,0,0,0
19341,CAB-gald290053-DUP2-R19341,3,,0,0,0
19342,CAB-gald290082-DUP2-R19342,3,,0,0,0
19343,CAB-gald290083-DUP2-R19343,3,,0,0,0
19344,CAB-gald290080-DUP2-R19344,3,,0,0,0
19345,CAB-gald290081-DUP2-R19345,3,,0,0,0
19346,CAB-gald290021-DUP2-R19346,3,,0,0,0
19347,CAB-gald290020-DUP2-R19347,3,,0,0,0
19348,CAB-gald290010-DUP2-R19348,3,,0,0,0
19349,CAB-tspr140025-DUP2-R19349,3,,0,0,0
19350,CAB-tspr140015-DUP2-R19350,3,,0,0,0
19351,CAB-tspr140020-DUP2-R19351,3,,0,0,0
19352,CAB-tspr132025-DUP2-R19352,3,,0,0,0
19353,CAB-tspr132015-DUP2-R19353,3,,0,0,0
19354,CAB-tspr132020-DUP2-R19354,3,,0,0,0
19355,CAB-tspr125010-DUP2-R19355,3,,0,0,0
19356,CAB-tspr125020-DUP2-R19356,3,,0,0,0
19357,CAB-tspr165040-DUP2-R19357,3,,0,0,0
19358,CAB-tspr165032-DUP2-R19358,3,,0,0,0
19359,CAB-tspr165025-DUP2-R19359,3,,0,0,0
19360,CAB-tspr165050-DUP2-R19360,3,,0,0,0
19361,CAB-tspr165020-DUP2-R19361,3,,0,0,0
19362,CAB-tspr150040-DUP2-R19362,3,,0,0,0
19363,CAB-tspr150032-DUP2-R19363,3,,0,0,0
19364,CAB-tspr150025-DUP2-R19364,3,,0,0,0
19365,CAB-tspr150015-DUP2-R19365,3,,0,0,0
19366,CAB-tspr150020-DUP2-R19366,3,,0,0,0
19367,CAB-tspr120015-DUP2-R19367,3,,0,0,0
19368,CAB-civr300032-DUP2-R19368,3,,0,0,0
19369,CAB-gald190083-DUP2-R19369,3,,0,0,0
19370,CAB-gald190041-DUP2-R19370,3,,0,0,0
19371,CAB-gald190040-DUP2-R19371,3,,0,0,0
19372,CAB-gald190043-DUP2-R19372,3,,0,0,0
19373,CAB-gald190032-DUP2-R19373,3,,0,0,0
19374,CAB-gald190033-DUP2-R19374,3,,0,0,0
19375,CAB-gald190034-DUP2-R19375,3,,0,0,0
19376,CAB-gald190026-DUP2-R19376,3,,0,0,0
19377,CAB-gald190027-DUP2-R19377,3,,0,0,0
19378,CAB-galv190027-DUP2-R19378,3,,0,0,0
19379,CAB-gald190025-DUP2-R19379,3,,0,0,0
19380,CAB-gald190015-DUP2-R19380,3,,0,0,0
19381,CAB-gald190016-DUP2-R19381,3,,0,0,0
19382,CAB-gald190010-DUP2-R19382,3,,0,0,0
19383,CAB-gald190065-DUP2-R19383,3,,0,0,0
19384,CAB-gald190066-DUP2-R19384,3,,0,0,0
19385,CAB-gald190067-DUP2-R19385,3,,0,0,0
19386,CAB-gald190052-DUP2-R19386,3,,0,0,0
19387,CAB-gald190053-DUP2-R19387,3,,0,0,0
19388,CAB-gald190050-DUP2-R19388,3,,0,0,0
19389,CAB-gald190051-DUP2-R19389,3,,0,0,0
19390,CAB-gald190054-DUP2-R19390,3,,0,0,0
19391,CAB-gald190082-DUP2-R19391,3,,0,0,0
19392,CAB-gald190084-DUP2-R19392,3,,0,0,0
19393,CAB-gald190080-DUP2-R19393,3,,0,0,0
19394,CAB-gald190081-DUP2-R19394,3,,0,0,0
19395,CAB-gald190021-DUP2-R19395,3,,0,0,0
19396,CAB-gald190020-DUP2-R19396,3,,0,0,0
19397,CAB-GALD190100-DUP2-R19397,3,,0,0,0
19398,CAB-GALD190101-DUP2-R19398,3,,0,0,0
19399,CAB-gald290042-DUP2-R19399,3,,0,0,0
19400,CAB-tspr050025-DUP2-R19400,3,,0,0,0
19401,CAB-tspr040025-DUP2-R19401,3,,0,0,0
19402,CAB-tspr040032-DUP2-R19402,3,,0,0,0
19403,CAB-tspr04015-DUP2-R19403,3,,0,0,0
19404,CAB-tspr040020-DUP2-R19404,3,,0,0,0
19405,CAB-tspr032025-DUP2-R19405,3,,0,0,0
19406,CAB-tspr032015-DUP2-R19406,3,,0,0,0
19407,CAB-tspr032020-DUP2-R19407,3,,0,0,0
19408,CAB-tspr025015-DUP2-R19408,3,,0,0,0
19409,CAB-tspr025020-DUP2-R19409,3,,0,0,0
19410,CAB-TSPR013009-DUP2-R19410,3,,0,0,0
19411,CAB-tspr015008-DUP2-R19411,3,,0,0,0
19412,CAB-tspr065040-DUP2-R19412,3,,0,0,0
19413,CAB-tspr065025-DUP2-R19413,3,,0,0,0
19414,CAB-tspr065032-DUP2-R19414,3,,0,0,0
19415,CAB-tspr065050-DUP2-R19415,3,,0,0,0
19416,CAB-tspr065020-DUP2-R19416,3,,0,0,0
19417,CAB-tspr050040-DUP2-R19417,3,,0,0,0
19418,CAB-tspr050032-DUP2-R19418,3,,0,0,0
19419,CAB-tspr050015-DUP2-R19419,3,,0,0,0
19420,CAB-tspr050020-DUP2-R19420,3,,0,0,0
19421,CAB-tspr020015-DUP2-R19421,3,,0,0,0
19422,CAB-vrki015006-DUP2-R19422,3,,0,0,0
19423,CAB-vrkn040020-DUP2-R19423,3,,0,0,0
19424,CAB-vrkn040025-DUP2-R19424,3,,0,0,0
19425,CAB-vrkn040032-DUP2-R19425,3,,8,0,0
19426,CAB-vrkn032025-DUP2-R19426,3,,0,0,0
19427,CAB-vrkn032020-DUP2-R19427,3,,0,0,0
19428,CAB-vrkn025015-DUP2-R19428,3,,0,0,0
19429,CAB-vrkn025020-DUP2-R19429,3,,0,0,0
19430,CAB-vrkn015006-DUP2-R19430,3,,0,0,0
19431,CAB-vrkn015003-DUP2-R19431,3,,110,0,0
19432,CAB-vrkn015009-DUP2-R19432,3,,505,0,0
19433,CAB-vrkn015005-DUP2-R19433,3,,149,0,0
19434,CAB-vrkn006003-DUP2-R19434,3,,192,1,0
19435,CAB-vrkn006005-DUP2-R19435,3,,0,0,0
19436,CAB-vrkn050025-DUP2-R19436,3,,0,0,0
19437,CAB-vrkn050040-DUP2-R19437,3,,0,0,0
19438,CAB-vrkn050032-DUP2-R19438,3,,0,0,0
19439,CAB-vrkn020015-DUP2-R19439,3,,0,0,0
19440,CAB-vrkn020006-DUP2-R19440,3,,0,0,0
19441,CAB-vrkn020009-DUP2-R19441,3,,0,0,0
19442,CAB-vrkn009006-DUP2-R19442,3,,123,0,0
19443,CAB-vrkn009005-DUP2-R19443,3,,1,0,0
19444,CAB-vrki025020-DUP2-R19444,3,,25,0,0
19445,CAB-vrki015009-DUP2-R19445,3,,108,0,0
19446,CAB-vrki020015-DUP2-R19446,3,,89,0,0
19447,CAB-vrkn100040-DUP2-R19447,3,,0,0,0
19448,CAB-vrkn100032-DUP2-R19448,3,,0,0,0
19449,CAB-vrkn100025-DUP2-R19449,3,,26,0,0
19450,CAB-vrkn100050-DUP2-R19450,3,,0,0,0
19451,CAB-vrkn100020-DUP2-R19451,3,,0,0,0
19452,CAB-VRKN015004-DUP2-R19452,3,,0,0,0
19453,CAB-schi110400-DUP2-R19453,3,,0,0,0
19454,CAB-gald280033-DUP2-R19454,3,,0,0,0
19455,CAB-gald280040-DUP2-R19455,3,,0,0,0
19456,CAB-gald280043-DUP2-R19456,3,,0,0,0
19457,CAB-gald280042-DUP2-R19457,3,,0,0,0
19458,CAB-gald280034-DUP2-R19458,3,,0,0,0
19459,CAB-gald280025-DUP2-R19459,3,,0,0,0
19460,CAB-gald280027-DUP2-R19460,3,,0,0,0
19461,CAB-gald280015-DUP2-R19461,3,,0,0,0
19462,CAB-gald280068-DUP2-R19462,3,,0,0,0
19463,CAB-gald280066-DUP2-R19463,3,,0,0,0
19464,CAB-gald280065-DUP2-R19464,3,,0,0,0
19465,CAB-gald280053-DUP2-R19465,3,,0,0,0
19466,CAB-gald280051-DUP2-R19466,3,,0,0,0
19467,CAB-gald280052-DUP2-R19467,3,,0,0,0
19468,CAB-gald280050-DUP2-R19468,3,,0,0,0
19469,CAB-gald280054-DUP2-R19469,3,,0,0,0
19470,CAB-gald280080-DUP2-R19470,3,,0,0,0
19471,CAB-gald280083-DUP2-R19471,3,,0,0,0
19472,CAB-gald280081-DUP2-R19472,3,,0,0,0
19473,CAB-gald280082-DUP2-R19473,3,,0,0,0
19474,CAB-gald280020-DUP2-R19474,3,,0,0,0
19475,CAB-gald280010-DUP2-R19475,3,,0,0,0
19476,CAB-gald280102-DUP2-R19476,3,,0,0,0
19477,CAB-gald280101-DUP2-R19477,3,,0,0,0
19478,CAB-gald280100-DUP2-R19478,3,,0,0,0
19479,CAB-gald280154-DUP2-R19479,3,,0,0,0
19480,CAB-gald280153-DUP2-R19480,3,,0,0,0
19481,CAB-gald280152-DUP2-R19481,3,,0,0,0
19482,CAB-gald280151-DUP2-R19482,3,,0,0,0
19483,CAB-gald280150-DUP2-R19483,3,,0,0,0
19484,CAB-schi180102-DUP2-R19484,3,,0,0,0
19485,CAB-schi180104-DUP2-R19485,3,,0,0,0
19486,CAB-schi180105-DUP2-R19486,3,,0,0,0
19487,CAB-schi180103-DUP2-R19487,3,,0,0,0
19488,CAB-tspv140020-DUP2-R19488,3,,0,0,0
19489,CAB-tspv132015-DUP2-R19489,3,,0,0,0
19490,CAB-tspv132020-DUP2-R19490,3,,0,0,0
19491,CAB-tspv165040-DUP2-R19491,3,,0,0,0
19492,CAB-tspv165032-DUP2-R19492,3,,0,0,0
19493,CAB-tspv165025-DUP2-R19493,3,,0,0,0
19494,CAB-tspv165050-DUP2-R19494,3,,0,0,0
19495,CAB-tspv165020-DUP2-R19495,3,,0,0,0
19496,CAB-tspv150040-DUP2-R19496,3,,0,0,0
19497,CAB-tspv150015-DUP2-R19497,3,,0,0,0
19498,CAB-tspv150020-DUP2-R19498,3,,0,0,0
19499,CAB-tspv180065-DUP2-R19499,3,,0,0,0
19500,CAB-tspv120015-DUP2-R19500,3,,0,0,0
19501,CAB-cire300040-DUP2-R19501,3,,0,0,0
19502,CAB-cire300032-DUP2-R19502,3,,0,0,0
19503,CAB-tspv040025-DUP2-R19503,3,,0,0,0
19504,CAB-tspv040015-DUP2-R19504,3,,0,0,0
19505,CAB-tspv032025-DUP2-R19505,3,,0,0,0
19506,CAB-tspv032015-DUP2-R19506,3,,0,0,0
19507,CAB-tspv032020-DUP2-R19507,3,,0,0,0
19508,CAB-tspv025015-DUP2-R19508,3,,0,0,0
19509,CAB-tspv065040-DUP2-R19509,3,,0,0,0
19510,CAB-tspv065032-DUP2-R19510,3,,0,0,0
19511,CAB-tspv065050-DUP2-R19511,3,,0,0,0
19512,CAB-tspv050032-DUP2-R19512,3,,0,0,0
19513,CAB-tspv050025-DUP2-R19513,3,,0,0,0
19514,CAB-tspv050015-DUP2-R19514,3,,0,0,0
19515,CAB-tspv050020-DUP2-R19515,3,,0,0,0
19516,CAB-gald180041-DUP2-R19516,3,,0,0,0
19517,CAB-gald180040-DUP2-R19517,3,,0,0,0
19518,CAB-gald180043-DUP2-R19518,3,,0,0,0
19519,CAB-gald180042-DUP2-R19519,3,,0,0,0
19520,CAB-gald180032-DUP2-R19520,3,,0,0,0
19521,CAB-gald180034-DUP2-R19521,3,,0,0,0
19522,CAB-gald180033-DUP2-R19522,3,,0,0,0
19523,CAB-gald180025-DUP2-R19523,3,,0,0,0
19524,CAB-gald180013-DUP2-R19524,3,,0,0,0
19525,CAB-gald180066-DUP2-R19525,3,,0,0,0
19526,CAB-gald180067-DUP2-R19526,3,,0,0,0
19527,CAB-gald180051-DUP2-R19527,3,,0,0,0
19528,CAB-gald180050-DUP2-R19528,3,,0,0,0
19529,CAB-gald180052-DUP2-R19529,3,,0,0,0
19530,CAB-gald180054-DUP2-R19530,3,,0,0,0
19531,CAB-gald180053-DUP2-R19531,3,,0,0,0
19532,CAB-gald180082-DUP2-R19532,3,,0,0,0
19533,CAB-gald180080-DUP2-R19533,3,,0,0,0
19534,CAB-GALD180079-DUP2-R19534,3,,0,0,0
19535,CAB-gald180081-DUP2-R19535,3,,0,0,0
19536,CAB-gald180083-DUP2-R19536,3,,0,0,0
19537,CAB-gald180020-DUP2-R19537,3,,0,0,0
19538,CAB-gald180010-DUP2-R19538,3,,0,0,0
19539,CAB-gald180102-DUP2-R19539,3,,0,0,0
19540,CAB-gald180101-DUP2-R19540,3,,0,0,0
19541,CAB-gald180100-DUP2-R19541,3,,0,0,0
19542,CAB-gald180152-DUP2-R19542,3,,0,0,0
19543,CAB-gald180153-DUP2-R19543,3,,0,0,0
19544,CAB-gald180151-DUP2-R19544,3,,0,0,0
19545,CAB-gald180150-DUP2-R19545,3,,0,0,0
19546,CAB-vskn015006-DUP2-R19546,3,,0,0,0
19547,CAB-vskn015009-DUP2-R19547,3,,0,0,0
19548,CAB-vskn006003-DUP2-R19548,3,,72,1,0
19549,CAB-VSKN006008-DUP2-R19549,3,,0,0,0
19550,CAB-vskn020015-DUP2-R19550,3,,0,0,0
19551,CAB-vskn020006-DUP2-R19551,3,,0,0,0
19552,CAB-vskn020009-DUP2-R19552,3,,0,0,0
19553,CAB-vskn009006-DUP2-R19553,3,,0,0,0
19554,CAB-sgpi180080-DUP2-R19554,3,,0,0,0
19555,CAB-sgpi180040-DUP2-R19555,3,,0,0,0
19556,CAB-sgpi180041-DUP2-R19556,3,,0,0,0
19557,CAB-sgpi180032-DUP2-R19557,3,,0,0,0
19558,CAB-sgpi180034-DUP2-R19558,3,,0,0,0
19559,CAB-sgpi180033-DUP2-R19559,3,,0,0,0
19560,CAB-sgpi180026-DUP2-R19560,3,,0,0,0
19561,CAB-sgpi180025-DUP2-R19561,3,,0,0,0
19562,CAB-sgpi180250-DUP2-R19562,3,,0,0,0
19563,CAB-sgpi180042-DUP2-R19563,3,,0,0,0
19564,CAB-sgpi180300-DUP2-R19564,3,,0,0,0
19565,CAB-sgpi180301-DUP2-R19565,3,,0,0,0
19566,CAB-sgpi180350-DUP2-R19566,3,,0,0,0
19567,CAB-sgpi180400-DUP2-R19567,3,,0,0,0
19568,CAB-sgpi180065-DUP2-R19568,3,,0,0,0
19569,CAB-sgpi180066-DUP2-R19569,3,,0,0,0
19570,CAB-sgpi180068-DUP2-R19570,3,,0,0,0
19571,CAB-sgpi180060-DUP2-R19571,3,,0,0,0
19572,CAB-sgpi180067-DUP2-R19572,3,,0,0,0
19573,CAB-sgpi180500-DUP2-R19573,3,,0,0,0
19574,CAB-sgpi180020-DUP2-R19574,3,,0,0,0
19575,CAB-sgpi180128-DUP2-R19575,3,,0,0,0
19576,CAB-sgpi180126-DUP2-R19576,3,,0,0,0
19577,CAB-sgpi180127-DUP2-R19577,3,,0,0,0
19578,CAB-sgpi180125-DUP2-R19578,3,,0,0,0
19579,CAB-sgpi180124-DUP2-R19579,3,,0,0,0
19580,CAB-sgpi180154-DUP2-R19580,3,,0,0,0
19581,CAB-sgpi180153-DUP2-R19581,3,,0,0,0
19582,CAB-sgpi180152-DUP2-R19582,3,,0,0,0
19583,CAB-sgpi180150-DUP2-R19583,3,,0,0,0
19584,CAB-sgpi180151-DUP2-R19584,3,,0,0,0
19585,CAB-sgpg180032-DUP2-R19585,3,,0,0,0
19586,CAB-sgpg180040-DUP2-R19586,3,,0,0,0
19587,CAB-sgpg180033-DUP2-R19587,3,,0,0,0
19588,CAB-sgpg180026-DUP2-R19588,3,,0,0,0
19589,CAB-sgpg180025-DUP2-R19589,3,,0,0,0
19590,CAB-sgpg180251-DUP2-R19590,3,,0,0,0
19591,CAB-sgpg180253-DUP2-R19591,3,,0,0,0
19592,CAB-sgpg180252-DUP2-R19592,3,,0,0,0
19593,CAB-sgpg180250-DUP2-R19593,3,,0,0,0
19594,CAB-sgpg180300-DUP2-R19594,3,,0,0,0
19595,CAB-sgpg180350-DUP2-R19595,3,,0,0,0
19596,CAB-sgpg180400-DUP2-R19596,3,,0,0,0
19597,CAB-sgpg180067-DUP2-R19597,3,,0,0,0
19598,CAB-sgpg180068-DUP2-R19598,3,,0,0,0
19599,CAB-sgpg180066-DUP2-R19599,3,,0,0,0
19600,CAB-sgpg180065-DUP2-R19600,3,,0,0,0
19601,CAB-sgpg180053-DUP2-R19601,3,,0,0,0
19602,CAB-sgpg180051-DUP2-R19602,3,,0,0,0
19603,CAB-sgpg180052-DUP2-R19603,3,,0,0,0
19604,CAB-sgpg180050-DUP2-R19604,3,,0,0,0
19605,CAB-sgpg180082-DUP2-R19605,3,,0,0,0
19606,CAB-sgpg180083-DUP2-R19606,3,,0,0,0
19607,CAB-sgpg180084-DUP2-R19607,3,,0,0,0
19608,CAB-sgpg180080-DUP2-R19608,3,,0,0,0
19609,CAB-sgpg180020-DUP2-R19609,3,,0,0,0
19610,CAB-sgpg180102-DUP2-R19610,3,,0,0,0
19611,CAB-sgpg180106-DUP2-R19611,3,,0,0,0
19612,CAB-sgpg180101-DUP2-R19612,3,,0,0,0
19613,CAB-sgpg180127-DUP2-R19613,3,,0,0,0
19614,CAB-sgpg180126-DUP2-R19614,3,,0,0,0
19615,CAB-sgpg180125-DUP2-R19615,3,,0,0,0
19616,CAB-sgpg180151-DUP2-R19616,3,,0,0,0
19617,CAB-sgpg180150-DUP2-R19617,3,,0,0,0
19618,CAB-sgpg180200-DUP2-R19618,3,,0,0,0
19619,CAB-schi180041-DUP2-R19619,3,,0,0,0
19620,CAB-schi180040-DUP2-R19620,3,,0,0,0
19621,CAB-schi180043-DUP2-R19621,3,,0,0,0
19622,CAB-schi180042-DUP2-R19622,3,,0,0,0
19623,CAB-schi180034-DUP2-R19623,3,,0,0,0
19624,CAB-schi180030-DUP2-R19624,3,,0,0,0
19625,CAB-schi180250-DUP2-R19625,3,,0,0,0
19626,CAB-schi180300-DUP2-R19626,3,,0,0,0
19627,CAB-schi180350-DUP2-R19627,3,,0,0,0
19628,CAB-schi180400-DUP2-R19628,3,,0,0,0
19629,CAB-schi180067-DUP2-R19629,3,,0,0,0
19630,CAB-schi180066-DUP2-R19630,3,,0,0,0
19631,CAB-schi180065-DUP2-R19631,3,,0,0,0
19632,CAB-schi180052-DUP2-R19632,3,,0,0,0
19633,CAB-schi180050-DUP2-R19633,3,,0,0,0
19634,CAB-schi180051-DUP2-R19634,3,,0,0,0
19635,CAB-schi180053-DUP2-R19635,3,,0,0,0
19636,CAB-schi180079-DUP2-R19636,3,,0,0,0
19637,CAB-schi180081-DUP2-R19637,3,,0,0,0
19638,CAB-schi180080-DUP2-R19638,3,,0,0,0
19639,CAB-schi180082-DUP2-R19639,3,,0,0,0
19640,CAB-schi180020-DUP2-R19640,3,,0,0,0
19641,CAB-schi180100-DUP2-R19641,3,,0,0,0
19642,CAB-schi180126-DUP2-R19642,3,,0,0,0
19643,CAB-schi180125-DUP2-R19643,3,,0,0,0
19644,CAB-SCHI180155-DUP2-R19644,3,,0,0,0
19645,CAB-schi180154-DUP2-R19645,3,,0,0,0
19646,CAB-schi180153-DUP2-R19646,3,,0,0,0
19647,CAB-schi180152-DUP2-R19647,3,,0,0,0
19648,CAB-schi180151-DUP2-R19648,3,,0,0,0
19649,CAB-schi180150-DUP2-R19649,3,,0,0,0
19650,CAB-schi180202-DUP2-R19650,3,,0,0,0
19651,CAB-schi180200-DUP2-R19651,3,,0,0,0
19652,CAB-schi180201-DUP2-R19652,3,,0,0,0
19653,CAB-schg180030-DUP2-R19653,3,,0,0,0
19654,CAB-schg180051-DUP2-R19654,3,,0,0,0
19655,CAB-schg180040-DUP2-R19655,3,,0,0,0
19656,CAB-schg180041-DUP2-R19656,3,,0,0,0
19657,CAB-schg180042-DUP2-R19657,3,,0,0,0
19658,CAB-schg180032-DUP2-R19658,3,,0,0,0
19659,CAB-schg180034-DUP2-R19659,3,,0,0,0
19660,CAB-schg180033-DUP2-R19660,3,,0,0,0
19661,CAB-schg180025-DUP2-R19661,3,,0,0,0
19662,CAB-schg180250-DUP2-R19662,3,,0,0,0
19663,CAB-schg180300-DUP2-R19663,3,,0,0,0
19664,CAB-schg180350-DUP2-R19664,3,,0,0,0
19665,CAB-schg180351-DUP2-R19665,3,,0,0,0
19666,CAB-schg180066-DUP2-R19666,3,,0,0,0
19667,CAB-schg180065-DUP2-R19667,3,,0,0,0
19668,CAB-schg180053-DUP2-R19668,3,,0,0,0
19669,CAB-schg180050-DUP2-R19669,3,,0,0,0
19670,CAB-schg180052-DUP2-R19670,3,,0,0,0
19671,CAB-schg180084-DUP2-R19671,3,,0,0,0
19672,CAB-schg180081-DUP2-R19672,3,,0,0,0
19673,CAB-schg180082-DUP2-R19673,3,,0,0,0
19674,CAB-schg180083-DUP2-R19674,3,,0,0,0
19675,CAB-schg180103-DUP2-R19675,3,,0,0,0
19676,CAB-schg180104-DUP2-R19676,3,,0,0,0
19677,CAB-schg180105-DUP2-R19677,3,,0,0,0
19678,CAB-schg180101-DUP2-R19678,3,,0,0,0
19679,CAB-schg180102-DUP2-R19679,3,,0,0,0
19680,CAB-schg180100-DUP2-R19680,3,,0,0,0
19681,CAB-schg180125-DUP2-R19681,3,,0,0,0
19682,CAB-schg180153-DUP2-R19682,3,,0,0,0
19683,CAB-schg180152-DUP2-R19683,3,,0,0,0
19684,CAB-schg180151-DUP2-R19684,3,,0,0,0
19685,CAB-schg180150-DUP2-R19685,3,,0,0,0
19686,CAB-schg180200-DUP2-R19686,3,,0,0,0
19687,CAB-schi500040-DUP2-R19687,3,,0,0,0
19688,CAB-sgpi180050-DUP2-R19688,3,,0,0,0
19689,CAB-sgpi180051-DUP2-R19689,3,,0,0,0
19690,CAB-sgpi180052-DUP2-R19690,3,,0,0,0
19691,CAB-sgpi180053-DUP2-R19691,3,,0,0,0
19692,CAB-SGPI180081-DUP2-R19692,3,,0,0,0
19693,CAB-sgpi180084-DUP2-R19693,3,,0,0,0
19694,CAB-sgpi180082-DUP2-R19694,3,,0,0,0
19695,CAB-sgpi180083-DUP2-R19695,3,,0,0,0
19696,CAB-sgpi180102-DUP2-R19696,3,,0,0,0
19697,CAB-sgpi180100-DUP2-R19697,3,,0,0,0
19698,CAB-sgpi180107-DUP2-R19698,3,,0,0,0
19699,CAB-sgpi180101-DUP2-R19699,3,,0,0,0
19700,CAB-sgpi180201-DUP2-R19700,3,,0,0,0
19701,CAB-sgpi180200-DUP2-R19701,3,,0,0,0
19702,CAB-sgpi180202-DUP2-R19702,3,,0,0,0
19703,CAB-sgpi190300-DUP2-R19703,3,,0,0,0
19704,CAB-sgpi190065-DUP2-R19704,3,,0,0,0
19705,CAB-sgpi190080-DUP2-R19705,3,,0,0,0
19706,CAB-sgpi190100-DUP2-R19706,3,,0,0,0
19707,CAB-SGPI190101-DUP2-R19707,3,,0,0,0
19708,CAB-sgpg190065-DUP2-R19708,3,,0,0,0
19709,CAB-sgpg190080-DUP2-R19709,3,,0,0,0
19710,CAB-citr300034-DUP2-R19710,3,,0,0,0
19711,CAB-gald270040-DUP2-R19711,3,,0,0,0
19712,CAB-gald270042-DUP2-R19712,3,,0,0,0
19713,CAB-gald270043-DUP2-R19713,3,,0,0,0
19714,CAB-gald270041-DUP2-R19714,3,,0,0,0
19715,CAB-gald270032-DUP2-R19715,3,,0,0,0
19716,CAB-gald270031-DUP2-R19716,3,,0,0,0
19717,CAB-gald270033-DUP2-R19717,3,,0,0,0
19718,CAB-gald270015-DUP2-R19718,3,,0,0,0
19719,CAB-gald270025-DUP2-R19719,3,,0,0,0
19720,CAB-gald270065-DUP2-R19720,3,,0,0,0
19721,CAB-gald270050-DUP2-R19721,3,,0,0,0
19722,CAB-gald270051-DUP2-R19722,3,,0,0,0
19723,CAB-gald270052-DUP2-R19723,3,,0,0,0
19724,CAB-gald270054-DUP2-R19724,3,,0,0,0
19725,CAB-gald270053-DUP2-R19725,3,,0,0,0
19726,CAB-gald270080-DUP2-R19726,3,,0,0,0
19727,CAB-gald270020-DUP2-R19727,3,,0,0,0
19728,CAB-gald270100-DUP2-R19728,3,,0,0,0
19729,CAB-gald270150-DUP2-R19729,3,,0,0,0
19730,CAB-tspt140015-DUP2-R19730,3,,0,0,0
19731,CAB-tspt140020-DUP2-R19731,3,,0,0,0
19732,CAB-tspt132020-DUP2-R19732,3,,0,0,0
19733,CAB-tspt125015-DUP2-R19733,3,,0,0,0
19734,CAB-tspt125020-DUP2-R19734,3,,0,0,0
19735,CAB-tspt165040-DUP2-R19735,3,,0,0,0
19736,CAB-tspt165025-DUP2-R19736,3,,0,0,0
19737,CAB-tspt165015-DUP2-R19737,3,,0,0,0
19738,CAB-tspt165050-DUP2-R19738,3,,0,0,0
19739,CAB-tspt165020-DUP2-R19739,3,,0,0,0
19740,CAB-tspt150040-DUP2-R19740,3,,0,0,0
19741,CAB-tspt150032-DUP2-R19741,3,,0,0,0
19742,CAB-tspt150015-DUP2-R19742,3,,0,0,0
19743,CAB-tspt150020-DUP2-R19743,3,,0,0,0
19744,CAB-tspt040032-DUP2-R19744,3,,0,0,0
19745,CAB-tspt040025-DUP2-R19745,3,,0,0,0
19746,CAB-tspt040015-DUP2-R19746,3,,0,0,0
19747,CAB-tspt040020-DUP2-R19747,3,,0,0,0
19748,CAB-tspt032025-DUP2-R19748,3,,0,0,0
19749,CAB-tspt032015-DUP2-R19749,3,,0,0,0
19750,CAB-tspt032020-DUP2-R19750,3,,0,0,0
19751,CAB-tspt025015-DUP2-R19751,3,,0,0,0
19752,CAB-tspt025020-DUP2-R19752,3,,0,0,0
19753,CAB-tspt065040-DUP2-R19753,3,,0,0,0
19754,CAB-tspt065032-DUP2-R19754,3,,0,0,0
19755,CAB-tspt065025-DUP2-R19755,3,,0,0,0
19756,CAB-tspt065050-DUP2-R19756,3,,0,0,0
19757,CAB-tspt065020-DUP2-R19757,3,,0,0,0
19758,CAB-tspt050040-DUP2-R19758,3,,0,0,0
19759,CAB-tspt050032-DUP2-R19759,3,,0,0,0
19760,CAB-tspt050025-DUP2-R19760,3,,0,0,0
19761,CAB-tspt050015-DUP2-R19761,3,,0,0,0
19762,CAB-tspt050020-DUP2-R19762,3,,0,0,0
19763,CAB-tspt020015-DUP2-R19763,3,,0,0,0
19764,CAB-gald170041-DUP2-R19764,3,,0,0,0
19765,CAB-gald170040-DUP2-R19765,3,,0,0,0
19766,CAB-gald170043-DUP2-R19766,3,,0,0,0
19767,CAB-gald170042-DUP2-R19767,3,,0,0,0
19768,CAB-gald170032-DUP2-R19768,3,,0,0,0
19769,CAB-gald170034-DUP2-R19769,3,,0,0,0
19770,CAB-gald170033-DUP2-R19770,3,,0,0,0
19771,CAB-gald170026-DUP2-R19771,3,,0,0,0
19772,CAB-gald170025-DUP2-R19772,3,,0,0,0
19773,CAB-gald170066-DUP2-R19773,3,,0,0,0
19774,CAB-gald170067-DUP2-R19774,3,,0,0,0
19775,CAB-gald170068-DUP2-R19775,3,,0,0,0
19776,CAB-gald170065-DUP2-R19776,3,,0,0,0
19777,CAB-gald170069-DUP2-R19777,3,,0,0,0
19778,CAB-gald170050-DUP2-R19778,3,,0,0,0
19779,CAB-gald170051-DUP2-R19779,3,,0,0,0
19780,CAB-gald170052-DUP2-R19780,3,,0,0,0
19781,CAB-gald170053-DUP2-R19781,3,,0,0,0
19782,CAB-gald170055-DUP2-R19782,3,,0,0,0
19783,CAB-gald170054-DUP2-R19783,3,,0,0,0
19784,CAB-gald170080-DUP2-R19784,3,,0,0,0
19785,CAB-gald170020-DUP2-R19785,3,,0,0,0
19786,CAB-schi470080-DUP2-R19786,3,,0,0,0
19787,CAB-schi470150-DUP2-R19787,3,,0,0,0
19788,CAB-sgpi170040-DUP2-R19788,3,,0,0,0
19789,CAB-sgpi170041-DUP2-R19789,3,,0,0,0
19790,CAB-sgpi170043-DUP2-R19790,3,,0,0,0
19791,CAB-sgpi170042-DUP2-R19791,3,,0,0,0
19792,CAB-sgpi170032-DUP2-R19792,3,,0,0,0
19793,CAB-sgpi170035-DUP2-R19793,3,,0,0,0
19794,CAB-sgpi170036-DUP2-R19794,3,,0,0,0
19795,CAB-sgpi170026-DUP2-R19795,3,,0,0,0
19796,CAB-sgpi170025-DUP2-R19796,3,,0,0,0
19797,CAB-sgpi170250-DUP2-R19797,3,,0,0,0
19798,CAB-sgpi170300-DUP2-R19798,3,,0,0,0
19799,CAB-sgpi170350-DUP2-R19799,3,,0,0,0
19800,CAB-sgpi170400-DUP2-R19800,3,,0,0,0
19801,CAB-sgpi170061-DUP2-R19801,3,,0,0,0
19802,CAB-sgpi170066-DUP2-R19802,3,,0,0,0
19803,CAB-sgpi170068-DUP2-R19803,3,,0,0,0
19804,CAB-sgpi170065-DUP2-R19804,3,,0,0,0
19805,CAB-sgpi170060-DUP2-R19805,3,,0,0,0
19806,CAB-sgpi170067-DUP2-R19806,3,,0,0,0
19807,CAB-sgpi170051-DUP2-R19807,3,,0,0,0
19808,CAB-sgpi170050-DUP2-R19808,3,,0,0,0
19809,CAB-sgpi170054-DUP2-R19809,3,,0,0,0
19810,CAB-sgpi170052-DUP2-R19810,3,,0,0,0
19811,CAB-sgpi170053-DUP2-R19811,3,,0,0,0
19812,CAB-sgpi170081-DUP2-R19812,3,,0,0,0
19813,CAB-sgpi170080-DUP2-R19813,3,,0,0,0
19814,CAB-sgpi170082-DUP2-R19814,3,,0,0,0
19815,CAB-sgpi170084-DUP2-R19815,3,,0,0,0
19816,CAB-sgpi170083-DUP2-R19816,3,,0,0,0
19817,CAB-sgpi170020-DUP2-R19817,3,,0,0,0
19818,CAB-sgpi170105-DUP2-R19818,3,,0,0,0
19819,CAB-sgpi170103-DUP2-R19819,3,,0,0,0
19820,CAB-sgpi170101-DUP2-R19820,3,,0,0,0
19821,CAB-sgpi170102-DUP2-R19821,3,,0,0,0
19822,CAB-sgpi170104-DUP2-R19822,3,,0,0,0
19823,CAB-sgpi170125-DUP2-R19823,3,,0,0,0
19824,CAB-sgpi170126-DUP2-R19824,3,,0,0,0
19825,CAB-sgpi170200-DUP2-R19825,3,,0,0,0
19826,CAB-sgpi170204-DUP2-R19826,3,,0,0,0
19827,CAB-sgpi170205-DUP2-R19827,3,,0,0,0
19828,CAB-sgpi170202-DUP2-R19828,3,,0,0,0
19829,CAB-sgpi170201-DUP2-R19829,3,,0,0,0
19830,CAB-sgpg170041-DUP2-R19830,3,,0,0,0
19831,CAB-sgpg170042-DUP2-R19831,3,,0,0,0
19832,CAB-sgpg170043-DUP2-R19832,3,,0,0,0
19833,CAB-sgpg170040-DUP2-R19833,3,,0,0,0
19834,CAB-sgpg170033-DUP2-R19834,3,,0,0,0
19835,CAB-sgpg170032-DUP2-R19835,3,,0,0,0
19836,CAB-sgpg170035-DUP2-R19836,3,,0,0,0
19837,CAB-sgpg170025-DUP2-R19837,3,,0,0,0
19838,CAB-sgpg170250-DUP2-R19838,3,,0,0,0
19839,CAB-sgpg170300-DUP2-R19839,3,,0,0,0
19840,CAB-sgpg170350-DUP2-R19840,3,,0,0,0
19841,CAB-sgpg170400-DUP2-R19841,3,,0,0,0
19842,CAB-sgpg170068-DUP2-R19842,3,,0,0,0
19843,CAB-sgpg170070-DUP2-R19843,3,,0,0,0
19844,CAB-sgpg170071-DUP2-R19844,3,,0,0,0
19845,CAB-sgpg170069-DUP2-R19845,3,,0,0,0
19846,CAB-sgpg170067-DUP2-R19846,3,,0,0,0
19847,CAB-sgpg170065-DUP2-R19847,3,,0,0,0
19848,CAB-sgpg170053-DUP2-R19848,3,,0,0,0
19849,CAB-sgpg170050-DUP2-R19849,3,,0,0,0
19850,CAB-sgpg170051-DUP2-R19850,3,,0,0,0
19851,CAB-sgpg170052-DUP2-R19851,3,,0,0,0
19852,CAB-sgpg170084-DUP2-R19852,3,,0,0,0
19853,CAB-sgpg170083-DUP2-R19853,3,,0,0,0
19854,CAB-sgpg170082-DUP2-R19854,3,,0,0,0
19855,CAB-sgpg170081-DUP2-R19855,3,,0,0,0
19856,CAB-sgpg170080-DUP2-R19856,3,,0,0,0
19857,CAB-sgpg170020-DUP2-R19857,3,,0,0,0
19858,CAB-sgpg170103-DUP2-R19858,3,,0,0,0
19859,CAB-sgpg170102-DUP2-R19859,3,,0,0,0
19860,CAB-sgpg170100-DUP2-R19860,3,,0,0,0
19861,CAB-sgpg170101-DUP2-R19861,3,,0,0,0
19862,CAB-sgpg170125-DUP2-R19862,3,,0,0,0
19863,CAB-sgpg170126-DUP2-R19863,3,,0,0,0
19864,CAB-sgpg170150-DUP2-R19864,3,,0,0,0
19865,CAB-sgpg170204-DUP2-R19865,3,,0,0,0
19866,CAB-sgpg170203-DUP2-R19866,3,,0,0,0
19867,CAB-sgpg170202-DUP2-R19867,3,,0,0,0
19868,CAB-sgpg170201-DUP2-R19868,3,,0,0,0
19869,CAB-sgpg170200-DUP2-R19869,3,,0,0,0
19870,CAB-schi170041-DUP2-R19870,3,,0,0,0
19871,CAB-schi170043-DUP2-R19871,3,,0,0,0
19872,CAB-schi170042-DUP2-R19872,3,,0,0,0
19873,CAB-schi170032-DUP2-R19873,3,,0,0,0
19874,CAB-schi170033-DUP2-R19874,3,,0,0,0
19875,CAB-schi170034-DUP2-R19875,3,,0,0,0
19876,CAB-schi170026-DUP2-R19876,3,,0,0,0
19877,CAB-schi170025-DUP2-R19877,3,,0,0,0
19878,CAB-schi170250-DUP2-R19878,3,,0,0,0
19879,CAB-schi170300-DUP2-R19879,3,,0,0,0
19880,CAB-schi170350-DUP2-R19880,3,,0,0,0
19881,CAB-schi170069-DUP2-R19881,3,,0,0,0
19882,CAB-schi170066-DUP2-R19882,3,,0,0,0
19883,CAB-schi170067-DUP2-R19883,3,,0,0,0
19884,CAB-schi170065-DUP2-R19884,3,,0,0,0
19885,CAB-schi170051-DUP2-R19885,3,,0,0,0
19886,CAB-schi170053-DUP2-R19886,3,,0,0,0
19887,CAB-schi170084-DUP2-R19887,3,,0,0,0
19888,CAB-schi170080-DUP2-R19888,3,,0,0,0
19889,CAB-schi170082-DUP2-R19889,3,,0,0,0
19890,CAB-schi170083-DUP2-R19890,3,,0,0,0
19891,CAB-schi170081-DUP2-R19891,3,,0,0,0
19892,CAB-schi170020-DUP2-R19892,3,,0,0,0
19893,CAB-schi170100-DUP2-R19893,3,,0,0,0
19894,CAB-schi170105-DUP2-R19894,3,,0,0,0
19895,CAB-schi170104-DUP2-R19895,3,,0,0,0
19896,CAB-schi170103-DUP2-R19896,3,,0,0,0
19897,CAB-schi170102-DUP2-R19897,3,,0,0,0
19898,CAB-schi170101-DUP2-R19898,3,,0,0,0
19899,CAB-schi170128-DUP2-R19899,3,,0,0,0
19900,CAB-schi170126-DUP2-R19900,3,,0,0,0
19901,CAB-schi170127-DUP2-R19901,3,,0,0,0
19902,CAB-schi170125-DUP2-R19902,3,,0,0,0
19903,CAB-schi170156-DUP2-R19903,3,,0,0,0
19904,CAB-schi170153-DUP2-R19904,3,,0,0,0
19905,CAB-schi170152-DUP2-R19905,3,,0,0,0
19906,CAB-schi170151-DUP2-R19906,3,,0,0,0
19907,CAB-schi170150-DUP2-R19907,3,,0,0,0
19908,CAB-schi170154-DUP2-R19908,3,,0,0,0
19909,CAB-schi170200-DUP2-R19909,3,,0,0,0
19910,CAB-schi170201-DUP2-R19910,3,,0,0,0
19911,CAB-schg170041-DUP2-R19911,3,,0,0,0
19912,CAB-schg170050-DUP2-R19912,3,,0,0,0
19913,CAB-schg170083-DUP2-R19913,3,,0,0,0
19914,CAB-schg170040-DUP2-R19914,3,,0,0,0
19915,CAB-schg170043-DUP2-R19915,3,,0,0,0
19916,CAB-schg170042-DUP2-R19916,3,,0,0,0
19917,CAB-schg170032-DUP2-R19917,3,,0,0,0
19918,CAB-schg170034-DUP2-R19918,3,,0,0,0
19919,CAB-schg170033-DUP2-R19919,3,,0,0,0
19920,CAB-schg170026-DUP2-R19920,3,,0,0,0
19921,CAB-schg170025-DUP2-R19921,3,,0,0,0
19922,CAB-schg170250-DUP2-R19922,3,,0,0,0
19923,CAB-schg170300-DUP2-R19923,3,,0,0,0
19924,CAB-schg170350-DUP2-R19924,3,,0,0,0
19925,CAB-schg170066-DUP2-R19925,3,,0,0,0
19926,CAB-schg170067-DUP2-R19926,3,,0,0,0
19927,CAB-schg170068-DUP2-R19927,3,,0,0,0
19928,CAB-schg170065-DUP2-R19928,3,,0,0,0
19929,CAB-schg170051-DUP2-R19929,3,,0,0,0
19930,CAB-schg170052-DUP2-R19930,3,,0,0,0
19931,CAB-schg170054-DUP2-R19931,3,,0,0,0
19932,CAB-scgh170053-DUP2-R19932,3,,0,0,0
19933,CAB-schg170082-DUP2-R19933,3,,0,0,0
19934,CAB-schg170084-DUP2-R19934,3,,0,0,0
19935,CAB-schg170080-DUP2-R19935,3,,0,0,0
19936,CAB-schg170081-DUP2-R19936,3,,0,0,0
19937,CAB-schg170104-DUP2-R19937,3,,0,0,0
19938,CAB-schg170105-DUP2-R19938,3,,0,0,0
19939,CAB-schg170102-DUP2-R19939,3,,0,0,0
19940,CAB-schg170103-DUP2-R19940,3,,0,0,0
19941,CAB-schg170101-DUP2-R19941,3,,0,0,0
19942,CAB-schg170125-DUP2-R19942,3,,0,0,0
19943,CAB-schg170153-DUP2-R19943,3,,0,0,0
19944,CAB-schg170154-DUP2-R19944,3,,0,0,0
19945,CAB-schg170152-DUP2-R19945,3,,0,0,0
19946,CAB-schg170151-DUP2-R19946,3,,0,0,0
19947,CAB-schg170150-DUP2-R19947,3,,0,0,0
19948,CAB-schg170200-DUP2-R19948,3,,0,0,0
19949,CAB-sgpi170100-DUP2-R19949,3,,0,0,0
19950,CAB-sgpi170154-DUP2-R19950,3,,0,0,0
19951,CAB-sgpi170150-DUP2-R19951,3,,0,0,0
19952,CAB-sgpi170151-DUP2-R19952,3,,0,0,0
19953,CAB-sgpi170153-DUP2-R19953,3,,0,0,0
19954,CAB-ssvt040015-DUP2-R19954,3,,0,0,0
19955,CAB-ssvt032019-DUP2-R19955,3,,0,0,0
19956,CAB-ssvt025020-DUP2-R19956,3,,0,0,0
19957,CAB-ssvt050040-DUP2-R19957,3,,0,0,0
19958,CAB-ssch530050-DUP2-R19958,3,,0,0,0
19959,CAB-ssch530053-DUP2-R19959,3,,0,0,0
19960,CAB-ssch530080-DUP2-R19960,3,,0,0,0
19961,CAB-ascr013004-DUP2-R19961,3,,0,0,0
19962,CAB-ASCR013009-DUP2-R19962,3,,0,0,0
19963,CAB-ascr013006-DUP2-R19963,3,,0,0,0
19964,CAB-pgau066100-DUP2-R19964,3,,0,0,0
19965,CAB-pgau066500-DUP2-R19965,3,,0,0,0
19966,CAB-PGAU066002-DUP2-R19966,3,,0,0,0
19967,CAB-PGAU066035-DUP2-R19967,3,,0,0,0
19968,CAB-PGAU066007-DUP2-R19968,3,,0,0,0
19969,CAB-ascr011002-DUP2-R19969,3,,0,0,0
19970,CAB-VRKN015007-DUP2-R19970,3,,0,0,0
19971,CAB-VRCR015006-DUP2-R19971,3,,48,0,0
19972,CAB-VRCR015009-DUP2-R19972,3,,205,0,0
19973,CAB-VRKN005000-DUP2-R19973,3,,13,0,0
19974,CAB-VSKN015010-DUP2-R19974,3,,0,0,0
19975,CAB-sgpi180600-DUP2-R19975,3,,0,0,0
19976,CAB-sgpi180106-DUP2-R19976,3,,0,0,0
19977,CAB-sgpg180041-DUP2-R19977,3,,0,0,0
19978,CAB-vode100030-DUP2-R19978,3,,0,0,0
19979,CAB-VODE100080-DUP2-R19979,3,,0,0,0
19980,CAB-VODE511011-DUP2-R19980,3,,0,0,0
19981,CAB-VODE120025-DUP2-R19981,3,,0,0,0
19982,CAB-VODE120030-DUP2-R19982,3,,0,0,0
19983,CAB-vode125030-DUP2-R19983,3,,0,0,0
19984,CAB-VODE015015-DUP2-R19984,3,,0,0,0
19985,CAB-VODE516016-DUP2-R19985,3,,0,0,0
19986,CAB-vode020015-DUP2-R19986,3,,0,0,0
19987,CAB-vode020020-DUP2-R19987,3,,0,0,0
19988,CAB-VODG020015-DUP2-R19988,3,,0,0,0
19989,CAB-vodp020020-DUP2-R19989,3,,0,0,0
19990,CAB-VODE522020-DUP2-R19990,3,,0,0,0
19991,CAB-VODE220060-DUP2-R19991,3,,0,0,0
19992,CAB-VODE524020-DUP2-R19992,3,,0,0,0
19993,CAB-vode025020-DUP2-R19993,3,,0,0,0
19994,CAB-VODE025025-DUP2-R19994,3,,0,0,0
19995,CAB-vode030020-DUP2-R19995,3,,0,0,0
19996,CAB-VODE030025-DUP2-R19996,3,,0,0,0
19997,CAB-vode030030-DUP2-R19997,3,,0,0,0
19998,CAB-VODP030030-DUP2-R19998,3,,0,0,0
19999,CAB-vode030050-DUP2-R19999,3,,0,0,0
20000,CAB-VODP030020-DUP2-R20000,3,,0,0,0
20001,CAB-VODP031031-DUP2-R20001,3,,0,0,0
20002,CAB-vode035015-DUP2-R20002,3,,0,0,0
20003,CAB-VODE035025-DUP2-R20003,3,,0,0,0
20004,CAB-vode035030-DUP2-R20004,3,,0,0,0
20005,CAB-vode035035-DUP2-R20005,3,,0,0,0
20006,CAB-VODE035020-DUP2-R20006,3,,0,0,0
20007,CAB-vode036030-DUP2-R20007,3,,0,0,0
20008,CAB-VODE040010-DUP2-R20008,3,,0,0,0
20009,CAB-VODE040020-DUP2-R20009,3,,0,0,0
20010,CAB-vode040025-DUP2-R20010,3,,0,0,0
20011,CAB-vode040030-DUP2-R20011,3,,0,0,0
20012,CAB-vode040040-DUP2-R20012,3,,0,0,0
20013,CAB-vode040050-DUP2-R20013,3,,0,0,0
20014,CAB-VODE040015-DUP2-R20014,3,,0,0,0
20015,CAB-vodp040015-DUP2-R20015,3,,0,0,0
20016,CAB-VODS040030-DUP2-R20016,3,,0,0,0
20017,CAB-vode045025-DUP2-R20017,3,,0,0,0
20018,CAB-vode050020-DUP2-R20018,3,,0,0,0
20019,CAB-vode050030-DUP2-R20019,3,,0,0,0
20020,CAB-vode050040-DUP2-R20020,3,,0,0,0
20021,CAB-VODE050025-DUP2-R20021,3,,0,0,0
20022,CAB-VODS050030-DUP2-R20022,3,,0,0,0
20023,CAB-vodp050030-DUP2-R20023,3,,0,0,0
20024,CAB-VODS050050-DUP2-R20024,3,,0,0,0
20025,CAB-VODE055015-DUP2-R20025,3,,0,0,0
20026,CAB-vodp055015-DUP2-R20026,3,,0,0,0
20027,CAB-vode060015-DUP2-R20027,3,,0,0,0
20028,CAB-vode060020-DUP2-R20028,3,,0,0,0
20029,CAB-vode060025-DUP2-R20029,3,,0,0,0
20030,CAB-vode060030-DUP2-R20030,3,,0,0,0
20031,CAB-vode060060-DUP2-R20031,3,,0,0,0
20032,CAB-VODE060040-DUP2-R20032,3,,0,0,0
20033,CAB-VODS060040-DUP2-R20033,3,,0,0,0
20034,CAB-VODS060050-DUP2-R20034,3,,0,0,0
20035,CAB-VODE065025-DUP2-R20035,3,,0,0,0
20036,CAB-VODS065050-DUP2-R20036,3,,0,0,0
20037,CAB-vode070015-DUP2-R20037,3,,0,0,0
20038,CAB-VODE070030-DUP2-R20038,3,,0,0,0
20039,CAB-VODE070035-DUP2-R20039,3,,0,0,0
20040,CAB-VODE070040-DUP2-R20040,3,,0,0,0
20041,CAB-VODE070070-DUP2-R20041,3,,0,0,0
20042,CAB-vode075025-DUP2-R20042,3,,0,0,0
20043,CAB-vode075030-DUP2-R20043,3,,0,0,0
20044,CAB-VODE075035-DUP2-R20044,3,,0,0,0
20045,CAB-VODE075040-DUP2-R20045,3,,0,0,0
20046,CAB-VODE075045-DUP2-R20046,3,,0,0,0
20047,CAB-vode080040-DUP2-R20047,3,,0,0,0
20048,CAB-vode080045-DUP2-R20048,3,,0,0,0
20049,CAB-VODE080030-DUP2-R20049,3,,0,0,0
20050,CAB-VODE080050-DUP2-R20050,3,,0,0,0
20051,CAB-VODE080080-DUP2-R20051,3,,0,0,0
20052,CAB-vode090025-DUP2-R20052,3,,0,0,0
20053,CAB-vode090070-DUP2-R20053,3,,0,0,0
20054,CAB-VODE090030-DUP2-R20054,3,,0,0,0
20055,CAB-VODE090035-DUP2-R20055,3,,0,0,0
20056,CAB-VODE090040-DUP2-R20056,3,,0,0,0
20057,CAB-VODE090090-DUP2-R20057,3,,0,0,0
20058,CAB-VODB000014-DUP2-R20058,3,,0,0,0
20059,CAB-VODB000008-DUP2-R20059,3,,0,0,0
20060,CAB-VODE130020-DUP2-R20060,3,,0,0,0
20061,CAB-vpga100010-DUP2-R20061,3,,0,0,0
20062,CAB-vpga100016-DUP2-R20062,3,,0,0,0
20063,CAB-vpga100025-DUP2-R20063,3,,0,0,0
20064,CAB-GALD190068-DUP2-R20064,3,,0,0,0
20065,CAB-tspb700040-DUP2-R20065,3,,0,0,0
20066,CAB-tspb700015-DUP2-R20066,3,,0,0,0
20067,CAB-tspb700065-DUP2-R20067,3,,0,0,0
20068,CAB-tspb700050-DUP2-R20068,3,,0,0,0
20069,CAB-tspb700020-DUP2-R20069,3,,0,0,0
20070,CAB-ciwm300042-DUP2-R20070,3,,0,0,0
20071,CAB-ciwm300032-DUP2-R20071,3,,0,0,0
20072,CAB-ciwm300025-DUP2-R20072,3,,0,0,0
20073,CAB-ciwm300020-DUP2-R20073,3,,0,0,0
20074,CAB-tspg700040-DUP2-R20074,3,,0,0,0
20075,CAB-tspg700032-DUP2-R20075,3,,0,0,0
20076,CAB-tspg700015-DUP2-R20076,3,,0,0,0
20077,CAB-tspg700065-DUP2-R20077,3,,0,0,0
20078,CAB-tspg700050-DUP2-R20078,3,,0,0,0
20079,CAB-gald260040-DUP2-R20079,3,,0,0,0
20080,CAB-gald260032-DUP2-R20080,3,,0,0,0
20081,CAB-gald260015-DUP2-R20081,3,,0,0,0
20082,CAB-gald260065-DUP2-R20082,3,,0,0,0
20083,CAB-gald260050-DUP2-R20083,3,,0,0,0
20084,CAB-gald260080-DUP2-R20084,3,,0,0,0
20085,CAB-gald260020-DUP2-R20085,3,,0,0,0
20086,CAB-gald260021-DUP2-R20086,3,,0,0,0
20087,CAB-gald260016-DUP2-R20087,3,,0,0,0
20088,CAB-gald160040-DUP2-R20088,3,,0,0,0
20089,CAB-gald160032-DUP2-R20089,3,,0,0,0
20090,CAB-gald160015-DUP2-R20090,3,,0,0,0
20091,CAB-gald160065-DUP2-R20091,3,,0,0,0
20092,CAB-gald160050-DUP2-R20092,3,,0,0,0
20093,CAB-gald160080-DUP2-R20093,3,,0,0,0
20094,CAB-gald160020-DUP2-R20094,3,,0,0,0
20095,CAB-gald160100-DUP2-R20095,3,,0,0,0
20096,CAB-toze060080-DUP2-R20096,3,,0,0,0
20097,CAB-yone060250-DUP2-R20097,3,,0,0,0
20098,CAB-NURS000002-DUP2-R20098,3,,0,0,0
20099,CAB-agas006009-DUP2-R20099,3,,0,0,0
20100,CAB-agas006011-DUP2-R20100,3,,0,0,0
20101,CAB-agas006008-DUP2-R20101,3,,0,0,0
20102,CAB-WARM200597-DUP2-R20102,3,,0,0,0
20103,CAB-wmbr000042-DUP2-R20103,3,,0,0,0
20104,CAB-wmbr000032-DUP2-R20104,3,,0,0,0
20105,CAB-wmbr000025-DUP2-R20105,3,,0,0,0
20106,CAB-wmbr000015-DUP2-R20106,3,,0,0,0
20107,CAB-wmbr000050-DUP2-R20107,3,,0,0,0
20108,CAB-wmbr000020-DUP2-R20108,3,,0,0,0
20109,CAB-ciwm300050-DUP2-R20109,3,,0,0,0
20110,CAB-schi021065-DUP2-R20110,3,,0,0,0
20111,CAB-gald260026-DUP2-R20111,3,,0,0,0
20112,CAB-cilum300032-DUP2-R20112,3,,0,0,0
20113,CAB-002006000025-DUP2-R20113,3,,0,0,0
20114,CAB-002006000040-DUP2-R20114,3,,0,0,0
20115,CAB-002006000032-DUP2-R20115,3,,0,0,0
20116,CAB-002006000015-DUP2-R20116,3,,0,0,0
20117,CAB-002006000050-DUP2-R20117,3,,0,0,0
20118,CAB-002006000020-DUP2-R20118,3,,0,0,0
20119,CAB-wmkn000032-DUP2-R20119,3,,0,0,0
20120,CAB-wmkn000025-DUP2-R20120,3,,24,0,0
20121,CAB-wmkn000015-DUP2-R20121,3,,43,0,0
20122,CAB-wmkn000050-DUP2-R20122,3,,0,0,0
20123,CAB-wmkn000019-DUP2-R20123,3,,29,0,0
20124,CAB-wmkn000016-DUP2-R20124,3,,0,0,0
20125,CAB-wmkn000042-DUP2-R20125,3,,0,0,0
20126,CAB-wmkn000065-DUP2-R20126,3,,0,0,0
20127,CAB-gald260041-DUP2-R20127,3,,0,0,0
20128,CAB-nepe002100-DUP2-R20128,3,,0,0,0
20129,CAB-watt001150-DUP2-R20129,3,,0,0,0
20130,CAB-watt116200-DUP2-R20130,3,,0,0,0
20131,CAB-watt002100-DUP2-R20131,3,,0,0,0
20132,CAB-pprb001020-DUP2-R20132,3,,0,0,0
20133,CAB-pprw500032-DUP2-R20133,3,,0,0,0
20134,CAB-pprw500050-DUP2-R20134,3,,0,0,0
20135,CAB-pprw500040-DUP2-R20135,3,,0,0,0
20136,CAB-pprw500020-DUP2-R20136,3,,0,0,0
20137,CAB-pprw500075-DUP2-R20137,3,,0,0,0
20138,CAB-pprw500063-DUP2-R20138,3,,0,0,0
20139,CAB-pprw500090-DUP2-R20139,3,,0,0,0
20140,CAB-pprw500025-DUP2-R20140,3,,0,0,0
20141,CAB-pprw500110-DUP2-R20141,3,,0,0,0
20142,CAB-pprw200050-DUP2-R20142,3,,0,0,0
20143,CAB-pprw200040-DUP2-R20143,3,,0,0,0
20144,CAB-pprw200032-DUP2-R20144,3,,0,0,0
20145,CAB-pprw200020-DUP2-R20145,3,,0,0,0
20146,CAB-pprw200075-DUP2-R20146,3,,0,0,0
20147,CAB-pprw200063-DUP2-R20147,3,,0,0,0
20148,CAB-pprw200090-DUP2-R20148,3,,0,0,0
20149,CAB-pprw200025-DUP2-R20149,3,,0,0,0
20150,CAB-pprw300050-DUP2-R20150,3,,0,0,0
20151,CAB-pprw300040-DUP2-R20151,3,,0,0,0
20152,CAB-pprw300032-DUP2-R20152,3,,0,0,0
20153,CAB-pprw300020-DUP2-R20153,3,,0,0,0
20154,CAB-pprw300075-DUP2-R20154,3,,0,0,0
20155,CAB-pprw300063-DUP2-R20155,3,,0,0,0
20156,CAB-pprw300090-DUP2-R20156,3,,0,0,0
20157,CAB-pprw300025-DUP2-R20157,3,,0,0,0
20158,CAB-pprw300110-DUP2-R20158,3,,0,0,0
20159,CAB-pprf020020-DUP2-R20159,3,,0,0,0
20160,CAB-pprf020025-DUP2-R20160,3,,0,0,0
20161,CAB-pprf025020-DUP2-R20161,3,,0,0,0
20162,CAB-pprf025025-DUP2-R20162,3,,0,0,0
20163,CAB-pprf032032-DUP2-R20163,3,,0,0,0
20164,CAB-pprf032025-DUP2-R20164,3,,0,0,0
20165,CAB-pprg001040-DUP2-R20165,3,,0,0,0
20166,CAB-pprm020020-DUP2-R20166,3,,0,0,0
20167,CAB-pprm020025-DUP2-R20167,3,,0,0,0
20168,CAB-pprm025020-DUP2-R20168,3,,0,0,0
20169,CAB-pprm025025-DUP2-R20169,3,,0,0,0
20170,CAB-pprm032032-DUP2-R20170,3,,0,0,0
20171,CAB-pprm032025-DUP2-R20171,3,,0,0,0
20172,CAB-pprw016160-DUP2-R20172,3,,0,0,0
20173,CAB-PPRW022020-DUP2-R20173,3,,0,0,0
20174,CAB-pprw010050-DUP2-R20174,3,,0,0,0
20175,CAB-pprw010040-DUP2-R20175,3,,0,0,0
20176,CAB-pprw010032-DUP2-R20176,3,,0,0,0
20177,CAB-pprw010020-DUP2-R20177,3,,0,0,0
20178,CAB-pprw010075-DUP2-R20178,3,,0,0,0
20179,CAB-pprw010063-DUP2-R20179,3,,0,0,0
20180,CAB-pprw010090-DUP2-R20180,3,,0,0,0
20181,CAB-pprw010025-DUP2-R20181,3,,0,0,0
20182,CAB-pprw010110-DUP2-R20182,3,,0,0,0
20183,CAB-pprw016050-DUP2-R20183,3,,0,0,0
20184,CAB-pprw016040-DUP2-R20184,3,,0,0,0
20185,CAB-pprw016032-DUP2-R20185,3,,0,0,0
20186,CAB-pprw016020-DUP2-R20186,3,,0,0,0
20187,CAB-pprw016075-DUP2-R20187,3,,0,0,0
20188,CAB-pprw016063-DUP2-R20188,3,,0,0,0
20189,CAB-pprw016090-DUP2-R20189,3,,0,0,0
20190,CAB-pprw016025-DUP2-R20190,3,,0,0,0
20191,CAB-pprw016110-DUP2-R20191,3,,0,0,0
20192,CAB-pprw020050-DUP2-R20192,3,,0,0,0
20193,CAB-pprw020040-DUP2-R20193,3,,0,0,0
20194,CAB-pprw020032-DUP2-R20194,3,,0,0,0
20195,CAB-pprw020020-DUP2-R20195,3,,0,0,0
20196,CAB-pprw020075-DUP2-R20196,3,,0,0,0
20197,CAB-pprw020063-DUP2-R20197,3,,0,0,0
20198,CAB-pprw020090-DUP2-R20198,3,,0,0,0
20199,CAB-pprw020025-DUP2-R20199,3,,0,0,0
20200,CAB-pprw020110-DUP2-R20200,3,,0,0,0
20201,CAB-pprd020020-DUP2-R20201,3,,0,0,0
20202,CAB-pprd020025-DUP2-R20202,3,,0,0,0
20203,CAB-pprd025020-DUP2-R20203,3,,0,0,0
20204,CAB-pprd025025-DUP2-R20204,3,,0,0,0
20205,CAB-pprd032032-DUP2-R20205,3,,0,0,0
20206,CAB-pprd040032-DUP2-R20206,3,,0,0,0
20207,CAB-pprd050050-DUP2-R20207,3,,0,0,0
20208,CAB-pprl02020-DUP2-R20208,3,,0,0,0
20209,CAB-pprl020025-DUP2-R20209,3,,0,0,0
20210,CAB-pprl025020-DUP2-R20210,3,,0,0,0
20211,CAB-pprl025025-DUP2-R20211,3,,0,0,0
20212,CAB-pprl032032-DUP2-R20212,3,,0,0,0
20213,CAB-pprl032025-DUP2-R20213,3,,0,0,0
20214,CAB-pprl040032-DUP2-R20214,3,,0,0,0
20215,CAB-pprl050050-DUP2-R20215,3,,0,0,0
20216,CAB-pprl075075-DUP2-R20216,3,,0,0,0
20217,CAB-pprl090090-DUP2-R20217,3,,0,0,0
20218,CAB-pprw100050-DUP2-R20218,3,,0,0,0
20219,CAB-pprw100040-DUP2-R20219,3,,0,0,0
20220,CAB-pprw100032-DUP2-R20220,3,,0,0,0
20221,CAB-pprw100020-DUP2-R20221,3,,0,0,0
20222,CAB-pprw100075-DUP2-R20222,3,,0,0,0
20223,CAB-pprw100063-DUP2-R20223,3,,0,0,0
20224,CAB-pprw100090-DUP2-R20224,3,,0,0,0
20225,CAB-pprw100025-DUP2-R20225,3,,0,0,0
20226,CAB-pprw400050-DUP2-R20226,3,,0,0,0
20227,CAB-pprw400040-DUP2-R20227,3,,0,0,0
20228,CAB-pprw400032-DUP2-R20228,3,,0,0,0
20229,CAB-pprw400020-DUP2-R20229,3,,0,0,0
20230,CAB-pprw400075-DUP2-R20230,3,,0,0,0
20231,CAB-pprw400063-DUP2-R20231,3,,0,0,0
20232,CAB-pprw400090-DUP2-R20232,3,,0,0,0
20233,CAB-pprw400025-DUP2-R20233,3,,0,0,0
20234,CAB-pprw400110-DUP2-R20234,3,,0,0,0
20235,CAB-pprv050032-DUP2-R20235,3,,0,0,0
20236,CAB-pprv050040-DUP2-R20236,3,,0,0,0
20237,CAB-pprv050025-DUP2-R20237,3,,0,0,0
20238,CAB-pprv040032-DUP2-R20238,3,,0,0,0
20239,CAB-pprv040020-DUP2-R20239,3,,0,0,0
20240,CAB-pprv032020-DUP2-R20240,3,,0,0,0
20241,CAB-pprv032025-DUP2-R20241,3,,0,0,0
20242,CAB-pprv075050-DUP2-R20242,3,,0,0,0
20243,CAB-pprv075040-DUP2-R20243,3,,0,0,0
20244,CAB-pprv075063-DUP2-R20244,3,,0,0,0
20245,CAB-pprv063032-DUP2-R20245,3,,0,0,0
20246,CAB-pprv063050-DUP2-R20246,3,,0,0,0
20247,CAB-pprv063040-DUP2-R20247,3,,0,0,0
20248,CAB-pprv063025-DUP2-R20248,3,,0,0,0
20249,CAB-pprv090063-DUP2-R20249,3,,0,0,0
20250,CAB-pprv090075-DUP2-R20250,3,,0,0,0
20251,CAB-pprv025020-DUP2-R20251,3,,0,0,0
20252,CAB-pprv110050-DUP2-R20252,3,,0,0,0
20253,CAB-pprv110075-DUP2-R20253,3,,0,0,0
20254,CAB-pprv110090-DUP2-R20254,3,,0,0,0
20255,CAB-pprv040025-DUP2-R20255,3,,0,0,0
20256,CAB-pprt050032-DUP2-R20256,3,,0,0,0
20257,CAB-pprt050040-DUP2-R20257,3,,0,0,0
20258,CAB-pprt050020-DUP2-R20258,3,,0,0,0
20259,CAB-pprt050025-DUP2-R20259,3,,0,0,0
20260,CAB-pprt040032-DUP2-R20260,3,,0,0,0
20261,CAB-pprt040020-DUP2-R20261,3,,0,0,0
20262,CAB-pprt040025-DUP2-R20262,3,,0,0,0
20263,CAB-pprt032020-DUP2-R20263,3,,0,0,0
20264,CAB-pprt032025-DUP2-R20264,3,,0,0,0
20265,CAB-pprt075050-DUP2-R20265,3,,0,0,0
20266,CAB-pprt075063-DUP2-R20266,3,,0,0,0
20267,CAB-pprt063032-DUP2-R20267,3,,0,0,0
20268,CAB-pprt063050-DUP2-R20268,3,,0,0,0
20269,CAB-pprt063040-DUP2-R20269,3,,0,0,0
20270,CAB-pprt063025-DUP2-R20270,3,,0,0,0
20271,CAB-pprt090075-DUP2-R20271,3,,0,0,0
20272,CAB-pprt025020-DUP2-R20272,3,,0,0,0
20273,CAB-pprt110050-DUP2-R20273,3,,0,0,0
20274,CAB-HDPE010040-DUP2-R20274,3,,0,0,0
20275,CAB-whit004015-DUP2-R20275,3,,0,0,0
20276,CAB-agas008003-DUP2-R20276,3,,0,0,0
20277,CAB-wika100011-DUP2-R20277,3,,0,0,0
20278,CAB-wika100060-DUP2-R20278,3,,0,0,0
20279,CAB-wika065010-DUP2-R20279,3,,0,0,0
20280,CAB-wika065016-DUP2-R20280,3,,0,0,0
20281,CAB-wika065001-DUP2-R20281,3,,0,0,0
20282,CAB-wika065002-DUP2-R20282,3,,0,0,0
20283,CAB-wika065025-DUP2-R20283,3,,0,0,0
20284,CAB-wika065006-DUP2-R20284,3,,0,0,0
20285,CAB-wika100001-DUP2-R20285,3,,0,0,0
20286,CAB-wika100010-DUP2-R20286,3,,0,0,0
20287,CAB-wika100016-DUP2-R20287,3,,0,0,0
20288,CAB-wika100025-DUP2-R20288,3,,0,0,0
20289,CAB-wika100006-DUP2-R20289,3,,0,0,0
20290,CAB-wika065000-DUP2-R20290,3,,0,0,0
20291,CAB-wika000020-DUP2-R20291,3,,0,1,0
20292,CAB-wika110010-DUP2-R20292,3,,0,0,0
20293,CAB-wika110016-DUP2-R20293,3,,0,0,0
20294,CAB-wika165016-DUP2-R20294,3,,0,0,0
20295,CAB-wika165010-DUP2-R20295,3,,0,0,0
20296,CAB-wika112010-DUP2-R20296,3,,0,0,0
20297,CAB-wika112016-DUP2-R20297,3,,0,0,0
20298,CAB-wika112006-DUP2-R20298,3,,0,0,0
20299,CAB-wika040016-DUP2-R20299,3,,0,0,0
20300,CAB-wika041010-DUP2-R20300,3,,0,0,0
20301,CAB-wika265016-DUP2-R20301,3,,0,0,0
20302,CAB-wika042016-DUP2-R20302,3,,0,0,0
20303,CAB-wika100250-DUP2-R20303,3,,0,0,0
20304,CAB-wika101010-DUP2-R20304,3,,0,0,0
20305,CAB-wika101016-DUP2-R20305,3,,0,0,0
20306,CAB-wika101025-DUP2-R20306,3,,0,0,0
20307,CAB-wika265025-DUP2-R20307,3,,0,0,0
20308,CAB-wika265010-DUP2-R20308,3,,0,0,0
20309,CAB-svwk000015-DUP2-R20309,3,,0,0,0
20310,CAB-wika241120-DUP2-R20310,3,,0,0,0
20311,CAB-wika241200-DUP2-R20311,3,,0,0,0
20312,CAB-wika241300-DUP2-R20312,3,,0,0,0
20313,CAB-wika241050-DUP2-R20313,3,,0,0,0
20314,CAB-wika310160-DUP2-R20314,3,,0,0,0
20315,CAB-wika310050-DUP2-R20315,3,,0,0,0
20316,CAB-wika310060-DUP2-R20316,3,,0,0,0
20317,CAB-wika040001-DUP2-R20317,3,,0,0,0
20318,CAB-wika040000-DUP2-R20318,3,,0,0,0
20319,CAB-wika265000-DUP2-R20319,3,,0,0,0
20320,CAB-regb000006-DUP2-R20320,3,,0,0,0
20321,CAB-ascr020006-DUP2-R20321,3,,0,0,0
20322,CAB-boxy000010-DUP2-R20322,3,,0,0,0
20323,CAB-BOXY010004-DUP2-R20323,3,,0,0,0
20324,CAB-BOXY004003-DUP2-R20324,3,,0,0,0
20325,CAB-BOXY004010-DUP2-R20325,3,,0,0,0
20326,CAB-boxy000004-DUP2-R20326,3,,0,0,0
20327,CAB-boxy005004-DUP2-R20327,3,,0,0,0
20328,CAB-BOXY006012-DUP2-R20328,3,,0,0,0
20329,CAB-boxy000006-DUP2-R20329,3,,0,0,0
20330,CAB-BOXY006004-DUP2-R20330,3,,0,0,0
20331,CAB-BOXY006008-DUP2-R20331,3,,0,0,0
20332,CAB-boxy000008-DUP2-R20332,3,,0,0,0
20333,CAB-BOXY008010-DUP2-R20333,3,,0,0,0
20334,CAB-BOXY008004-DUP2-R20334,3,,0,0,0
20335,CAB-BOXY080604-DUP2-R20335,3,,0,0,0
20336,CAB-BOXY008006-DUP2-R20336,3,,0,0,0
20337,CAB-yama065150-DUP2-R20337,3,,0,0,0
20338,CAB-yama065015-DUP2-R20338,3,,0,0,0
20339,CAB-yama065020-DUP2-R20339,3,,0,0,0
20340,CAB-yama065002-DUP2-R20340,3,,0,0,0
20341,CAB-yama065003-DUP2-R20341,3,,0,0,0
20342,CAB-yama065050-DUP2-R20342,3,,0,0,0
20343,CAB-yama065006-DUP2-R20343,3,,0,0,0
20344,CAB-yama065070-DUP2-R20344,3,,0,0,0
20345,CAB-yama065001-DUP2-R20345,3,,0,0,0
20346,CAB-yama065010-DUP2-R20346,3,,0,0,0
20347,CAB-yama065025-DUP2-R20347,3,,0,0,0
20348,CAB-yama066002-DUP2-R20348,3,,0,0,0
20349,CAB-yama080006-DUP2-R20349,3,,0,0,0
20350,CAB-yama080010-DUP2-R20350,3,,0,0,0
20351,CAB-yama080025-DUP2-R20351,3,,0,0,0
20352,CAB-yama100010-DUP2-R20352,3,,0,0,0
20353,CAB-yama100015-DUP2-R20353,3,,0,0,0
20354,CAB-yama100020-DUP2-R20354,3,,0,0,0
20355,CAB-yama100025-DUP2-R20355,3,,0,0,0
20356,CAB-yama100035-DUP2-R20356,3,,0,0,0
20357,CAB-yama100006-DUP2-R20357,3,,0,0,0
20358,CAB-yama110010-DUP2-R20358,3,,0,0,0
20359,CAB-yama065000-DUP2-R20359,3,,0,0,0
20360,CAB-ascr002016-DUP2-R20360,3,,3,0,0
20361,CAB-ascr002011-DUP2-R20361,3,,0,0,0
20362,CAB-PGAU064500-DUP2-R20362,3,,0,0,0
20363,CAB-PGAU062000-DUP2-R20363,3,,0,0,0
20364,CAB-PGAU062001-DUP2-R20364,3,,0,0,0
20365,CAB-PGAU063015-DUP2-R20365,3,,0,0,0
20366,CAB-PGAU063001-DUP2-R20366,3,,0,0,0
20367,CAB-PGAU063025-DUP2-R20367,3,,0,0,0
20368,CAB-PGAU062005-DUP2-R20368,3,,0,0,0
20369,CAB-PGAU062007-DUP2-R20369,3,,0,0,0
20370,CAB-pgau065000-DUP2-R20370,3,,0,0,0
20371,CAB-pgau100000-DUP2-R20371,3,,0,0,0
20372,CAB-pgau065150-DUP2-R20372,3,,0,0,0
20373,CAB-pgau065006-DUP2-R20373,3,,0,0,0
20374,CAB-ascr002029-DUP2-R20374,3,,0,0,0
20375,CAB-ascr002028-DUP2-R20375,3,,0,0,0
20376,CAB-regl100002-DUP2-R20376,3,,7,0,0
20377,CAB-regl100003-DUP2-R20377,3,,9,0,0
20378,CAB-regl100004-DUP2-R20378,3,,0,0,0
20379,CAB-regl100001-DUP2-R20379,3,,6,0,0
20380,CAB-yone021050-DUP2-R20380,3,,0,0,0
20381,CAB-YUTA004100-DUP2-R20381,3,,0,0,0
20382,CAB-yuta002025-DUP2-R20382,3,,0,0,0
20383,CAB-yuta002040-DUP2-R20383,3,,0,0,0
20384,CAB-yuta002032-DUP2-R20384,3,,0,0,0
20385,CAB-yuta002013-DUP2-R20385,3,,0,0,0
20386,CAB-yuta002050-DUP2-R20386,3,,0,0,0
20387,CAB-yuta002065-DUP2-R20387,3,,0,0,0
20388,CAB-yuta002080-DUP2-R20388,3,,0,0,0
20389,CAB-yuta002020-DUP2-R20389,3,,0,0,0
20390,CAB-yuta002100-DUP2-R20390,3,,0,0,0
20391,CAB-yuta001025-DUP2-R20391,3,,0,0,0
20392,CAB-yuta001013-DUP2-R20392,3,,0,0,0
20393,CAB-yuta001020-DUP2-R20393,3,,0,0,0
20394,CAB-YUTA300025-DUP2-R20394,3,,0,0,0
20395,CAB-ascr000009-DUP2-R20395,3,,0,0,0
20396,CAB-fdpu000306-DUP2-R20396,3,,0,0,0
20397,CAB-agas004016-DUP2-R20397,3,,0,0,0
20398,CAB-AGAS004013-DUP2-R20398,3,,0,0,0
20399,CAB-agas004019-DUP2-R20399,3,,0,0,0
20400,CAB-agas004020-DUP2-R20400,3,,0,0,0
20401,CAB-agas004021-DUP2-R20401,3,,0,0,0
20402,CAB-agas004022-DUP2-R20402,3,,0,0,0
20403,CAB-agas004023-DUP2-R20403,3,,0,0,0
20404,CAB-agas004029-DUP2-R20404,3,,0,0,0
20405,CAB-agas004028-DUP2-R20405,3,,0,0,0
20406,CAB-BOXR433913,3,,0,0,1
20407,CAB-BOXR433913-DUP2-R20407,3,,0,0,1
20408,CAB-BOXR474322,3,,0,0,1
20409,CAB-BOXR474322-DUP2-R20409,3,,0,0,1
20410,CAB-FREO000022,3,,3,0,1
20411,CAB-FREO000022-DUP2-R20411,3,,0,0,1
20412,CAB-FREO000410,3,,1,0,1
20413,CAB-FREO000410-DUP2-R20413,3,,0,0,1
20414,CAB-PTBE009061-DUP3-R20414,3,,0,0,1
20416,CAB-BOXR140010,3,,0,0,1
20417,CAB-BOXR140010-DUP2-R20417,3,,0,0,1
20418,CAB-ksss000020-DUP3-R20418,3,,1939,50,1
20420,CAB-VODE010010,3,,0,0,1
20421,CAB-VODE010010-DUP2-R20421,3,,0,0,1
20422,CAB-BOXR382710,3,,0,0,1
20423,CAB-BOXR382710-DUP2-R20423,3,,0,0,1
20424,CAB-ACBB091616,3,,1,0,1
20425,CAB-ACBB091616-DUP2-R20425,3,,0,0,1
20426,CAB-FREO000032,3,,0,0,1
20427,CAB-FREO000032-DUP2-R20427,3,,0,0,1
20428,CAB-ksss000300-DUP3-R20428,3,,30,0,1
20430,CAB-NEPE900012,3,,980,0,1
20431,CAB-NEPE900012-DUP2-R20431,3,,0,0,1
20434,CAB-RAGA087030,3,,0,0,1
20435,CAB-RAGA087030-DUP2-R20435,3,,0,0,1
20436,CAB-BOXE045004,3,,1,0,1
20437,CAB-BOXE045004-DUP2-R20437,3,,0,0,1
20438,CAB-RAGP055045,3,,0,0,1
20439,CAB-RAGP055045-DUP2-R20439,3,,0,0,1
20440,CAB-SADP039038,3,,0,0,1
20441,CAB-SADP039038-DUP2-R20441,3,,0,0,1
20442,CAB-BOXE038008,3,,0,0,1
20443,CAB-BOXE038008-DUP2-R20443,3,,0,0,1
20444,CAB-SADP033033,3,,0,0,1
20445,CAB-SADP033033-DUP2-R20445,3,,0,0,1
20446,CAB-BOXE033006,3,,0,0,1
20447,CAB-BOXE033006-DUP2-R20447,3,,0,0,1
20448,CAB-SADP028028,3,,0,0,1
20449,CAB-SADP028028-DUP2-R20449,3,,0,0,1
20450,CAB-BOXE028004,3,,0,0,1
20451,CAB-BOXE028004-DUP2-R20451,3,,0,0,1
20452,CAB-styr050150-DUP3-R20452,3,,113,113,1
20455,CAB-BOXR014012,3,,0,0,1
20456,CAB-BOXR014012-DUP2-R20456,3,,0,0,1
20457,CAB-filt058053,3,,0,3,1
20458,CAB-filt058053-DUP2-R20458,3,,0,0,1
20459,CAB-gmta010015-DUP3-R20459,3,,100,0,1
20460,CAB-PTBE006061,3,,480,0,1
20461,CAB-PTBE006061-DUP2-R20461,3,,0,120,1
20462,CAB-SKYD100127,3,,63,50,1
20463,CAB-SKYD100127-DUP2-R20463,3,,0,0,1
20464,CAB-cast105807-DUP3-R20464,3,,0,0,1
20465,CAB-emrs900020-DUP3-R20465,3,,0,0,1
20466,CAB-PTAE091632,3,,30,0,1
20467,CAB-PTAE091632-DUP2-R20467,3,,0,0,1
20468,CAB-ther025035-DUP3-R20468,3,,0,0,1
20469,CAB-cast102005-DUP3-R20469,3,,0,0,1
20470,CAB-pffd001075,3,,0,50,1
20471,CAB-pffd001075-DUP2-R20471,3,,0,0,1
20472,CAB-VODS030020,3,,0,0,1
20473,CAB-VODS030020-DUP2-R20473,3,,0,0,1
20474,CAB-tspb100065-DUP3-R20474,3,,0,0,1
20475,CAB-tspt165040-DUP3-R20475,3,,0,0,1
20476,CAB-cast371044-DUP3-R20476,3,,0,1,1
20477,CAB-BOXR007003,3,,0,0,1
20478,CAB-BOXR007003-DUP2-R20478,3,,0,0,1
20479,CAB-gald230016-DUP3-R20479,3,,19,0,1
20480,CAB-ther025067-DUP3-R20480,3,,0,0,1
20481,CAB-THER032060-DUP3-R20481,3,,0,0,1
20482,CAB-KPHL001035,3,,6,6,1
20483,CAB-ther032048-DUP3-R20483,3,,0,0,1
20484,CAB-KPHL001050,3,,4,4,1
20485,CAB-ther100010-DUP3-R20485,3,,0,0,1
20486,CAB-ther025060-DUP3-R20486,3,,0,0,1
20487,CAB-cast371055-DUP3-R20487,3,,0,0,1
20488,CAB-nepe901006-DUP3-R20488,3,,0,0,1
20489,CAB-NEPE900072-DUP3-R20489,3,,0,0,1
20490,CAB-NYYH004015,3,,0,1,1
20491,CAB-emrs000164681344476159-DUP3-R20491,3,,0,1,1
